signal_id,road_id,county,district,maintaining_agency,signal_description,controller_design,signal_nc,latitude,longitude,source_name,source_portal,query_endpoint
6863,87120000,Miami-Dade,6,MIAMI-DADE,SW 142 AVE,N/A,N/A,25.760893,-80.424876,FDOT Traffic Signal Locations TDA,https://services1.arcgis.com/O1JpcwDW8sjYuddV/arcgis/rest/services/Traffic_Signal_Locations_TDA/FeatureServer/0,https://services1.arcgis.com/O1JpcwDW8sjYuddV/arcgis/rest/services/Traffic_Signal_Locations_TDA/FeatureServer/0/query?where=COUNTY%3D%27Miami-Dade%27&outFields=SIGNALID%2CCOUNTY%2CRDWYID%2CDISTRICT%2CMAINTAGC%2CSDESTRET%2CCNTLRDES%2CSIGNALNC&returnGeometry=true&outSR=4326&f=json
2259,87240000,Miami-Dade,6,MIAMI-DADE,SW 16 ST,N/A,N/A,25.75774,-80.238485,FDOT Traffic Signal Locations TDA,https://services1.arcgis.com/O1JpcwDW8sjYuddV/arcgis/rest/services/Traffic_Signal_Locations_TDA/FeatureServer/0,https://services1.arcgis.com/O1JpcwDW8sjYuddV/arcgis/rest/services/Traffic_Signal_Locations_TDA/FeatureServer/0/query?where=COUNTY%3D%27Miami-Dade%27&outFields=SIGNALID%2CCOUNTY%2CRDWYID%2CDISTRICT%2CMAINTAGC%2CSDESTRET%2CCNTLRDES%2CSIGNALNC&returnGeometry=true&outSR=4326&f=json
4401,87001000,Miami-Dade,6,MIAMI-DADE,OFF RAMP TPKE NORTH,N/A,N/A,25.686233,-80.386756,FDOT Traffic Signal Locations TDA,https://services1.arcgis.com/O1JpcwDW8sjYuddV/arcgis/rest/services/Traffic_Signal_Locations_TDA/FeatureServer/0,https://services1.arcgis.com/O1JpcwDW8sjYuddV/arcgis/rest/services/Traffic_Signal_Locations_TDA/FeatureServer/0/query?where=COUNTY%3D%27Miami-Dade%27&outFields=SIGNALID%2CCOUNTY%2CRDWYID%2CDISTRICT%2CMAINTAGC%2CSDESTRET%2CCNTLRDES%2CSIGNALNC&returnGeometry=true&outSR=4326&f=json
4397,87030000,Miami-Dade,6,MIAMI-DADE,NE 50 TER,N/A,N/A,25.822132,-80.187179,FDOT Traffic Signal Locations TDA,https://services1.arcgis.com/O1JpcwDW8sjYuddV/arcgis/rest/services/Traffic_Signal_Locations_TDA/FeatureServer/0,https://services1.arcgis.com/O1JpcwDW8sjYuddV/arcgis/rest/services/Traffic_Signal_Locations_TDA/FeatureServer/0/query?where=COUNTY%3D%27Miami-Dade%27&outFields=SIGNALID%2CCOUNTY%2CRDWYID%2CDISTRICT%2CMAINTAGC%2CSDESTRET%2CCNTLRDES%2CSIGNALNC&returnGeometry=true&outSR=4326&f=json
3425,87040101,Miami-Dade,6,MIAMI-DADE,NW 5 ST,N/A,N/A,25.778728,-80.199547,FDOT Traffic Signal Locations TDA,https://services1.arcgis.com/O1JpcwDW8sjYuddV/arcgis/rest/services/Traffic_Signal_Locations_TDA/FeatureServer/0,https://services1.arcgis.com/O1JpcwDW8sjYuddV/arcgis/rest/services/Traffic_Signal_Locations_TDA/FeatureServer/0/query?where=COUNTY%3D%27Miami-Dade%27&outFields=SIGNALID%2CCOUNTY%2CRDWYID%2CDISTRICT%2CMAINTAGC%2CSDESTRET%2CCNTLRDES%2CSIGNALNC&returnGeometry=true&outSR=4326&f=json
6459,87190000,Miami-Dade,6,MIAMI-DADE,NE 123 ST,N/A,N/A,25.888242,-80.189347,FDOT Traffic Signal Locations TDA,https://services1.arcgis.com/O1JpcwDW8sjYuddV/arcgis/rest/services/Traffic_Signal_Locations_TDA/FeatureServer/0,https://services1.arcgis.com/O1JpcwDW8sjYuddV/arcgis/rest/services/Traffic_Signal_Locations_TDA/FeatureServer/0/query?where=COUNTY%3D%27Miami-Dade%27&outFields=SIGNALID%2CCOUNTY%2CRDWYID%2CDISTRICT%2CMAINTAGC%2CSDESTRET%2CCNTLRDES%2CSIGNALNC&returnGeometry=true&outSR=4326&f=json
2172,87054000,Miami-Dade,6,MIAMI-DADE,N/A,N/A,N/A,25.750359,-80.23593,FDOT Traffic Signal Locations TDA,https://services1.arcgis.com/O1JpcwDW8sjYuddV/arcgis/rest/services/Traffic_Signal_Locations_TDA/FeatureServer/0,https://services1.arcgis.com/O1JpcwDW8sjYuddV/arcgis/rest/services/Traffic_Signal_Locations_TDA/FeatureServer/0/query?where=COUNTY%3D%27Miami-Dade%27&outFields=SIGNALID%2CCOUNTY%2CRDWYID%2CDISTRICT%2CMAINTAGC%2CSDESTRET%2CCNTLRDES%2CSIGNALNC&returnGeometry=true&outSR=4326&f=json
3025,87020000,Miami-Dade,6,MIAMI-DADE,SW 312 ST,N/A,N/A,25.477246,-80.465005,FDOT Traffic Signal Locations TDA,https://services1.arcgis.com/O1JpcwDW8sjYuddV/arcgis/rest/services/Traffic_Signal_Locations_TDA/FeatureServer/0,https://services1.arcgis.com/O1JpcwDW8sjYuddV/arcgis/rest/services/Traffic_Signal_Locations_TDA/FeatureServer/0/query?where=COUNTY%3D%27Miami-Dade%27&outFields=SIGNALID%2CCOUNTY%2CRDWYID%2CDISTRICT%2CMAINTAGC%2CSDESTRET%2CCNTLRDES%2CSIGNALNC&returnGeometry=true&outSR=4326&f=json
3432,87060000,Miami-Dade,6,MIAMI-DADE,5330 BLK,N/A,N/A,25.83205,-80.121742,FDOT Traffic Signal Locations TDA,https://services1.arcgis.com/O1JpcwDW8sjYuddV/arcgis/rest/services/Traffic_Signal_Locations_TDA/FeatureServer/0,https://services1.arcgis.com/O1JpcwDW8sjYuddV/arcgis/rest/services/Traffic_Signal_Locations_TDA/FeatureServer/0/query?where=COUNTY%3D%27Miami-Dade%27&outFields=SIGNALID%2CCOUNTY%2CRDWYID%2CDISTRICT%2CMAINTAGC%2CSDESTRET%2CCNTLRDES%2CSIGNALNC&returnGeometry=true&outSR=4326&f=json
2362,87000172,Miami-Dade,6,MIAMI-DADE,SR-5/BISCAYNE BLVD,N/A,02,25.787027,-80.189118,FDOT Traffic Signal Locations TDA,https://services1.arcgis.com/O1JpcwDW8sjYuddV/arcgis/rest/services/Traffic_Signal_Locations_TDA/FeatureServer/0,https://services1.arcgis.com/O1JpcwDW8sjYuddV/arcgis/rest/services/Traffic_Signal_Locations_TDA/FeatureServer/0/query?where=COUNTY%3D%27Miami-Dade%27&outFields=SIGNALID%2CCOUNTY%2CRDWYID%2CDISTRICT%2CMAINTAGC%2CSDESTRET%2CCNTLRDES%2CSIGNALNC&returnGeometry=true&outSR=4326&f=json
4642,87091000,Miami-Dade,6,MIAMI-DADE,SW 113 AVE,N/A,N/A,25.594872,-80.374743,FDOT Traffic Signal Locations TDA,https://services1.arcgis.com/O1JpcwDW8sjYuddV/arcgis/rest/services/Traffic_Signal_Locations_TDA/FeatureServer/0,https://services1.arcgis.com/O1JpcwDW8sjYuddV/arcgis/rest/services/Traffic_Signal_Locations_TDA/FeatureServer/0/query?where=COUNTY%3D%27Miami-Dade%27&outFields=SIGNALID%2CCOUNTY%2CRDWYID%2CDISTRICT%2CMAINTAGC%2CSDESTRET%2CCNTLRDES%2CSIGNALNC&returnGeometry=true&outSR=4326&f=json
5726,87001000,Miami-Dade,6,MIAMI-DADE,SR 997/KROME AVE,N/A,N/A,25.688629,-80.478336,FDOT Traffic Signal Locations TDA,https://services1.arcgis.com/O1JpcwDW8sjYuddV/arcgis/rest/services/Traffic_Signal_Locations_TDA/FeatureServer/0,https://services1.arcgis.com/O1JpcwDW8sjYuddV/arcgis/rest/services/Traffic_Signal_Locations_TDA/FeatureServer/0/query?where=COUNTY%3D%27Miami-Dade%27&outFields=SIGNALID%2CCOUNTY%2CRDWYID%2CDISTRICT%2CMAINTAGC%2CSDESTRET%2CCNTLRDES%2CSIGNALNC&returnGeometry=true&outSR=4326&f=json
4339,87160000,Miami-Dade,6,MIAMI-DADE,US-1/SR-5/DIXIE HWY,N/A,02,25.447793,-80.475116,FDOT Traffic Signal Locations TDA,https://services1.arcgis.com/O1JpcwDW8sjYuddV/arcgis/rest/services/Traffic_Signal_Locations_TDA/FeatureServer/0,https://services1.arcgis.com/O1JpcwDW8sjYuddV/arcgis/rest/services/Traffic_Signal_Locations_TDA/FeatureServer/0/query?where=COUNTY%3D%27Miami-Dade%27&outFields=SIGNALID%2CCOUNTY%2CRDWYID%2CDISTRICT%2CMAINTAGC%2CSDESTRET%2CCNTLRDES%2CSIGNALNC&returnGeometry=true&outSR=4326&f=json
3556,87020000,Miami-Dade,6,MIAMI-DADE,SW 174 ST,N/A,N/A,25.608409,-80.347614,FDOT Traffic Signal Locations TDA,https://services1.arcgis.com/O1JpcwDW8sjYuddV/arcgis/rest/services/Traffic_Signal_Locations_TDA/FeatureServer/0,https://services1.arcgis.com/O1JpcwDW8sjYuddV/arcgis/rest/services/Traffic_Signal_Locations_TDA/FeatureServer/0/query?where=COUNTY%3D%27Miami-Dade%27&outFields=SIGNALID%2CCOUNTY%2CRDWYID%2CDISTRICT%2CMAINTAGC%2CSDESTRET%2CCNTLRDES%2CSIGNALNC&returnGeometry=true&outSR=4326&f=json
3590,87055000,Miami-Dade,6,MIAMI-DADE,SW 72 AVE,N/A,N/A,25.703293,-80.309626,FDOT Traffic Signal Locations TDA,https://services1.arcgis.com/O1JpcwDW8sjYuddV/arcgis/rest/services/Traffic_Signal_Locations_TDA/FeatureServer/0,https://services1.arcgis.com/O1JpcwDW8sjYuddV/arcgis/rest/services/Traffic_Signal_Locations_TDA/FeatureServer/0/query?where=COUNTY%3D%27Miami-Dade%27&outFields=SIGNALID%2CCOUNTY%2CRDWYID%2CDISTRICT%2CMAINTAGC%2CSDESTRET%2CCNTLRDES%2CSIGNALNC&returnGeometry=true&outSR=4326&f=json
6357,87030000,Miami-Dade,6,MIAMI-DADE,E FLAGLER ST,N/A,N/A,25.77437,-80.187277,FDOT Traffic Signal Locations TDA,https://services1.arcgis.com/O1JpcwDW8sjYuddV/arcgis/rest/services/Traffic_Signal_Locations_TDA/FeatureServer/0,https://services1.arcgis.com/O1JpcwDW8sjYuddV/arcgis/rest/services/Traffic_Signal_Locations_TDA/FeatureServer/0/query?where=COUNTY%3D%27Miami-Dade%27&outFields=SIGNALID%2CCOUNTY%2CRDWYID%2CDISTRICT%2CMAINTAGC%2CSDESTRET%2CCNTLRDES%2CSIGNALNC&returnGeometry=true&outSR=4326&f=json
2995,87060000,Miami-Dade,6,MIAMI-DADE,SR 826/SUNNY ISLES,N/A,02,25.929734,-80.122033,FDOT Traffic Signal Locations TDA,https://services1.arcgis.com/O1JpcwDW8sjYuddV/arcgis/rest/services/Traffic_Signal_Locations_TDA/FeatureServer/0,https://services1.arcgis.com/O1JpcwDW8sjYuddV/arcgis/rest/services/Traffic_Signal_Locations_TDA/FeatureServer/0/query?where=COUNTY%3D%27Miami-Dade%27&outFields=SIGNALID%2CCOUNTY%2CRDWYID%2CDISTRICT%2CMAINTAGC%2CSDESTRET%2CCNTLRDES%2CSIGNALNC&returnGeometry=true&outSR=4326&f=json
3124,87281000,Miami-Dade,6,MIAMI-DADE,NW 25 ST,N/A,N/A,25.798313,-80.264326,FDOT Traffic Signal Locations TDA,https://services1.arcgis.com/O1JpcwDW8sjYuddV/arcgis/rest/services/Traffic_Signal_Locations_TDA/FeatureServer/0,https://services1.arcgis.com/O1JpcwDW8sjYuddV/arcgis/rest/services/Traffic_Signal_Locations_TDA/FeatureServer/0/query?where=COUNTY%3D%27Miami-Dade%27&outFields=SIGNALID%2CCOUNTY%2CRDWYID%2CDISTRICT%2CMAINTAGC%2CSDESTRET%2CCNTLRDES%2CSIGNALNC&returnGeometry=true&outSR=4326&f=json
2056,87090000,Miami-Dade,6,MIAMI-DADE,SR 9/NW 27 AVE/UNITY,N/A,02,25.809116,-80.239931,FDOT Traffic Signal Locations TDA,https://services1.arcgis.com/O1JpcwDW8sjYuddV/arcgis/rest/services/Traffic_Signal_Locations_TDA/FeatureServer/0,https://services1.arcgis.com/O1JpcwDW8sjYuddV/arcgis/rest/services/Traffic_Signal_Locations_TDA/FeatureServer/0/query?where=COUNTY%3D%27Miami-Dade%27&outFields=SIGNALID%2CCOUNTY%2CRDWYID%2CDISTRICT%2CMAINTAGC%2CSDESTRET%2CCNTLRDES%2CSIGNALNC&returnGeometry=true&outSR=4326&f=json
2500,87080900,Miami-Dade,6,MIAMI-DADE,NW 32 AVE,N/A,N/A,25.845686,-80.250171,FDOT Traffic Signal Locations TDA,https://services1.arcgis.com/O1JpcwDW8sjYuddV/arcgis/rest/services/Traffic_Signal_Locations_TDA/FeatureServer/0,https://services1.arcgis.com/O1JpcwDW8sjYuddV/arcgis/rest/services/Traffic_Signal_Locations_TDA/FeatureServer/0/query?where=COUNTY%3D%27Miami-Dade%27&outFields=SIGNALID%2CCOUNTY%2CRDWYID%2CDISTRICT%2CMAINTAGC%2CSDESTRET%2CCNTLRDES%2CSIGNALNC&returnGeometry=true&outSR=4326&f=json
6356,87030000,Miami-Dade,6,MIAMI-DADE,NE 2 ST,N/A,N/A,25.7763,-80.187542,FDOT Traffic Signal Locations TDA,https://services1.arcgis.com/O1JpcwDW8sjYuddV/arcgis/rest/services/Traffic_Signal_Locations_TDA/FeatureServer/0,https://services1.arcgis.com/O1JpcwDW8sjYuddV/arcgis/rest/services/Traffic_Signal_Locations_TDA/FeatureServer/0/query?where=COUNTY%3D%27Miami-Dade%27&outFields=SIGNALID%2CCOUNTY%2CRDWYID%2CDISTRICT%2CMAINTAGC%2CSDESTRET%2CCNTLRDES%2CSIGNALNC&returnGeometry=true&outSR=4326&f=json
4315,87027000,Miami-Dade,6,MIAMI-DADE,NW 58 ST,N/A,N/A,25.826282,-80.313648,FDOT Traffic Signal Locations TDA,https://services1.arcgis.com/O1JpcwDW8sjYuddV/arcgis/rest/services/Traffic_Signal_Locations_TDA/FeatureServer/0,https://services1.arcgis.com/O1JpcwDW8sjYuddV/arcgis/rest/services/Traffic_Signal_Locations_TDA/FeatureServer/0/query?where=COUNTY%3D%27Miami-Dade%27&outFields=SIGNALID%2CCOUNTY%2CRDWYID%2CDISTRICT%2CMAINTAGC%2CSDESTRET%2CCNTLRDES%2CSIGNALNC&returnGeometry=true&outSR=4326&f=json
4003,87046000,Miami-Dade,6,MIAMI-DADE,SW 107 AVE,N/A,N/A,25.672286,-80.367682,FDOT Traffic Signal Locations TDA,https://services1.arcgis.com/O1JpcwDW8sjYuddV/arcgis/rest/services/Traffic_Signal_Locations_TDA/FeatureServer/0,https://services1.arcgis.com/O1JpcwDW8sjYuddV/arcgis/rest/services/Traffic_Signal_Locations_TDA/FeatureServer/0/query?where=COUNTY%3D%27Miami-Dade%27&outFields=SIGNALID%2CCOUNTY%2CRDWYID%2CDISTRICT%2CMAINTAGC%2CSDESTRET%2CCNTLRDES%2CSIGNALNC&returnGeometry=true&outSR=4326&f=json
4279,87030000,Miami-Dade,6,MIAMI-DADE,NE 69 ST,N/A,N/A,25.838881,-80.184275,FDOT Traffic Signal Locations TDA,https://services1.arcgis.com/O1JpcwDW8sjYuddV/arcgis/rest/services/Traffic_Signal_Locations_TDA/FeatureServer/0,https://services1.arcgis.com/O1JpcwDW8sjYuddV/arcgis/rest/services/Traffic_Signal_Locations_TDA/FeatureServer/0/query?where=COUNTY%3D%27Miami-Dade%27&outFields=SIGNALID%2CCOUNTY%2CRDWYID%2CDISTRICT%2CMAINTAGC%2CSDESTRET%2CCNTLRDES%2CSIGNALNC&returnGeometry=true&outSR=4326&f=json
6428,87002000,Miami-Dade,6,MIAMI-DADE,NW 195 DR,N/A,N/A,25.951785,-80.294376,FDOT Traffic Signal Locations TDA,https://services1.arcgis.com/O1JpcwDW8sjYuddV/arcgis/rest/services/Traffic_Signal_Locations_TDA/FeatureServer/0,https://services1.arcgis.com/O1JpcwDW8sjYuddV/arcgis/rest/services/Traffic_Signal_Locations_TDA/FeatureServer/0/query?where=COUNTY%3D%27Miami-Dade%27&outFields=SIGNALID%2CCOUNTY%2CRDWYID%2CDISTRICT%2CMAINTAGC%2CSDESTRET%2CCNTLRDES%2CSIGNALNC&returnGeometry=true&outSR=4326&f=json
2667,87060000,Miami-Dade,6,MIAMI-DADE,20 ST,N/A,N/A,25.795519,-80.129164,FDOT Traffic Signal Locations TDA,https://services1.arcgis.com/O1JpcwDW8sjYuddV/arcgis/rest/services/Traffic_Signal_Locations_TDA/FeatureServer/0,https://services1.arcgis.com/O1JpcwDW8sjYuddV/arcgis/rest/services/Traffic_Signal_Locations_TDA/FeatureServer/0/query?where=COUNTY%3D%27Miami-Dade%27&outFields=SIGNALID%2CCOUNTY%2CRDWYID%2CDISTRICT%2CMAINTAGC%2CSDESTRET%2CCNTLRDES%2CSIGNALNC&returnGeometry=true&outSR=4326&f=json
2328,87085000,Miami-Dade,6,MIAMI-DADE,NW 7 ST,N/A,N/A,25.78022,-80.21484,FDOT Traffic Signal Locations TDA,https://services1.arcgis.com/O1JpcwDW8sjYuddV/arcgis/rest/services/Traffic_Signal_Locations_TDA/FeatureServer/0,https://services1.arcgis.com/O1JpcwDW8sjYuddV/arcgis/rest/services/Traffic_Signal_Locations_TDA/FeatureServer/0/query?where=COUNTY%3D%27Miami-Dade%27&outFields=SIGNALID%2CCOUNTY%2CRDWYID%2CDISTRICT%2CMAINTAGC%2CSDESTRET%2CCNTLRDES%2CSIGNALNC&returnGeometry=true&outSR=4326&f=json
3598,87030000,Miami-Dade,6,MIAMI-DADE,NE 33 ST,N/A,N/A,25.807882,-80.18947,FDOT Traffic Signal Locations TDA,https://services1.arcgis.com/O1JpcwDW8sjYuddV/arcgis/rest/services/Traffic_Signal_Locations_TDA/FeatureServer/0,https://services1.arcgis.com/O1JpcwDW8sjYuddV/arcgis/rest/services/Traffic_Signal_Locations_TDA/FeatureServer/0/query?where=COUNTY%3D%27Miami-Dade%27&outFields=SIGNALID%2CCOUNTY%2CRDWYID%2CDISTRICT%2CMAINTAGC%2CSDESTRET%2CCNTLRDES%2CSIGNALNC&returnGeometry=true&outSR=4326&f=json
2066,87140000,Miami-Dade,6,MIAMI-DADE,NW 46 ST,N/A,N/A,25.817554,-80.207866,FDOT Traffic Signal Locations TDA,https://services1.arcgis.com/O1JpcwDW8sjYuddV/arcgis/rest/services/Traffic_Signal_Locations_TDA/FeatureServer/0,https://services1.arcgis.com/O1JpcwDW8sjYuddV/arcgis/rest/services/Traffic_Signal_Locations_TDA/FeatureServer/0/query?where=COUNTY%3D%27Miami-Dade%27&outFields=SIGNALID%2CCOUNTY%2CRDWYID%2CDISTRICT%2CMAINTAGC%2CSDESTRET%2CCNTLRDES%2CSIGNALNC&returnGeometry=true&outSR=4326&f=json
4140,87001000,Miami-Dade,6,MIAMI-DADE,SR 874 ON/OFF RAMP,N/A,N/A,25.687388,-80.351476,FDOT Traffic Signal Locations TDA,https://services1.arcgis.com/O1JpcwDW8sjYuddV/arcgis/rest/services/Traffic_Signal_Locations_TDA/FeatureServer/0,https://services1.arcgis.com/O1JpcwDW8sjYuddV/arcgis/rest/services/Traffic_Signal_Locations_TDA/FeatureServer/0/query?where=COUNTY%3D%27Miami-Dade%27&outFields=SIGNALID%2CCOUNTY%2CRDWYID%2CDISTRICT%2CMAINTAGC%2CSDESTRET%2CCNTLRDES%2CSIGNALNC&returnGeometry=true&outSR=4326&f=json
4153,87037000,Miami-Dade,6,MIAMI-DADE,N/A,N/A,N/A,25.826765,-80.131528,FDOT Traffic Signal Locations TDA,https://services1.arcgis.com/O1JpcwDW8sjYuddV/arcgis/rest/services/Traffic_Signal_Locations_TDA/FeatureServer/0,https://services1.arcgis.com/O1JpcwDW8sjYuddV/arcgis/rest/services/Traffic_Signal_Locations_TDA/FeatureServer/0/query?where=COUNTY%3D%27Miami-Dade%27&outFields=SIGNALID%2CCOUNTY%2CRDWYID%2CDISTRICT%2CMAINTAGC%2CSDESTRET%2CCNTLRDES%2CSIGNALNC&returnGeometry=true&outSR=4326&f=json
4198,87110000,Miami-Dade,6,MIAMI-DADE,SW 177 AVE/KROME AVE,N/A,02,25.760979,-80.481336,FDOT Traffic Signal Locations TDA,https://services1.arcgis.com/O1JpcwDW8sjYuddV/arcgis/rest/services/Traffic_Signal_Locations_TDA/FeatureServer/0,https://services1.arcgis.com/O1JpcwDW8sjYuddV/arcgis/rest/services/Traffic_Signal_Locations_TDA/FeatureServer/0/query?where=COUNTY%3D%27Miami-Dade%27&outFields=SIGNALID%2CCOUNTY%2CRDWYID%2CDISTRICT%2CMAINTAGC%2CSDESTRET%2CCNTLRDES%2CSIGNALNC&returnGeometry=true&outSR=4326&f=json
3283,87060000,Miami-Dade,6,MIAMI-DADE,5300 BLK,N/A,N/A,25.830722,-80.122017,FDOT Traffic Signal Locations TDA,https://services1.arcgis.com/O1JpcwDW8sjYuddV/arcgis/rest/services/Traffic_Signal_Locations_TDA/FeatureServer/0,https://services1.arcgis.com/O1JpcwDW8sjYuddV/arcgis/rest/services/Traffic_Signal_Locations_TDA/FeatureServer/0/query?where=COUNTY%3D%27Miami-Dade%27&outFields=SIGNALID%2CCOUNTY%2CRDWYID%2CDISTRICT%2CMAINTAGC%2CSDESTRET%2CCNTLRDES%2CSIGNALNC&returnGeometry=true&outSR=4326&f=json
5560,87039000,Miami-Dade,6,MIAMI-DADE,BUSWAY,N/A,N/A,25.628914,-80.341343,FDOT Traffic Signal Locations TDA,https://services1.arcgis.com/O1JpcwDW8sjYuddV/arcgis/rest/services/Traffic_Signal_Locations_TDA/FeatureServer/0,https://services1.arcgis.com/O1JpcwDW8sjYuddV/arcgis/rest/services/Traffic_Signal_Locations_TDA/FeatureServer/0/query?where=COUNTY%3D%27Miami-Dade%27&outFields=SIGNALID%2CCOUNTY%2CRDWYID%2CDISTRICT%2CMAINTAGC%2CSDESTRET%2CCNTLRDES%2CSIGNALNC&returnGeometry=true&outSR=4326&f=json
6217,87001000,Miami-Dade,6,MIAMI-DADE,SW 162 AVE,N/A,N/A,25.68407,-80.454048,FDOT Traffic Signal Locations TDA,https://services1.arcgis.com/O1JpcwDW8sjYuddV/arcgis/rest/services/Traffic_Signal_Locations_TDA/FeatureServer/0,https://services1.arcgis.com/O1JpcwDW8sjYuddV/arcgis/rest/services/Traffic_Signal_Locations_TDA/FeatureServer/0/query?where=COUNTY%3D%27Miami-Dade%27&outFields=SIGNALID%2CCOUNTY%2CRDWYID%2CDISTRICT%2CMAINTAGC%2CSDESTRET%2CCNTLRDES%2CSIGNALNC&returnGeometry=true&outSR=4326&f=json
4062,87044000,Miami-Dade,6,MIAMI-DADE,SR 826 NORTH,N/A,N/A,25.732909,-80.317282,FDOT Traffic Signal Locations TDA,https://services1.arcgis.com/O1JpcwDW8sjYuddV/arcgis/rest/services/Traffic_Signal_Locations_TDA/FeatureServer/0,https://services1.arcgis.com/O1JpcwDW8sjYuddV/arcgis/rest/services/Traffic_Signal_Locations_TDA/FeatureServer/0/query?where=COUNTY%3D%27Miami-Dade%27&outFields=SIGNALID%2CCOUNTY%2CRDWYID%2CDISTRICT%2CMAINTAGC%2CSDESTRET%2CCNTLRDES%2CSIGNALNC&returnGeometry=true&outSR=4326&f=json
3354,87080001,Miami-Dade,6,MIAMI-DADE,N/A,N/A,N/A,25.849236,-80.205044,FDOT Traffic Signal Locations TDA,https://services1.arcgis.com/O1JpcwDW8sjYuddV/arcgis/rest/services/Traffic_Signal_Locations_TDA/FeatureServer/0,https://services1.arcgis.com/O1JpcwDW8sjYuddV/arcgis/rest/services/Traffic_Signal_Locations_TDA/FeatureServer/0/query?where=COUNTY%3D%27Miami-Dade%27&outFields=SIGNALID%2CCOUNTY%2CRDWYID%2CDISTRICT%2CMAINTAGC%2CSDESTRET%2CCNTLRDES%2CSIGNALNC&returnGeometry=true&outSR=4326&f=json
5235,87008000,Miami-Dade,6,MIAMI-DADE,NE 9 AVE,N/A,N/A,25.899697,-80.180586,FDOT Traffic Signal Locations TDA,https://services1.arcgis.com/O1JpcwDW8sjYuddV/arcgis/rest/services/Traffic_Signal_Locations_TDA/FeatureServer/0,https://services1.arcgis.com/O1JpcwDW8sjYuddV/arcgis/rest/services/Traffic_Signal_Locations_TDA/FeatureServer/0/query?where=COUNTY%3D%27Miami-Dade%27&outFields=SIGNALID%2CCOUNTY%2CRDWYID%2CDISTRICT%2CMAINTAGC%2CSDESTRET%2CCNTLRDES%2CSIGNALNC&returnGeometry=true&outSR=4326&f=json
3670,87008001,Miami-Dade,6,MIAMI-DADE,NW 6 CT/I 95 SOUTH,N/A,N/A,25.899775,-80.210236,FDOT Traffic Signal Locations TDA,https://services1.arcgis.com/O1JpcwDW8sjYuddV/arcgis/rest/services/Traffic_Signal_Locations_TDA/FeatureServer/0,https://services1.arcgis.com/O1JpcwDW8sjYuddV/arcgis/rest/services/Traffic_Signal_Locations_TDA/FeatureServer/0/query?where=COUNTY%3D%27Miami-Dade%27&outFields=SIGNALID%2CCOUNTY%2CRDWYID%2CDISTRICT%2CMAINTAGC%2CSDESTRET%2CCNTLRDES%2CSIGNALNC&returnGeometry=true&outSR=4326&f=json
7614,87012000,Miami-Dade,6,MIAMI-DADE,N/A,N/A,N/A,25.962378,-80.278432,FDOT Traffic Signal Locations TDA,https://services1.arcgis.com/O1JpcwDW8sjYuddV/arcgis/rest/services/Traffic_Signal_Locations_TDA/FeatureServer/0,https://services1.arcgis.com/O1JpcwDW8sjYuddV/arcgis/rest/services/Traffic_Signal_Locations_TDA/FeatureServer/0/query?where=COUNTY%3D%27Miami-Dade%27&outFields=SIGNALID%2CCOUNTY%2CRDWYID%2CDISTRICT%2CMAINTAGC%2CSDESTRET%2CCNTLRDES%2CSIGNALNC&returnGeometry=true&outSR=4326&f=json
3320,87060000,Miami-Dade,6,MIAMI-DADE,THE STRAND,N/A,N/A,25.966139,-80.119584,FDOT Traffic Signal Locations TDA,https://services1.arcgis.com/O1JpcwDW8sjYuddV/arcgis/rest/services/Traffic_Signal_Locations_TDA/FeatureServer/0,https://services1.arcgis.com/O1JpcwDW8sjYuddV/arcgis/rest/services/Traffic_Signal_Locations_TDA/FeatureServer/0/query?where=COUNTY%3D%27Miami-Dade%27&outFields=SIGNALID%2CCOUNTY%2CRDWYID%2CDISTRICT%2CMAINTAGC%2CSDESTRET%2CCNTLRDES%2CSIGNALNC&returnGeometry=true&outSR=4326&f=json
2073,87140000,Miami-Dade,6,MIAMI-DADE,SR 944/NW 54 ST,N/A,02,25.824846,-80.208146,FDOT Traffic Signal Locations TDA,https://services1.arcgis.com/O1JpcwDW8sjYuddV/arcgis/rest/services/Traffic_Signal_Locations_TDA/FeatureServer/0,https://services1.arcgis.com/O1JpcwDW8sjYuddV/arcgis/rest/services/Traffic_Signal_Locations_TDA/FeatureServer/0/query?where=COUNTY%3D%27Miami-Dade%27&outFields=SIGNALID%2CCOUNTY%2CRDWYID%2CDISTRICT%2CMAINTAGC%2CSDESTRET%2CCNTLRDES%2CSIGNALNC&returnGeometry=true&outSR=4326&f=json
2201,87053003,Miami-Dade,6,MIAMI-DADE,W 17 AVE,N/A,N/A,25.773193,-80.222554,FDOT Traffic Signal Locations TDA,https://services1.arcgis.com/O1JpcwDW8sjYuddV/arcgis/rest/services/Traffic_Signal_Locations_TDA/FeatureServer/0,https://services1.arcgis.com/O1JpcwDW8sjYuddV/arcgis/rest/services/Traffic_Signal_Locations_TDA/FeatureServer/0/query?where=COUNTY%3D%27Miami-Dade%27&outFields=SIGNALID%2CCOUNTY%2CRDWYID%2CDISTRICT%2CMAINTAGC%2CSDESTRET%2CCNTLRDES%2CSIGNALNC&returnGeometry=true&outSR=4326&f=json
3438,87060000,Miami-Dade,6,MIAMI-DADE,5445 EXIT,N/A,N/A,25.83452,-80.120783,FDOT Traffic Signal Locations TDA,https://services1.arcgis.com/O1JpcwDW8sjYuddV/arcgis/rest/services/Traffic_Signal_Locations_TDA/FeatureServer/0,https://services1.arcgis.com/O1JpcwDW8sjYuddV/arcgis/rest/services/Traffic_Signal_Locations_TDA/FeatureServer/0/query?where=COUNTY%3D%27Miami-Dade%27&outFields=SIGNALID%2CCOUNTY%2CRDWYID%2CDISTRICT%2CMAINTAGC%2CSDESTRET%2CCNTLRDES%2CSIGNALNC&returnGeometry=true&outSR=4326&f=json
2253,87240000,Miami-Dade,6,MIAMI-DADE,US 41/TAMIAMI TRL,N/A,02,25.765148,-80.238776,FDOT Traffic Signal Locations TDA,https://services1.arcgis.com/O1JpcwDW8sjYuddV/arcgis/rest/services/Traffic_Signal_Locations_TDA/FeatureServer/0,https://services1.arcgis.com/O1JpcwDW8sjYuddV/arcgis/rest/services/Traffic_Signal_Locations_TDA/FeatureServer/0/query?where=COUNTY%3D%27Miami-Dade%27&outFields=SIGNALID%2CCOUNTY%2CRDWYID%2CDISTRICT%2CMAINTAGC%2CSDESTRET%2CCNTLRDES%2CSIGNALNC&returnGeometry=true&outSR=4326&f=json
5279,87140000,Miami-Dade,6,MIAMI-DADE,N/A,N/A,N/A,25.836332,-80.20869,FDOT Traffic Signal Locations TDA,https://services1.arcgis.com/O1JpcwDW8sjYuddV/arcgis/rest/services/Traffic_Signal_Locations_TDA/FeatureServer/0,https://services1.arcgis.com/O1JpcwDW8sjYuddV/arcgis/rest/services/Traffic_Signal_Locations_TDA/FeatureServer/0/query?where=COUNTY%3D%27Miami-Dade%27&outFields=SIGNALID%2CCOUNTY%2CRDWYID%2CDISTRICT%2CMAINTAGC%2CSDESTRET%2CCNTLRDES%2CSIGNALNC&returnGeometry=true&outSR=4326&f=json
7653,87080347,Miami-Dade,6,MIAMI-DADE,N/A,N/A,N/A,25.852266,-80.139782,FDOT Traffic Signal Locations TDA,https://services1.arcgis.com/O1JpcwDW8sjYuddV/arcgis/rest/services/Traffic_Signal_Locations_TDA/FeatureServer/0,https://services1.arcgis.com/O1JpcwDW8sjYuddV/arcgis/rest/services/Traffic_Signal_Locations_TDA/FeatureServer/0/query?where=COUNTY%3D%27Miami-Dade%27&outFields=SIGNALID%2CCOUNTY%2CRDWYID%2CDISTRICT%2CMAINTAGC%2CSDESTRET%2CCNTLRDES%2CSIGNALNC&returnGeometry=true&outSR=4326&f=json
4500,87039000,Miami-Dade,6,MIAMI-DADE,SW 107 AVE,N/A,N/A,25.627993,-80.366045,FDOT Traffic Signal Locations TDA,https://services1.arcgis.com/O1JpcwDW8sjYuddV/arcgis/rest/services/Traffic_Signal_Locations_TDA/FeatureServer/0,https://services1.arcgis.com/O1JpcwDW8sjYuddV/arcgis/rest/services/Traffic_Signal_Locations_TDA/FeatureServer/0/query?where=COUNTY%3D%27Miami-Dade%27&outFields=SIGNALID%2CCOUNTY%2CRDWYID%2CDISTRICT%2CMAINTAGC%2CSDESTRET%2CCNTLRDES%2CSIGNALNC&returnGeometry=true&outSR=4326&f=json
2954,87046000,Miami-Dade,6,MIAMI-DADE,SOUTH DIXIE/SR 5/US1,N/A,02,25.666422,-80.323646,FDOT Traffic Signal Locations TDA,https://services1.arcgis.com/O1JpcwDW8sjYuddV/arcgis/rest/services/Traffic_Signal_Locations_TDA/FeatureServer/0,https://services1.arcgis.com/O1JpcwDW8sjYuddV/arcgis/rest/services/Traffic_Signal_Locations_TDA/FeatureServer/0/query?where=COUNTY%3D%27Miami-Dade%27&outFields=SIGNALID%2CCOUNTY%2CRDWYID%2CDISTRICT%2CMAINTAGC%2CSDESTRET%2CCNTLRDES%2CSIGNALNC&returnGeometry=true&outSR=4326&f=json
2014,87170000,Miami-Dade,6,MIAMI-DADE,NE 15 AV,N/A,N/A,25.925626,-80.169988,FDOT Traffic Signal Locations TDA,https://services1.arcgis.com/O1JpcwDW8sjYuddV/arcgis/rest/services/Traffic_Signal_Locations_TDA/FeatureServer/0,https://services1.arcgis.com/O1JpcwDW8sjYuddV/arcgis/rest/services/Traffic_Signal_Locations_TDA/FeatureServer/0/query?where=COUNTY%3D%27Miami-Dade%27&outFields=SIGNALID%2CCOUNTY%2CRDWYID%2CDISTRICT%2CMAINTAGC%2CSDESTRET%2CCNTLRDES%2CSIGNALNC&returnGeometry=true&outSR=4326&f=json
4508,87044000,Miami-Dade,6,MIAMI-DADE,SW 84 AV,N/A,N/A,25.733142,-80.331786,FDOT Traffic Signal Locations TDA,https://services1.arcgis.com/O1JpcwDW8sjYuddV/arcgis/rest/services/Traffic_Signal_Locations_TDA/FeatureServer/0,https://services1.arcgis.com/O1JpcwDW8sjYuddV/arcgis/rest/services/Traffic_Signal_Locations_TDA/FeatureServer/0/query?where=COUNTY%3D%27Miami-Dade%27&outFields=SIGNALID%2CCOUNTY%2CRDWYID%2CDISTRICT%2CMAINTAGC%2CSDESTRET%2CCNTLRDES%2CSIGNALNC&returnGeometry=true&outSR=4326&f=json
2662,87060000,Miami-Dade,6,MIAMI-DADE,14 ST,N/A,N/A,25.785197,-80.130837,FDOT Traffic Signal Locations TDA,https://services1.arcgis.com/O1JpcwDW8sjYuddV/arcgis/rest/services/Traffic_Signal_Locations_TDA/FeatureServer/0,https://services1.arcgis.com/O1JpcwDW8sjYuddV/arcgis/rest/services/Traffic_Signal_Locations_TDA/FeatureServer/0/query?where=COUNTY%3D%27Miami-Dade%27&outFields=SIGNALID%2CCOUNTY%2CRDWYID%2CDISTRICT%2CMAINTAGC%2CSDESTRET%2CCNTLRDES%2CSIGNALNC&returnGeometry=true&outSR=4326&f=json
4212,87281000,Miami-Dade,6,MIAMI-DADE,E 52 ST,N/A,N/A,25.869851,-80.2668,FDOT Traffic Signal Locations TDA,https://services1.arcgis.com/O1JpcwDW8sjYuddV/arcgis/rest/services/Traffic_Signal_Locations_TDA/FeatureServer/0,https://services1.arcgis.com/O1JpcwDW8sjYuddV/arcgis/rest/services/Traffic_Signal_Locations_TDA/FeatureServer/0/query?where=COUNTY%3D%27Miami-Dade%27&outFields=SIGNALID%2CCOUNTY%2CRDWYID%2CDISTRICT%2CMAINTAGC%2CSDESTRET%2CCNTLRDES%2CSIGNALNC&returnGeometry=true&outSR=4326&f=json
3595,87170000,Miami-Dade,6,MIAMI-DADE,N/A,N/A,N/A,25.925484,-80.173182,FDOT Traffic Signal Locations TDA,https://services1.arcgis.com/O1JpcwDW8sjYuddV/arcgis/rest/services/Traffic_Signal_Locations_TDA/FeatureServer/0,https://services1.arcgis.com/O1JpcwDW8sjYuddV/arcgis/rest/services/Traffic_Signal_Locations_TDA/FeatureServer/0/query?where=COUNTY%3D%27Miami-Dade%27&outFields=SIGNALID%2CCOUNTY%2CRDWYID%2CDISTRICT%2CMAINTAGC%2CSDESTRET%2CCNTLRDES%2CSIGNALNC&returnGeometry=true&outSR=4326&f=json
3461,87053001,Miami-Dade,6,MIAMI-DADE,SW 10 AV,N/A,N/A,25.772631,-80.211244,FDOT Traffic Signal Locations TDA,https://services1.arcgis.com/O1JpcwDW8sjYuddV/arcgis/rest/services/Traffic_Signal_Locations_TDA/FeatureServer/0,https://services1.arcgis.com/O1JpcwDW8sjYuddV/arcgis/rest/services/Traffic_Signal_Locations_TDA/FeatureServer/0/query?where=COUNTY%3D%27Miami-Dade%27&outFields=SIGNALID%2CCOUNTY%2CRDWYID%2CDISTRICT%2CMAINTAGC%2CSDESTRET%2CCNTLRDES%2CSIGNALNC&returnGeometry=true&outSR=4326&f=json
3165,87055000,Miami-Dade,6,MIAMI-DADE,N/A,N/A,N/A,25.70146,-80.353831,FDOT Traffic Signal Locations TDA,https://services1.arcgis.com/O1JpcwDW8sjYuddV/arcgis/rest/services/Traffic_Signal_Locations_TDA/FeatureServer/0,https://services1.arcgis.com/O1JpcwDW8sjYuddV/arcgis/rest/services/Traffic_Signal_Locations_TDA/FeatureServer/0/query?where=COUNTY%3D%27Miami-Dade%27&outFields=SIGNALID%2CCOUNTY%2CRDWYID%2CDISTRICT%2CMAINTAGC%2CSDESTRET%2CCNTLRDES%2CSIGNALNC&returnGeometry=true&outSR=4326&f=json
2853,87250000,Miami-Dade,6,MIAMI-DADE,E 6 AVE,N/A,N/A,25.823044,-80.269298,FDOT Traffic Signal Locations TDA,https://services1.arcgis.com/O1JpcwDW8sjYuddV/arcgis/rest/services/Traffic_Signal_Locations_TDA/FeatureServer/0,https://services1.arcgis.com/O1JpcwDW8sjYuddV/arcgis/rest/services/Traffic_Signal_Locations_TDA/FeatureServer/0/query?where=COUNTY%3D%27Miami-Dade%27&outFields=SIGNALID%2CCOUNTY%2CRDWYID%2CDISTRICT%2CMAINTAGC%2CSDESTRET%2CCNTLRDES%2CSIGNALNC&returnGeometry=true&outSR=4326&f=json
2097,87090000,Miami-Dade,6,MIAMI-DADE,SR 5/US-1/BISCAYNE B,N/A,02,25.810655,-80.189029,FDOT Traffic Signal Locations TDA,https://services1.arcgis.com/O1JpcwDW8sjYuddV/arcgis/rest/services/Traffic_Signal_Locations_TDA/FeatureServer/0,https://services1.arcgis.com/O1JpcwDW8sjYuddV/arcgis/rest/services/Traffic_Signal_Locations_TDA/FeatureServer/0/query?where=COUNTY%3D%27Miami-Dade%27&outFields=SIGNALID%2CCOUNTY%2CRDWYID%2CDISTRICT%2CMAINTAGC%2CSDESTRET%2CCNTLRDES%2CSIGNALNC&returnGeometry=true&outSR=4326&f=json
4341,87030000,Miami-Dade,6,MIAMI-DADE,SW 72 CT,N/A,N/A,25.684792,-80.312822,FDOT Traffic Signal Locations TDA,https://services1.arcgis.com/O1JpcwDW8sjYuddV/arcgis/rest/services/Traffic_Signal_Locations_TDA/FeatureServer/0,https://services1.arcgis.com/O1JpcwDW8sjYuddV/arcgis/rest/services/Traffic_Signal_Locations_TDA/FeatureServer/0/query?where=COUNTY%3D%27Miami-Dade%27&outFields=SIGNALID%2CCOUNTY%2CRDWYID%2CDISTRICT%2CMAINTAGC%2CSDESTRET%2CCNTLRDES%2CSIGNALNC&returnGeometry=true&outSR=4326&f=json
2137,87053000,Miami-Dade,6,MIAMI-DADE,W 47 AVE,N/A,N/A,25.771463,-80.271518,FDOT Traffic Signal Locations TDA,https://services1.arcgis.com/O1JpcwDW8sjYuddV/arcgis/rest/services/Traffic_Signal_Locations_TDA/FeatureServer/0,https://services1.arcgis.com/O1JpcwDW8sjYuddV/arcgis/rest/services/Traffic_Signal_Locations_TDA/FeatureServer/0/query?where=COUNTY%3D%27Miami-Dade%27&outFields=SIGNALID%2CCOUNTY%2CRDWYID%2CDISTRICT%2CMAINTAGC%2CSDESTRET%2CCNTLRDES%2CSIGNALNC&returnGeometry=true&outSR=4326&f=json
3783,87260526,Miami-Dade,6,MIAMI-DADE,NW 67 AVE/LUDLAM RD,N/A,02,25.925136,-80.309422,FDOT Traffic Signal Locations TDA,https://services1.arcgis.com/O1JpcwDW8sjYuddV/arcgis/rest/services/Traffic_Signal_Locations_TDA/FeatureServer/0,https://services1.arcgis.com/O1JpcwDW8sjYuddV/arcgis/rest/services/Traffic_Signal_Locations_TDA/FeatureServer/0/query?where=COUNTY%3D%27Miami-Dade%27&outFields=SIGNALID%2CCOUNTY%2CRDWYID%2CDISTRICT%2CMAINTAGC%2CSDESTRET%2CCNTLRDES%2CSIGNALNC&returnGeometry=true&outSR=4326&f=json
4801,87170000,Miami-Dade,6,MIAMI-DADE,NE 2900 BLK,N/A,N/A,25.926275,-80.140831,FDOT Traffic Signal Locations TDA,https://services1.arcgis.com/O1JpcwDW8sjYuddV/arcgis/rest/services/Traffic_Signal_Locations_TDA/FeatureServer/0,https://services1.arcgis.com/O1JpcwDW8sjYuddV/arcgis/rest/services/Traffic_Signal_Locations_TDA/FeatureServer/0/query?where=COUNTY%3D%27Miami-Dade%27&outFields=SIGNALID%2CCOUNTY%2CRDWYID%2CDISTRICT%2CMAINTAGC%2CSDESTRET%2CCNTLRDES%2CSIGNALNC&returnGeometry=true&outSR=4326&f=json
3184,87034000,Miami-Dade,6,MIAMI-DADE,NE 135 ST,N/A,N/A,25.899323,-80.186839,FDOT Traffic Signal Locations TDA,https://services1.arcgis.com/O1JpcwDW8sjYuddV/arcgis/rest/services/Traffic_Signal_Locations_TDA/FeatureServer/0,https://services1.arcgis.com/O1JpcwDW8sjYuddV/arcgis/rest/services/Traffic_Signal_Locations_TDA/FeatureServer/0/query?where=COUNTY%3D%27Miami-Dade%27&outFields=SIGNALID%2CCOUNTY%2CRDWYID%2CDISTRICT%2CMAINTAGC%2CSDESTRET%2CCNTLRDES%2CSIGNALNC&returnGeometry=true&outSR=4326&f=json
6024,87060000,Miami-Dade,6,MIAMI DADE COUNTY,13 STREET,N/A,N/A,25.784016,-80.13102,FDOT Traffic Signal Locations TDA,https://services1.arcgis.com/O1JpcwDW8sjYuddV/arcgis/rest/services/Traffic_Signal_Locations_TDA/FeatureServer/0,https://services1.arcgis.com/O1JpcwDW8sjYuddV/arcgis/rest/services/Traffic_Signal_Locations_TDA/FeatureServer/0/query?where=COUNTY%3D%27Miami-Dade%27&outFields=SIGNALID%2CCOUNTY%2CRDWYID%2CDISTRICT%2CMAINTAGC%2CSDESTRET%2CCNTLRDES%2CSIGNALNC&returnGeometry=true&outSR=4326&f=json
4890,87018000,Miami-Dade,6,MIAMI-DADE,NW 1700 BLOCK,N/A,N/A,25.971976,-80.23425,FDOT Traffic Signal Locations TDA,https://services1.arcgis.com/O1JpcwDW8sjYuddV/arcgis/rest/services/Traffic_Signal_Locations_TDA/FeatureServer/0,https://services1.arcgis.com/O1JpcwDW8sjYuddV/arcgis/rest/services/Traffic_Signal_Locations_TDA/FeatureServer/0/query?where=COUNTY%3D%27Miami-Dade%27&outFields=SIGNALID%2CCOUNTY%2CRDWYID%2CDISTRICT%2CMAINTAGC%2CSDESTRET%2CCNTLRDES%2CSIGNALNC&returnGeometry=true&outSR=4326&f=json
3100,87008000,Miami-Dade,6,MIAMI-DADE,NW 6 AVE,N/A,N/A,25.898367,-80.209096,FDOT Traffic Signal Locations TDA,https://services1.arcgis.com/O1JpcwDW8sjYuddV/arcgis/rest/services/Traffic_Signal_Locations_TDA/FeatureServer/0,https://services1.arcgis.com/O1JpcwDW8sjYuddV/arcgis/rest/services/Traffic_Signal_Locations_TDA/FeatureServer/0/query?where=COUNTY%3D%27Miami-Dade%27&outFields=SIGNALID%2CCOUNTY%2CRDWYID%2CDISTRICT%2CMAINTAGC%2CSDESTRET%2CCNTLRDES%2CSIGNALNC&returnGeometry=true&outSR=4326&f=json
3725,87091000,Miami-Dade,6,MIAMI-DADE,SW 117 AVE,N/A,N/A,25.590923,-80.380842,FDOT Traffic Signal Locations TDA,https://services1.arcgis.com/O1JpcwDW8sjYuddV/arcgis/rest/services/Traffic_Signal_Locations_TDA/FeatureServer/0,https://services1.arcgis.com/O1JpcwDW8sjYuddV/arcgis/rest/services/Traffic_Signal_Locations_TDA/FeatureServer/0/query?where=COUNTY%3D%27Miami-Dade%27&outFields=SIGNALID%2CCOUNTY%2CRDWYID%2CDISTRICT%2CMAINTAGC%2CSDESTRET%2CCNTLRDES%2CSIGNALNC&returnGeometry=true&outSR=4326&f=json
2350,87030000,Miami-Dade,6,MIAMI-DADE,NE 11 ST,N/A,N/A,25.784911,-80.189199,FDOT Traffic Signal Locations TDA,https://services1.arcgis.com/O1JpcwDW8sjYuddV/arcgis/rest/services/Traffic_Signal_Locations_TDA/FeatureServer/0,https://services1.arcgis.com/O1JpcwDW8sjYuddV/arcgis/rest/services/Traffic_Signal_Locations_TDA/FeatureServer/0/query?where=COUNTY%3D%27Miami-Dade%27&outFields=SIGNALID%2CCOUNTY%2CRDWYID%2CDISTRICT%2CMAINTAGC%2CSDESTRET%2CCNTLRDES%2CSIGNALNC&returnGeometry=true&outSR=4326&f=json
2153,87140000,Miami-Dade,6,MIAMI-DADE,N/A,N/A,N/A,25.770055,-80.20759,FDOT Traffic Signal Locations TDA,https://services1.arcgis.com/O1JpcwDW8sjYuddV/arcgis/rest/services/Traffic_Signal_Locations_TDA/FeatureServer/0,https://services1.arcgis.com/O1JpcwDW8sjYuddV/arcgis/rest/services/Traffic_Signal_Locations_TDA/FeatureServer/0/query?where=COUNTY%3D%27Miami-Dade%27&outFields=SIGNALID%2CCOUNTY%2CRDWYID%2CDISTRICT%2CMAINTAGC%2CSDESTRET%2CCNTLRDES%2CSIGNALNC&returnGeometry=true&outSR=4326&f=json
5285,87053000,Miami-Dade,6,MIAMI-DADE,N/A,N/A,N/A,25.771148,-80.279303,FDOT Traffic Signal Locations TDA,https://services1.arcgis.com/O1JpcwDW8sjYuddV/arcgis/rest/services/Traffic_Signal_Locations_TDA/FeatureServer/0,https://services1.arcgis.com/O1JpcwDW8sjYuddV/arcgis/rest/services/Traffic_Signal_Locations_TDA/FeatureServer/0/query?where=COUNTY%3D%27Miami-Dade%27&outFields=SIGNALID%2CCOUNTY%2CRDWYID%2CDISTRICT%2CMAINTAGC%2CSDESTRET%2CCNTLRDES%2CSIGNALNC&returnGeometry=true&outSR=4326&f=json
6516,87240000,Miami-Dade,6,MIAMI-DADE,DRAWBRIDGE SIGNAL,N/A,N/A,25.791859,-80.23957,FDOT Traffic Signal Locations TDA,https://services1.arcgis.com/O1JpcwDW8sjYuddV/arcgis/rest/services/Traffic_Signal_Locations_TDA/FeatureServer/0,https://services1.arcgis.com/O1JpcwDW8sjYuddV/arcgis/rest/services/Traffic_Signal_Locations_TDA/FeatureServer/0/query?where=COUNTY%3D%27Miami-Dade%27&outFields=SIGNALID%2CCOUNTY%2CRDWYID%2CDISTRICT%2CMAINTAGC%2CSDESTRET%2CCNTLRDES%2CSIGNALNC&returnGeometry=true&outSR=4326&f=json
2925,87062000,Miami-Dade,6,MIAMI-DADE,N/A,N/A,N/A,25.729791,-80.286325,FDOT Traffic Signal Locations TDA,https://services1.arcgis.com/O1JpcwDW8sjYuddV/arcgis/rest/services/Traffic_Signal_Locations_TDA/FeatureServer/0,https://services1.arcgis.com/O1JpcwDW8sjYuddV/arcgis/rest/services/Traffic_Signal_Locations_TDA/FeatureServer/0/query?where=COUNTY%3D%27Miami-Dade%27&outFields=SIGNALID%2CCOUNTY%2CRDWYID%2CDISTRICT%2CMAINTAGC%2CSDESTRET%2CCNTLRDES%2CSIGNALNC&returnGeometry=true&outSR=4326&f=json
4157,87260528,Miami-Dade,6,MIAMI-DADE,NW 47 AVE,N/A,02,25.92551,-80.276717,FDOT Traffic Signal Locations TDA,https://services1.arcgis.com/O1JpcwDW8sjYuddV/arcgis/rest/services/Traffic_Signal_Locations_TDA/FeatureServer/0,https://services1.arcgis.com/O1JpcwDW8sjYuddV/arcgis/rest/services/Traffic_Signal_Locations_TDA/FeatureServer/0/query?where=COUNTY%3D%27Miami-Dade%27&outFields=SIGNALID%2CCOUNTY%2CRDWYID%2CDISTRICT%2CMAINTAGC%2CSDESTRET%2CCNTLRDES%2CSIGNALNC&returnGeometry=true&outSR=4326&f=json
2538,87066000,Miami-Dade,6,MIAMI-DADE,NE 16 AVE,N/A,N/A,25.889295,-80.166179,FDOT Traffic Signal Locations TDA,https://services1.arcgis.com/O1JpcwDW8sjYuddV/arcgis/rest/services/Traffic_Signal_Locations_TDA/FeatureServer/0,https://services1.arcgis.com/O1JpcwDW8sjYuddV/arcgis/rest/services/Traffic_Signal_Locations_TDA/FeatureServer/0/query?where=COUNTY%3D%27Miami-Dade%27&outFields=SIGNALID%2CCOUNTY%2CRDWYID%2CDISTRICT%2CMAINTAGC%2CSDESTRET%2CCNTLRDES%2CSIGNALNC&returnGeometry=true&outSR=4326&f=json
6446,87240000,Miami-Dade,6,MIAMI-DADE,N/A,N/A,N/A,25.74381,-80.23794,FDOT Traffic Signal Locations TDA,https://services1.arcgis.com/O1JpcwDW8sjYuddV/arcgis/rest/services/Traffic_Signal_Locations_TDA/FeatureServer/0,https://services1.arcgis.com/O1JpcwDW8sjYuddV/arcgis/rest/services/Traffic_Signal_Locations_TDA/FeatureServer/0/query?where=COUNTY%3D%27Miami-Dade%27&outFields=SIGNALID%2CCOUNTY%2CRDWYID%2CDISTRICT%2CMAINTAGC%2CSDESTRET%2CCNTLRDES%2CSIGNALNC&returnGeometry=true&outSR=4326&f=json
4198,87150000,Miami-Dade,6,MIAMI-DADE,US 41/SR 90/SW 8 ST,N/A,N/A,25.760979,-80.481336,FDOT Traffic Signal Locations TDA,https://services1.arcgis.com/O1JpcwDW8sjYuddV/arcgis/rest/services/Traffic_Signal_Locations_TDA/FeatureServer/0,https://services1.arcgis.com/O1JpcwDW8sjYuddV/arcgis/rest/services/Traffic_Signal_Locations_TDA/FeatureServer/0/query?where=COUNTY%3D%27Miami-Dade%27&outFields=SIGNALID%2CCOUNTY%2CRDWYID%2CDISTRICT%2CMAINTAGC%2CSDESTRET%2CCNTLRDES%2CSIGNALNC&returnGeometry=true&outSR=4326&f=json
4533,87080900,Miami-Dade,6,MIAMI-DADE,OFF RAMP 87260400,N/A,N/A,25.840636,-80.321307,FDOT Traffic Signal Locations TDA,https://services1.arcgis.com/O1JpcwDW8sjYuddV/arcgis/rest/services/Traffic_Signal_Locations_TDA/FeatureServer/0,https://services1.arcgis.com/O1JpcwDW8sjYuddV/arcgis/rest/services/Traffic_Signal_Locations_TDA/FeatureServer/0/query?where=COUNTY%3D%27Miami-Dade%27&outFields=SIGNALID%2CCOUNTY%2CRDWYID%2CDISTRICT%2CMAINTAGC%2CSDESTRET%2CCNTLRDES%2CSIGNALNC&returnGeometry=true&outSR=4326&f=json
4479,87040101,Miami-Dade,6,MIAMI-DADE,NW 4 ST,N/A,N/A,25.777753,-80.19951,FDOT Traffic Signal Locations TDA,https://services1.arcgis.com/O1JpcwDW8sjYuddV/arcgis/rest/services/Traffic_Signal_Locations_TDA/FeatureServer/0,https://services1.arcgis.com/O1JpcwDW8sjYuddV/arcgis/rest/services/Traffic_Signal_Locations_TDA/FeatureServer/0/query?where=COUNTY%3D%27Miami-Dade%27&outFields=SIGNALID%2CCOUNTY%2CRDWYID%2CDISTRICT%2CMAINTAGC%2CSDESTRET%2CCNTLRDES%2CSIGNALNC&returnGeometry=true&outSR=4326&f=json
5579,87044000,Miami-Dade,6,MIAMI-DADE,SW 11700 BLK,N/A,N/A,25.731977,-80.384742,FDOT Traffic Signal Locations TDA,https://services1.arcgis.com/O1JpcwDW8sjYuddV/arcgis/rest/services/Traffic_Signal_Locations_TDA/FeatureServer/0,https://services1.arcgis.com/O1JpcwDW8sjYuddV/arcgis/rest/services/Traffic_Signal_Locations_TDA/FeatureServer/0/query?where=COUNTY%3D%27Miami-Dade%27&outFields=SIGNALID%2CCOUNTY%2CRDWYID%2CDISTRICT%2CMAINTAGC%2CSDESTRET%2CCNTLRDES%2CSIGNALNC&returnGeometry=true&outSR=4326&f=json
3842,87001000,Miami-Dade,6,MIAMI-DADE,SR 825/SW 137 AVE,N/A,02,25.685278,-80.416585,FDOT Traffic Signal Locations TDA,https://services1.arcgis.com/O1JpcwDW8sjYuddV/arcgis/rest/services/Traffic_Signal_Locations_TDA/FeatureServer/0,https://services1.arcgis.com/O1JpcwDW8sjYuddV/arcgis/rest/services/Traffic_Signal_Locations_TDA/FeatureServer/0/query?where=COUNTY%3D%27Miami-Dade%27&outFields=SIGNALID%2CCOUNTY%2CRDWYID%2CDISTRICT%2CMAINTAGC%2CSDESTRET%2CCNTLRDES%2CSIGNALNC&returnGeometry=true&outSR=4326&f=json
3322,87001000,Miami-Dade,6,MIAMI-DADE,SW 7200 BLK,N/A,N/A,25.688665,-80.311287,FDOT Traffic Signal Locations TDA,https://services1.arcgis.com/O1JpcwDW8sjYuddV/arcgis/rest/services/Traffic_Signal_Locations_TDA/FeatureServer/0,https://services1.arcgis.com/O1JpcwDW8sjYuddV/arcgis/rest/services/Traffic_Signal_Locations_TDA/FeatureServer/0/query?where=COUNTY%3D%27Miami-Dade%27&outFields=SIGNALID%2CCOUNTY%2CRDWYID%2CDISTRICT%2CMAINTAGC%2CSDESTRET%2CCNTLRDES%2CSIGNALNC&returnGeometry=true&outSR=4326&f=json
2018,87034000,Miami-Dade,6,MIAMI-DADE,SR 826/NE 167 ST,N/A,N/A,25.928381,-80.188274,FDOT Traffic Signal Locations TDA,https://services1.arcgis.com/O1JpcwDW8sjYuddV/arcgis/rest/services/Traffic_Signal_Locations_TDA/FeatureServer/0,https://services1.arcgis.com/O1JpcwDW8sjYuddV/arcgis/rest/services/Traffic_Signal_Locations_TDA/FeatureServer/0/query?where=COUNTY%3D%27Miami-Dade%27&outFields=SIGNALID%2CCOUNTY%2CRDWYID%2CDISTRICT%2CMAINTAGC%2CSDESTRET%2CCNTLRDES%2CSIGNALNC&returnGeometry=true&outSR=4326&f=json
4775,87080900,Miami-Dade,6,MIAMI-DADE,W 2 AVE,N/A,N/A,25.840664,-80.285969,FDOT Traffic Signal Locations TDA,https://services1.arcgis.com/O1JpcwDW8sjYuddV/arcgis/rest/services/Traffic_Signal_Locations_TDA/FeatureServer/0,https://services1.arcgis.com/O1JpcwDW8sjYuddV/arcgis/rest/services/Traffic_Signal_Locations_TDA/FeatureServer/0/query?where=COUNTY%3D%27Miami-Dade%27&outFields=SIGNALID%2CCOUNTY%2CRDWYID%2CDISTRICT%2CMAINTAGC%2CSDESTRET%2CCNTLRDES%2CSIGNALNC&returnGeometry=true&outSR=4326&f=json
7676,87250000,Miami-Dade,6,MIAMI-DADE,N/A,N/A,N/A,25.825322,-80.194597,FDOT Traffic Signal Locations TDA,https://services1.arcgis.com/O1JpcwDW8sjYuddV/arcgis/rest/services/Traffic_Signal_Locations_TDA/FeatureServer/0,https://services1.arcgis.com/O1JpcwDW8sjYuddV/arcgis/rest/services/Traffic_Signal_Locations_TDA/FeatureServer/0/query?where=COUNTY%3D%27Miami-Dade%27&outFields=SIGNALID%2CCOUNTY%2CRDWYID%2CDISTRICT%2CMAINTAGC%2CSDESTRET%2CCNTLRDES%2CSIGNALNC&returnGeometry=true&outSR=4326&f=json
6162,87240101,Miami-Dade,6,MIAMI-DADE,NW 27 AV,N/A,02,25.903723,-80.243853,FDOT Traffic Signal Locations TDA,https://services1.arcgis.com/O1JpcwDW8sjYuddV/arcgis/rest/services/Traffic_Signal_Locations_TDA/FeatureServer/0,https://services1.arcgis.com/O1JpcwDW8sjYuddV/arcgis/rest/services/Traffic_Signal_Locations_TDA/FeatureServer/0/query?where=COUNTY%3D%27Miami-Dade%27&outFields=SIGNALID%2CCOUNTY%2CRDWYID%2CDISTRICT%2CMAINTAGC%2CSDESTRET%2CCNTLRDES%2CSIGNALNC&returnGeometry=true&outSR=4326&f=json
4820,87001000,Miami-Dade,6,MIAMI-DADE,SW 152 AVE,N/A,N/A,25.684496,-80.440946,FDOT Traffic Signal Locations TDA,https://services1.arcgis.com/O1JpcwDW8sjYuddV/arcgis/rest/services/Traffic_Signal_Locations_TDA/FeatureServer/0,https://services1.arcgis.com/O1JpcwDW8sjYuddV/arcgis/rest/services/Traffic_Signal_Locations_TDA/FeatureServer/0/query?where=COUNTY%3D%27Miami-Dade%27&outFields=SIGNALID%2CCOUNTY%2CRDWYID%2CDISTRICT%2CMAINTAGC%2CSDESTRET%2CCNTLRDES%2CSIGNALNC&returnGeometry=true&outSR=4326&f=json
5300,87034000,Miami-Dade,6,MIAMI-DADE,N/A,N/A,N/A,25.910164,-80.187386,FDOT Traffic Signal Locations TDA,https://services1.arcgis.com/O1JpcwDW8sjYuddV/arcgis/rest/services/Traffic_Signal_Locations_TDA/FeatureServer/0,https://services1.arcgis.com/O1JpcwDW8sjYuddV/arcgis/rest/services/Traffic_Signal_Locations_TDA/FeatureServer/0/query?where=COUNTY%3D%27Miami-Dade%27&outFields=SIGNALID%2CCOUNTY%2CRDWYID%2CDISTRICT%2CMAINTAGC%2CSDESTRET%2CCNTLRDES%2CSIGNALNC&returnGeometry=true&outSR=4326&f=json
3399,87040102,Miami-Dade,6,MIAMI-DADE,NW 3 ST,N/A,N/A,25.776852,-80.200085,FDOT Traffic Signal Locations TDA,https://services1.arcgis.com/O1JpcwDW8sjYuddV/arcgis/rest/services/Traffic_Signal_Locations_TDA/FeatureServer/0,https://services1.arcgis.com/O1JpcwDW8sjYuddV/arcgis/rest/services/Traffic_Signal_Locations_TDA/FeatureServer/0/query?where=COUNTY%3D%27Miami-Dade%27&outFields=SIGNALID%2CCOUNTY%2CRDWYID%2CDISTRICT%2CMAINTAGC%2CSDESTRET%2CCNTLRDES%2CSIGNALNC&returnGeometry=true&outSR=4326&f=json
3101,87008000,Miami-Dade,6,MIAMI-DADE,NW 7 AVE,N/A,02,25.8983,-80.210912,FDOT Traffic Signal Locations TDA,https://services1.arcgis.com/O1JpcwDW8sjYuddV/arcgis/rest/services/Traffic_Signal_Locations_TDA/FeatureServer/0,https://services1.arcgis.com/O1JpcwDW8sjYuddV/arcgis/rest/services/Traffic_Signal_Locations_TDA/FeatureServer/0/query?where=COUNTY%3D%27Miami-Dade%27&outFields=SIGNALID%2CCOUNTY%2CRDWYID%2CDISTRICT%2CMAINTAGC%2CSDESTRET%2CCNTLRDES%2CSIGNALNC&returnGeometry=true&outSR=4326&f=json
2980,87008001,Miami-Dade,6,MIAMI-DADE,SR 9/NW 27 AV,N/A,02,25.898002,-80.243657,FDOT Traffic Signal Locations TDA,https://services1.arcgis.com/O1JpcwDW8sjYuddV/arcgis/rest/services/Traffic_Signal_Locations_TDA/FeatureServer/0,https://services1.arcgis.com/O1JpcwDW8sjYuddV/arcgis/rest/services/Traffic_Signal_Locations_TDA/FeatureServer/0/query?where=COUNTY%3D%27Miami-Dade%27&outFields=SIGNALID%2CCOUNTY%2CRDWYID%2CDISTRICT%2CMAINTAGC%2CSDESTRET%2CCNTLRDES%2CSIGNALNC&returnGeometry=true&outSR=4326&f=json
4159,87030000,Miami-Dade,6,MIAMI-DADE,NE 151 ST,N/A,N/A,25.915101,-80.15651,FDOT Traffic Signal Locations TDA,https://services1.arcgis.com/O1JpcwDW8sjYuddV/arcgis/rest/services/Traffic_Signal_Locations_TDA/FeatureServer/0,https://services1.arcgis.com/O1JpcwDW8sjYuddV/arcgis/rest/services/Traffic_Signal_Locations_TDA/FeatureServer/0/query?where=COUNTY%3D%27Miami-Dade%27&outFields=SIGNALID%2CCOUNTY%2CRDWYID%2CDISTRICT%2CMAINTAGC%2CSDESTRET%2CCNTLRDES%2CSIGNALNC&returnGeometry=true&outSR=4326&f=json
3252,87062000,Miami-Dade,6,MIAMI-DADE,NW 7 ST,N/A,N/A,25.777891,-80.288359,FDOT Traffic Signal Locations TDA,https://services1.arcgis.com/O1JpcwDW8sjYuddV/arcgis/rest/services/Traffic_Signal_Locations_TDA/FeatureServer/0,https://services1.arcgis.com/O1JpcwDW8sjYuddV/arcgis/rest/services/Traffic_Signal_Locations_TDA/FeatureServer/0/query?where=COUNTY%3D%27Miami-Dade%27&outFields=SIGNALID%2CCOUNTY%2CRDWYID%2CDISTRICT%2CMAINTAGC%2CSDESTRET%2CCNTLRDES%2CSIGNALNC&returnGeometry=true&outSR=4326&f=json
3612,87140000,Miami-Dade,6,MIAMI-DADE,NW 191 ST,N/A,N/A,25.949733,-80.205383,FDOT Traffic Signal Locations TDA,https://services1.arcgis.com/O1JpcwDW8sjYuddV/arcgis/rest/services/Traffic_Signal_Locations_TDA/FeatureServer/0,https://services1.arcgis.com/O1JpcwDW8sjYuddV/arcgis/rest/services/Traffic_Signal_Locations_TDA/FeatureServer/0/query?where=COUNTY%3D%27Miami-Dade%27&outFields=SIGNALID%2CCOUNTY%2CRDWYID%2CDISTRICT%2CMAINTAGC%2CSDESTRET%2CCNTLRDES%2CSIGNALNC&returnGeometry=true&outSR=4326&f=json
3864,87047000,Miami-Dade,6,MIAMI-DADE,SW 32 ST,N/A,N/A,25.740025,-80.33566,FDOT Traffic Signal Locations TDA,https://services1.arcgis.com/O1JpcwDW8sjYuddV/arcgis/rest/services/Traffic_Signal_Locations_TDA/FeatureServer/0,https://services1.arcgis.com/O1JpcwDW8sjYuddV/arcgis/rest/services/Traffic_Signal_Locations_TDA/FeatureServer/0/query?where=COUNTY%3D%27Miami-Dade%27&outFields=SIGNALID%2CCOUNTY%2CRDWYID%2CDISTRICT%2CMAINTAGC%2CSDESTRET%2CCNTLRDES%2CSIGNALNC&returnGeometry=true&outSR=4326&f=json
4859,87053000,Miami-Dade,6,MIAMI-DADE,W 82 AVE,N/A,N/A,25.769681,-80.328245,FDOT Traffic Signal Locations TDA,https://services1.arcgis.com/O1JpcwDW8sjYuddV/arcgis/rest/services/Traffic_Signal_Locations_TDA/FeatureServer/0,https://services1.arcgis.com/O1JpcwDW8sjYuddV/arcgis/rest/services/Traffic_Signal_Locations_TDA/FeatureServer/0/query?where=COUNTY%3D%27Miami-Dade%27&outFields=SIGNALID%2CCOUNTY%2CRDWYID%2CDISTRICT%2CMAINTAGC%2CSDESTRET%2CCNTLRDES%2CSIGNALNC&returnGeometry=true&outSR=4326&f=json
3234,87220000,Miami-Dade,6,MIAMI-DADE,NW 5300 BLOCK,N/A,N/A,25.807735,-80.283921,FDOT Traffic Signal Locations TDA,https://services1.arcgis.com/O1JpcwDW8sjYuddV/arcgis/rest/services/Traffic_Signal_Locations_TDA/FeatureServer/0,https://services1.arcgis.com/O1JpcwDW8sjYuddV/arcgis/rest/services/Traffic_Signal_Locations_TDA/FeatureServer/0/query?where=COUNTY%3D%27Miami-Dade%27&outFields=SIGNALID%2CCOUNTY%2CRDWYID%2CDISTRICT%2CMAINTAGC%2CSDESTRET%2CCNTLRDES%2CSIGNALNC&returnGeometry=true&outSR=4326&f=json
4683,87030000,Miami-Dade,6,MIAMI-DADE,SW 70 AVE,N/A,N/A,25.690019,-80.306879,FDOT Traffic Signal Locations TDA,https://services1.arcgis.com/O1JpcwDW8sjYuddV/arcgis/rest/services/Traffic_Signal_Locations_TDA/FeatureServer/0,https://services1.arcgis.com/O1JpcwDW8sjYuddV/arcgis/rest/services/Traffic_Signal_Locations_TDA/FeatureServer/0/query?where=COUNTY%3D%27Miami-Dade%27&outFields=SIGNALID%2CCOUNTY%2CRDWYID%2CDISTRICT%2CMAINTAGC%2CSDESTRET%2CCNTLRDES%2CSIGNALNC&returnGeometry=true&outSR=4326&f=json
5130,87120000,Miami-Dade,6,MIAMI-DADE,SW 127 AVE,N/A,N/A,25.760899,-80.400837,FDOT Traffic Signal Locations TDA,https://services1.arcgis.com/O1JpcwDW8sjYuddV/arcgis/rest/services/Traffic_Signal_Locations_TDA/FeatureServer/0,https://services1.arcgis.com/O1JpcwDW8sjYuddV/arcgis/rest/services/Traffic_Signal_Locations_TDA/FeatureServer/0/query?where=COUNTY%3D%27Miami-Dade%27&outFields=SIGNALID%2CCOUNTY%2CRDWYID%2CDISTRICT%2CMAINTAGC%2CSDESTRET%2CCNTLRDES%2CSIGNALNC&returnGeometry=true&outSR=4326&f=json
4790,87150000,Miami-Dade,6,MIAMI-DADE,SW 288 ST,N/A,N/A,25.498982,-80.477673,FDOT Traffic Signal Locations TDA,https://services1.arcgis.com/O1JpcwDW8sjYuddV/arcgis/rest/services/Traffic_Signal_Locations_TDA/FeatureServer/0,https://services1.arcgis.com/O1JpcwDW8sjYuddV/arcgis/rest/services/Traffic_Signal_Locations_TDA/FeatureServer/0/query?where=COUNTY%3D%27Miami-Dade%27&outFields=SIGNALID%2CCOUNTY%2CRDWYID%2CDISTRICT%2CMAINTAGC%2CSDESTRET%2CCNTLRDES%2CSIGNALNC&returnGeometry=true&outSR=4326&f=json
4409,87038000,Miami-Dade,6,MIAMI-DADE,NW 5 AV,N/A,N/A,25.869338,-80.205825,FDOT Traffic Signal Locations TDA,https://services1.arcgis.com/O1JpcwDW8sjYuddV/arcgis/rest/services/Traffic_Signal_Locations_TDA/FeatureServer/0,https://services1.arcgis.com/O1JpcwDW8sjYuddV/arcgis/rest/services/Traffic_Signal_Locations_TDA/FeatureServer/0/query?where=COUNTY%3D%27Miami-Dade%27&outFields=SIGNALID%2CCOUNTY%2CRDWYID%2CDISTRICT%2CMAINTAGC%2CSDESTRET%2CCNTLRDES%2CSIGNALNC&returnGeometry=true&outSR=4326&f=json
4777,87030000,Miami-Dade,6,MIAMI-DADE,NE 62 ST,N/A,N/A,25.833305,-80.184078,FDOT Traffic Signal Locations TDA,https://services1.arcgis.com/O1JpcwDW8sjYuddV/arcgis/rest/services/Traffic_Signal_Locations_TDA/FeatureServer/0,https://services1.arcgis.com/O1JpcwDW8sjYuddV/arcgis/rest/services/Traffic_Signal_Locations_TDA/FeatureServer/0/query?where=COUNTY%3D%27Miami-Dade%27&outFields=SIGNALID%2CCOUNTY%2CRDWYID%2CDISTRICT%2CMAINTAGC%2CSDESTRET%2CCNTLRDES%2CSIGNALNC&returnGeometry=true&outSR=4326&f=json
4579,87030000,Miami-Dade,6,MIAMI-DADE,SE 5 ST,N/A,N/A,25.768556,-80.190042,FDOT Traffic Signal Locations TDA,https://services1.arcgis.com/O1JpcwDW8sjYuddV/arcgis/rest/services/Traffic_Signal_Locations_TDA/FeatureServer/0,https://services1.arcgis.com/O1JpcwDW8sjYuddV/arcgis/rest/services/Traffic_Signal_Locations_TDA/FeatureServer/0/query?where=COUNTY%3D%27Miami-Dade%27&outFields=SIGNALID%2CCOUNTY%2CRDWYID%2CDISTRICT%2CMAINTAGC%2CSDESTRET%2CCNTLRDES%2CSIGNALNC&returnGeometry=true&outSR=4326&f=json
2003,87170000,Miami-Dade,6,MIAMI-DADE,NE 10 AV,N/A,N/A,25.92697,-80.180087,FDOT Traffic Signal Locations TDA,https://services1.arcgis.com/O1JpcwDW8sjYuddV/arcgis/rest/services/Traffic_Signal_Locations_TDA/FeatureServer/0,https://services1.arcgis.com/O1JpcwDW8sjYuddV/arcgis/rest/services/Traffic_Signal_Locations_TDA/FeatureServer/0/query?where=COUNTY%3D%27Miami-Dade%27&outFields=SIGNALID%2CCOUNTY%2CRDWYID%2CDISTRICT%2CMAINTAGC%2CSDESTRET%2CCNTLRDES%2CSIGNALNC&returnGeometry=true&outSR=4326&f=json
2048,87090000,Miami-Dade,6,MIAMI-DADE,NW 2 AV,N/A,N/A,25.810336,-80.199001,FDOT Traffic Signal Locations TDA,https://services1.arcgis.com/O1JpcwDW8sjYuddV/arcgis/rest/services/Traffic_Signal_Locations_TDA/FeatureServer/0,https://services1.arcgis.com/O1JpcwDW8sjYuddV/arcgis/rest/services/Traffic_Signal_Locations_TDA/FeatureServer/0/query?where=COUNTY%3D%27Miami-Dade%27&outFields=SIGNALID%2CCOUNTY%2CRDWYID%2CDISTRICT%2CMAINTAGC%2CSDESTRET%2CCNTLRDES%2CSIGNALNC&returnGeometry=true&outSR=4326&f=json
3101,87140000,Miami-Dade,6,N/A,SR 916/NW 135 ST,N/A,N/A,25.898108,-80.21121,FDOT Traffic Signal Locations TDA,https://services1.arcgis.com/O1JpcwDW8sjYuddV/arcgis/rest/services/Traffic_Signal_Locations_TDA/FeatureServer/0,https://services1.arcgis.com/O1JpcwDW8sjYuddV/arcgis/rest/services/Traffic_Signal_Locations_TDA/FeatureServer/0/query?where=COUNTY%3D%27Miami-Dade%27&outFields=SIGNALID%2CCOUNTY%2CRDWYID%2CDISTRICT%2CMAINTAGC%2CSDESTRET%2CCNTLRDES%2CSIGNALNC&returnGeometry=true&outSR=4326&f=json
4633,87160000,Miami-Dade,6,MIAMI-DADE,SW/NW 6 AVE,N/A,N/A,25.447802,-80.485633,FDOT Traffic Signal Locations TDA,https://services1.arcgis.com/O1JpcwDW8sjYuddV/arcgis/rest/services/Traffic_Signal_Locations_TDA/FeatureServer/0,https://services1.arcgis.com/O1JpcwDW8sjYuddV/arcgis/rest/services/Traffic_Signal_Locations_TDA/FeatureServer/0/query?where=COUNTY%3D%27Miami-Dade%27&outFields=SIGNALID%2CCOUNTY%2CRDWYID%2CDISTRICT%2CMAINTAGC%2CSDESTRET%2CCNTLRDES%2CSIGNALNC&returnGeometry=true&outSR=4326&f=json
4818,87047000,Miami-Dade,6,MIAMI-DADE,NW 8 ST,N/A,N/A,25.777359,-80.336604,FDOT Traffic Signal Locations TDA,https://services1.arcgis.com/O1JpcwDW8sjYuddV/arcgis/rest/services/Traffic_Signal_Locations_TDA/FeatureServer/0,https://services1.arcgis.com/O1JpcwDW8sjYuddV/arcgis/rest/services/Traffic_Signal_Locations_TDA/FeatureServer/0/query?where=COUNTY%3D%27Miami-Dade%27&outFields=SIGNALID%2CCOUNTY%2CRDWYID%2CDISTRICT%2CMAINTAGC%2CSDESTRET%2CCNTLRDES%2CSIGNALNC&returnGeometry=true&outSR=4326&f=json
4486,87066000,Miami-Dade,6,MIAMI-DADE,NE 12 AVE,N/A,N/A,25.890763,-80.174303,FDOT Traffic Signal Locations TDA,https://services1.arcgis.com/O1JpcwDW8sjYuddV/arcgis/rest/services/Traffic_Signal_Locations_TDA/FeatureServer/0,https://services1.arcgis.com/O1JpcwDW8sjYuddV/arcgis/rest/services/Traffic_Signal_Locations_TDA/FeatureServer/0/query?where=COUNTY%3D%27Miami-Dade%27&outFields=SIGNALID%2CCOUNTY%2CRDWYID%2CDISTRICT%2CMAINTAGC%2CSDESTRET%2CCNTLRDES%2CSIGNALNC&returnGeometry=true&outSR=4326&f=json
3770,87060000,Miami-Dade,6,MIAMI-DADE,65 ST,N/A,N/A,25.8482,-80.120262,FDOT Traffic Signal Locations TDA,https://services1.arcgis.com/O1JpcwDW8sjYuddV/arcgis/rest/services/Traffic_Signal_Locations_TDA/FeatureServer/0,https://services1.arcgis.com/O1JpcwDW8sjYuddV/arcgis/rest/services/Traffic_Signal_Locations_TDA/FeatureServer/0/query?where=COUNTY%3D%27Miami-Dade%27&outFields=SIGNALID%2CCOUNTY%2CRDWYID%2CDISTRICT%2CMAINTAGC%2CSDESTRET%2CCNTLRDES%2CSIGNALNC&returnGeometry=true&outSR=4326&f=json
4878,87140000,Miami-Dade,6,MIAMI-DADE,NW 32 ST,N/A,N/A,25.80634,-80.207412,FDOT Traffic Signal Locations TDA,https://services1.arcgis.com/O1JpcwDW8sjYuddV/arcgis/rest/services/Traffic_Signal_Locations_TDA/FeatureServer/0,https://services1.arcgis.com/O1JpcwDW8sjYuddV/arcgis/rest/services/Traffic_Signal_Locations_TDA/FeatureServer/0/query?where=COUNTY%3D%27Miami-Dade%27&outFields=SIGNALID%2CCOUNTY%2CRDWYID%2CDISTRICT%2CMAINTAGC%2CSDESTRET%2CCNTLRDES%2CSIGNALNC&returnGeometry=true&outSR=4326&f=json
4402,87038000,Miami-Dade,6,MIAMI-DADE,W 2 AV,N/A,N/A,25.866724,-80.286809,FDOT Traffic Signal Locations TDA,https://services1.arcgis.com/O1JpcwDW8sjYuddV/arcgis/rest/services/Traffic_Signal_Locations_TDA/FeatureServer/0,https://services1.arcgis.com/O1JpcwDW8sjYuddV/arcgis/rest/services/Traffic_Signal_Locations_TDA/FeatureServer/0/query?where=COUNTY%3D%27Miami-Dade%27&outFields=SIGNALID%2CCOUNTY%2CRDWYID%2CDISTRICT%2CMAINTAGC%2CSDESTRET%2CCNTLRDES%2CSIGNALNC&returnGeometry=true&outSR=4326&f=json
2242,87140000,Miami-Dade,6,MIAMI-DADE,US41/SR90/SW 7 ST,N/A,02,25.76696,-80.207472,FDOT Traffic Signal Locations TDA,https://services1.arcgis.com/O1JpcwDW8sjYuddV/arcgis/rest/services/Traffic_Signal_Locations_TDA/FeatureServer/0,https://services1.arcgis.com/O1JpcwDW8sjYuddV/arcgis/rest/services/Traffic_Signal_Locations_TDA/FeatureServer/0/query?where=COUNTY%3D%27Miami-Dade%27&outFields=SIGNALID%2CCOUNTY%2CRDWYID%2CDISTRICT%2CMAINTAGC%2CSDESTRET%2CCNTLRDES%2CSIGNALNC&returnGeometry=true&outSR=4326&f=json
5774,87026005,Miami-Dade,6,MIAMI-DADE,N/A,N/A,N/A,25.942286,-80.326709,FDOT Traffic Signal Locations TDA,https://services1.arcgis.com/O1JpcwDW8sjYuddV/arcgis/rest/services/Traffic_Signal_Locations_TDA/FeatureServer/0,https://services1.arcgis.com/O1JpcwDW8sjYuddV/arcgis/rest/services/Traffic_Signal_Locations_TDA/FeatureServer/0/query?where=COUNTY%3D%27Miami-Dade%27&outFields=SIGNALID%2CCOUNTY%2CRDWYID%2CDISTRICT%2CMAINTAGC%2CSDESTRET%2CCNTLRDES%2CSIGNALNC&returnGeometry=true&outSR=4326&f=json
5239,87019000,Miami-Dade,6,MIAMI-DADE,NW 203 ST,N/A,N/A,25.960687,-80.246437,FDOT Traffic Signal Locations TDA,https://services1.arcgis.com/O1JpcwDW8sjYuddV/arcgis/rest/services/Traffic_Signal_Locations_TDA/FeatureServer/0,https://services1.arcgis.com/O1JpcwDW8sjYuddV/arcgis/rest/services/Traffic_Signal_Locations_TDA/FeatureServer/0/query?where=COUNTY%3D%27Miami-Dade%27&outFields=SIGNALID%2CCOUNTY%2CRDWYID%2CDISTRICT%2CMAINTAGC%2CSDESTRET%2CCNTLRDES%2CSIGNALNC&returnGeometry=true&outSR=4326&f=json
3690,87060000,Miami-Dade,6,MIAMI-DADE,5000 BLK,N/A,N/A,25.827071,-80.121727,FDOT Traffic Signal Locations TDA,https://services1.arcgis.com/O1JpcwDW8sjYuddV/arcgis/rest/services/Traffic_Signal_Locations_TDA/FeatureServer/0,https://services1.arcgis.com/O1JpcwDW8sjYuddV/arcgis/rest/services/Traffic_Signal_Locations_TDA/FeatureServer/0/query?where=COUNTY%3D%27Miami-Dade%27&outFields=SIGNALID%2CCOUNTY%2CRDWYID%2CDISTRICT%2CMAINTAGC%2CSDESTRET%2CCNTLRDES%2CSIGNALNC&returnGeometry=true&outSR=4326&f=json
2665,87060000,Miami-Dade,6,MIAMI-DADE,17 ST,N/A,N/A,25.792396,-80.129731,FDOT Traffic Signal Locations TDA,https://services1.arcgis.com/O1JpcwDW8sjYuddV/arcgis/rest/services/Traffic_Signal_Locations_TDA/FeatureServer/0,https://services1.arcgis.com/O1JpcwDW8sjYuddV/arcgis/rest/services/Traffic_Signal_Locations_TDA/FeatureServer/0/query?where=COUNTY%3D%27Miami-Dade%27&outFields=SIGNALID%2CCOUNTY%2CRDWYID%2CDISTRICT%2CMAINTAGC%2CSDESTRET%2CCNTLRDES%2CSIGNALNC&returnGeometry=true&outSR=4326&f=json
3641,87091000,Miami-Dade,6,MIAMI-DADE,HOMESTEAD AVE,N/A,N/A,25.596144,-80.358079,FDOT Traffic Signal Locations TDA,https://services1.arcgis.com/O1JpcwDW8sjYuddV/arcgis/rest/services/Traffic_Signal_Locations_TDA/FeatureServer/0,https://services1.arcgis.com/O1JpcwDW8sjYuddV/arcgis/rest/services/Traffic_Signal_Locations_TDA/FeatureServer/0/query?where=COUNTY%3D%27Miami-Dade%27&outFields=SIGNALID%2CCOUNTY%2CRDWYID%2CDISTRICT%2CMAINTAGC%2CSDESTRET%2CCNTLRDES%2CSIGNALNC&returnGeometry=true&outSR=4326&f=json
4565,87120000,Miami-Dade,6,MIAMI-DADE,SW 82 AVE,N/A,N/A,25.762118,-80.327804,FDOT Traffic Signal Locations TDA,https://services1.arcgis.com/O1JpcwDW8sjYuddV/arcgis/rest/services/Traffic_Signal_Locations_TDA/FeatureServer/0,https://services1.arcgis.com/O1JpcwDW8sjYuddV/arcgis/rest/services/Traffic_Signal_Locations_TDA/FeatureServer/0/query?where=COUNTY%3D%27Miami-Dade%27&outFields=SIGNALID%2CCOUNTY%2CRDWYID%2CDISTRICT%2CMAINTAGC%2CSDESTRET%2CCNTLRDES%2CSIGNALNC&returnGeometry=true&outSR=4326&f=json
4852,87002000,Miami-Dade,6,MIAMI-DADE,RAMP GRATIGNY PKWY,N/A,N/A,25.89469,-80.291729,FDOT Traffic Signal Locations TDA,https://services1.arcgis.com/O1JpcwDW8sjYuddV/arcgis/rest/services/Traffic_Signal_Locations_TDA/FeatureServer/0,https://services1.arcgis.com/O1JpcwDW8sjYuddV/arcgis/rest/services/Traffic_Signal_Locations_TDA/FeatureServer/0/query?where=COUNTY%3D%27Miami-Dade%27&outFields=SIGNALID%2CCOUNTY%2CRDWYID%2CDISTRICT%2CMAINTAGC%2CSDESTRET%2CCNTLRDES%2CSIGNALNC&returnGeometry=true&outSR=4326&f=json
5291,87080900,Miami-Dade,6,MIAMI-DADE,N/A,N/A,N/A,25.847147,-80.206628,FDOT Traffic Signal Locations TDA,https://services1.arcgis.com/O1JpcwDW8sjYuddV/arcgis/rest/services/Traffic_Signal_Locations_TDA/FeatureServer/0,https://services1.arcgis.com/O1JpcwDW8sjYuddV/arcgis/rest/services/Traffic_Signal_Locations_TDA/FeatureServer/0/query?where=COUNTY%3D%27Miami-Dade%27&outFields=SIGNALID%2CCOUNTY%2CRDWYID%2CDISTRICT%2CMAINTAGC%2CSDESTRET%2CCNTLRDES%2CSIGNALNC&returnGeometry=true&outSR=4326&f=json
2220,87053001,Miami-Dade,6,MIAMI-DADE,SR 933/SW 12 AV,N/A,02,25.772529,-80.214642,FDOT Traffic Signal Locations TDA,https://services1.arcgis.com/O1JpcwDW8sjYuddV/arcgis/rest/services/Traffic_Signal_Locations_TDA/FeatureServer/0,https://services1.arcgis.com/O1JpcwDW8sjYuddV/arcgis/rest/services/Traffic_Signal_Locations_TDA/FeatureServer/0/query?where=COUNTY%3D%27Miami-Dade%27&outFields=SIGNALID%2CCOUNTY%2CRDWYID%2CDISTRICT%2CMAINTAGC%2CSDESTRET%2CCNTLRDES%2CSIGNALNC&returnGeometry=true&outSR=4326&f=json
2257,87054000,Miami-Dade,6,MIAMI-DADE,SW 1 AV,N/A,N/A,25.761551,-80.195162,FDOT Traffic Signal Locations TDA,https://services1.arcgis.com/O1JpcwDW8sjYuddV/arcgis/rest/services/Traffic_Signal_Locations_TDA/FeatureServer/0,https://services1.arcgis.com/O1JpcwDW8sjYuddV/arcgis/rest/services/Traffic_Signal_Locations_TDA/FeatureServer/0/query?where=COUNTY%3D%27Miami-Dade%27&outFields=SIGNALID%2CCOUNTY%2CRDWYID%2CDISTRICT%2CMAINTAGC%2CSDESTRET%2CCNTLRDES%2CSIGNALNC&returnGeometry=true&outSR=4326&f=json
2664,87060000,Miami-Dade,6,MIAMI-DADE,LINCOLN RD,N/A,N/A,25.790784,-80.12998,FDOT Traffic Signal Locations TDA,https://services1.arcgis.com/O1JpcwDW8sjYuddV/arcgis/rest/services/Traffic_Signal_Locations_TDA/FeatureServer/0,https://services1.arcgis.com/O1JpcwDW8sjYuddV/arcgis/rest/services/Traffic_Signal_Locations_TDA/FeatureServer/0/query?where=COUNTY%3D%27Miami-Dade%27&outFields=SIGNALID%2CCOUNTY%2CRDWYID%2CDISTRICT%2CMAINTAGC%2CSDESTRET%2CCNTLRDES%2CSIGNALNC&returnGeometry=true&outSR=4326&f=json
2457,87250000,Miami-Dade,6,MIAMI-DADE,N/A,N/A,N/A,25.82404,-80.2373,FDOT Traffic Signal Locations TDA,https://services1.arcgis.com/O1JpcwDW8sjYuddV/arcgis/rest/services/Traffic_Signal_Locations_TDA/FeatureServer/0,https://services1.arcgis.com/O1JpcwDW8sjYuddV/arcgis/rest/services/Traffic_Signal_Locations_TDA/FeatureServer/0/query?where=COUNTY%3D%27Miami-Dade%27&outFields=SIGNALID%2CCOUNTY%2CRDWYID%2CDISTRICT%2CMAINTAGC%2CSDESTRET%2CCNTLRDES%2CSIGNALNC&returnGeometry=true&outSR=4326&f=json
6444,87030000,Miami-Dade,6,MIAMI-DADE,NE 9 ST,N/A,N/A,25.783013,-80.189306,FDOT Traffic Signal Locations TDA,https://services1.arcgis.com/O1JpcwDW8sjYuddV/arcgis/rest/services/Traffic_Signal_Locations_TDA/FeatureServer/0,https://services1.arcgis.com/O1JpcwDW8sjYuddV/arcgis/rest/services/Traffic_Signal_Locations_TDA/FeatureServer/0/query?where=COUNTY%3D%27Miami-Dade%27&outFields=SIGNALID%2CCOUNTY%2CRDWYID%2CDISTRICT%2CMAINTAGC%2CSDESTRET%2CCNTLRDES%2CSIGNALNC&returnGeometry=true&outSR=4326&f=json
2243,87120000,Miami-Dade,6,MIAMI-DADE,US-1/SR 5/BRICKELL,N/A,02,25.766179,-80.190699,FDOT Traffic Signal Locations TDA,https://services1.arcgis.com/O1JpcwDW8sjYuddV/arcgis/rest/services/Traffic_Signal_Locations_TDA/FeatureServer/0,https://services1.arcgis.com/O1JpcwDW8sjYuddV/arcgis/rest/services/Traffic_Signal_Locations_TDA/FeatureServer/0/query?where=COUNTY%3D%27Miami-Dade%27&outFields=SIGNALID%2CCOUNTY%2CRDWYID%2CDISTRICT%2CMAINTAGC%2CSDESTRET%2CCNTLRDES%2CSIGNALNC&returnGeometry=true&outSR=4326&f=json
4773,87140000,Miami-Dade,6,MIAMI-DADE,NW 204 ST,N/A,N/A,25.96284,-80.205785,FDOT Traffic Signal Locations TDA,https://services1.arcgis.com/O1JpcwDW8sjYuddV/arcgis/rest/services/Traffic_Signal_Locations_TDA/FeatureServer/0,https://services1.arcgis.com/O1JpcwDW8sjYuddV/arcgis/rest/services/Traffic_Signal_Locations_TDA/FeatureServer/0/query?where=COUNTY%3D%27Miami-Dade%27&outFields=SIGNALID%2CCOUNTY%2CRDWYID%2CDISTRICT%2CMAINTAGC%2CSDESTRET%2CCNTLRDES%2CSIGNALNC&returnGeometry=true&outSR=4326&f=json
2144,87120000,Miami-Dade,6,MIAMI-DADE,SR 953/ SW 42 AVE,N/A,02,25.764435,-80.263328,FDOT Traffic Signal Locations TDA,https://services1.arcgis.com/O1JpcwDW8sjYuddV/arcgis/rest/services/Traffic_Signal_Locations_TDA/FeatureServer/0,https://services1.arcgis.com/O1JpcwDW8sjYuddV/arcgis/rest/services/Traffic_Signal_Locations_TDA/FeatureServer/0/query?where=COUNTY%3D%27Miami-Dade%27&outFields=SIGNALID%2CCOUNTY%2CRDWYID%2CDISTRICT%2CMAINTAGC%2CSDESTRET%2CCNTLRDES%2CSIGNALNC&returnGeometry=true&outSR=4326&f=json
3784,87260527,Miami-Dade,6,MIAMI-DADE,NW 67 AVE/LUDLAM RD,N/A,02,25.924442,-80.3094,FDOT Traffic Signal Locations TDA,https://services1.arcgis.com/O1JpcwDW8sjYuddV/arcgis/rest/services/Traffic_Signal_Locations_TDA/FeatureServer/0,https://services1.arcgis.com/O1JpcwDW8sjYuddV/arcgis/rest/services/Traffic_Signal_Locations_TDA/FeatureServer/0/query?where=COUNTY%3D%27Miami-Dade%27&outFields=SIGNALID%2CCOUNTY%2CRDWYID%2CDISTRICT%2CMAINTAGC%2CSDESTRET%2CCNTLRDES%2CSIGNALNC&returnGeometry=true&outSR=4326&f=json
3754,87008000,Miami-Dade,6,MIAMI-DADE,SIMBAD AVE,N/A,N/A,25.89712,-80.247483,FDOT Traffic Signal Locations TDA,https://services1.arcgis.com/O1JpcwDW8sjYuddV/arcgis/rest/services/Traffic_Signal_Locations_TDA/FeatureServer/0,https://services1.arcgis.com/O1JpcwDW8sjYuddV/arcgis/rest/services/Traffic_Signal_Locations_TDA/FeatureServer/0/query?where=COUNTY%3D%27Miami-Dade%27&outFields=SIGNALID%2CCOUNTY%2CRDWYID%2CDISTRICT%2CMAINTAGC%2CSDESTRET%2CCNTLRDES%2CSIGNALNC&returnGeometry=true&outSR=4326&f=json
3319,87060000,Miami-Dade,6,MIAMI-DADE,95 ST,N/A,N/A,25.88511,-80.122542,FDOT Traffic Signal Locations TDA,https://services1.arcgis.com/O1JpcwDW8sjYuddV/arcgis/rest/services/Traffic_Signal_Locations_TDA/FeatureServer/0,https://services1.arcgis.com/O1JpcwDW8sjYuddV/arcgis/rest/services/Traffic_Signal_Locations_TDA/FeatureServer/0/query?where=COUNTY%3D%27Miami-Dade%27&outFields=SIGNALID%2CCOUNTY%2CRDWYID%2CDISTRICT%2CMAINTAGC%2CSDESTRET%2CCNTLRDES%2CSIGNALNC&returnGeometry=true&outSR=4326&f=json
6448,87140000,Miami-Dade,6,MIAMI-DADE,N/A,N/A,N/A,25.833428,-80.208551,FDOT Traffic Signal Locations TDA,https://services1.arcgis.com/O1JpcwDW8sjYuddV/arcgis/rest/services/Traffic_Signal_Locations_TDA/FeatureServer/0,https://services1.arcgis.com/O1JpcwDW8sjYuddV/arcgis/rest/services/Traffic_Signal_Locations_TDA/FeatureServer/0/query?where=COUNTY%3D%27Miami-Dade%27&outFields=SIGNALID%2CCOUNTY%2CRDWYID%2CDISTRICT%2CMAINTAGC%2CSDESTRET%2CCNTLRDES%2CSIGNALNC&returnGeometry=true&outSR=4326&f=json
4377,87044000,Miami-Dade,6,MIAMI-DADE,SW 62 AV,N/A,N/A,25.73366,-80.294746,FDOT Traffic Signal Locations TDA,https://services1.arcgis.com/O1JpcwDW8sjYuddV/arcgis/rest/services/Traffic_Signal_Locations_TDA/FeatureServer/0,https://services1.arcgis.com/O1JpcwDW8sjYuddV/arcgis/rest/services/Traffic_Signal_Locations_TDA/FeatureServer/0/query?where=COUNTY%3D%27Miami-Dade%27&outFields=SIGNALID%2CCOUNTY%2CRDWYID%2CDISTRICT%2CMAINTAGC%2CSDESTRET%2CCNTLRDES%2CSIGNALNC&returnGeometry=true&outSR=4326&f=json
5797,87030000,Miami-Dade,6,MIAMI-DADE,NE 213 ST,N/A,N/A,25.973001,-80.142635,FDOT Traffic Signal Locations TDA,https://services1.arcgis.com/O1JpcwDW8sjYuddV/arcgis/rest/services/Traffic_Signal_Locations_TDA/FeatureServer/0,https://services1.arcgis.com/O1JpcwDW8sjYuddV/arcgis/rest/services/Traffic_Signal_Locations_TDA/FeatureServer/0/query?where=COUNTY%3D%27Miami-Dade%27&outFields=SIGNALID%2CCOUNTY%2CRDWYID%2CDISTRICT%2CMAINTAGC%2CSDESTRET%2CCNTLRDES%2CSIGNALNC&returnGeometry=true&outSR=4326&f=json
2668,87060000,Miami-Dade,6,MIAMI-DADE,21 ST,N/A,N/A,25.796297,-80.128849,FDOT Traffic Signal Locations TDA,https://services1.arcgis.com/O1JpcwDW8sjYuddV/arcgis/rest/services/Traffic_Signal_Locations_TDA/FeatureServer/0,https://services1.arcgis.com/O1JpcwDW8sjYuddV/arcgis/rest/services/Traffic_Signal_Locations_TDA/FeatureServer/0/query?where=COUNTY%3D%27Miami-Dade%27&outFields=SIGNALID%2CCOUNTY%2CRDWYID%2CDISTRICT%2CMAINTAGC%2CSDESTRET%2CCNTLRDES%2CSIGNALNC&returnGeometry=true&outSR=4326&f=json
2626,87120000,Miami-Dade,6,MIAMI-DADE,SW 49 AVE,N/A,N/A,25.764017,-80.275564,FDOT Traffic Signal Locations TDA,https://services1.arcgis.com/O1JpcwDW8sjYuddV/arcgis/rest/services/Traffic_Signal_Locations_TDA/FeatureServer/0,https://services1.arcgis.com/O1JpcwDW8sjYuddV/arcgis/rest/services/Traffic_Signal_Locations_TDA/FeatureServer/0/query?where=COUNTY%3D%27Miami-Dade%27&outFields=SIGNALID%2CCOUNTY%2CRDWYID%2CDISTRICT%2CMAINTAGC%2CSDESTRET%2CCNTLRDES%2CSIGNALNC&returnGeometry=true&outSR=4326&f=json
4319,87080900,Miami-Dade,6,MIAMI-DADE,NW 3000 BLK,N/A,N/A,25.845783,-80.247188,FDOT Traffic Signal Locations TDA,https://services1.arcgis.com/O1JpcwDW8sjYuddV/arcgis/rest/services/Traffic_Signal_Locations_TDA/FeatureServer/0,https://services1.arcgis.com/O1JpcwDW8sjYuddV/arcgis/rest/services/Traffic_Signal_Locations_TDA/FeatureServer/0/query?where=COUNTY%3D%27Miami-Dade%27&outFields=SIGNALID%2CCOUNTY%2CRDWYID%2CDISTRICT%2CMAINTAGC%2CSDESTRET%2CCNTLRDES%2CSIGNALNC&returnGeometry=true&outSR=4326&f=json
2136,87053000,Miami-Dade,6,MIAMI-DADE,SR 953/SW 42 AVE,N/A,N/A,25.771695,-80.26344,FDOT Traffic Signal Locations TDA,https://services1.arcgis.com/O1JpcwDW8sjYuddV/arcgis/rest/services/Traffic_Signal_Locations_TDA/FeatureServer/0,https://services1.arcgis.com/O1JpcwDW8sjYuddV/arcgis/rest/services/Traffic_Signal_Locations_TDA/FeatureServer/0/query?where=COUNTY%3D%27Miami-Dade%27&outFields=SIGNALID%2CCOUNTY%2CRDWYID%2CDISTRICT%2CMAINTAGC%2CSDESTRET%2CCNTLRDES%2CSIGNALNC&returnGeometry=true&outSR=4326&f=json
4661,87002000,Miami-Dade,6,MIAMI-DADE,W 16 ST,N/A,N/A,25.836152,-80.289787,FDOT Traffic Signal Locations TDA,https://services1.arcgis.com/O1JpcwDW8sjYuddV/arcgis/rest/services/Traffic_Signal_Locations_TDA/FeatureServer/0,https://services1.arcgis.com/O1JpcwDW8sjYuddV/arcgis/rest/services/Traffic_Signal_Locations_TDA/FeatureServer/0/query?where=COUNTY%3D%27Miami-Dade%27&outFields=SIGNALID%2CCOUNTY%2CRDWYID%2CDISTRICT%2CMAINTAGC%2CSDESTRET%2CCNTLRDES%2CSIGNALNC&returnGeometry=true&outSR=4326&f=json
3293,87026000,Miami-Dade,6,MIAMI-DADE,NE 18 AV,N/A,N/A,25.945938,-80.164835,FDOT Traffic Signal Locations TDA,https://services1.arcgis.com/O1JpcwDW8sjYuddV/arcgis/rest/services/Traffic_Signal_Locations_TDA/FeatureServer/0,https://services1.arcgis.com/O1JpcwDW8sjYuddV/arcgis/rest/services/Traffic_Signal_Locations_TDA/FeatureServer/0/query?where=COUNTY%3D%27Miami-Dade%27&outFields=SIGNALID%2CCOUNTY%2CRDWYID%2CDISTRICT%2CMAINTAGC%2CSDESTRET%2CCNTLRDES%2CSIGNALNC&returnGeometry=true&outSR=4326&f=json
2036,87090000,Miami-Dade,6,MIAMI-DADE,N/A,N/A,N/A,25.810013,-80.209419,FDOT Traffic Signal Locations TDA,https://services1.arcgis.com/O1JpcwDW8sjYuddV/arcgis/rest/services/Traffic_Signal_Locations_TDA/FeatureServer/0,https://services1.arcgis.com/O1JpcwDW8sjYuddV/arcgis/rest/services/Traffic_Signal_Locations_TDA/FeatureServer/0/query?where=COUNTY%3D%27Miami-Dade%27&outFields=SIGNALID%2CCOUNTY%2CRDWYID%2CDISTRICT%2CMAINTAGC%2CSDESTRET%2CCNTLRDES%2CSIGNALNC&returnGeometry=true&outSR=4326&f=json
2121,87080900,Miami-Dade,6,MIAMI-DADE,NE 4 CT,N/A,N/A,25.847703,-80.188793,FDOT Traffic Signal Locations TDA,https://services1.arcgis.com/O1JpcwDW8sjYuddV/arcgis/rest/services/Traffic_Signal_Locations_TDA/FeatureServer/0,https://services1.arcgis.com/O1JpcwDW8sjYuddV/arcgis/rest/services/Traffic_Signal_Locations_TDA/FeatureServer/0/query?where=COUNTY%3D%27Miami-Dade%27&outFields=SIGNALID%2CCOUNTY%2CRDWYID%2CDISTRICT%2CMAINTAGC%2CSDESTRET%2CCNTLRDES%2CSIGNALNC&returnGeometry=true&outSR=4326&f=json
3796,87039000,Miami-Dade,6,MIAMI-DADE,SW 112 AVE,N/A,N/A,25.62765,-80.374296,FDOT Traffic Signal Locations TDA,https://services1.arcgis.com/O1JpcwDW8sjYuddV/arcgis/rest/services/Traffic_Signal_Locations_TDA/FeatureServer/0,https://services1.arcgis.com/O1JpcwDW8sjYuddV/arcgis/rest/services/Traffic_Signal_Locations_TDA/FeatureServer/0/query?where=COUNTY%3D%27Miami-Dade%27&outFields=SIGNALID%2CCOUNTY%2CRDWYID%2CDISTRICT%2CMAINTAGC%2CSDESTRET%2CCNTLRDES%2CSIGNALNC&returnGeometry=true&outSR=4326&f=json
2363,87000172,Miami-Dade,6,MIAMI-DADE,NE 2 AVE,N/A,N/A,25.786996,-80.190686,FDOT Traffic Signal Locations TDA,https://services1.arcgis.com/O1JpcwDW8sjYuddV/arcgis/rest/services/Traffic_Signal_Locations_TDA/FeatureServer/0,https://services1.arcgis.com/O1JpcwDW8sjYuddV/arcgis/rest/services/Traffic_Signal_Locations_TDA/FeatureServer/0/query?where=COUNTY%3D%27Miami-Dade%27&outFields=SIGNALID%2CCOUNTY%2CRDWYID%2CDISTRICT%2CMAINTAGC%2CSDESTRET%2CCNTLRDES%2CSIGNALNC&returnGeometry=true&outSR=4326&f=json
6596,87027003,Miami-Dade,6,MIAMI DADE COUNTY,NW 11 ST,N/A,N/A,25.780805,-80.315734,FDOT Traffic Signal Locations TDA,https://services1.arcgis.com/O1JpcwDW8sjYuddV/arcgis/rest/services/Traffic_Signal_Locations_TDA/FeatureServer/0,https://services1.arcgis.com/O1JpcwDW8sjYuddV/arcgis/rest/services/Traffic_Signal_Locations_TDA/FeatureServer/0/query?where=COUNTY%3D%27Miami-Dade%27&outFields=SIGNALID%2CCOUNTY%2CRDWYID%2CDISTRICT%2CMAINTAGC%2CSDESTRET%2CCNTLRDES%2CSIGNALNC&returnGeometry=true&outSR=4326&f=json
2302,87053000,Miami-Dade,6,MIAMI-DADE,W 2 AVE,N/A,N/A,25.774044,-80.197194,FDOT Traffic Signal Locations TDA,https://services1.arcgis.com/O1JpcwDW8sjYuddV/arcgis/rest/services/Traffic_Signal_Locations_TDA/FeatureServer/0,https://services1.arcgis.com/O1JpcwDW8sjYuddV/arcgis/rest/services/Traffic_Signal_Locations_TDA/FeatureServer/0/query?where=COUNTY%3D%27Miami-Dade%27&outFields=SIGNALID%2CCOUNTY%2CRDWYID%2CDISTRICT%2CMAINTAGC%2CSDESTRET%2CCNTLRDES%2CSIGNALNC&returnGeometry=true&outSR=4326&f=json
3576,87008000,Miami-Dade,6,MIAMI-DADE,SR 9/NW 27 AVE,N/A,N/A,25.897278,-80.243258,FDOT Traffic Signal Locations TDA,https://services1.arcgis.com/O1JpcwDW8sjYuddV/arcgis/rest/services/Traffic_Signal_Locations_TDA/FeatureServer/0,https://services1.arcgis.com/O1JpcwDW8sjYuddV/arcgis/rest/services/Traffic_Signal_Locations_TDA/FeatureServer/0/query?where=COUNTY%3D%27Miami-Dade%27&outFields=SIGNALID%2CCOUNTY%2CRDWYID%2CDISTRICT%2CMAINTAGC%2CSDESTRET%2CCNTLRDES%2CSIGNALNC&returnGeometry=true&outSR=4326&f=json
3649,87030000,Miami-Dade,6,MIAMI-DADE,SR 860/MIAMI GDNS DR,N/A,02,25.947402,-80.146925,FDOT Traffic Signal Locations TDA,https://services1.arcgis.com/O1JpcwDW8sjYuddV/arcgis/rest/services/Traffic_Signal_Locations_TDA/FeatureServer/0,https://services1.arcgis.com/O1JpcwDW8sjYuddV/arcgis/rest/services/Traffic_Signal_Locations_TDA/FeatureServer/0/query?where=COUNTY%3D%27Miami-Dade%27&outFields=SIGNALID%2CCOUNTY%2CRDWYID%2CDISTRICT%2CMAINTAGC%2CSDESTRET%2CCNTLRDES%2CSIGNALNC&returnGeometry=true&outSR=4326&f=json
3644,87030000,Miami-Dade,6,MIAMI-DADE,NE 183 ST,N/A,N/A,25.945335,-80.147515,FDOT Traffic Signal Locations TDA,https://services1.arcgis.com/O1JpcwDW8sjYuddV/arcgis/rest/services/Traffic_Signal_Locations_TDA/FeatureServer/0,https://services1.arcgis.com/O1JpcwDW8sjYuddV/arcgis/rest/services/Traffic_Signal_Locations_TDA/FeatureServer/0/query?where=COUNTY%3D%27Miami-Dade%27&outFields=SIGNALID%2CCOUNTY%2CRDWYID%2CDISTRICT%2CMAINTAGC%2CSDESTRET%2CCNTLRDES%2CSIGNALNC&returnGeometry=true&outSR=4326&f=json
3440,87060001,Miami-Dade,6,MIAMI-DADE,N/A,N/A,N/A,25.884502,-80.123472,FDOT Traffic Signal Locations TDA,https://services1.arcgis.com/O1JpcwDW8sjYuddV/arcgis/rest/services/Traffic_Signal_Locations_TDA/FeatureServer/0,https://services1.arcgis.com/O1JpcwDW8sjYuddV/arcgis/rest/services/Traffic_Signal_Locations_TDA/FeatureServer/0/query?where=COUNTY%3D%27Miami-Dade%27&outFields=SIGNALID%2CCOUNTY%2CRDWYID%2CDISTRICT%2CMAINTAGC%2CSDESTRET%2CCNTLRDES%2CSIGNALNC&returnGeometry=true&outSR=4326&f=json
3197,87260152,Miami-Dade,6,MIAMI DADE,SR 932/NW 103 ST,N/A,N/A,25.866641,-80.323296,FDOT Traffic Signal Locations TDA,https://services1.arcgis.com/O1JpcwDW8sjYuddV/arcgis/rest/services/Traffic_Signal_Locations_TDA/FeatureServer/0,https://services1.arcgis.com/O1JpcwDW8sjYuddV/arcgis/rest/services/Traffic_Signal_Locations_TDA/FeatureServer/0/query?where=COUNTY%3D%27Miami-Dade%27&outFields=SIGNALID%2CCOUNTY%2CRDWYID%2CDISTRICT%2CMAINTAGC%2CSDESTRET%2CCNTLRDES%2CSIGNALNC&returnGeometry=true&outSR=4326&f=json
5901,87038000,Miami-Dade,6,MIAMI-DADE,NW 19 AV,N/A,N/A,25.868404,-80.230238,FDOT Traffic Signal Locations TDA,https://services1.arcgis.com/O1JpcwDW8sjYuddV/arcgis/rest/services/Traffic_Signal_Locations_TDA/FeatureServer/0,https://services1.arcgis.com/O1JpcwDW8sjYuddV/arcgis/rest/services/Traffic_Signal_Locations_TDA/FeatureServer/0/query?where=COUNTY%3D%27Miami-Dade%27&outFields=SIGNALID%2CCOUNTY%2CRDWYID%2CDISTRICT%2CMAINTAGC%2CSDESTRET%2CCNTLRDES%2CSIGNALNC&returnGeometry=true&outSR=4326&f=json
2178,87030000,Miami-Dade,6,MIAMI-DADE,S MIAMI AVE,N/A,N/A,25.750079,-80.206349,FDOT Traffic Signal Locations TDA,https://services1.arcgis.com/O1JpcwDW8sjYuddV/arcgis/rest/services/Traffic_Signal_Locations_TDA/FeatureServer/0,https://services1.arcgis.com/O1JpcwDW8sjYuddV/arcgis/rest/services/Traffic_Signal_Locations_TDA/FeatureServer/0/query?where=COUNTY%3D%27Miami-Dade%27&outFields=SIGNALID%2CCOUNTY%2CRDWYID%2CDISTRICT%2CMAINTAGC%2CSDESTRET%2CCNTLRDES%2CSIGNALNC&returnGeometry=true&outSR=4326&f=json
7595,87120000,Miami-Dade,6,MIAMI-DADE,N/A,N/A,N/A,25.765504,-80.227497,FDOT Traffic Signal Locations TDA,https://services1.arcgis.com/O1JpcwDW8sjYuddV/arcgis/rest/services/Traffic_Signal_Locations_TDA/FeatureServer/0,https://services1.arcgis.com/O1JpcwDW8sjYuddV/arcgis/rest/services/Traffic_Signal_Locations_TDA/FeatureServer/0/query?where=COUNTY%3D%27Miami-Dade%27&outFields=SIGNALID%2CCOUNTY%2CRDWYID%2CDISTRICT%2CMAINTAGC%2CSDESTRET%2CCNTLRDES%2CSIGNALNC&returnGeometry=true&outSR=4326&f=json
4726,87250000,Miami-Dade,6,MIAMI-DADE,NW 29 AVE,N/A,N/A,25.823874,-80.2428,FDOT Traffic Signal Locations TDA,https://services1.arcgis.com/O1JpcwDW8sjYuddV/arcgis/rest/services/Traffic_Signal_Locations_TDA/FeatureServer/0,https://services1.arcgis.com/O1JpcwDW8sjYuddV/arcgis/rest/services/Traffic_Signal_Locations_TDA/FeatureServer/0/query?where=COUNTY%3D%27Miami-Dade%27&outFields=SIGNALID%2CCOUNTY%2CRDWYID%2CDISTRICT%2CMAINTAGC%2CSDESTRET%2CCNTLRDES%2CSIGNALNC&returnGeometry=true&outSR=4326&f=json
2171,87054000,Miami-Dade,6,MIAMI-DADE,N/A,N/A,N/A,25.750964,-80.216638,FDOT Traffic Signal Locations TDA,https://services1.arcgis.com/O1JpcwDW8sjYuddV/arcgis/rest/services/Traffic_Signal_Locations_TDA/FeatureServer/0,https://services1.arcgis.com/O1JpcwDW8sjYuddV/arcgis/rest/services/Traffic_Signal_Locations_TDA/FeatureServer/0/query?where=COUNTY%3D%27Miami-Dade%27&outFields=SIGNALID%2CCOUNTY%2CRDWYID%2CDISTRICT%2CMAINTAGC%2CSDESTRET%2CCNTLRDES%2CSIGNALNC&returnGeometry=true&outSR=4326&f=json
3265,87008001,Miami-Dade,6,MIAMI-DADE,NW 22 AV,N/A,N/A,25.898217,-80.235177,FDOT Traffic Signal Locations TDA,https://services1.arcgis.com/O1JpcwDW8sjYuddV/arcgis/rest/services/Traffic_Signal_Locations_TDA/FeatureServer/0,https://services1.arcgis.com/O1JpcwDW8sjYuddV/arcgis/rest/services/Traffic_Signal_Locations_TDA/FeatureServer/0/query?where=COUNTY%3D%27Miami-Dade%27&outFields=SIGNALID%2CCOUNTY%2CRDWYID%2CDISTRICT%2CMAINTAGC%2CSDESTRET%2CCNTLRDES%2CSIGNALNC&returnGeometry=true&outSR=4326&f=json
3719,87012000,Miami-Dade,6,MIAMI-DADE,SR 860/NW 183 ST,N/A,02,25.939704,-80.277444,FDOT Traffic Signal Locations TDA,https://services1.arcgis.com/O1JpcwDW8sjYuddV/arcgis/rest/services/Traffic_Signal_Locations_TDA/FeatureServer/0,https://services1.arcgis.com/O1JpcwDW8sjYuddV/arcgis/rest/services/Traffic_Signal_Locations_TDA/FeatureServer/0/query?where=COUNTY%3D%27Miami-Dade%27&outFields=SIGNALID%2CCOUNTY%2CRDWYID%2CDISTRICT%2CMAINTAGC%2CSDESTRET%2CCNTLRDES%2CSIGNALNC&returnGeometry=true&outSR=4326&f=json
4494,87120000,Miami-Dade,6,MIAMI-DADE,N/A,N/A,N/A,25.763493,-80.290348,FDOT Traffic Signal Locations TDA,https://services1.arcgis.com/O1JpcwDW8sjYuddV/arcgis/rest/services/Traffic_Signal_Locations_TDA/FeatureServer/0,https://services1.arcgis.com/O1JpcwDW8sjYuddV/arcgis/rest/services/Traffic_Signal_Locations_TDA/FeatureServer/0/query?where=COUNTY%3D%27Miami-Dade%27&outFields=SIGNALID%2CCOUNTY%2CRDWYID%2CDISTRICT%2CMAINTAGC%2CSDESTRET%2CCNTLRDES%2CSIGNALNC&returnGeometry=true&outSR=4326&f=json
2854,87281000,Miami-Dade,6,MIAMI-DADE,SR 944/NW 54 ST,N/A,02,25.823031,-80.265155,FDOT Traffic Signal Locations TDA,https://services1.arcgis.com/O1JpcwDW8sjYuddV/arcgis/rest/services/Traffic_Signal_Locations_TDA/FeatureServer/0,https://services1.arcgis.com/O1JpcwDW8sjYuddV/arcgis/rest/services/Traffic_Signal_Locations_TDA/FeatureServer/0/query?where=COUNTY%3D%27Miami-Dade%27&outFields=SIGNALID%2CCOUNTY%2CRDWYID%2CDISTRICT%2CMAINTAGC%2CSDESTRET%2CCNTLRDES%2CSIGNALNC&returnGeometry=true&outSR=4326&f=json
4784,87150000,Miami-Dade,6,MIAMI-DADE,SR 994/SW 200 ST,N/A,02,25.579597,-80.478344,FDOT Traffic Signal Locations TDA,https://services1.arcgis.com/O1JpcwDW8sjYuddV/arcgis/rest/services/Traffic_Signal_Locations_TDA/FeatureServer/0,https://services1.arcgis.com/O1JpcwDW8sjYuddV/arcgis/rest/services/Traffic_Signal_Locations_TDA/FeatureServer/0/query?where=COUNTY%3D%27Miami-Dade%27&outFields=SIGNALID%2CCOUNTY%2CRDWYID%2CDISTRICT%2CMAINTAGC%2CSDESTRET%2CCNTLRDES%2CSIGNALNC&returnGeometry=true&outSR=4326&f=json
3964,87001000,Miami-Dade,6,MIAMI-DADE,SW 132 AVE,N/A,N/A,25.685701,-80.403468,FDOT Traffic Signal Locations TDA,https://services1.arcgis.com/O1JpcwDW8sjYuddV/arcgis/rest/services/Traffic_Signal_Locations_TDA/FeatureServer/0,https://services1.arcgis.com/O1JpcwDW8sjYuddV/arcgis/rest/services/Traffic_Signal_Locations_TDA/FeatureServer/0/query?where=COUNTY%3D%27Miami-Dade%27&outFields=SIGNALID%2CCOUNTY%2CRDWYID%2CDISTRICT%2CMAINTAGC%2CSDESTRET%2CCNTLRDES%2CSIGNALNC&returnGeometry=true&outSR=4326&f=json
3034,87150000,Miami-Dade,6,MIAMI-DADE,N 8 ST/SW 312 ST,N/A,N/A,25.477059,-80.477424,FDOT Traffic Signal Locations TDA,https://services1.arcgis.com/O1JpcwDW8sjYuddV/arcgis/rest/services/Traffic_Signal_Locations_TDA/FeatureServer/0,https://services1.arcgis.com/O1JpcwDW8sjYuddV/arcgis/rest/services/Traffic_Signal_Locations_TDA/FeatureServer/0/query?where=COUNTY%3D%27Miami-Dade%27&outFields=SIGNALID%2CCOUNTY%2CRDWYID%2CDISTRICT%2CMAINTAGC%2CSDESTRET%2CCNTLRDES%2CSIGNALNC&returnGeometry=true&outSR=4326&f=json
4422,87047000,Miami-Dade,6,MIAMI-DADE,ON/OFF RAMPS (EAST),N/A,N/A,25.695326,-80.333746,FDOT Traffic Signal Locations TDA,https://services1.arcgis.com/O1JpcwDW8sjYuddV/arcgis/rest/services/Traffic_Signal_Locations_TDA/FeatureServer/0,https://services1.arcgis.com/O1JpcwDW8sjYuddV/arcgis/rest/services/Traffic_Signal_Locations_TDA/FeatureServer/0/query?where=COUNTY%3D%27Miami-Dade%27&outFields=SIGNALID%2CCOUNTY%2CRDWYID%2CDISTRICT%2CMAINTAGC%2CSDESTRET%2CCNTLRDES%2CSIGNALNC&returnGeometry=true&outSR=4326&f=json
2852,87250000,Miami-Dade,6,MIAMI-DADE,E 4 AVE,N/A,N/A,25.822936,-80.273227,FDOT Traffic Signal Locations TDA,https://services1.arcgis.com/O1JpcwDW8sjYuddV/arcgis/rest/services/Traffic_Signal_Locations_TDA/FeatureServer/0,https://services1.arcgis.com/O1JpcwDW8sjYuddV/arcgis/rest/services/Traffic_Signal_Locations_TDA/FeatureServer/0/query?where=COUNTY%3D%27Miami-Dade%27&outFields=SIGNALID%2CCOUNTY%2CRDWYID%2CDISTRICT%2CMAINTAGC%2CSDESTRET%2CCNTLRDES%2CSIGNALNC&returnGeometry=true&outSR=4326&f=json
4954,87072000,Miami-Dade,6,MIAMI-DADE,N/A,N/A,N/A,25.683574,-80.367596,FDOT Traffic Signal Locations TDA,https://services1.arcgis.com/O1JpcwDW8sjYuddV/arcgis/rest/services/Traffic_Signal_Locations_TDA/FeatureServer/0,https://services1.arcgis.com/O1JpcwDW8sjYuddV/arcgis/rest/services/Traffic_Signal_Locations_TDA/FeatureServer/0/query?where=COUNTY%3D%27Miami-Dade%27&outFields=SIGNALID%2CCOUNTY%2CRDWYID%2CDISTRICT%2CMAINTAGC%2CSDESTRET%2CCNTLRDES%2CSIGNALNC&returnGeometry=true&outSR=4326&f=json
2827,87281000,Miami-Dade,6,MIAMI-DADE,N/A,N/A,N/A,25.833063,-80.265639,FDOT Traffic Signal Locations TDA,https://services1.arcgis.com/O1JpcwDW8sjYuddV/arcgis/rest/services/Traffic_Signal_Locations_TDA/FeatureServer/0,https://services1.arcgis.com/O1JpcwDW8sjYuddV/arcgis/rest/services/Traffic_Signal_Locations_TDA/FeatureServer/0/query?where=COUNTY%3D%27Miami-Dade%27&outFields=SIGNALID%2CCOUNTY%2CRDWYID%2CDISTRICT%2CMAINTAGC%2CSDESTRET%2CCNTLRDES%2CSIGNALNC&returnGeometry=true&outSR=4326&f=json
2866,87080900,Miami-Dade,6,MIAMI-DADE,E 4 AVE,N/A,N/A,25.841166,-80.274021,FDOT Traffic Signal Locations TDA,https://services1.arcgis.com/O1JpcwDW8sjYuddV/arcgis/rest/services/Traffic_Signal_Locations_TDA/FeatureServer/0,https://services1.arcgis.com/O1JpcwDW8sjYuddV/arcgis/rest/services/Traffic_Signal_Locations_TDA/FeatureServer/0/query?where=COUNTY%3D%27Miami-Dade%27&outFields=SIGNALID%2CCOUNTY%2CRDWYID%2CDISTRICT%2CMAINTAGC%2CSDESTRET%2CCNTLRDES%2CSIGNALNC&returnGeometry=true&outSR=4326&f=json
2221,87053001,Miami-Dade,6,MIAMI-DADE,S 16 AV,N/A,N/A,25.772324,-80.221306,FDOT Traffic Signal Locations TDA,https://services1.arcgis.com/O1JpcwDW8sjYuddV/arcgis/rest/services/Traffic_Signal_Locations_TDA/FeatureServer/0,https://services1.arcgis.com/O1JpcwDW8sjYuddV/arcgis/rest/services/Traffic_Signal_Locations_TDA/FeatureServer/0/query?where=COUNTY%3D%27Miami-Dade%27&outFields=SIGNALID%2CCOUNTY%2CRDWYID%2CDISTRICT%2CMAINTAGC%2CSDESTRET%2CCNTLRDES%2CSIGNALNC&returnGeometry=true&outSR=4326&f=json
2185,87044000,Miami-Dade,6,MIAMI-DADE,US 1/SR-5,N/A,02,25.735178,-80.250738,FDOT Traffic Signal Locations TDA,https://services1.arcgis.com/O1JpcwDW8sjYuddV/arcgis/rest/services/Traffic_Signal_Locations_TDA/FeatureServer/0,https://services1.arcgis.com/O1JpcwDW8sjYuddV/arcgis/rest/services/Traffic_Signal_Locations_TDA/FeatureServer/0/query?where=COUNTY%3D%27Miami-Dade%27&outFields=SIGNALID%2CCOUNTY%2CRDWYID%2CDISTRICT%2CMAINTAGC%2CSDESTRET%2CCNTLRDES%2CSIGNALNC&returnGeometry=true&outSR=4326&f=json
3016,87080000,Miami-Dade,6,MIAMI-DADE,EAST  TREASURE DR,N/A,N/A,25.848382,-80.146328,FDOT Traffic Signal Locations TDA,https://services1.arcgis.com/O1JpcwDW8sjYuddV/arcgis/rest/services/Traffic_Signal_Locations_TDA/FeatureServer/0,https://services1.arcgis.com/O1JpcwDW8sjYuddV/arcgis/rest/services/Traffic_Signal_Locations_TDA/FeatureServer/0/query?where=COUNTY%3D%27Miami-Dade%27&outFields=SIGNALID%2CCOUNTY%2CRDWYID%2CDISTRICT%2CMAINTAGC%2CSDESTRET%2CCNTLRDES%2CSIGNALNC&returnGeometry=true&outSR=4326&f=json
2849,87281000,Miami-Dade,6,MIAMI-DADE,SE 8 ST/NW 46 ST,N/A,N/A,25.815606,-80.26487,FDOT Traffic Signal Locations TDA,https://services1.arcgis.com/O1JpcwDW8sjYuddV/arcgis/rest/services/Traffic_Signal_Locations_TDA/FeatureServer/0,https://services1.arcgis.com/O1JpcwDW8sjYuddV/arcgis/rest/services/Traffic_Signal_Locations_TDA/FeatureServer/0/query?where=COUNTY%3D%27Miami-Dade%27&outFields=SIGNALID%2CCOUNTY%2CRDWYID%2CDISTRICT%2CMAINTAGC%2CSDESTRET%2CCNTLRDES%2CSIGNALNC&returnGeometry=true&outSR=4326&f=json
3613,87044000,Miami-Dade,6,MIAMI-DADE,SW 117 AV,N/A,N/A,25.731996,-80.38327,FDOT Traffic Signal Locations TDA,https://services1.arcgis.com/O1JpcwDW8sjYuddV/arcgis/rest/services/Traffic_Signal_Locations_TDA/FeatureServer/0,https://services1.arcgis.com/O1JpcwDW8sjYuddV/arcgis/rest/services/Traffic_Signal_Locations_TDA/FeatureServer/0/query?where=COUNTY%3D%27Miami-Dade%27&outFields=SIGNALID%2CCOUNTY%2CRDWYID%2CDISTRICT%2CMAINTAGC%2CSDESTRET%2CCNTLRDES%2CSIGNALNC&returnGeometry=true&outSR=4326&f=json
3551,87060002,Miami-Dade,6,MIAMI-DADE,29 ST,N/A,N/A,25.805653,-80.126234,FDOT Traffic Signal Locations TDA,https://services1.arcgis.com/O1JpcwDW8sjYuddV/arcgis/rest/services/Traffic_Signal_Locations_TDA/FeatureServer/0,https://services1.arcgis.com/O1JpcwDW8sjYuddV/arcgis/rest/services/Traffic_Signal_Locations_TDA/FeatureServer/0/query?where=COUNTY%3D%27Miami-Dade%27&outFields=SIGNALID%2CCOUNTY%2CRDWYID%2CDISTRICT%2CMAINTAGC%2CSDESTRET%2CCNTLRDES%2CSIGNALNC&returnGeometry=true&outSR=4326&f=json
2017,87170000,Miami-Dade,6,MIAMI-DADE,NE 8 AVE/JAMES E.REA,N/A,N/A,25.928706,-80.18434,FDOT Traffic Signal Locations TDA,https://services1.arcgis.com/O1JpcwDW8sjYuddV/arcgis/rest/services/Traffic_Signal_Locations_TDA/FeatureServer/0,https://services1.arcgis.com/O1JpcwDW8sjYuddV/arcgis/rest/services/Traffic_Signal_Locations_TDA/FeatureServer/0/query?where=COUNTY%3D%27Miami-Dade%27&outFields=SIGNALID%2CCOUNTY%2CRDWYID%2CDISTRICT%2CMAINTAGC%2CSDESTRET%2CCNTLRDES%2CSIGNALNC&returnGeometry=true&outSR=4326&f=json
2053,87090000,Miami-Dade,6,MIAMI-DADE,NW 17 AV,N/A,N/A,25.809553,-80.22355,FDOT Traffic Signal Locations TDA,https://services1.arcgis.com/O1JpcwDW8sjYuddV/arcgis/rest/services/Traffic_Signal_Locations_TDA/FeatureServer/0,https://services1.arcgis.com/O1JpcwDW8sjYuddV/arcgis/rest/services/Traffic_Signal_Locations_TDA/FeatureServer/0/query?where=COUNTY%3D%27Miami-Dade%27&outFields=SIGNALID%2CCOUNTY%2CRDWYID%2CDISTRICT%2CMAINTAGC%2CSDESTRET%2CCNTLRDES%2CSIGNALNC&returnGeometry=true&outSR=4326&f=json
4264,87026005,Miami-Dade,6,MIAMI-DADE,SR 823/NW 57 AVE,N/A,02,25.939248,-80.293841,FDOT Traffic Signal Locations TDA,https://services1.arcgis.com/O1JpcwDW8sjYuddV/arcgis/rest/services/Traffic_Signal_Locations_TDA/FeatureServer/0,https://services1.arcgis.com/O1JpcwDW8sjYuddV/arcgis/rest/services/Traffic_Signal_Locations_TDA/FeatureServer/0/query?where=COUNTY%3D%27Miami-Dade%27&outFields=SIGNALID%2CCOUNTY%2CRDWYID%2CDISTRICT%2CMAINTAGC%2CSDESTRET%2CCNTLRDES%2CSIGNALNC&returnGeometry=true&outSR=4326&f=json
5107,87026005,Miami-Dade,6,MIAMI-DADE,NW 87 AVE,N/A,N/A,25.942269,-80.342367,FDOT Traffic Signal Locations TDA,https://services1.arcgis.com/O1JpcwDW8sjYuddV/arcgis/rest/services/Traffic_Signal_Locations_TDA/FeatureServer/0,https://services1.arcgis.com/O1JpcwDW8sjYuddV/arcgis/rest/services/Traffic_Signal_Locations_TDA/FeatureServer/0/query?where=COUNTY%3D%27Miami-Dade%27&outFields=SIGNALID%2CCOUNTY%2CRDWYID%2CDISTRICT%2CMAINTAGC%2CSDESTRET%2CCNTLRDES%2CSIGNALNC&returnGeometry=true&outSR=4326&f=json
3012,87066000,Miami-Dade,6,MIAMI-DADE,E BROADVIEW DR,N/A,N/A,25.886579,-80.134719,FDOT Traffic Signal Locations TDA,https://services1.arcgis.com/O1JpcwDW8sjYuddV/arcgis/rest/services/Traffic_Signal_Locations_TDA/FeatureServer/0,https://services1.arcgis.com/O1JpcwDW8sjYuddV/arcgis/rest/services/Traffic_Signal_Locations_TDA/FeatureServer/0/query?where=COUNTY%3D%27Miami-Dade%27&outFields=SIGNALID%2CCOUNTY%2CRDWYID%2CDISTRICT%2CMAINTAGC%2CSDESTRET%2CCNTLRDES%2CSIGNALNC&returnGeometry=true&outSR=4326&f=json
4002,87046000,Miami-Dade,6,MIAMI-DADE,OFF RAMP SR 87005035,N/A,N/A,25.671062,-80.363141,FDOT Traffic Signal Locations TDA,https://services1.arcgis.com/O1JpcwDW8sjYuddV/arcgis/rest/services/Traffic_Signal_Locations_TDA/FeatureServer/0,https://services1.arcgis.com/O1JpcwDW8sjYuddV/arcgis/rest/services/Traffic_Signal_Locations_TDA/FeatureServer/0/query?where=COUNTY%3D%27Miami-Dade%27&outFields=SIGNALID%2CCOUNTY%2CRDWYID%2CDISTRICT%2CMAINTAGC%2CSDESTRET%2CCNTLRDES%2CSIGNALNC&returnGeometry=true&outSR=4326&f=json
2964,87047000,Miami-Dade,6,MIAMI-DADE,SR 976/SW 40 ST,N/A,02,25.732733,-80.335759,FDOT Traffic Signal Locations TDA,https://services1.arcgis.com/O1JpcwDW8sjYuddV/arcgis/rest/services/Traffic_Signal_Locations_TDA/FeatureServer/0,https://services1.arcgis.com/O1JpcwDW8sjYuddV/arcgis/rest/services/Traffic_Signal_Locations_TDA/FeatureServer/0/query?where=COUNTY%3D%27Miami-Dade%27&outFields=SIGNALID%2CCOUNTY%2CRDWYID%2CDISTRICT%2CMAINTAGC%2CSDESTRET%2CCNTLRDES%2CSIGNALNC&returnGeometry=true&outSR=4326&f=json
2267,87030000,Miami-Dade,6,MIAMI-DADE,SE 26 RD,N/A,02,25.750494,-80.203666,FDOT Traffic Signal Locations TDA,https://services1.arcgis.com/O1JpcwDW8sjYuddV/arcgis/rest/services/Traffic_Signal_Locations_TDA/FeatureServer/0,https://services1.arcgis.com/O1JpcwDW8sjYuddV/arcgis/rest/services/Traffic_Signal_Locations_TDA/FeatureServer/0/query?where=COUNTY%3D%27Miami-Dade%27&outFields=SIGNALID%2CCOUNTY%2CRDWYID%2CDISTRICT%2CMAINTAGC%2CSDESTRET%2CCNTLRDES%2CSIGNALNC&returnGeometry=true&outSR=4326&f=json
3742,87062000,Miami-Dade,6,MIAMI-DADE,SW 48 ST,N/A,N/A,25.726469,-80.286196,FDOT Traffic Signal Locations TDA,https://services1.arcgis.com/O1JpcwDW8sjYuddV/arcgis/rest/services/Traffic_Signal_Locations_TDA/FeatureServer/0,https://services1.arcgis.com/O1JpcwDW8sjYuddV/arcgis/rest/services/Traffic_Signal_Locations_TDA/FeatureServer/0/query?where=COUNTY%3D%27Miami-Dade%27&outFields=SIGNALID%2CCOUNTY%2CRDWYID%2CDISTRICT%2CMAINTAGC%2CSDESTRET%2CCNTLRDES%2CSIGNALNC&returnGeometry=true&outSR=4326&f=json
7596,87120000,Miami-Dade,6,MIAMI-DADE,N/A,N/A,N/A,25.765702,-80.220053,FDOT Traffic Signal Locations TDA,https://services1.arcgis.com/O1JpcwDW8sjYuddV/arcgis/rest/services/Traffic_Signal_Locations_TDA/FeatureServer/0,https://services1.arcgis.com/O1JpcwDW8sjYuddV/arcgis/rest/services/Traffic_Signal_Locations_TDA/FeatureServer/0/query?where=COUNTY%3D%27Miami-Dade%27&outFields=SIGNALID%2CCOUNTY%2CRDWYID%2CDISTRICT%2CMAINTAGC%2CSDESTRET%2CCNTLRDES%2CSIGNALNC&returnGeometry=true&outSR=4326&f=json
3649,87015000,Miami-Dade,6,MIAMI-DADE,US 1/S DIXIE HWY,N/A,02,25.575681,-80.372441,FDOT Traffic Signal Locations TDA,https://services1.arcgis.com/O1JpcwDW8sjYuddV/arcgis/rest/services/Traffic_Signal_Locations_TDA/FeatureServer/0,https://services1.arcgis.com/O1JpcwDW8sjYuddV/arcgis/rest/services/Traffic_Signal_Locations_TDA/FeatureServer/0/query?where=COUNTY%3D%27Miami-Dade%27&outFields=SIGNALID%2CCOUNTY%2CRDWYID%2CDISTRICT%2CMAINTAGC%2CSDESTRET%2CCNTLRDES%2CSIGNALNC&returnGeometry=true&outSR=4326&f=json
4056,87019000,Miami-Dade,6,MIAMI-DADE,NW 167 ST EB,N/A,N/A,25.926075,-80.244535,FDOT Traffic Signal Locations TDA,https://services1.arcgis.com/O1JpcwDW8sjYuddV/arcgis/rest/services/Traffic_Signal_Locations_TDA/FeatureServer/0,https://services1.arcgis.com/O1JpcwDW8sjYuddV/arcgis/rest/services/Traffic_Signal_Locations_TDA/FeatureServer/0/query?where=COUNTY%3D%27Miami-Dade%27&outFields=SIGNALID%2CCOUNTY%2CRDWYID%2CDISTRICT%2CMAINTAGC%2CSDESTRET%2CCNTLRDES%2CSIGNALNC&returnGeometry=true&outSR=4326&f=json
5741,87120000,Miami-Dade,6,MIAMI-DADE,SW 72 AVE,N/A,N/A,25.762838,-80.31184,FDOT Traffic Signal Locations TDA,https://services1.arcgis.com/O1JpcwDW8sjYuddV/arcgis/rest/services/Traffic_Signal_Locations_TDA/FeatureServer/0,https://services1.arcgis.com/O1JpcwDW8sjYuddV/arcgis/rest/services/Traffic_Signal_Locations_TDA/FeatureServer/0/query?where=COUNTY%3D%27Miami-Dade%27&outFields=SIGNALID%2CCOUNTY%2CRDWYID%2CDISTRICT%2CMAINTAGC%2CSDESTRET%2CCNTLRDES%2CSIGNALNC&returnGeometry=true&outSR=4326&f=json
5441,87030000,Miami-Dade,6,MIAMI-DADE,NE 143 ST,N/A,N/A,25.907738,-80.15811,FDOT Traffic Signal Locations TDA,https://services1.arcgis.com/O1JpcwDW8sjYuddV/arcgis/rest/services/Traffic_Signal_Locations_TDA/FeatureServer/0,https://services1.arcgis.com/O1JpcwDW8sjYuddV/arcgis/rest/services/Traffic_Signal_Locations_TDA/FeatureServer/0/query?where=COUNTY%3D%27Miami-Dade%27&outFields=SIGNALID%2CCOUNTY%2CRDWYID%2CDISTRICT%2CMAINTAGC%2CSDESTRET%2CCNTLRDES%2CSIGNALNC&returnGeometry=true&outSR=4326&f=json
3169,87140000,Miami-Dade,6,MIAMI-DADE,N/A,N/A,N/A,25.90967,-80.211611,FDOT Traffic Signal Locations TDA,https://services1.arcgis.com/O1JpcwDW8sjYuddV/arcgis/rest/services/Traffic_Signal_Locations_TDA/FeatureServer/0,https://services1.arcgis.com/O1JpcwDW8sjYuddV/arcgis/rest/services/Traffic_Signal_Locations_TDA/FeatureServer/0/query?where=COUNTY%3D%27Miami-Dade%27&outFields=SIGNALID%2CCOUNTY%2CRDWYID%2CDISTRICT%2CMAINTAGC%2CSDESTRET%2CCNTLRDES%2CSIGNALNC&returnGeometry=true&outSR=4326&f=json
2637,87060001,Miami-Dade,6,MIAMI-DADE,SR 934/71 ST,N/A,N/A,25.856087,-80.122326,FDOT Traffic Signal Locations TDA,https://services1.arcgis.com/O1JpcwDW8sjYuddV/arcgis/rest/services/Traffic_Signal_Locations_TDA/FeatureServer/0,https://services1.arcgis.com/O1JpcwDW8sjYuddV/arcgis/rest/services/Traffic_Signal_Locations_TDA/FeatureServer/0/query?where=COUNTY%3D%27Miami-Dade%27&outFields=SIGNALID%2CCOUNTY%2CRDWYID%2CDISTRICT%2CMAINTAGC%2CSDESTRET%2CCNTLRDES%2CSIGNALNC&returnGeometry=true&outSR=4326&f=json
2239,87240000,Miami-Dade,6,MIAMI-DADE,SW 6 ST,N/A,N/A,25.766916,-80.238842,FDOT Traffic Signal Locations TDA,https://services1.arcgis.com/O1JpcwDW8sjYuddV/arcgis/rest/services/Traffic_Signal_Locations_TDA/FeatureServer/0,https://services1.arcgis.com/O1JpcwDW8sjYuddV/arcgis/rest/services/Traffic_Signal_Locations_TDA/FeatureServer/0/query?where=COUNTY%3D%27Miami-Dade%27&outFields=SIGNALID%2CCOUNTY%2CRDWYID%2CDISTRICT%2CMAINTAGC%2CSDESTRET%2CCNTLRDES%2CSIGNALNC&returnGeometry=true&outSR=4326&f=json
4787,87150000,Miami-Dade,6,MIAMI-DADE,SW 216 ST,N/A,N/A,25.564996,-80.478228,FDOT Traffic Signal Locations TDA,https://services1.arcgis.com/O1JpcwDW8sjYuddV/arcgis/rest/services/Traffic_Signal_Locations_TDA/FeatureServer/0,https://services1.arcgis.com/O1JpcwDW8sjYuddV/arcgis/rest/services/Traffic_Signal_Locations_TDA/FeatureServer/0/query?where=COUNTY%3D%27Miami-Dade%27&outFields=SIGNALID%2CCOUNTY%2CRDWYID%2CDISTRICT%2CMAINTAGC%2CSDESTRET%2CCNTLRDES%2CSIGNALNC&returnGeometry=true&outSR=4326&f=json
5293,87080001,Miami-Dade,6,MIAMI-DADE,N/A,N/A,N/A,25.849464,-80.203181,FDOT Traffic Signal Locations TDA,https://services1.arcgis.com/O1JpcwDW8sjYuddV/arcgis/rest/services/Traffic_Signal_Locations_TDA/FeatureServer/0,https://services1.arcgis.com/O1JpcwDW8sjYuddV/arcgis/rest/services/Traffic_Signal_Locations_TDA/FeatureServer/0/query?where=COUNTY%3D%27Miami-Dade%27&outFields=SIGNALID%2CCOUNTY%2CRDWYID%2CDISTRICT%2CMAINTAGC%2CSDESTRET%2CCNTLRDES%2CSIGNALNC&returnGeometry=true&outSR=4326&f=json
2652,87037000,Miami-Dade,6,MIAMI-DADE,47 ST,N/A,N/A,25.822753,-80.135512,FDOT Traffic Signal Locations TDA,https://services1.arcgis.com/O1JpcwDW8sjYuddV/arcgis/rest/services/Traffic_Signal_Locations_TDA/FeatureServer/0,https://services1.arcgis.com/O1JpcwDW8sjYuddV/arcgis/rest/services/Traffic_Signal_Locations_TDA/FeatureServer/0/query?where=COUNTY%3D%27Miami-Dade%27&outFields=SIGNALID%2CCOUNTY%2CRDWYID%2CDISTRICT%2CMAINTAGC%2CSDESTRET%2CCNTLRDES%2CSIGNALNC&returnGeometry=true&outSR=4326&f=json
4708,87027000,Miami-Dade,6,MIAMI-DADE,NW 19 ST,N/A,N/A,25.79216,-80.312756,FDOT Traffic Signal Locations TDA,https://services1.arcgis.com/O1JpcwDW8sjYuddV/arcgis/rest/services/Traffic_Signal_Locations_TDA/FeatureServer/0,https://services1.arcgis.com/O1JpcwDW8sjYuddV/arcgis/rest/services/Traffic_Signal_Locations_TDA/FeatureServer/0/query?where=COUNTY%3D%27Miami-Dade%27&outFields=SIGNALID%2CCOUNTY%2CRDWYID%2CDISTRICT%2CMAINTAGC%2CSDESTRET%2CCNTLRDES%2CSIGNALNC&returnGeometry=true&outSR=4326&f=json
4405,87090000,Miami-Dade,6,MIAMI-DADE,OFF RAMP 87260408/ON,N/A,N/A,25.855243,-80.32417,FDOT Traffic Signal Locations TDA,https://services1.arcgis.com/O1JpcwDW8sjYuddV/arcgis/rest/services/Traffic_Signal_Locations_TDA/FeatureServer/0,https://services1.arcgis.com/O1JpcwDW8sjYuddV/arcgis/rest/services/Traffic_Signal_Locations_TDA/FeatureServer/0/query?where=COUNTY%3D%27Miami-Dade%27&outFields=SIGNALID%2CCOUNTY%2CRDWYID%2CDISTRICT%2CMAINTAGC%2CSDESTRET%2CCNTLRDES%2CSIGNALNC&returnGeometry=true&outSR=4326&f=json
3434,87060000,Miami-Dade,6,MIAMI-DADE,5600 BLK,N/A,N/A,25.836771,-80.120772,FDOT Traffic Signal Locations TDA,https://services1.arcgis.com/O1JpcwDW8sjYuddV/arcgis/rest/services/Traffic_Signal_Locations_TDA/FeatureServer/0,https://services1.arcgis.com/O1JpcwDW8sjYuddV/arcgis/rest/services/Traffic_Signal_Locations_TDA/FeatureServer/0/query?where=COUNTY%3D%27Miami-Dade%27&outFields=SIGNALID%2CCOUNTY%2CRDWYID%2CDISTRICT%2CMAINTAGC%2CSDESTRET%2CCNTLRDES%2CSIGNALNC&returnGeometry=true&outSR=4326&f=json
4973,87026005,Miami-Dade,6,MIAMI-DADE,W OAKMONT DR,N/A,N/A,25.942286,-80.323544,FDOT Traffic Signal Locations TDA,https://services1.arcgis.com/O1JpcwDW8sjYuddV/arcgis/rest/services/Traffic_Signal_Locations_TDA/FeatureServer/0,https://services1.arcgis.com/O1JpcwDW8sjYuddV/arcgis/rest/services/Traffic_Signal_Locations_TDA/FeatureServer/0/query?where=COUNTY%3D%27Miami-Dade%27&outFields=SIGNALID%2CCOUNTY%2CRDWYID%2CDISTRICT%2CMAINTAGC%2CSDESTRET%2CCNTLRDES%2CSIGNALNC&returnGeometry=true&outSR=4326&f=json
4481,87021000,Miami-Dade,6,MIAMI-DADE,SR5/US-1/SO DIXIE HW,N/A,02,25.693347,-80.302937,FDOT Traffic Signal Locations TDA,https://services1.arcgis.com/O1JpcwDW8sjYuddV/arcgis/rest/services/Traffic_Signal_Locations_TDA/FeatureServer/0,https://services1.arcgis.com/O1JpcwDW8sjYuddV/arcgis/rest/services/Traffic_Signal_Locations_TDA/FeatureServer/0/query?where=COUNTY%3D%27Miami-Dade%27&outFields=SIGNALID%2CCOUNTY%2CRDWYID%2CDISTRICT%2CMAINTAGC%2CSDESTRET%2CCNTLRDES%2CSIGNALNC&returnGeometry=true&outSR=4326&f=json
3651,87020000,Miami-Dade,6,MIAMI-DADE,SR 973 / SW 132 ST,N/A,N/A,25.647123,-80.33253,FDOT Traffic Signal Locations TDA,https://services1.arcgis.com/O1JpcwDW8sjYuddV/arcgis/rest/services/Traffic_Signal_Locations_TDA/FeatureServer/0,https://services1.arcgis.com/O1JpcwDW8sjYuddV/arcgis/rest/services/Traffic_Signal_Locations_TDA/FeatureServer/0/query?where=COUNTY%3D%27Miami-Dade%27&outFields=SIGNALID%2CCOUNTY%2CRDWYID%2CDISTRICT%2CMAINTAGC%2CSDESTRET%2CCNTLRDES%2CSIGNALNC&returnGeometry=true&outSR=4326&f=json
2695,87060000,Miami-Dade,6,MIAMI-DADE,75 ST,N/A,N/A,25.86053,-80.121013,FDOT Traffic Signal Locations TDA,https://services1.arcgis.com/O1JpcwDW8sjYuddV/arcgis/rest/services/Traffic_Signal_Locations_TDA/FeatureServer/0,https://services1.arcgis.com/O1JpcwDW8sjYuddV/arcgis/rest/services/Traffic_Signal_Locations_TDA/FeatureServer/0/query?where=COUNTY%3D%27Miami-Dade%27&outFields=SIGNALID%2CCOUNTY%2CRDWYID%2CDISTRICT%2CMAINTAGC%2CSDESTRET%2CCNTLRDES%2CSIGNALNC&returnGeometry=true&outSR=4326&f=json
3608,87090000,Miami-Dade,6,MIAMI-DADE,W 16 AVE/W 29 ST/MIL,N/A,N/A,25.847752,-80.314209,FDOT Traffic Signal Locations TDA,https://services1.arcgis.com/O1JpcwDW8sjYuddV/arcgis/rest/services/Traffic_Signal_Locations_TDA/FeatureServer/0,https://services1.arcgis.com/O1JpcwDW8sjYuddV/arcgis/rest/services/Traffic_Signal_Locations_TDA/FeatureServer/0/query?where=COUNTY%3D%27Miami-Dade%27&outFields=SIGNALID%2CCOUNTY%2CRDWYID%2CDISTRICT%2CMAINTAGC%2CSDESTRET%2CCNTLRDES%2CSIGNALNC&returnGeometry=true&outSR=4326&f=json
2117,87080000,Miami-Dade,6,MIAMI-DADE,NE 10 AVE,N/A,N/A,25.848073,-80.176379,FDOT Traffic Signal Locations TDA,https://services1.arcgis.com/O1JpcwDW8sjYuddV/arcgis/rest/services/Traffic_Signal_Locations_TDA/FeatureServer/0,https://services1.arcgis.com/O1JpcwDW8sjYuddV/arcgis/rest/services/Traffic_Signal_Locations_TDA/FeatureServer/0/query?where=COUNTY%3D%27Miami-Dade%27&outFields=SIGNALID%2CCOUNTY%2CRDWYID%2CDISTRICT%2CMAINTAGC%2CSDESTRET%2CCNTLRDES%2CSIGNALNC&returnGeometry=true&outSR=4326&f=json
2219,87053001,Miami-Dade,6,MIAMI-DADE,SR 7/SW 8 AV,N/A,N/A,25.772743,-80.207529,FDOT Traffic Signal Locations TDA,https://services1.arcgis.com/O1JpcwDW8sjYuddV/arcgis/rest/services/Traffic_Signal_Locations_TDA/FeatureServer/0,https://services1.arcgis.com/O1JpcwDW8sjYuddV/arcgis/rest/services/Traffic_Signal_Locations_TDA/FeatureServer/0/query?where=COUNTY%3D%27Miami-Dade%27&outFields=SIGNALID%2CCOUNTY%2CRDWYID%2CDISTRICT%2CMAINTAGC%2CSDESTRET%2CCNTLRDES%2CSIGNALNC&returnGeometry=true&outSR=4326&f=json
2917,87060001,Miami-Dade,6,MIAMI-DADE,94 ST,N/A,N/A,25.883474,-80.12337,FDOT Traffic Signal Locations TDA,https://services1.arcgis.com/O1JpcwDW8sjYuddV/arcgis/rest/services/Traffic_Signal_Locations_TDA/FeatureServer/0,https://services1.arcgis.com/O1JpcwDW8sjYuddV/arcgis/rest/services/Traffic_Signal_Locations_TDA/FeatureServer/0/query?where=COUNTY%3D%27Miami-Dade%27&outFields=SIGNALID%2CCOUNTY%2CRDWYID%2CDISTRICT%2CMAINTAGC%2CSDESTRET%2CCNTLRDES%2CSIGNALNC&returnGeometry=true&outSR=4326&f=json
3884,87052000,Miami-Dade,6,MIAMI-DADE,NW 12 AV,N/A,N/A,25.883364,-80.218661,FDOT Traffic Signal Locations TDA,https://services1.arcgis.com/O1JpcwDW8sjYuddV/arcgis/rest/services/Traffic_Signal_Locations_TDA/FeatureServer/0,https://services1.arcgis.com/O1JpcwDW8sjYuddV/arcgis/rest/services/Traffic_Signal_Locations_TDA/FeatureServer/0/query?where=COUNTY%3D%27Miami-Dade%27&outFields=SIGNALID%2CCOUNTY%2CRDWYID%2CDISTRICT%2CMAINTAGC%2CSDESTRET%2CCNTLRDES%2CSIGNALNC&returnGeometry=true&outSR=4326&f=json
3191,87080900,Miami-Dade,6,MIAMI-DADE,NW 2800 BLK,N/A,N/A,25.845885,-80.244575,FDOT Traffic Signal Locations TDA,https://services1.arcgis.com/O1JpcwDW8sjYuddV/arcgis/rest/services/Traffic_Signal_Locations_TDA/FeatureServer/0,https://services1.arcgis.com/O1JpcwDW8sjYuddV/arcgis/rest/services/Traffic_Signal_Locations_TDA/FeatureServer/0/query?where=COUNTY%3D%27Miami-Dade%27&outFields=SIGNALID%2CCOUNTY%2CRDWYID%2CDISTRICT%2CMAINTAGC%2CSDESTRET%2CCNTLRDES%2CSIGNALNC&returnGeometry=true&outSR=4326&f=json
4962,87281000,Miami-Dade,6,MIAMI-DADE,N/A,N/A,N/A,25.878553,-80.267092,FDOT Traffic Signal Locations TDA,https://services1.arcgis.com/O1JpcwDW8sjYuddV/arcgis/rest/services/Traffic_Signal_Locations_TDA/FeatureServer/0,https://services1.arcgis.com/O1JpcwDW8sjYuddV/arcgis/rest/services/Traffic_Signal_Locations_TDA/FeatureServer/0/query?where=COUNTY%3D%27Miami-Dade%27&outFields=SIGNALID%2CCOUNTY%2CRDWYID%2CDISTRICT%2CMAINTAGC%2CSDESTRET%2CCNTLRDES%2CSIGNALNC&returnGeometry=true&outSR=4326&f=json
2512,87038000,Miami-Dade,6,MIAMI-DADE,SR 9/NW 27 AV,N/A,02,25.868119,-80.242493,FDOT Traffic Signal Locations TDA,https://services1.arcgis.com/O1JpcwDW8sjYuddV/arcgis/rest/services/Traffic_Signal_Locations_TDA/FeatureServer/0,https://services1.arcgis.com/O1JpcwDW8sjYuddV/arcgis/rest/services/Traffic_Signal_Locations_TDA/FeatureServer/0/query?where=COUNTY%3D%27Miami-Dade%27&outFields=SIGNALID%2CCOUNTY%2CRDWYID%2CDISTRICT%2CMAINTAGC%2CSDESTRET%2CCNTLRDES%2CSIGNALNC&returnGeometry=true&outSR=4326&f=json
5900,87140000,Miami-Dade,6,MIAMI-DADE,NW 15900 BLK,N/A,N/A,25.920308,-80.212048,FDOT Traffic Signal Locations TDA,https://services1.arcgis.com/O1JpcwDW8sjYuddV/arcgis/rest/services/Traffic_Signal_Locations_TDA/FeatureServer/0,https://services1.arcgis.com/O1JpcwDW8sjYuddV/arcgis/rest/services/Traffic_Signal_Locations_TDA/FeatureServer/0/query?where=COUNTY%3D%27Miami-Dade%27&outFields=SIGNALID%2CCOUNTY%2CRDWYID%2CDISTRICT%2CMAINTAGC%2CSDESTRET%2CCNTLRDES%2CSIGNALNC&returnGeometry=true&outSR=4326&f=json
2902,87220000,Miami-Dade,6,MIAMI-DADE,NW 57 AV,N/A,N/A,25.807495,-80.289274,FDOT Traffic Signal Locations TDA,https://services1.arcgis.com/O1JpcwDW8sjYuddV/arcgis/rest/services/Traffic_Signal_Locations_TDA/FeatureServer/0,https://services1.arcgis.com/O1JpcwDW8sjYuddV/arcgis/rest/services/Traffic_Signal_Locations_TDA/FeatureServer/0/query?where=COUNTY%3D%27Miami-Dade%27&outFields=SIGNALID%2CCOUNTY%2CRDWYID%2CDISTRICT%2CMAINTAGC%2CSDESTRET%2CCNTLRDES%2CSIGNALNC&returnGeometry=true&outSR=4326&f=json
2794,87060000,Miami-Dade,6,MIAMI-DADE,WASHINGTON AVE,N/A,N/A,25.774465,-80.134204,FDOT Traffic Signal Locations TDA,https://services1.arcgis.com/O1JpcwDW8sjYuddV/arcgis/rest/services/Traffic_Signal_Locations_TDA/FeatureServer/0,https://services1.arcgis.com/O1JpcwDW8sjYuddV/arcgis/rest/services/Traffic_Signal_Locations_TDA/FeatureServer/0/query?where=COUNTY%3D%27Miami-Dade%27&outFields=SIGNALID%2CCOUNTY%2CRDWYID%2CDISTRICT%2CMAINTAGC%2CSDESTRET%2CCNTLRDES%2CSIGNALNC&returnGeometry=true&outSR=4326&f=json
3533,87020000,Miami-Dade,6,MIAMI-DADE,SW 304 ST,N/A,N/A,25.484593,-80.460953,FDOT Traffic Signal Locations TDA,https://services1.arcgis.com/O1JpcwDW8sjYuddV/arcgis/rest/services/Traffic_Signal_Locations_TDA/FeatureServer/0,https://services1.arcgis.com/O1JpcwDW8sjYuddV/arcgis/rest/services/Traffic_Signal_Locations_TDA/FeatureServer/0/query?where=COUNTY%3D%27Miami-Dade%27&outFields=SIGNALID%2CCOUNTY%2CRDWYID%2CDISTRICT%2CMAINTAGC%2CSDESTRET%2CCNTLRDES%2CSIGNALNC&returnGeometry=true&outSR=4326&f=json
3014,87080000,Miami-Dade,6,MIAMI-DADE,ADVENTURE AVE,N/A,N/A,25.848643,-80.15405,FDOT Traffic Signal Locations TDA,https://services1.arcgis.com/O1JpcwDW8sjYuddV/arcgis/rest/services/Traffic_Signal_Locations_TDA/FeatureServer/0,https://services1.arcgis.com/O1JpcwDW8sjYuddV/arcgis/rest/services/Traffic_Signal_Locations_TDA/FeatureServer/0/query?where=COUNTY%3D%27Miami-Dade%27&outFields=SIGNALID%2CCOUNTY%2CRDWYID%2CDISTRICT%2CMAINTAGC%2CSDESTRET%2CCNTLRDES%2CSIGNALNC&returnGeometry=true&outSR=4326&f=json
6558,87070000,Miami-Dade,6,MIAMI-DADE,SR25/US27/OKEECHOBEE,N/A,02,25.951544,-80.430616,FDOT Traffic Signal Locations TDA,https://services1.arcgis.com/O1JpcwDW8sjYuddV/arcgis/rest/services/Traffic_Signal_Locations_TDA/FeatureServer/0,https://services1.arcgis.com/O1JpcwDW8sjYuddV/arcgis/rest/services/Traffic_Signal_Locations_TDA/FeatureServer/0/query?where=COUNTY%3D%27Miami-Dade%27&outFields=SIGNALID%2CCOUNTY%2CRDWYID%2CDISTRICT%2CMAINTAGC%2CSDESTRET%2CCNTLRDES%2CSIGNALNC&returnGeometry=true&outSR=4326&f=json
4626,87038000,Miami-Dade,6,MIAMI-DADE,N/A,N/A,N/A,25.869051,-80.213068,FDOT Traffic Signal Locations TDA,https://services1.arcgis.com/O1JpcwDW8sjYuddV/arcgis/rest/services/Traffic_Signal_Locations_TDA/FeatureServer/0,https://services1.arcgis.com/O1JpcwDW8sjYuddV/arcgis/rest/services/Traffic_Signal_Locations_TDA/FeatureServer/0/query?where=COUNTY%3D%27Miami-Dade%27&outFields=SIGNALID%2CCOUNTY%2CRDWYID%2CDISTRICT%2CMAINTAGC%2CSDESTRET%2CCNTLRDES%2CSIGNALNC&returnGeometry=true&outSR=4326&f=json
2348,87140000,Miami-Dade,6,MIAMI-DADE,NW 10 ST,N/A,N/A,25.783367,-80.206778,FDOT Traffic Signal Locations TDA,https://services1.arcgis.com/O1JpcwDW8sjYuddV/arcgis/rest/services/Traffic_Signal_Locations_TDA/FeatureServer/0,https://services1.arcgis.com/O1JpcwDW8sjYuddV/arcgis/rest/services/Traffic_Signal_Locations_TDA/FeatureServer/0/query?where=COUNTY%3D%27Miami-Dade%27&outFields=SIGNALID%2CCOUNTY%2CRDWYID%2CDISTRICT%2CMAINTAGC%2CSDESTRET%2CCNTLRDES%2CSIGNALNC&returnGeometry=true&outSR=4326&f=json
2771,87016000,Miami-Dade,6,MIAMI-DADE,PINE TREE DR,N/A,N/A,25.813699,-80.12648,FDOT Traffic Signal Locations TDA,https://services1.arcgis.com/O1JpcwDW8sjYuddV/arcgis/rest/services/Traffic_Signal_Locations_TDA/FeatureServer/0,https://services1.arcgis.com/O1JpcwDW8sjYuddV/arcgis/rest/services/Traffic_Signal_Locations_TDA/FeatureServer/0/query?where=COUNTY%3D%27Miami-Dade%27&outFields=SIGNALID%2CCOUNTY%2CRDWYID%2CDISTRICT%2CMAINTAGC%2CSDESTRET%2CCNTLRDES%2CSIGNALNC&returnGeometry=true&outSR=4326&f=json
2650,87004000,Miami-Dade,6,MIAMI-DADE,ALTON RD,N/A,02,25.812878,-80.135946,FDOT Traffic Signal Locations TDA,https://services1.arcgis.com/O1JpcwDW8sjYuddV/arcgis/rest/services/Traffic_Signal_Locations_TDA/FeatureServer/0,https://services1.arcgis.com/O1JpcwDW8sjYuddV/arcgis/rest/services/Traffic_Signal_Locations_TDA/FeatureServer/0/query?where=COUNTY%3D%27Miami-Dade%27&outFields=SIGNALID%2CCOUNTY%2CRDWYID%2CDISTRICT%2CMAINTAGC%2CSDESTRET%2CCNTLRDES%2CSIGNALNC&returnGeometry=true&outSR=4326&f=json
5309,87085000,Miami-Dade,6,MIAMI-DADE,N/A,N/A,N/A,25.770037,-80.214561,FDOT Traffic Signal Locations TDA,https://services1.arcgis.com/O1JpcwDW8sjYuddV/arcgis/rest/services/Traffic_Signal_Locations_TDA/FeatureServer/0,https://services1.arcgis.com/O1JpcwDW8sjYuddV/arcgis/rest/services/Traffic_Signal_Locations_TDA/FeatureServer/0/query?where=COUNTY%3D%27Miami-Dade%27&outFields=SIGNALID%2CCOUNTY%2CRDWYID%2CDISTRICT%2CMAINTAGC%2CSDESTRET%2CCNTLRDES%2CSIGNALNC&returnGeometry=true&outSR=4326&f=json
4788,87150000,Miami-Dade,6,MIAMI-DADE,SW 232 ST,N/A,N/A,25.550368,-80.478086,FDOT Traffic Signal Locations TDA,https://services1.arcgis.com/O1JpcwDW8sjYuddV/arcgis/rest/services/Traffic_Signal_Locations_TDA/FeatureServer/0,https://services1.arcgis.com/O1JpcwDW8sjYuddV/arcgis/rest/services/Traffic_Signal_Locations_TDA/FeatureServer/0/query?where=COUNTY%3D%27Miami-Dade%27&outFields=SIGNALID%2CCOUNTY%2CRDWYID%2CDISTRICT%2CMAINTAGC%2CSDESTRET%2CCNTLRDES%2CSIGNALNC&returnGeometry=true&outSR=4326&f=json
4515,87090000,Miami-Dade,6,MIAMI-DADE,NW 116 WAY/HIALEAH G,N/A,N/A,25.879133,-80.356358,FDOT Traffic Signal Locations TDA,https://services1.arcgis.com/O1JpcwDW8sjYuddV/arcgis/rest/services/Traffic_Signal_Locations_TDA/FeatureServer/0,https://services1.arcgis.com/O1JpcwDW8sjYuddV/arcgis/rest/services/Traffic_Signal_Locations_TDA/FeatureServer/0/query?where=COUNTY%3D%27Miami-Dade%27&outFields=SIGNALID%2CCOUNTY%2CRDWYID%2CDISTRICT%2CMAINTAGC%2CSDESTRET%2CCNTLRDES%2CSIGNALNC&returnGeometry=true&outSR=4326&f=json
3823,87053000,Miami-Dade,6,MIAMI-DADE,W 25 AVE,N/A,N/A,25.772396,-80.23691,FDOT Traffic Signal Locations TDA,https://services1.arcgis.com/O1JpcwDW8sjYuddV/arcgis/rest/services/Traffic_Signal_Locations_TDA/FeatureServer/0,https://services1.arcgis.com/O1JpcwDW8sjYuddV/arcgis/rest/services/Traffic_Signal_Locations_TDA/FeatureServer/0/query?where=COUNTY%3D%27Miami-Dade%27&outFields=SIGNALID%2CCOUNTY%2CRDWYID%2CDISTRICT%2CMAINTAGC%2CSDESTRET%2CCNTLRDES%2CSIGNALNC&returnGeometry=true&outSR=4326&f=json
5432,87133000,Miami-Dade,6,MIAMI-DADE,SW 96 ST,N/A,N/A,25.677789,-80.416481,FDOT Traffic Signal Locations TDA,https://services1.arcgis.com/O1JpcwDW8sjYuddV/arcgis/rest/services/Traffic_Signal_Locations_TDA/FeatureServer/0,https://services1.arcgis.com/O1JpcwDW8sjYuddV/arcgis/rest/services/Traffic_Signal_Locations_TDA/FeatureServer/0/query?where=COUNTY%3D%27Miami-Dade%27&outFields=SIGNALID%2CCOUNTY%2CRDWYID%2CDISTRICT%2CMAINTAGC%2CSDESTRET%2CCNTLRDES%2CSIGNALNC&returnGeometry=true&outSR=4326&f=json
4992,87027000,Miami-Dade,6,MIAMI-DADE,NW 75 AV,N/A,N/A,25.788414,-80.317938,FDOT Traffic Signal Locations TDA,https://services1.arcgis.com/O1JpcwDW8sjYuddV/arcgis/rest/services/Traffic_Signal_Locations_TDA/FeatureServer/0,https://services1.arcgis.com/O1JpcwDW8sjYuddV/arcgis/rest/services/Traffic_Signal_Locations_TDA/FeatureServer/0/query?where=COUNTY%3D%27Miami-Dade%27&outFields=SIGNALID%2CCOUNTY%2CRDWYID%2CDISTRICT%2CMAINTAGC%2CSDESTRET%2CCNTLRDES%2CSIGNALNC&returnGeometry=true&outSR=4326&f=json
3494,87060001,Miami-Dade,6,MIAMI-DADE,65 ST,N/A,N/A,25.848424,-80.121452,FDOT Traffic Signal Locations TDA,https://services1.arcgis.com/O1JpcwDW8sjYuddV/arcgis/rest/services/Traffic_Signal_Locations_TDA/FeatureServer/0,https://services1.arcgis.com/O1JpcwDW8sjYuddV/arcgis/rest/services/Traffic_Signal_Locations_TDA/FeatureServer/0/query?where=COUNTY%3D%27Miami-Dade%27&outFields=SIGNALID%2CCOUNTY%2CRDWYID%2CDISTRICT%2CMAINTAGC%2CSDESTRET%2CCNTLRDES%2CSIGNALNC&returnGeometry=true&outSR=4326&f=json
2487,87250000,Miami-Dade,6,MIAMI-DADE,NW 32 AVE,N/A,N/A,25.823679,-80.248894,FDOT Traffic Signal Locations TDA,https://services1.arcgis.com/O1JpcwDW8sjYuddV/arcgis/rest/services/Traffic_Signal_Locations_TDA/FeatureServer/0,https://services1.arcgis.com/O1JpcwDW8sjYuddV/arcgis/rest/services/Traffic_Signal_Locations_TDA/FeatureServer/0/query?where=COUNTY%3D%27Miami-Dade%27&outFields=SIGNALID%2CCOUNTY%2CRDWYID%2CDISTRICT%2CMAINTAGC%2CSDESTRET%2CCNTLRDES%2CSIGNALNC&returnGeometry=true&outSR=4326&f=json
4288,87030000,Miami-Dade,6,MIAMI-DADE,NE 17 ST,N/A,N/A,25.79131,-80.188998,FDOT Traffic Signal Locations TDA,https://services1.arcgis.com/O1JpcwDW8sjYuddV/arcgis/rest/services/Traffic_Signal_Locations_TDA/FeatureServer/0,https://services1.arcgis.com/O1JpcwDW8sjYuddV/arcgis/rest/services/Traffic_Signal_Locations_TDA/FeatureServer/0/query?where=COUNTY%3D%27Miami-Dade%27&outFields=SIGNALID%2CCOUNTY%2CRDWYID%2CDISTRICT%2CMAINTAGC%2CSDESTRET%2CCNTLRDES%2CSIGNALNC&returnGeometry=true&outSR=4326&f=json
5425,87120000,Miami-Dade,6,MIAMI-DADE,ON RAMP SR 826 SB,N/A,N/A,25.762212,-80.323054,FDOT Traffic Signal Locations TDA,https://services1.arcgis.com/O1JpcwDW8sjYuddV/arcgis/rest/services/Traffic_Signal_Locations_TDA/FeatureServer/0,https://services1.arcgis.com/O1JpcwDW8sjYuddV/arcgis/rest/services/Traffic_Signal_Locations_TDA/FeatureServer/0/query?where=COUNTY%3D%27Miami-Dade%27&outFields=SIGNALID%2CCOUNTY%2CRDWYID%2CDISTRICT%2CMAINTAGC%2CSDESTRET%2CCNTLRDES%2CSIGNALNC&returnGeometry=true&outSR=4326&f=json
3013,87080000,Miami-Dade,6,MIAMI-DADE,HISPANOLA AVE,N/A,N/A,25.848743,-80.150651,FDOT Traffic Signal Locations TDA,https://services1.arcgis.com/O1JpcwDW8sjYuddV/arcgis/rest/services/Traffic_Signal_Locations_TDA/FeatureServer/0,https://services1.arcgis.com/O1JpcwDW8sjYuddV/arcgis/rest/services/Traffic_Signal_Locations_TDA/FeatureServer/0/query?where=COUNTY%3D%27Miami-Dade%27&outFields=SIGNALID%2CCOUNTY%2CRDWYID%2CDISTRICT%2CMAINTAGC%2CSDESTRET%2CCNTLRDES%2CSIGNALNC&returnGeometry=true&outSR=4326&f=json
7615,87012000,Miami-Dade,6,MIAMI-DADE,NW 215 ST,N/A,N/A,25.970825,-80.278452,FDOT Traffic Signal Locations TDA,https://services1.arcgis.com/O1JpcwDW8sjYuddV/arcgis/rest/services/Traffic_Signal_Locations_TDA/FeatureServer/0,https://services1.arcgis.com/O1JpcwDW8sjYuddV/arcgis/rest/services/Traffic_Signal_Locations_TDA/FeatureServer/0/query?where=COUNTY%3D%27Miami-Dade%27&outFields=SIGNALID%2CCOUNTY%2CRDWYID%2CDISTRICT%2CMAINTAGC%2CSDESTRET%2CCNTLRDES%2CSIGNALNC&returnGeometry=true&outSR=4326&f=json
3213,87054000,Miami-Dade,6,MIAMI-DADE,SW 26 RD/PIONEERS RD,N/A,N/A,25.755283,-80.208217,FDOT Traffic Signal Locations TDA,https://services1.arcgis.com/O1JpcwDW8sjYuddV/arcgis/rest/services/Traffic_Signal_Locations_TDA/FeatureServer/0,https://services1.arcgis.com/O1JpcwDW8sjYuddV/arcgis/rest/services/Traffic_Signal_Locations_TDA/FeatureServer/0/query?where=COUNTY%3D%27Miami-Dade%27&outFields=SIGNALID%2CCOUNTY%2CRDWYID%2CDISTRICT%2CMAINTAGC%2CSDESTRET%2CCNTLRDES%2CSIGNALNC&returnGeometry=true&outSR=4326&f=json
2264,87054000,Miami-Dade,6,MIAMI-DADE,SW 22 AV,N/A,N/A,25.750551,-80.230071,FDOT Traffic Signal Locations TDA,https://services1.arcgis.com/O1JpcwDW8sjYuddV/arcgis/rest/services/Traffic_Signal_Locations_TDA/FeatureServer/0,https://services1.arcgis.com/O1JpcwDW8sjYuddV/arcgis/rest/services/Traffic_Signal_Locations_TDA/FeatureServer/0/query?where=COUNTY%3D%27Miami-Dade%27&outFields=SIGNALID%2CCOUNTY%2CRDWYID%2CDISTRICT%2CMAINTAGC%2CSDESTRET%2CCNTLRDES%2CSIGNALNC&returnGeometry=true&outSR=4326&f=json
3984,87190000,Miami-Dade,6,MIAMI-DADE,NE 159 ST,N/A,N/A,25.922521,-80.155849,FDOT Traffic Signal Locations TDA,https://services1.arcgis.com/O1JpcwDW8sjYuddV/arcgis/rest/services/Traffic_Signal_Locations_TDA/FeatureServer/0,https://services1.arcgis.com/O1JpcwDW8sjYuddV/arcgis/rest/services/Traffic_Signal_Locations_TDA/FeatureServer/0/query?where=COUNTY%3D%27Miami-Dade%27&outFields=SIGNALID%2CCOUNTY%2CRDWYID%2CDISTRICT%2CMAINTAGC%2CSDESTRET%2CCNTLRDES%2CSIGNALNC&returnGeometry=true&outSR=4326&f=json
2180,87030000,Miami-Dade,6,MIAMI-DADE,SW 17 AVE,N/A,N/A,25.745762,-80.221744,FDOT Traffic Signal Locations TDA,https://services1.arcgis.com/O1JpcwDW8sjYuddV/arcgis/rest/services/Traffic_Signal_Locations_TDA/FeatureServer/0,https://services1.arcgis.com/O1JpcwDW8sjYuddV/arcgis/rest/services/Traffic_Signal_Locations_TDA/FeatureServer/0/query?where=COUNTY%3D%27Miami-Dade%27&outFields=SIGNALID%2CCOUNTY%2CRDWYID%2CDISTRICT%2CMAINTAGC%2CSDESTRET%2CCNTLRDES%2CSIGNALNC&returnGeometry=true&outSR=4326&f=json
2569,87038000,Miami-Dade,6,MIAMI-DADE,NE 2 AV,N/A,N/A,25.869681,-80.193473,FDOT Traffic Signal Locations TDA,https://services1.arcgis.com/O1JpcwDW8sjYuddV/arcgis/rest/services/Traffic_Signal_Locations_TDA/FeatureServer/0,https://services1.arcgis.com/O1JpcwDW8sjYuddV/arcgis/rest/services/Traffic_Signal_Locations_TDA/FeatureServer/0/query?where=COUNTY%3D%27Miami-Dade%27&outFields=SIGNALID%2CCOUNTY%2CRDWYID%2CDISTRICT%2CMAINTAGC%2CSDESTRET%2CCNTLRDES%2CSIGNALNC&returnGeometry=true&outSR=4326&f=json
2846,87090000,Miami-Dade,6,MIAMI-DADE,PALM AVE,N/A,N/A,25.823221,-80.281157,FDOT Traffic Signal Locations TDA,https://services1.arcgis.com/O1JpcwDW8sjYuddV/arcgis/rest/services/Traffic_Signal_Locations_TDA/FeatureServer/0,https://services1.arcgis.com/O1JpcwDW8sjYuddV/arcgis/rest/services/Traffic_Signal_Locations_TDA/FeatureServer/0/query?where=COUNTY%3D%27Miami-Dade%27&outFields=SIGNALID%2CCOUNTY%2CRDWYID%2CDISTRICT%2CMAINTAGC%2CSDESTRET%2CCNTLRDES%2CSIGNALNC&returnGeometry=true&outSR=4326&f=json
3642,87260536,Miami-Dade,6,MIAMI-DADE,NW 22 AVE,N/A,02,25.926985,-80.236789,FDOT Traffic Signal Locations TDA,https://services1.arcgis.com/O1JpcwDW8sjYuddV/arcgis/rest/services/Traffic_Signal_Locations_TDA/FeatureServer/0,https://services1.arcgis.com/O1JpcwDW8sjYuddV/arcgis/rest/services/Traffic_Signal_Locations_TDA/FeatureServer/0/query?where=COUNTY%3D%27Miami-Dade%27&outFields=SIGNALID%2CCOUNTY%2CRDWYID%2CDISTRICT%2CMAINTAGC%2CSDESTRET%2CCNTLRDES%2CSIGNALNC&returnGeometry=true&outSR=4326&f=json
3070,87008000,Miami-Dade,6,MIAMI-DADE,N MIAMI AVE,N/A,N/A,25.898831,-80.198882,FDOT Traffic Signal Locations TDA,https://services1.arcgis.com/O1JpcwDW8sjYuddV/arcgis/rest/services/Traffic_Signal_Locations_TDA/FeatureServer/0,https://services1.arcgis.com/O1JpcwDW8sjYuddV/arcgis/rest/services/Traffic_Signal_Locations_TDA/FeatureServer/0/query?where=COUNTY%3D%27Miami-Dade%27&outFields=SIGNALID%2CCOUNTY%2CRDWYID%2CDISTRICT%2CMAINTAGC%2CSDESTRET%2CCNTLRDES%2CSIGNALNC&returnGeometry=true&outSR=4326&f=json
6119,87026005,Miami-Dade,6,MIAMI-DADE,NW 79 AV,N/A,N/A,25.942289,-80.329246,FDOT Traffic Signal Locations TDA,https://services1.arcgis.com/O1JpcwDW8sjYuddV/arcgis/rest/services/Traffic_Signal_Locations_TDA/FeatureServer/0,https://services1.arcgis.com/O1JpcwDW8sjYuddV/arcgis/rest/services/Traffic_Signal_Locations_TDA/FeatureServer/0/query?where=COUNTY%3D%27Miami-Dade%27&outFields=SIGNALID%2CCOUNTY%2CRDWYID%2CDISTRICT%2CMAINTAGC%2CSDESTRET%2CCNTLRDES%2CSIGNALNC&returnGeometry=true&outSR=4326&f=json
3404,87120000,Miami-Dade,6,MIAMI-DADE,N/A,N/A,N/A,25.764989,-80.245075,FDOT Traffic Signal Locations TDA,https://services1.arcgis.com/O1JpcwDW8sjYuddV/arcgis/rest/services/Traffic_Signal_Locations_TDA/FeatureServer/0,https://services1.arcgis.com/O1JpcwDW8sjYuddV/arcgis/rest/services/Traffic_Signal_Locations_TDA/FeatureServer/0/query?where=COUNTY%3D%27Miami-Dade%27&outFields=SIGNALID%2CCOUNTY%2CRDWYID%2CDISTRICT%2CMAINTAGC%2CSDESTRET%2CCNTLRDES%2CSIGNALNC&returnGeometry=true&outSR=4326&f=json
3922,87060000,Miami-Dade,6,MIAMI-DADE,4441 EXIT,N/A,N/A,25.818045,-80.123126,FDOT Traffic Signal Locations TDA,https://services1.arcgis.com/O1JpcwDW8sjYuddV/arcgis/rest/services/Traffic_Signal_Locations_TDA/FeatureServer/0,https://services1.arcgis.com/O1JpcwDW8sjYuddV/arcgis/rest/services/Traffic_Signal_Locations_TDA/FeatureServer/0/query?where=COUNTY%3D%27Miami-Dade%27&outFields=SIGNALID%2CCOUNTY%2CRDWYID%2CDISTRICT%2CMAINTAGC%2CSDESTRET%2CCNTLRDES%2CSIGNALNC&returnGeometry=true&outSR=4326&f=json
4961,87281000,Miami-Dade,6,MIAMI-DADE,N/A,N/A,N/A,25.874304,-80.266928,FDOT Traffic Signal Locations TDA,https://services1.arcgis.com/O1JpcwDW8sjYuddV/arcgis/rest/services/Traffic_Signal_Locations_TDA/FeatureServer/0,https://services1.arcgis.com/O1JpcwDW8sjYuddV/arcgis/rest/services/Traffic_Signal_Locations_TDA/FeatureServer/0/query?where=COUNTY%3D%27Miami-Dade%27&outFields=SIGNALID%2CCOUNTY%2CRDWYID%2CDISTRICT%2CMAINTAGC%2CSDESTRET%2CCNTLRDES%2CSIGNALNC&returnGeometry=true&outSR=4326&f=json
4814,87066000,Miami-Dade,6,MIAMI-DADE,N/A,N/A,N/A,25.890709,-80.175589,FDOT Traffic Signal Locations TDA,https://services1.arcgis.com/O1JpcwDW8sjYuddV/arcgis/rest/services/Traffic_Signal_Locations_TDA/FeatureServer/0,https://services1.arcgis.com/O1JpcwDW8sjYuddV/arcgis/rest/services/Traffic_Signal_Locations_TDA/FeatureServer/0/query?where=COUNTY%3D%27Miami-Dade%27&outFields=SIGNALID%2CCOUNTY%2CRDWYID%2CDISTRICT%2CMAINTAGC%2CSDESTRET%2CCNTLRDES%2CSIGNALNC&returnGeometry=true&outSR=4326&f=json
6990,87150000,Miami-Dade,6,MIAMI-DADE,SW 192 ST,N/A,N/A,25.586919,-80.478393,FDOT Traffic Signal Locations TDA,https://services1.arcgis.com/O1JpcwDW8sjYuddV/arcgis/rest/services/Traffic_Signal_Locations_TDA/FeatureServer/0,https://services1.arcgis.com/O1JpcwDW8sjYuddV/arcgis/rest/services/Traffic_Signal_Locations_TDA/FeatureServer/0/query?where=COUNTY%3D%27Miami-Dade%27&outFields=SIGNALID%2CCOUNTY%2CRDWYID%2CDISTRICT%2CMAINTAGC%2CSDESTRET%2CCNTLRDES%2CSIGNALNC&returnGeometry=true&outSR=4326&f=json
5237,87038000,Miami-Dade,6,MIAMI-DADE,W 24 AV/NW 82 AV/ROY,N/A,N/A,25.869317,-80.331181,FDOT Traffic Signal Locations TDA,https://services1.arcgis.com/O1JpcwDW8sjYuddV/arcgis/rest/services/Traffic_Signal_Locations_TDA/FeatureServer/0,https://services1.arcgis.com/O1JpcwDW8sjYuddV/arcgis/rest/services/Traffic_Signal_Locations_TDA/FeatureServer/0/query?where=COUNTY%3D%27Miami-Dade%27&outFields=SIGNALID%2CCOUNTY%2CRDWYID%2CDISTRICT%2CMAINTAGC%2CSDESTRET%2CCNTLRDES%2CSIGNALNC&returnGeometry=true&outSR=4326&f=json
2074,87250000,Miami-Dade,6,MIAMI-DADE,NW 10 AVE,N/A,N/A,25.824792,-80.212348,FDOT Traffic Signal Locations TDA,https://services1.arcgis.com/O1JpcwDW8sjYuddV/arcgis/rest/services/Traffic_Signal_Locations_TDA/FeatureServer/0,https://services1.arcgis.com/O1JpcwDW8sjYuddV/arcgis/rest/services/Traffic_Signal_Locations_TDA/FeatureServer/0/query?where=COUNTY%3D%27Miami-Dade%27&outFields=SIGNALID%2CCOUNTY%2CRDWYID%2CDISTRICT%2CMAINTAGC%2CSDESTRET%2CCNTLRDES%2CSIGNALNC&returnGeometry=true&outSR=4326&f=json
3721,87066000,Miami-Dade,6,MIAMI-DADE,BAY HARBOR TER,N/A,N/A,25.886681,-80.131228,FDOT Traffic Signal Locations TDA,https://services1.arcgis.com/O1JpcwDW8sjYuddV/arcgis/rest/services/Traffic_Signal_Locations_TDA/FeatureServer/0,https://services1.arcgis.com/O1JpcwDW8sjYuddV/arcgis/rest/services/Traffic_Signal_Locations_TDA/FeatureServer/0/query?where=COUNTY%3D%27Miami-Dade%27&outFields=SIGNALID%2CCOUNTY%2CRDWYID%2CDISTRICT%2CMAINTAGC%2CSDESTRET%2CCNTLRDES%2CSIGNALNC&returnGeometry=true&outSR=4326&f=json
3991,87072000,Miami-Dade,6,MIAMI-DADE,SW 17 ST/FIU ENT,N/A,N/A,25.753026,-80.367987,FDOT Traffic Signal Locations TDA,https://services1.arcgis.com/O1JpcwDW8sjYuddV/arcgis/rest/services/Traffic_Signal_Locations_TDA/FeatureServer/0,https://services1.arcgis.com/O1JpcwDW8sjYuddV/arcgis/rest/services/Traffic_Signal_Locations_TDA/FeatureServer/0/query?where=COUNTY%3D%27Miami-Dade%27&outFields=SIGNALID%2CCOUNTY%2CRDWYID%2CDISTRICT%2CMAINTAGC%2CSDESTRET%2CCNTLRDES%2CSIGNALNC&returnGeometry=true&outSR=4326&f=json
3876,87140000,Miami-Dade,6,MIAMI-DADE,SR 852/NW 215 ST,N/A,N/A,25.972749,-80.206026,FDOT Traffic Signal Locations TDA,https://services1.arcgis.com/O1JpcwDW8sjYuddV/arcgis/rest/services/Traffic_Signal_Locations_TDA/FeatureServer/0,https://services1.arcgis.com/O1JpcwDW8sjYuddV/arcgis/rest/services/Traffic_Signal_Locations_TDA/FeatureServer/0/query?where=COUNTY%3D%27Miami-Dade%27&outFields=SIGNALID%2CCOUNTY%2CRDWYID%2CDISTRICT%2CMAINTAGC%2CSDESTRET%2CCNTLRDES%2CSIGNALNC&returnGeometry=true&outSR=4326&f=json
2548,87140000,Miami-Dade,6,N/A,SR 922/NW 125 ST,N/A,02,25.889017,-80.210781,FDOT Traffic Signal Locations TDA,https://services1.arcgis.com/O1JpcwDW8sjYuddV/arcgis/rest/services/Traffic_Signal_Locations_TDA/FeatureServer/0,https://services1.arcgis.com/O1JpcwDW8sjYuddV/arcgis/rest/services/Traffic_Signal_Locations_TDA/FeatureServer/0/query?where=COUNTY%3D%27Miami-Dade%27&outFields=SIGNALID%2CCOUNTY%2CRDWYID%2CDISTRICT%2CMAINTAGC%2CSDESTRET%2CCNTLRDES%2CSIGNALNC&returnGeometry=true&outSR=4326&f=json
2197,87140000,Miami-Dade,6,MIAMI-DADE,SR 968/ FLAGER ST,N/A,02,25.77373,-80.207725,FDOT Traffic Signal Locations TDA,https://services1.arcgis.com/O1JpcwDW8sjYuddV/arcgis/rest/services/Traffic_Signal_Locations_TDA/FeatureServer/0,https://services1.arcgis.com/O1JpcwDW8sjYuddV/arcgis/rest/services/Traffic_Signal_Locations_TDA/FeatureServer/0/query?where=COUNTY%3D%27Miami-Dade%27&outFields=SIGNALID%2CCOUNTY%2CRDWYID%2CDISTRICT%2CMAINTAGC%2CSDESTRET%2CCNTLRDES%2CSIGNALNC&returnGeometry=true&outSR=4326&f=json
3024,87020000,Miami-Dade,6,MIAMI-DADE,SW 308 ST,N/A,N/A,25.480892,-80.463399,FDOT Traffic Signal Locations TDA,https://services1.arcgis.com/O1JpcwDW8sjYuddV/arcgis/rest/services/Traffic_Signal_Locations_TDA/FeatureServer/0,https://services1.arcgis.com/O1JpcwDW8sjYuddV/arcgis/rest/services/Traffic_Signal_Locations_TDA/FeatureServer/0/query?where=COUNTY%3D%27Miami-Dade%27&outFields=SIGNALID%2CCOUNTY%2CRDWYID%2CDISTRICT%2CMAINTAGC%2CSDESTRET%2CCNTLRDES%2CSIGNALNC&returnGeometry=true&outSR=4326&f=json
4346,87047000,Miami-Dade,6,MIAMI-DADE,SW 104 ST,N/A,N/A,25.673282,-80.335131,FDOT Traffic Signal Locations TDA,https://services1.arcgis.com/O1JpcwDW8sjYuddV/arcgis/rest/services/Traffic_Signal_Locations_TDA/FeatureServer/0,https://services1.arcgis.com/O1JpcwDW8sjYuddV/arcgis/rest/services/Traffic_Signal_Locations_TDA/FeatureServer/0/query?where=COUNTY%3D%27Miami-Dade%27&outFields=SIGNALID%2CCOUNTY%2CRDWYID%2CDISTRICT%2CMAINTAGC%2CSDESTRET%2CCNTLRDES%2CSIGNALNC&returnGeometry=true&outSR=4326&f=json
6595,87027003,Miami-Dade,6,MIAMI DADE COUNTY,SR 836 EAST,N/A,N/A,25.778854,-80.31366,FDOT Traffic Signal Locations TDA,https://services1.arcgis.com/O1JpcwDW8sjYuddV/arcgis/rest/services/Traffic_Signal_Locations_TDA/FeatureServer/0,https://services1.arcgis.com/O1JpcwDW8sjYuddV/arcgis/rest/services/Traffic_Signal_Locations_TDA/FeatureServer/0/query?where=COUNTY%3D%27Miami-Dade%27&outFields=SIGNALID%2CCOUNTY%2CRDWYID%2CDISTRICT%2CMAINTAGC%2CSDESTRET%2CCNTLRDES%2CSIGNALNC&returnGeometry=true&outSR=4326&f=json
6422,87062000,Miami-Dade,6,MIAMI-DADE,OFF RAMP SB SR 836,N/A,N/A,25.783423,-80.288446,FDOT Traffic Signal Locations TDA,https://services1.arcgis.com/O1JpcwDW8sjYuddV/arcgis/rest/services/Traffic_Signal_Locations_TDA/FeatureServer/0,https://services1.arcgis.com/O1JpcwDW8sjYuddV/arcgis/rest/services/Traffic_Signal_Locations_TDA/FeatureServer/0/query?where=COUNTY%3D%27Miami-Dade%27&outFields=SIGNALID%2CCOUNTY%2CRDWYID%2CDISTRICT%2CMAINTAGC%2CSDESTRET%2CCNTLRDES%2CSIGNALNC&returnGeometry=true&outSR=4326&f=json
3842,87133000,Miami-Dade,6,MIAMI-DADE,SR 94/SW 88 ST,N/A,02,25.685345,-80.416484,FDOT Traffic Signal Locations TDA,https://services1.arcgis.com/O1JpcwDW8sjYuddV/arcgis/rest/services/Traffic_Signal_Locations_TDA/FeatureServer/0,https://services1.arcgis.com/O1JpcwDW8sjYuddV/arcgis/rest/services/Traffic_Signal_Locations_TDA/FeatureServer/0/query?where=COUNTY%3D%27Miami-Dade%27&outFields=SIGNALID%2CCOUNTY%2CRDWYID%2CDISTRICT%2CMAINTAGC%2CSDESTRET%2CCNTLRDES%2CSIGNALNC&returnGeometry=true&outSR=4326&f=json
2643,87037000,Miami-Dade,6,MIAMI-DADE,11 ST,N/A,N/A,25.781724,-80.140945,FDOT Traffic Signal Locations TDA,https://services1.arcgis.com/O1JpcwDW8sjYuddV/arcgis/rest/services/Traffic_Signal_Locations_TDA/FeatureServer/0,https://services1.arcgis.com/O1JpcwDW8sjYuddV/arcgis/rest/services/Traffic_Signal_Locations_TDA/FeatureServer/0/query?where=COUNTY%3D%27Miami-Dade%27&outFields=SIGNALID%2CCOUNTY%2CRDWYID%2CDISTRICT%2CMAINTAGC%2CSDESTRET%2CCNTLRDES%2CSIGNALNC&returnGeometry=true&outSR=4326&f=json
3153,87053000,Miami-Dade,6,MIAMI-DADE,N/A,N/A,N/A,25.770717,-80.292372,FDOT Traffic Signal Locations TDA,https://services1.arcgis.com/O1JpcwDW8sjYuddV/arcgis/rest/services/Traffic_Signal_Locations_TDA/FeatureServer/0,https://services1.arcgis.com/O1JpcwDW8sjYuddV/arcgis/rest/services/Traffic_Signal_Locations_TDA/FeatureServer/0/query?where=COUNTY%3D%27Miami-Dade%27&outFields=SIGNALID%2CCOUNTY%2CRDWYID%2CDISTRICT%2CMAINTAGC%2CSDESTRET%2CCNTLRDES%2CSIGNALNC&returnGeometry=true&outSR=4326&f=json
2869,87080900,Miami-Dade,6,MIAMI-DADE,SR 953/LEJEUNE RD,N/A,02,25.845122,-80.266381,FDOT Traffic Signal Locations TDA,https://services1.arcgis.com/O1JpcwDW8sjYuddV/arcgis/rest/services/Traffic_Signal_Locations_TDA/FeatureServer/0,https://services1.arcgis.com/O1JpcwDW8sjYuddV/arcgis/rest/services/Traffic_Signal_Locations_TDA/FeatureServer/0/query?where=COUNTY%3D%27Miami-Dade%27&outFields=SIGNALID%2CCOUNTY%2CRDWYID%2CDISTRICT%2CMAINTAGC%2CSDESTRET%2CCNTLRDES%2CSIGNALNC&returnGeometry=true&outSR=4326&f=json
6896,87030000,Miami-Dade,6,MIAMI-DADE,N/A,N/A,N/A,25.7634,-80.191348,FDOT Traffic Signal Locations TDA,https://services1.arcgis.com/O1JpcwDW8sjYuddV/arcgis/rest/services/Traffic_Signal_Locations_TDA/FeatureServer/0,https://services1.arcgis.com/O1JpcwDW8sjYuddV/arcgis/rest/services/Traffic_Signal_Locations_TDA/FeatureServer/0/query?where=COUNTY%3D%27Miami-Dade%27&outFields=SIGNALID%2CCOUNTY%2CRDWYID%2CDISTRICT%2CMAINTAGC%2CSDESTRET%2CCNTLRDES%2CSIGNALNC&returnGeometry=true&outSR=4326&f=json
3448,87030000,Miami-Dade,6,MIAMI-DADE,SE 7 ST,N/A,02,25.767133,-80.190374,FDOT Traffic Signal Locations TDA,https://services1.arcgis.com/O1JpcwDW8sjYuddV/arcgis/rest/services/Traffic_Signal_Locations_TDA/FeatureServer/0,https://services1.arcgis.com/O1JpcwDW8sjYuddV/arcgis/rest/services/Traffic_Signal_Locations_TDA/FeatureServer/0/query?where=COUNTY%3D%27Miami-Dade%27&outFields=SIGNALID%2CCOUNTY%2CRDWYID%2CDISTRICT%2CMAINTAGC%2CSDESTRET%2CCNTLRDES%2CSIGNALNC&returnGeometry=true&outSR=4326&f=json
5287,87052000,Miami-Dade,6,MIAMI-DADE,N/A,N/A,N/A,25.88444,-80.195044,FDOT Traffic Signal Locations TDA,https://services1.arcgis.com/O1JpcwDW8sjYuddV/arcgis/rest/services/Traffic_Signal_Locations_TDA/FeatureServer/0,https://services1.arcgis.com/O1JpcwDW8sjYuddV/arcgis/rest/services/Traffic_Signal_Locations_TDA/FeatureServer/0/query?where=COUNTY%3D%27Miami-Dade%27&outFields=SIGNALID%2CCOUNTY%2CRDWYID%2CDISTRICT%2CMAINTAGC%2CSDESTRET%2CCNTLRDES%2CSIGNALNC&returnGeometry=true&outSR=4326&f=json
4900,87060000,Miami-Dade,6,MIAMI-DADE,ATLANTIC AVE,N/A,N/A,25.926876,-80.12223,FDOT Traffic Signal Locations TDA,https://services1.arcgis.com/O1JpcwDW8sjYuddV/arcgis/rest/services/Traffic_Signal_Locations_TDA/FeatureServer/0,https://services1.arcgis.com/O1JpcwDW8sjYuddV/arcgis/rest/services/Traffic_Signal_Locations_TDA/FeatureServer/0/query?where=COUNTY%3D%27Miami-Dade%27&outFields=SIGNALID%2CCOUNTY%2CRDWYID%2CDISTRICT%2CMAINTAGC%2CSDESTRET%2CCNTLRDES%2CSIGNALNC&returnGeometry=true&outSR=4326&f=json
4137,87001000,Miami-Dade,6,MIAMI-DADE,SW 7500 BLK/SW 73 PL,N/A,N/A,25.688542,-80.314815,FDOT Traffic Signal Locations TDA,https://services1.arcgis.com/O1JpcwDW8sjYuddV/arcgis/rest/services/Traffic_Signal_Locations_TDA/FeatureServer/0,https://services1.arcgis.com/O1JpcwDW8sjYuddV/arcgis/rest/services/Traffic_Signal_Locations_TDA/FeatureServer/0/query?where=COUNTY%3D%27Miami-Dade%27&outFields=SIGNALID%2CCOUNTY%2CRDWYID%2CDISTRICT%2CMAINTAGC%2CSDESTRET%2CCNTLRDES%2CSIGNALNC&returnGeometry=true&outSR=4326&f=json
3276,87037000,Miami-Dade,6,MIAMI-DADE,20 ST,N/A,N/A,25.795655,-80.140526,FDOT Traffic Signal Locations TDA,https://services1.arcgis.com/O1JpcwDW8sjYuddV/arcgis/rest/services/Traffic_Signal_Locations_TDA/FeatureServer/0,https://services1.arcgis.com/O1JpcwDW8sjYuddV/arcgis/rest/services/Traffic_Signal_Locations_TDA/FeatureServer/0/query?where=COUNTY%3D%27Miami-Dade%27&outFields=SIGNALID%2CCOUNTY%2CRDWYID%2CDISTRICT%2CMAINTAGC%2CSDESTRET%2CCNTLRDES%2CSIGNALNC&returnGeometry=true&outSR=4326&f=json
2494,87240000,Miami-Dade,6,MIAMI-DADE,NW 75 ST,N/A,N/A,25.842652,-80.241541,FDOT Traffic Signal Locations TDA,https://services1.arcgis.com/O1JpcwDW8sjYuddV/arcgis/rest/services/Traffic_Signal_Locations_TDA/FeatureServer/0,https://services1.arcgis.com/O1JpcwDW8sjYuddV/arcgis/rest/services/Traffic_Signal_Locations_TDA/FeatureServer/0/query?where=COUNTY%3D%27Miami-Dade%27&outFields=SIGNALID%2CCOUNTY%2CRDWYID%2CDISTRICT%2CMAINTAGC%2CSDESTRET%2CCNTLRDES%2CSIGNALNC&returnGeometry=true&outSR=4326&f=json
2203,87053003,Miami-Dade,6,MIAMI-DADE,W 24 AVE,N/A,02,25.772437,-80.234928,FDOT Traffic Signal Locations TDA,https://services1.arcgis.com/O1JpcwDW8sjYuddV/arcgis/rest/services/Traffic_Signal_Locations_TDA/FeatureServer/0,https://services1.arcgis.com/O1JpcwDW8sjYuddV/arcgis/rest/services/Traffic_Signal_Locations_TDA/FeatureServer/0/query?where=COUNTY%3D%27Miami-Dade%27&outFields=SIGNALID%2CCOUNTY%2CRDWYID%2CDISTRICT%2CMAINTAGC%2CSDESTRET%2CCNTLRDES%2CSIGNALNC&returnGeometry=true&outSR=4326&f=json
2677,87016000,Miami-Dade,6,MIAMI-DADE,SR A1A/COLLINS AV,N/A,N/A,25.813102,-80.122997,FDOT Traffic Signal Locations TDA,https://services1.arcgis.com/O1JpcwDW8sjYuddV/arcgis/rest/services/Traffic_Signal_Locations_TDA/FeatureServer/0,https://services1.arcgis.com/O1JpcwDW8sjYuddV/arcgis/rest/services/Traffic_Signal_Locations_TDA/FeatureServer/0/query?where=COUNTY%3D%27Miami-Dade%27&outFields=SIGNALID%2CCOUNTY%2CRDWYID%2CDISTRICT%2CMAINTAGC%2CSDESTRET%2CCNTLRDES%2CSIGNALNC&returnGeometry=true&outSR=4326&f=json
4759,87008001,Miami-Dade,6,MIAMI-DADE,NW 19 AV,N/A,N/A,25.898328,-80.231132,FDOT Traffic Signal Locations TDA,https://services1.arcgis.com/O1JpcwDW8sjYuddV/arcgis/rest/services/Traffic_Signal_Locations_TDA/FeatureServer/0,https://services1.arcgis.com/O1JpcwDW8sjYuddV/arcgis/rest/services/Traffic_Signal_Locations_TDA/FeatureServer/0/query?where=COUNTY%3D%27Miami-Dade%27&outFields=SIGNALID%2CCOUNTY%2CRDWYID%2CDISTRICT%2CMAINTAGC%2CSDESTRET%2CCNTLRDES%2CSIGNALNC&returnGeometry=true&outSR=4326&f=json
2956,87020000,Miami-Dade,6,MIAMI-DADE,SW 168 ST,N/A,N/A,25.614057,-80.346579,FDOT Traffic Signal Locations TDA,https://services1.arcgis.com/O1JpcwDW8sjYuddV/arcgis/rest/services/Traffic_Signal_Locations_TDA/FeatureServer/0,https://services1.arcgis.com/O1JpcwDW8sjYuddV/arcgis/rest/services/Traffic_Signal_Locations_TDA/FeatureServer/0/query?where=COUNTY%3D%27Miami-Dade%27&outFields=SIGNALID%2CCOUNTY%2CRDWYID%2CDISTRICT%2CMAINTAGC%2CSDESTRET%2CCNTLRDES%2CSIGNALNC&returnGeometry=true&outSR=4326&f=json
4252,87020000,Miami-Dade,6,MIAMI-DADE,SW 117 AVE/SW 211 ST,N/A,N/A,25.571757,-80.376185,FDOT Traffic Signal Locations TDA,https://services1.arcgis.com/O1JpcwDW8sjYuddV/arcgis/rest/services/Traffic_Signal_Locations_TDA/FeatureServer/0,https://services1.arcgis.com/O1JpcwDW8sjYuddV/arcgis/rest/services/Traffic_Signal_Locations_TDA/FeatureServer/0/query?where=COUNTY%3D%27Miami-Dade%27&outFields=SIGNALID%2CCOUNTY%2CRDWYID%2CDISTRICT%2CMAINTAGC%2CSDESTRET%2CCNTLRDES%2CSIGNALNC&returnGeometry=true&outSR=4326&f=json
2051,87085000,Miami-Dade,6,MIAMI-DADE,SR 25/NW 36 ST,N/A,02,25.809778,-80.21572,FDOT Traffic Signal Locations TDA,https://services1.arcgis.com/O1JpcwDW8sjYuddV/arcgis/rest/services/Traffic_Signal_Locations_TDA/FeatureServer/0,https://services1.arcgis.com/O1JpcwDW8sjYuddV/arcgis/rest/services/Traffic_Signal_Locations_TDA/FeatureServer/0/query?where=COUNTY%3D%27Miami-Dade%27&outFields=SIGNALID%2CCOUNTY%2CRDWYID%2CDISTRICT%2CMAINTAGC%2CSDESTRET%2CCNTLRDES%2CSIGNALNC&returnGeometry=true&outSR=4326&f=json
2669,87060000,Miami-Dade,6,MIAMI-DADE,22 ST,N/A,N/A,25.79747,-80.128373,FDOT Traffic Signal Locations TDA,https://services1.arcgis.com/O1JpcwDW8sjYuddV/arcgis/rest/services/Traffic_Signal_Locations_TDA/FeatureServer/0,https://services1.arcgis.com/O1JpcwDW8sjYuddV/arcgis/rest/services/Traffic_Signal_Locations_TDA/FeatureServer/0/query?where=COUNTY%3D%27Miami-Dade%27&outFields=SIGNALID%2CCOUNTY%2CRDWYID%2CDISTRICT%2CMAINTAGC%2CSDESTRET%2CCNTLRDES%2CSIGNALNC&returnGeometry=true&outSR=4326&f=json
4587,87030000,Miami-Dade,6,MIAMI-DADE,NE 182 ST,N/A,N/A,25.944036,-80.147927,FDOT Traffic Signal Locations TDA,https://services1.arcgis.com/O1JpcwDW8sjYuddV/arcgis/rest/services/Traffic_Signal_Locations_TDA/FeatureServer/0,https://services1.arcgis.com/O1JpcwDW8sjYuddV/arcgis/rest/services/Traffic_Signal_Locations_TDA/FeatureServer/0/query?where=COUNTY%3D%27Miami-Dade%27&outFields=SIGNALID%2CCOUNTY%2CRDWYID%2CDISTRICT%2CMAINTAGC%2CSDESTRET%2CCNTLRDES%2CSIGNALNC&returnGeometry=true&outSR=4326&f=json
3681,87038000,Miami-Dade,6,MIAMI-DADE,W 14 LN,N/A,N/A,25.866545,-80.312374,FDOT Traffic Signal Locations TDA,https://services1.arcgis.com/O1JpcwDW8sjYuddV/arcgis/rest/services/Traffic_Signal_Locations_TDA/FeatureServer/0,https://services1.arcgis.com/O1JpcwDW8sjYuddV/arcgis/rest/services/Traffic_Signal_Locations_TDA/FeatureServer/0/query?where=COUNTY%3D%27Miami-Dade%27&outFields=SIGNALID%2CCOUNTY%2CRDWYID%2CDISTRICT%2CMAINTAGC%2CSDESTRET%2CCNTLRDES%2CSIGNALNC&returnGeometry=true&outSR=4326&f=json
3835,87240000,Miami-Dade,6,MIAMI-DADE,NW 43 TERR,N/A,N/A,25.81452,-80.240346,FDOT Traffic Signal Locations TDA,https://services1.arcgis.com/O1JpcwDW8sjYuddV/arcgis/rest/services/Traffic_Signal_Locations_TDA/FeatureServer/0,https://services1.arcgis.com/O1JpcwDW8sjYuddV/arcgis/rest/services/Traffic_Signal_Locations_TDA/FeatureServer/0/query?where=COUNTY%3D%27Miami-Dade%27&outFields=SIGNALID%2CCOUNTY%2CRDWYID%2CDISTRICT%2CMAINTAGC%2CSDESTRET%2CCNTLRDES%2CSIGNALNC&returnGeometry=true&outSR=4326&f=json
5016,87260525,Miami-Dade,6,MIAMI-DADE,NW 154 ST,N/A,N/A,25.91331,-80.324571,FDOT Traffic Signal Locations TDA,https://services1.arcgis.com/O1JpcwDW8sjYuddV/arcgis/rest/services/Traffic_Signal_Locations_TDA/FeatureServer/0,https://services1.arcgis.com/O1JpcwDW8sjYuddV/arcgis/rest/services/Traffic_Signal_Locations_TDA/FeatureServer/0/query?where=COUNTY%3D%27Miami-Dade%27&outFields=SIGNALID%2CCOUNTY%2CRDWYID%2CDISTRICT%2CMAINTAGC%2CSDESTRET%2CCNTLRDES%2CSIGNALNC&returnGeometry=true&outSR=4326&f=json
2640,87037000,Miami-Dade,6,MIAMI-DADE,SR A1A/5 ST,N/A,02,25.77442,-80.140631,FDOT Traffic Signal Locations TDA,https://services1.arcgis.com/O1JpcwDW8sjYuddV/arcgis/rest/services/Traffic_Signal_Locations_TDA/FeatureServer/0,https://services1.arcgis.com/O1JpcwDW8sjYuddV/arcgis/rest/services/Traffic_Signal_Locations_TDA/FeatureServer/0/query?where=COUNTY%3D%27Miami-Dade%27&outFields=SIGNALID%2CCOUNTY%2CRDWYID%2CDISTRICT%2CMAINTAGC%2CSDESTRET%2CCNTLRDES%2CSIGNALNC&returnGeometry=true&outSR=4326&f=json
3023,87281000,Miami-Dade,6,MIAMI-DADE,SR 948/NW 36 ST,N/A,02,25.808284,-80.264273,FDOT Traffic Signal Locations TDA,https://services1.arcgis.com/O1JpcwDW8sjYuddV/arcgis/rest/services/Traffic_Signal_Locations_TDA/FeatureServer/0,https://services1.arcgis.com/O1JpcwDW8sjYuddV/arcgis/rest/services/Traffic_Signal_Locations_TDA/FeatureServer/0/query?where=COUNTY%3D%27Miami-Dade%27&outFields=SIGNALID%2CCOUNTY%2CRDWYID%2CDISTRICT%2CMAINTAGC%2CSDESTRET%2CCNTLRDES%2CSIGNALNC&returnGeometry=true&outSR=4326&f=json
5310,87085000,Miami-Dade,6,MIAMI-DADE,N/A,N/A,N/A,25.771852,-80.21461,FDOT Traffic Signal Locations TDA,https://services1.arcgis.com/O1JpcwDW8sjYuddV/arcgis/rest/services/Traffic_Signal_Locations_TDA/FeatureServer/0,https://services1.arcgis.com/O1JpcwDW8sjYuddV/arcgis/rest/services/Traffic_Signal_Locations_TDA/FeatureServer/0/query?where=COUNTY%3D%27Miami-Dade%27&outFields=SIGNALID%2CCOUNTY%2CRDWYID%2CDISTRICT%2CMAINTAGC%2CSDESTRET%2CCNTLRDES%2CSIGNALNC&returnGeometry=true&outSR=4326&f=json
3480,87080900,Miami-Dade,6,MIAMI-DADE,NW 10 CT,N/A,N/A,25.846885,-80.214405,FDOT Traffic Signal Locations TDA,https://services1.arcgis.com/O1JpcwDW8sjYuddV/arcgis/rest/services/Traffic_Signal_Locations_TDA/FeatureServer/0,https://services1.arcgis.com/O1JpcwDW8sjYuddV/arcgis/rest/services/Traffic_Signal_Locations_TDA/FeatureServer/0/query?where=COUNTY%3D%27Miami-Dade%27&outFields=SIGNALID%2CCOUNTY%2CRDWYID%2CDISTRICT%2CMAINTAGC%2CSDESTRET%2CCNTLRDES%2CSIGNALNC&returnGeometry=true&outSR=4326&f=json
2143,87048000,Miami-Dade,6,MIAMI-DADE,SR 953/LEJEUNE RD,N/A,N/A,25.786198,-80.264154,FDOT Traffic Signal Locations TDA,https://services1.arcgis.com/O1JpcwDW8sjYuddV/arcgis/rest/services/Traffic_Signal_Locations_TDA/FeatureServer/0,https://services1.arcgis.com/O1JpcwDW8sjYuddV/arcgis/rest/services/Traffic_Signal_Locations_TDA/FeatureServer/0/query?where=COUNTY%3D%27Miami-Dade%27&outFields=SIGNALID%2CCOUNTY%2CRDWYID%2CDISTRICT%2CMAINTAGC%2CSDESTRET%2CCNTLRDES%2CSIGNALNC&returnGeometry=true&outSR=4326&f=json
2692,87080000,Miami-Dade,6,MIAMI-DADE,SRA1A/COLLINS AVE,N/A,02,25.856145,-80.120494,FDOT Traffic Signal Locations TDA,https://services1.arcgis.com/O1JpcwDW8sjYuddV/arcgis/rest/services/Traffic_Signal_Locations_TDA/FeatureServer/0,https://services1.arcgis.com/O1JpcwDW8sjYuddV/arcgis/rest/services/Traffic_Signal_Locations_TDA/FeatureServer/0/query?where=COUNTY%3D%27Miami-Dade%27&outFields=SIGNALID%2CCOUNTY%2CRDWYID%2CDISTRICT%2CMAINTAGC%2CSDESTRET%2CCNTLRDES%2CSIGNALNC&returnGeometry=true&outSR=4326&f=json
5418,87250000,Miami-Dade,6,MIAMI-DADE,N/A,N/A,N/A,25.824097,-80.235359,FDOT Traffic Signal Locations TDA,https://services1.arcgis.com/O1JpcwDW8sjYuddV/arcgis/rest/services/Traffic_Signal_Locations_TDA/FeatureServer/0,https://services1.arcgis.com/O1JpcwDW8sjYuddV/arcgis/rest/services/Traffic_Signal_Locations_TDA/FeatureServer/0/query?where=COUNTY%3D%27Miami-Dade%27&outFields=SIGNALID%2CCOUNTY%2CRDWYID%2CDISTRICT%2CMAINTAGC%2CSDESTRET%2CCNTLRDES%2CSIGNALNC&returnGeometry=true&outSR=4326&f=json
5721,87001000,Miami-Dade,6,MIAMI-DADE,SW 150 AVE,N/A,N/A,25.684625,-80.436873,FDOT Traffic Signal Locations TDA,https://services1.arcgis.com/O1JpcwDW8sjYuddV/arcgis/rest/services/Traffic_Signal_Locations_TDA/FeatureServer/0,https://services1.arcgis.com/O1JpcwDW8sjYuddV/arcgis/rest/services/Traffic_Signal_Locations_TDA/FeatureServer/0/query?where=COUNTY%3D%27Miami-Dade%27&outFields=SIGNALID%2CCOUNTY%2CRDWYID%2CDISTRICT%2CMAINTAGC%2CSDESTRET%2CCNTLRDES%2CSIGNALNC&returnGeometry=true&outSR=4326&f=json
3781,87055000,Miami-Dade,6,MIAMI-DADE,NB SR 826 RAMP,N/A,N/A,25.702966,-80.316896,FDOT Traffic Signal Locations TDA,https://services1.arcgis.com/O1JpcwDW8sjYuddV/arcgis/rest/services/Traffic_Signal_Locations_TDA/FeatureServer/0,https://services1.arcgis.com/O1JpcwDW8sjYuddV/arcgis/rest/services/Traffic_Signal_Locations_TDA/FeatureServer/0/query?where=COUNTY%3D%27Miami-Dade%27&outFields=SIGNALID%2CCOUNTY%2CRDWYID%2CDISTRICT%2CMAINTAGC%2CSDESTRET%2CCNTLRDES%2CSIGNALNC&returnGeometry=true&outSR=4326&f=json
4056,87260533,Miami-Dade,6,MIAMI-DADE,SR 817/NW 27 AVE,N/A,02,25.926062,-80.244595,FDOT Traffic Signal Locations TDA,https://services1.arcgis.com/O1JpcwDW8sjYuddV/arcgis/rest/services/Traffic_Signal_Locations_TDA/FeatureServer/0,https://services1.arcgis.com/O1JpcwDW8sjYuddV/arcgis/rest/services/Traffic_Signal_Locations_TDA/FeatureServer/0/query?where=COUNTY%3D%27Miami-Dade%27&outFields=SIGNALID%2CCOUNTY%2CRDWYID%2CDISTRICT%2CMAINTAGC%2CSDESTRET%2CCNTLRDES%2CSIGNALNC&returnGeometry=true&outSR=4326&f=json
5296,87034000,Miami-Dade,6,MIAMI-DADE,N/A,N/A,N/A,25.868808,-80.185528,FDOT Traffic Signal Locations TDA,https://services1.arcgis.com/O1JpcwDW8sjYuddV/arcgis/rest/services/Traffic_Signal_Locations_TDA/FeatureServer/0,https://services1.arcgis.com/O1JpcwDW8sjYuddV/arcgis/rest/services/Traffic_Signal_Locations_TDA/FeatureServer/0/query?where=COUNTY%3D%27Miami-Dade%27&outFields=SIGNALID%2CCOUNTY%2CRDWYID%2CDISTRICT%2CMAINTAGC%2CSDESTRET%2CCNTLRDES%2CSIGNALNC&returnGeometry=true&outSR=4326&f=json
2623,87030000,Miami-Dade,6,MIAMI-DADE,GRANADA BLVD,N/A,N/A,25.719382,-80.270815,FDOT Traffic Signal Locations TDA,https://services1.arcgis.com/O1JpcwDW8sjYuddV/arcgis/rest/services/Traffic_Signal_Locations_TDA/FeatureServer/0,https://services1.arcgis.com/O1JpcwDW8sjYuddV/arcgis/rest/services/Traffic_Signal_Locations_TDA/FeatureServer/0/query?where=COUNTY%3D%27Miami-Dade%27&outFields=SIGNALID%2CCOUNTY%2CRDWYID%2CDISTRICT%2CMAINTAGC%2CSDESTRET%2CCNTLRDES%2CSIGNALNC&returnGeometry=true&outSR=4326&f=json
5313,87054000,Miami-Dade,6,MIAMI-DADE,N/A,N/A,N/A,25.76152,-80.196299,FDOT Traffic Signal Locations TDA,https://services1.arcgis.com/O1JpcwDW8sjYuddV/arcgis/rest/services/Traffic_Signal_Locations_TDA/FeatureServer/0,https://services1.arcgis.com/O1JpcwDW8sjYuddV/arcgis/rest/services/Traffic_Signal_Locations_TDA/FeatureServer/0/query?where=COUNTY%3D%27Miami-Dade%27&outFields=SIGNALID%2CCOUNTY%2CRDWYID%2CDISTRICT%2CMAINTAGC%2CSDESTRET%2CCNTLRDES%2CSIGNALNC&returnGeometry=true&outSR=4326&f=json
6778,87015000,Miami-Dade,6,MIAMI DADE COUNTY,SW 236 ST,N/A,N/A,25.548187,-80.372077,FDOT Traffic Signal Locations TDA,https://services1.arcgis.com/O1JpcwDW8sjYuddV/arcgis/rest/services/Traffic_Signal_Locations_TDA/FeatureServer/0,https://services1.arcgis.com/O1JpcwDW8sjYuddV/arcgis/rest/services/Traffic_Signal_Locations_TDA/FeatureServer/0/query?where=COUNTY%3D%27Miami-Dade%27&outFields=SIGNALID%2CCOUNTY%2CRDWYID%2CDISTRICT%2CMAINTAGC%2CSDESTRET%2CCNTLRDES%2CSIGNALNC&returnGeometry=true&outSR=4326&f=json
3891,87020000,Miami-Dade,6,MIAMI-DADE,SW 15900 BLK,N/A,N/A,25.621081,-80.344623,FDOT Traffic Signal Locations TDA,https://services1.arcgis.com/O1JpcwDW8sjYuddV/arcgis/rest/services/Traffic_Signal_Locations_TDA/FeatureServer/0,https://services1.arcgis.com/O1JpcwDW8sjYuddV/arcgis/rest/services/Traffic_Signal_Locations_TDA/FeatureServer/0/query?where=COUNTY%3D%27Miami-Dade%27&outFields=SIGNALID%2CCOUNTY%2CRDWYID%2CDISTRICT%2CMAINTAGC%2CSDESTRET%2CCNTLRDES%2CSIGNALNC&returnGeometry=true&outSR=4326&f=json
2994,87091000,Miami-Dade,6,MIAMI-DADE,US-1/SR 5,N/A,02,25.596103,-80.355338,FDOT Traffic Signal Locations TDA,https://services1.arcgis.com/O1JpcwDW8sjYuddV/arcgis/rest/services/Traffic_Signal_Locations_TDA/FeatureServer/0,https://services1.arcgis.com/O1JpcwDW8sjYuddV/arcgis/rest/services/Traffic_Signal_Locations_TDA/FeatureServer/0/query?where=COUNTY%3D%27Miami-Dade%27&outFields=SIGNALID%2CCOUNTY%2CRDWYID%2CDISTRICT%2CMAINTAGC%2CSDESTRET%2CCNTLRDES%2CSIGNALNC&returnGeometry=true&outSR=4326&f=json
2693,87060000,Miami-Dade,6,MIAMI-DADE,73 ST,N/A,N/A,25.858266,-80.120892,FDOT Traffic Signal Locations TDA,https://services1.arcgis.com/O1JpcwDW8sjYuddV/arcgis/rest/services/Traffic_Signal_Locations_TDA/FeatureServer/0,https://services1.arcgis.com/O1JpcwDW8sjYuddV/arcgis/rest/services/Traffic_Signal_Locations_TDA/FeatureServer/0/query?where=COUNTY%3D%27Miami-Dade%27&outFields=SIGNALID%2CCOUNTY%2CRDWYID%2CDISTRICT%2CMAINTAGC%2CSDESTRET%2CCNTLRDES%2CSIGNALNC&returnGeometry=true&outSR=4326&f=json
2025,87030000,Miami-Dade,6,MIAMI-DADE,N/A,N/A,N/A,25.906796,-80.158382,FDOT Traffic Signal Locations TDA,https://services1.arcgis.com/O1JpcwDW8sjYuddV/arcgis/rest/services/Traffic_Signal_Locations_TDA/FeatureServer/0,https://services1.arcgis.com/O1JpcwDW8sjYuddV/arcgis/rest/services/Traffic_Signal_Locations_TDA/FeatureServer/0/query?where=COUNTY%3D%27Miami-Dade%27&outFields=SIGNALID%2CCOUNTY%2CRDWYID%2CDISTRICT%2CMAINTAGC%2CSDESTRET%2CCNTLRDES%2CSIGNALNC&returnGeometry=true&outSR=4326&f=json
6727,87015000,Miami-Dade,6,MIAMI-DADE,N/A,N/A,N/A,25.547218,-80.372076,FDOT Traffic Signal Locations TDA,https://services1.arcgis.com/O1JpcwDW8sjYuddV/arcgis/rest/services/Traffic_Signal_Locations_TDA/FeatureServer/0,https://services1.arcgis.com/O1JpcwDW8sjYuddV/arcgis/rest/services/Traffic_Signal_Locations_TDA/FeatureServer/0/query?where=COUNTY%3D%27Miami-Dade%27&outFields=SIGNALID%2CCOUNTY%2CRDWYID%2CDISTRICT%2CMAINTAGC%2CSDESTRET%2CCNTLRDES%2CSIGNALNC&returnGeometry=true&outSR=4326&f=json
3560,87055000,Miami-Dade,6,MIAMI-DADE,SW 92 AVE,N/A,N/A,25.701922,-80.342155,FDOT Traffic Signal Locations TDA,https://services1.arcgis.com/O1JpcwDW8sjYuddV/arcgis/rest/services/Traffic_Signal_Locations_TDA/FeatureServer/0,https://services1.arcgis.com/O1JpcwDW8sjYuddV/arcgis/rest/services/Traffic_Signal_Locations_TDA/FeatureServer/0/query?where=COUNTY%3D%27Miami-Dade%27&outFields=SIGNALID%2CCOUNTY%2CRDWYID%2CDISTRICT%2CMAINTAGC%2CSDESTRET%2CCNTLRDES%2CSIGNALNC&returnGeometry=true&outSR=4326&f=json
4706,87030000,Miami-Dade,6,MIAMI-DADE,N/A,N/A,N/A,25.690952,-80.305734,FDOT Traffic Signal Locations TDA,https://services1.arcgis.com/O1JpcwDW8sjYuddV/arcgis/rest/services/Traffic_Signal_Locations_TDA/FeatureServer/0,https://services1.arcgis.com/O1JpcwDW8sjYuddV/arcgis/rest/services/Traffic_Signal_Locations_TDA/FeatureServer/0/query?where=COUNTY%3D%27Miami-Dade%27&outFields=SIGNALID%2CCOUNTY%2CRDWYID%2CDISTRICT%2CMAINTAGC%2CSDESTRET%2CCNTLRDES%2CSIGNALNC&returnGeometry=true&outSR=4326&f=json
6395,87260524,Miami-Dade,6,MIAMI-DADE,N/A,N/A,N/A,25.917118,-80.325674,FDOT Traffic Signal Locations TDA,https://services1.arcgis.com/O1JpcwDW8sjYuddV/arcgis/rest/services/Traffic_Signal_Locations_TDA/FeatureServer/0,https://services1.arcgis.com/O1JpcwDW8sjYuddV/arcgis/rest/services/Traffic_Signal_Locations_TDA/FeatureServer/0/query?where=COUNTY%3D%27Miami-Dade%27&outFields=SIGNALID%2CCOUNTY%2CRDWYID%2CDISTRICT%2CMAINTAGC%2CSDESTRET%2CCNTLRDES%2CSIGNALNC&returnGeometry=true&outSR=4326&f=json
6377,87090005,Miami-Dade,6,MIAMI-DADE,NW 95 ST/JOHN HILL,N/A,N/A,25.860453,-80.329899,FDOT Traffic Signal Locations TDA,https://services1.arcgis.com/O1JpcwDW8sjYuddV/arcgis/rest/services/Traffic_Signal_Locations_TDA/FeatureServer/0,https://services1.arcgis.com/O1JpcwDW8sjYuddV/arcgis/rest/services/Traffic_Signal_Locations_TDA/FeatureServer/0/query?where=COUNTY%3D%27Miami-Dade%27&outFields=SIGNALID%2CCOUNTY%2CRDWYID%2CDISTRICT%2CMAINTAGC%2CSDESTRET%2CCNTLRDES%2CSIGNALNC&returnGeometry=true&outSR=4326&f=json
5914,87260298,Miami-Dade,6,MIAMI-DADE,W 60 ST/NW 114 ST,N/A,N/A,25.877009,-80.322938,FDOT Traffic Signal Locations TDA,https://services1.arcgis.com/O1JpcwDW8sjYuddV/arcgis/rest/services/Traffic_Signal_Locations_TDA/FeatureServer/0,https://services1.arcgis.com/O1JpcwDW8sjYuddV/arcgis/rest/services/Traffic_Signal_Locations_TDA/FeatureServer/0/query?where=COUNTY%3D%27Miami-Dade%27&outFields=SIGNALID%2CCOUNTY%2CRDWYID%2CDISTRICT%2CMAINTAGC%2CSDESTRET%2CCNTLRDES%2CSIGNALNC&returnGeometry=true&outSR=4326&f=json
2764,87080000,Miami-Dade,6,MIAMI-DADE,BAY DR WEST,N/A,N/A,25.851076,-80.143124,FDOT Traffic Signal Locations TDA,https://services1.arcgis.com/O1JpcwDW8sjYuddV/arcgis/rest/services/Traffic_Signal_Locations_TDA/FeatureServer/0,https://services1.arcgis.com/O1JpcwDW8sjYuddV/arcgis/rest/services/Traffic_Signal_Locations_TDA/FeatureServer/0/query?where=COUNTY%3D%27Miami-Dade%27&outFields=SIGNALID%2CCOUNTY%2CRDWYID%2CDISTRICT%2CMAINTAGC%2CSDESTRET%2CCNTLRDES%2CSIGNALNC&returnGeometry=true&outSR=4326&f=json
2545,87190000,Miami-Dade,6,MIAMI-DADE,SR 915/NE 6 AVE,N/A,02,25.890374,-80.186583,FDOT Traffic Signal Locations TDA,https://services1.arcgis.com/O1JpcwDW8sjYuddV/arcgis/rest/services/Traffic_Signal_Locations_TDA/FeatureServer/0,https://services1.arcgis.com/O1JpcwDW8sjYuddV/arcgis/rest/services/Traffic_Signal_Locations_TDA/FeatureServer/0/query?where=COUNTY%3D%27Miami-Dade%27&outFields=SIGNALID%2CCOUNTY%2CRDWYID%2CDISTRICT%2CMAINTAGC%2CSDESTRET%2CCNTLRDES%2CSIGNALNC&returnGeometry=true&outSR=4326&f=json
2998,87030000,Miami-Dade,6,MIAMI-DADE,SW 57 AVE,N/A,02,25.707378,-80.28565,FDOT Traffic Signal Locations TDA,https://services1.arcgis.com/O1JpcwDW8sjYuddV/arcgis/rest/services/Traffic_Signal_Locations_TDA/FeatureServer/0,https://services1.arcgis.com/O1JpcwDW8sjYuddV/arcgis/rest/services/Traffic_Signal_Locations_TDA/FeatureServer/0/query?where=COUNTY%3D%27Miami-Dade%27&outFields=SIGNALID%2CCOUNTY%2CRDWYID%2CDISTRICT%2CMAINTAGC%2CSDESTRET%2CCNTLRDES%2CSIGNALNC&returnGeometry=true&outSR=4326&f=json
2670,87060000,Miami-Dade,6,MIAMI-DADE,23 ST,N/A,N/A,25.798275,-80.128047,FDOT Traffic Signal Locations TDA,https://services1.arcgis.com/O1JpcwDW8sjYuddV/arcgis/rest/services/Traffic_Signal_Locations_TDA/FeatureServer/0,https://services1.arcgis.com/O1JpcwDW8sjYuddV/arcgis/rest/services/Traffic_Signal_Locations_TDA/FeatureServer/0/query?where=COUNTY%3D%27Miami-Dade%27&outFields=SIGNALID%2CCOUNTY%2CRDWYID%2CDISTRICT%2CMAINTAGC%2CSDESTRET%2CCNTLRDES%2CSIGNALNC&returnGeometry=true&outSR=4326&f=json
5292,87080900,Miami-Dade,6,MIAMI-DADE,N/A,N/A,N/A,25.847211,-80.20443,FDOT Traffic Signal Locations TDA,https://services1.arcgis.com/O1JpcwDW8sjYuddV/arcgis/rest/services/Traffic_Signal_Locations_TDA/FeatureServer/0,https://services1.arcgis.com/O1JpcwDW8sjYuddV/arcgis/rest/services/Traffic_Signal_Locations_TDA/FeatureServer/0/query?where=COUNTY%3D%27Miami-Dade%27&outFields=SIGNALID%2CCOUNTY%2CRDWYID%2CDISTRICT%2CMAINTAGC%2CSDESTRET%2CCNTLRDES%2CSIGNALNC&returnGeometry=true&outSR=4326&f=json
2342,87030000,Miami-Dade,6,MIAMI-DADE,NE 10 ST,N/A,N/A,25.783972,-80.189297,FDOT Traffic Signal Locations TDA,https://services1.arcgis.com/O1JpcwDW8sjYuddV/arcgis/rest/services/Traffic_Signal_Locations_TDA/FeatureServer/0,https://services1.arcgis.com/O1JpcwDW8sjYuddV/arcgis/rest/services/Traffic_Signal_Locations_TDA/FeatureServer/0/query?where=COUNTY%3D%27Miami-Dade%27&outFields=SIGNALID%2CCOUNTY%2CRDWYID%2CDISTRICT%2CMAINTAGC%2CSDESTRET%2CCNTLRDES%2CSIGNALNC&returnGeometry=true&outSR=4326&f=json
5103,87008000,Miami-Dade,6,MIAMI-DADE,N/A,N/A,N/A,25.897159,-80.246247,FDOT Traffic Signal Locations TDA,https://services1.arcgis.com/O1JpcwDW8sjYuddV/arcgis/rest/services/Traffic_Signal_Locations_TDA/FeatureServer/0,https://services1.arcgis.com/O1JpcwDW8sjYuddV/arcgis/rest/services/Traffic_Signal_Locations_TDA/FeatureServer/0/query?where=COUNTY%3D%27Miami-Dade%27&outFields=SIGNALID%2CCOUNTY%2CRDWYID%2CDISTRICT%2CMAINTAGC%2CSDESTRET%2CCNTLRDES%2CSIGNALNC&returnGeometry=true&outSR=4326&f=json
4290,87019000,Miami-Dade,6,MIAMI-DADE,N/A,N/A,N/A,25.944894,-80.245445,FDOT Traffic Signal Locations TDA,https://services1.arcgis.com/O1JpcwDW8sjYuddV/arcgis/rest/services/Traffic_Signal_Locations_TDA/FeatureServer/0,https://services1.arcgis.com/O1JpcwDW8sjYuddV/arcgis/rest/services/Traffic_Signal_Locations_TDA/FeatureServer/0/query?where=COUNTY%3D%27Miami-Dade%27&outFields=SIGNALID%2CCOUNTY%2CRDWYID%2CDISTRICT%2CMAINTAGC%2CSDESTRET%2CCNTLRDES%2CSIGNALNC&returnGeometry=true&outSR=4326&f=json
3164,87019000,Miami-Dade,6,MIAMI-DADE,NW 167 ST WB,N/A,N/A,25.926715,-80.24455,FDOT Traffic Signal Locations TDA,https://services1.arcgis.com/O1JpcwDW8sjYuddV/arcgis/rest/services/Traffic_Signal_Locations_TDA/FeatureServer/0,https://services1.arcgis.com/O1JpcwDW8sjYuddV/arcgis/rest/services/Traffic_Signal_Locations_TDA/FeatureServer/0/query?where=COUNTY%3D%27Miami-Dade%27&outFields=SIGNALID%2CCOUNTY%2CRDWYID%2CDISTRICT%2CMAINTAGC%2CSDESTRET%2CCNTLRDES%2CSIGNALNC&returnGeometry=true&outSR=4326&f=json
3005,87060000,Miami-Dade,6,MIAMI-DADE,SR 922/96 ST,N/A,02,25.886919,-80.122724,FDOT Traffic Signal Locations TDA,https://services1.arcgis.com/O1JpcwDW8sjYuddV/arcgis/rest/services/Traffic_Signal_Locations_TDA/FeatureServer/0,https://services1.arcgis.com/O1JpcwDW8sjYuddV/arcgis/rest/services/Traffic_Signal_Locations_TDA/FeatureServer/0/query?where=COUNTY%3D%27Miami-Dade%27&outFields=SIGNALID%2CCOUNTY%2CRDWYID%2CDISTRICT%2CMAINTAGC%2CSDESTRET%2CCNTLRDES%2CSIGNALNC&returnGeometry=true&outSR=4326&f=json
6354,87061000,Miami-Dade,6,MIAMI-DADE,SR5/US-1/BISCAYNE BL,N/A,02,25.779337,-80.188719,FDOT Traffic Signal Locations TDA,https://services1.arcgis.com/O1JpcwDW8sjYuddV/arcgis/rest/services/Traffic_Signal_Locations_TDA/FeatureServer/0,https://services1.arcgis.com/O1JpcwDW8sjYuddV/arcgis/rest/services/Traffic_Signal_Locations_TDA/FeatureServer/0/query?where=COUNTY%3D%27Miami-Dade%27&outFields=SIGNALID%2CCOUNTY%2CRDWYID%2CDISTRICT%2CMAINTAGC%2CSDESTRET%2CCNTLRDES%2CSIGNALNC&returnGeometry=true&outSR=4326&f=json
2249,87120000,Miami-Dade,6,MIAMI-DADE,SW 17 AVE,N/A,N/A,25.765632,-80.222459,FDOT Traffic Signal Locations TDA,https://services1.arcgis.com/O1JpcwDW8sjYuddV/arcgis/rest/services/Traffic_Signal_Locations_TDA/FeatureServer/0,https://services1.arcgis.com/O1JpcwDW8sjYuddV/arcgis/rest/services/Traffic_Signal_Locations_TDA/FeatureServer/0/query?where=COUNTY%3D%27Miami-Dade%27&outFields=SIGNALID%2CCOUNTY%2CRDWYID%2CDISTRICT%2CMAINTAGC%2CSDESTRET%2CCNTLRDES%2CSIGNALNC&returnGeometry=true&outSR=4326&f=json
3709,87120000,Miami-Dade,6,MIAMI-DADE,SR 985/ SW 107 AVE,N/A,N/A,25.761239,-80.368296,FDOT Traffic Signal Locations TDA,https://services1.arcgis.com/O1JpcwDW8sjYuddV/arcgis/rest/services/Traffic_Signal_Locations_TDA/FeatureServer/0,https://services1.arcgis.com/O1JpcwDW8sjYuddV/arcgis/rest/services/Traffic_Signal_Locations_TDA/FeatureServer/0/query?where=COUNTY%3D%27Miami-Dade%27&outFields=SIGNALID%2CCOUNTY%2CRDWYID%2CDISTRICT%2CMAINTAGC%2CSDESTRET%2CCNTLRDES%2CSIGNALNC&returnGeometry=true&outSR=4326&f=json
5493,87047000,Miami-Dade,6,MIAMI-DADE,SW 92 ST,N/A,N/A,25.68439,-80.335466,FDOT Traffic Signal Locations TDA,https://services1.arcgis.com/O1JpcwDW8sjYuddV/arcgis/rest/services/Traffic_Signal_Locations_TDA/FeatureServer/0,https://services1.arcgis.com/O1JpcwDW8sjYuddV/arcgis/rest/services/Traffic_Signal_Locations_TDA/FeatureServer/0/query?where=COUNTY%3D%27Miami-Dade%27&outFields=SIGNALID%2CCOUNTY%2CRDWYID%2CDISTRICT%2CMAINTAGC%2CSDESTRET%2CCNTLRDES%2CSIGNALNC&returnGeometry=true&outSR=4326&f=json
6042,87020000,Miami-Dade,6,MIAMI-DADE,SW 224 ST/MIAMI AVE,N/A,N/A,25.558872,-80.388777,FDOT Traffic Signal Locations TDA,https://services1.arcgis.com/O1JpcwDW8sjYuddV/arcgis/rest/services/Traffic_Signal_Locations_TDA/FeatureServer/0,https://services1.arcgis.com/O1JpcwDW8sjYuddV/arcgis/rest/services/Traffic_Signal_Locations_TDA/FeatureServer/0/query?where=COUNTY%3D%27Miami-Dade%27&outFields=SIGNALID%2CCOUNTY%2CRDWYID%2CDISTRICT%2CMAINTAGC%2CSDESTRET%2CCNTLRDES%2CSIGNALNC&returnGeometry=true&outSR=4326&f=json
3387,87026000,Miami-Dade,6,MIAMI-DADE,I-95 NB,N/A,N/A,25.941474,-80.18573,FDOT Traffic Signal Locations TDA,https://services1.arcgis.com/O1JpcwDW8sjYuddV/arcgis/rest/services/Traffic_Signal_Locations_TDA/FeatureServer/0,https://services1.arcgis.com/O1JpcwDW8sjYuddV/arcgis/rest/services/Traffic_Signal_Locations_TDA/FeatureServer/0/query?where=COUNTY%3D%27Miami-Dade%27&outFields=SIGNALID%2CCOUNTY%2CRDWYID%2CDISTRICT%2CMAINTAGC%2CSDESTRET%2CCNTLRDES%2CSIGNALNC&returnGeometry=true&outSR=4326&f=json
2145,87062000,Miami-Dade,6,MIAMI-DADE,US-41/SR 90/SW 8 ST,N/A,N/A,25.763502,-80.287875,FDOT Traffic Signal Locations TDA,https://services1.arcgis.com/O1JpcwDW8sjYuddV/arcgis/rest/services/Traffic_Signal_Locations_TDA/FeatureServer/0,https://services1.arcgis.com/O1JpcwDW8sjYuddV/arcgis/rest/services/Traffic_Signal_Locations_TDA/FeatureServer/0/query?where=COUNTY%3D%27Miami-Dade%27&outFields=SIGNALID%2CCOUNTY%2CRDWYID%2CDISTRICT%2CMAINTAGC%2CSDESTRET%2CCNTLRDES%2CSIGNALNC&returnGeometry=true&outSR=4326&f=json
3739,87044000,Miami-Dade,6,MIAMI-DADE,ALHAMBRA,N/A,N/A,25.733974,-80.28471,FDOT Traffic Signal Locations TDA,https://services1.arcgis.com/O1JpcwDW8sjYuddV/arcgis/rest/services/Traffic_Signal_Locations_TDA/FeatureServer/0,https://services1.arcgis.com/O1JpcwDW8sjYuddV/arcgis/rest/services/Traffic_Signal_Locations_TDA/FeatureServer/0/query?where=COUNTY%3D%27Miami-Dade%27&outFields=SIGNALID%2CCOUNTY%2CRDWYID%2CDISTRICT%2CMAINTAGC%2CSDESTRET%2CCNTLRDES%2CSIGNALNC&returnGeometry=true&outSR=4326&f=json
3237,87047000,Miami-Dade,6,MIAMI-DADE,SR 94/SW 88 ST,N/A,02,25.687891,-80.333558,FDOT Traffic Signal Locations TDA,https://services1.arcgis.com/O1JpcwDW8sjYuddV/arcgis/rest/services/Traffic_Signal_Locations_TDA/FeatureServer/0,https://services1.arcgis.com/O1JpcwDW8sjYuddV/arcgis/rest/services/Traffic_Signal_Locations_TDA/FeatureServer/0/query?where=COUNTY%3D%27Miami-Dade%27&outFields=SIGNALID%2CCOUNTY%2CRDWYID%2CDISTRICT%2CMAINTAGC%2CSDESTRET%2CCNTLRDES%2CSIGNALNC&returnGeometry=true&outSR=4326&f=json
3233,87220000,Miami-Dade,6,MIAMI-DADE,NW 4900 BLOCK,N/A,N/A,25.807985,-80.276782,FDOT Traffic Signal Locations TDA,https://services1.arcgis.com/O1JpcwDW8sjYuddV/arcgis/rest/services/Traffic_Signal_Locations_TDA/FeatureServer/0,https://services1.arcgis.com/O1JpcwDW8sjYuddV/arcgis/rest/services/Traffic_Signal_Locations_TDA/FeatureServer/0/query?where=COUNTY%3D%27Miami-Dade%27&outFields=SIGNALID%2CCOUNTY%2CRDWYID%2CDISTRICT%2CMAINTAGC%2CSDESTRET%2CCNTLRDES%2CSIGNALNC&returnGeometry=true&outSR=4326&f=json
4061,87030000,Miami-Dade,6,MIAMI-DADE,NE 114 ST,N/A,N/A,25.88099,-80.166696,FDOT Traffic Signal Locations TDA,https://services1.arcgis.com/O1JpcwDW8sjYuddV/arcgis/rest/services/Traffic_Signal_Locations_TDA/FeatureServer/0,https://services1.arcgis.com/O1JpcwDW8sjYuddV/arcgis/rest/services/Traffic_Signal_Locations_TDA/FeatureServer/0/query?where=COUNTY%3D%27Miami-Dade%27&outFields=SIGNALID%2CCOUNTY%2CRDWYID%2CDISTRICT%2CMAINTAGC%2CSDESTRET%2CCNTLRDES%2CSIGNALNC&returnGeometry=true&outSR=4326&f=json
2050,87090000,Miami-Dade,6,MIAMI-DADE,NW 10 AV,N/A,N/A,25.809958,-80.211282,FDOT Traffic Signal Locations TDA,https://services1.arcgis.com/O1JpcwDW8sjYuddV/arcgis/rest/services/Traffic_Signal_Locations_TDA/FeatureServer/0,https://services1.arcgis.com/O1JpcwDW8sjYuddV/arcgis/rest/services/Traffic_Signal_Locations_TDA/FeatureServer/0/query?where=COUNTY%3D%27Miami-Dade%27&outFields=SIGNALID%2CCOUNTY%2CRDWYID%2CDISTRICT%2CMAINTAGC%2CSDESTRET%2CCNTLRDES%2CSIGNALNC&returnGeometry=true&outSR=4326&f=json
2387,87140000,Miami-Dade,6,MIAMI-DADE,NW 17 ST,N/A,N/A,25.791549,-80.206969,FDOT Traffic Signal Locations TDA,https://services1.arcgis.com/O1JpcwDW8sjYuddV/arcgis/rest/services/Traffic_Signal_Locations_TDA/FeatureServer/0,https://services1.arcgis.com/O1JpcwDW8sjYuddV/arcgis/rest/services/Traffic_Signal_Locations_TDA/FeatureServer/0/query?where=COUNTY%3D%27Miami-Dade%27&outFields=SIGNALID%2CCOUNTY%2CRDWYID%2CDISTRICT%2CMAINTAGC%2CSDESTRET%2CCNTLRDES%2CSIGNALNC&returnGeometry=true&outSR=4326&f=json
3673,87034000,Miami-Dade,6,MIAMI-DADE,BISCAYNE RD/NE 103 S,N/A,02,25.86994,-80.185578,FDOT Traffic Signal Locations TDA,https://services1.arcgis.com/O1JpcwDW8sjYuddV/arcgis/rest/services/Traffic_Signal_Locations_TDA/FeatureServer/0,https://services1.arcgis.com/O1JpcwDW8sjYuddV/arcgis/rest/services/Traffic_Signal_Locations_TDA/FeatureServer/0/query?where=COUNTY%3D%27Miami-Dade%27&outFields=SIGNALID%2CCOUNTY%2CRDWYID%2CDISTRICT%2CMAINTAGC%2CSDESTRET%2CCNTLRDES%2CSIGNALNC&returnGeometry=true&outSR=4326&f=json
3618,87027000,Miami-Dade,6,MIAMI-DADE,SR 968/FLAGER ST,N/A,02,25.770186,-80.312206,FDOT Traffic Signal Locations TDA,https://services1.arcgis.com/O1JpcwDW8sjYuddV/arcgis/rest/services/Traffic_Signal_Locations_TDA/FeatureServer/0,https://services1.arcgis.com/O1JpcwDW8sjYuddV/arcgis/rest/services/Traffic_Signal_Locations_TDA/FeatureServer/0/query?where=COUNTY%3D%27Miami-Dade%27&outFields=SIGNALID%2CCOUNTY%2CRDWYID%2CDISTRICT%2CMAINTAGC%2CSDESTRET%2CCNTLRDES%2CSIGNALNC&returnGeometry=true&outSR=4326&f=json
3588,87240000,Miami-Dade,6,MIAMI-DADE,NW 71 ST,N/A,N/A,25.838506,-80.241388,FDOT Traffic Signal Locations TDA,https://services1.arcgis.com/O1JpcwDW8sjYuddV/arcgis/rest/services/Traffic_Signal_Locations_TDA/FeatureServer/0,https://services1.arcgis.com/O1JpcwDW8sjYuddV/arcgis/rest/services/Traffic_Signal_Locations_TDA/FeatureServer/0/query?where=COUNTY%3D%27Miami-Dade%27&outFields=SIGNALID%2CCOUNTY%2CRDWYID%2CDISTRICT%2CMAINTAGC%2CSDESTRET%2CCNTLRDES%2CSIGNALNC&returnGeometry=true&outSR=4326&f=json
2045,87080900,Miami-Dade,6,MIAMI-DADE,N/A,N/A,N/A,25.847168,-80.205906,FDOT Traffic Signal Locations TDA,https://services1.arcgis.com/O1JpcwDW8sjYuddV/arcgis/rest/services/Traffic_Signal_Locations_TDA/FeatureServer/0,https://services1.arcgis.com/O1JpcwDW8sjYuddV/arcgis/rest/services/Traffic_Signal_Locations_TDA/FeatureServer/0/query?where=COUNTY%3D%27Miami-Dade%27&outFields=SIGNALID%2CCOUNTY%2CRDWYID%2CDISTRICT%2CMAINTAGC%2CSDESTRET%2CCNTLRDES%2CSIGNALNC&returnGeometry=true&outSR=4326&f=json
4910,87026000,Miami-Dade,6,MIAMI-DADE,N/A,N/A,N/A,25.947387,-80.149846,FDOT Traffic Signal Locations TDA,https://services1.arcgis.com/O1JpcwDW8sjYuddV/arcgis/rest/services/Traffic_Signal_Locations_TDA/FeatureServer/0,https://services1.arcgis.com/O1JpcwDW8sjYuddV/arcgis/rest/services/Traffic_Signal_Locations_TDA/FeatureServer/0/query?where=COUNTY%3D%27Miami-Dade%27&outFields=SIGNALID%2CCOUNTY%2CRDWYID%2CDISTRICT%2CMAINTAGC%2CSDESTRET%2CCNTLRDES%2CSIGNALNC&returnGeometry=true&outSR=4326&f=json
6974,87150000,Miami-Dade,6,MIAMI-DADE,SW 272 ST,N/A,N/A,25.5138,-80.477794,FDOT Traffic Signal Locations TDA,https://services1.arcgis.com/O1JpcwDW8sjYuddV/arcgis/rest/services/Traffic_Signal_Locations_TDA/FeatureServer/0,https://services1.arcgis.com/O1JpcwDW8sjYuddV/arcgis/rest/services/Traffic_Signal_Locations_TDA/FeatureServer/0/query?where=COUNTY%3D%27Miami-Dade%27&outFields=SIGNALID%2CCOUNTY%2CRDWYID%2CDISTRICT%2CMAINTAGC%2CSDESTRET%2CCNTLRDES%2CSIGNALNC&returnGeometry=true&outSR=4326&f=json
4393,87140000,Miami-Dade,6,MIAMI-DADE,NW 65 ST/NW 66ST,N/A,N/A,25.834416,-80.208599,FDOT Traffic Signal Locations TDA,https://services1.arcgis.com/O1JpcwDW8sjYuddV/arcgis/rest/services/Traffic_Signal_Locations_TDA/FeatureServer/0,https://services1.arcgis.com/O1JpcwDW8sjYuddV/arcgis/rest/services/Traffic_Signal_Locations_TDA/FeatureServer/0/query?where=COUNTY%3D%27Miami-Dade%27&outFields=SIGNALID%2CCOUNTY%2CRDWYID%2CDISTRICT%2CMAINTAGC%2CSDESTRET%2CCNTLRDES%2CSIGNALNC&returnGeometry=true&outSR=4326&f=json
2597,87044000,Miami-Dade,6,MIAMI-DADE,GRANADA BLVD,N/A,N/A,25.734289,-80.273808,FDOT Traffic Signal Locations TDA,https://services1.arcgis.com/O1JpcwDW8sjYuddV/arcgis/rest/services/Traffic_Signal_Locations_TDA/FeatureServer/0,https://services1.arcgis.com/O1JpcwDW8sjYuddV/arcgis/rest/services/Traffic_Signal_Locations_TDA/FeatureServer/0/query?where=COUNTY%3D%27Miami-Dade%27&outFields=SIGNALID%2CCOUNTY%2CRDWYID%2CDISTRICT%2CMAINTAGC%2CSDESTRET%2CCNTLRDES%2CSIGNALNC&returnGeometry=true&outSR=4326&f=json
5985,87020000,Miami-Dade,6,MIAMI-DADE,SW 33300 BLK,N/A,N/A,25.457869,-80.475112,FDOT Traffic Signal Locations TDA,https://services1.arcgis.com/O1JpcwDW8sjYuddV/arcgis/rest/services/Traffic_Signal_Locations_TDA/FeatureServer/0,https://services1.arcgis.com/O1JpcwDW8sjYuddV/arcgis/rest/services/Traffic_Signal_Locations_TDA/FeatureServer/0/query?where=COUNTY%3D%27Miami-Dade%27&outFields=SIGNALID%2CCOUNTY%2CRDWYID%2CDISTRICT%2CMAINTAGC%2CSDESTRET%2CCNTLRDES%2CSIGNALNC&returnGeometry=true&outSR=4326&f=json
4974,87120000,Miami-Dade,6,MIAMI-DADE,SW 117 AVE,N/A,N/A,25.76103,-80.378371,FDOT Traffic Signal Locations TDA,https://services1.arcgis.com/O1JpcwDW8sjYuddV/arcgis/rest/services/Traffic_Signal_Locations_TDA/FeatureServer/0,https://services1.arcgis.com/O1JpcwDW8sjYuddV/arcgis/rest/services/Traffic_Signal_Locations_TDA/FeatureServer/0/query?where=COUNTY%3D%27Miami-Dade%27&outFields=SIGNALID%2CCOUNTY%2CRDWYID%2CDISTRICT%2CMAINTAGC%2CSDESTRET%2CCNTLRDES%2CSIGNALNC&returnGeometry=true&outSR=4326&f=json
5268,87061000,Miami-Dade,6,MIAMI-DADE,TURNOUT FROM BAYSIDE,N/A,N/A,25.780096,-80.187512,FDOT Traffic Signal Locations TDA,https://services1.arcgis.com/O1JpcwDW8sjYuddV/arcgis/rest/services/Traffic_Signal_Locations_TDA/FeatureServer/0,https://services1.arcgis.com/O1JpcwDW8sjYuddV/arcgis/rest/services/Traffic_Signal_Locations_TDA/FeatureServer/0/query?where=COUNTY%3D%27Miami-Dade%27&outFields=SIGNALID%2CCOUNTY%2CRDWYID%2CDISTRICT%2CMAINTAGC%2CSDESTRET%2CCNTLRDES%2CSIGNALNC&returnGeometry=true&outSR=4326&f=json
N/A,87002000,Miami-Dade,6,N/A,ON/OFF RAMP TPKE,N/A,N/A,25.968659,-80.29481,FDOT Traffic Signal Locations TDA,https://services1.arcgis.com/O1JpcwDW8sjYuddV/arcgis/rest/services/Traffic_Signal_Locations_TDA/FeatureServer/0,https://services1.arcgis.com/O1JpcwDW8sjYuddV/arcgis/rest/services/Traffic_Signal_Locations_TDA/FeatureServer/0/query?where=COUNTY%3D%27Miami-Dade%27&outFields=SIGNALID%2CCOUNTY%2CRDWYID%2CDISTRICT%2CMAINTAGC%2CSDESTRET%2CCNTLRDES%2CSIGNALNC&returnGeometry=true&outSR=4326&f=json
2248,87085000,Miami-Dade,6,MIAMI-DADE,SR 90 / SW 8 ST,N/A,02,25.765853,-80.214445,FDOT Traffic Signal Locations TDA,https://services1.arcgis.com/O1JpcwDW8sjYuddV/arcgis/rest/services/Traffic_Signal_Locations_TDA/FeatureServer/0,https://services1.arcgis.com/O1JpcwDW8sjYuddV/arcgis/rest/services/Traffic_Signal_Locations_TDA/FeatureServer/0/query?where=COUNTY%3D%27Miami-Dade%27&outFields=SIGNALID%2CCOUNTY%2CRDWYID%2CDISTRICT%2CMAINTAGC%2CSDESTRET%2CCNTLRDES%2CSIGNALNC&returnGeometry=true&outSR=4326&f=json
2409,87085000,Miami-Dade,6,MIAMI-DADE,NW 22 ST,N/A,N/A,25.797752,-80.215189,FDOT Traffic Signal Locations TDA,https://services1.arcgis.com/O1JpcwDW8sjYuddV/arcgis/rest/services/Traffic_Signal_Locations_TDA/FeatureServer/0,https://services1.arcgis.com/O1JpcwDW8sjYuddV/arcgis/rest/services/Traffic_Signal_Locations_TDA/FeatureServer/0/query?where=COUNTY%3D%27Miami-Dade%27&outFields=SIGNALID%2CCOUNTY%2CRDWYID%2CDISTRICT%2CMAINTAGC%2CSDESTRET%2CCNTLRDES%2CSIGNALNC&returnGeometry=true&outSR=4326&f=json
4678,87054000,Miami-Dade,6,MIAMI-DADE,SW 31 RD,N/A,N/A,25.752316,-80.212528,FDOT Traffic Signal Locations TDA,https://services1.arcgis.com/O1JpcwDW8sjYuddV/arcgis/rest/services/Traffic_Signal_Locations_TDA/FeatureServer/0,https://services1.arcgis.com/O1JpcwDW8sjYuddV/arcgis/rest/services/Traffic_Signal_Locations_TDA/FeatureServer/0/query?where=COUNTY%3D%27Miami-Dade%27&outFields=SIGNALID%2CCOUNTY%2CRDWYID%2CDISTRICT%2CMAINTAGC%2CSDESTRET%2CCNTLRDES%2CSIGNALNC&returnGeometry=true&outSR=4326&f=json
4897,87054000,Miami-Dade,6,MIAMI-DADE,SW 33 AV,N/A,N/A,25.749988,-80.248643,FDOT Traffic Signal Locations TDA,https://services1.arcgis.com/O1JpcwDW8sjYuddV/arcgis/rest/services/Traffic_Signal_Locations_TDA/FeatureServer/0,https://services1.arcgis.com/O1JpcwDW8sjYuddV/arcgis/rest/services/Traffic_Signal_Locations_TDA/FeatureServer/0/query?where=COUNTY%3D%27Miami-Dade%27&outFields=SIGNALID%2CCOUNTY%2CRDWYID%2CDISTRICT%2CMAINTAGC%2CSDESTRET%2CCNTLRDES%2CSIGNALNC&returnGeometry=true&outSR=4326&f=json
2637,87080000,Miami-Dade,6,MIAMI-DADE,SRA1A/ABBOTT AVE,N/A,02,25.85608,-80.122274,FDOT Traffic Signal Locations TDA,https://services1.arcgis.com/O1JpcwDW8sjYuddV/arcgis/rest/services/Traffic_Signal_Locations_TDA/FeatureServer/0,https://services1.arcgis.com/O1JpcwDW8sjYuddV/arcgis/rest/services/Traffic_Signal_Locations_TDA/FeatureServer/0/query?where=COUNTY%3D%27Miami-Dade%27&outFields=SIGNALID%2CCOUNTY%2CRDWYID%2CDISTRICT%2CMAINTAGC%2CSDESTRET%2CCNTLRDES%2CSIGNALNC&returnGeometry=true&outSR=4326&f=json
2296,87030000,Miami-Dade,6,MIAMI DADE,NE 1 ST,N/A,N/A,25.77535,-80.187403,FDOT Traffic Signal Locations TDA,https://services1.arcgis.com/O1JpcwDW8sjYuddV/arcgis/rest/services/Traffic_Signal_Locations_TDA/FeatureServer/0,https://services1.arcgis.com/O1JpcwDW8sjYuddV/arcgis/rest/services/Traffic_Signal_Locations_TDA/FeatureServer/0/query?where=COUNTY%3D%27Miami-Dade%27&outFields=SIGNALID%2CCOUNTY%2CRDWYID%2CDISTRICT%2CMAINTAGC%2CSDESTRET%2CCNTLRDES%2CSIGNALNC&returnGeometry=true&outSR=4326&f=json
2200,87053003,Miami-Dade,6,MIAMI-DADE,W 16 AVE,N/A,N/A,25.773303,-80.221329,FDOT Traffic Signal Locations TDA,https://services1.arcgis.com/O1JpcwDW8sjYuddV/arcgis/rest/services/Traffic_Signal_Locations_TDA/FeatureServer/0,https://services1.arcgis.com/O1JpcwDW8sjYuddV/arcgis/rest/services/Traffic_Signal_Locations_TDA/FeatureServer/0/query?where=COUNTY%3D%27Miami-Dade%27&outFields=SIGNALID%2CCOUNTY%2CRDWYID%2CDISTRICT%2CMAINTAGC%2CSDESTRET%2CCNTLRDES%2CSIGNALNC&returnGeometry=true&outSR=4326&f=json
3836,87240000,Miami-Dade,6,MIAMI-DADE,NW 50 ST,N/A,N/A,25.820116,-80.240555,FDOT Traffic Signal Locations TDA,https://services1.arcgis.com/O1JpcwDW8sjYuddV/arcgis/rest/services/Traffic_Signal_Locations_TDA/FeatureServer/0,https://services1.arcgis.com/O1JpcwDW8sjYuddV/arcgis/rest/services/Traffic_Signal_Locations_TDA/FeatureServer/0/query?where=COUNTY%3D%27Miami-Dade%27&outFields=SIGNALID%2CCOUNTY%2CRDWYID%2CDISTRICT%2CMAINTAGC%2CSDESTRET%2CCNTLRDES%2CSIGNALNC&returnGeometry=true&outSR=4326&f=json
3172,87080001,Miami-Dade,6,MIAMI-DADE,NW 7 AV,N/A,02,25.84889,-80.209208,FDOT Traffic Signal Locations TDA,https://services1.arcgis.com/O1JpcwDW8sjYuddV/arcgis/rest/services/Traffic_Signal_Locations_TDA/FeatureServer/0,https://services1.arcgis.com/O1JpcwDW8sjYuddV/arcgis/rest/services/Traffic_Signal_Locations_TDA/FeatureServer/0/query?where=COUNTY%3D%27Miami-Dade%27&outFields=SIGNALID%2CCOUNTY%2CRDWYID%2CDISTRICT%2CMAINTAGC%2CSDESTRET%2CCNTLRDES%2CSIGNALNC&returnGeometry=true&outSR=4326&f=json
2255,87054000,Miami-Dade,6,MIAMI-DADE,BRICKELL AVE,N/A,02,25.761673,-80.191801,FDOT Traffic Signal Locations TDA,https://services1.arcgis.com/O1JpcwDW8sjYuddV/arcgis/rest/services/Traffic_Signal_Locations_TDA/FeatureServer/0,https://services1.arcgis.com/O1JpcwDW8sjYuddV/arcgis/rest/services/Traffic_Signal_Locations_TDA/FeatureServer/0/query?where=COUNTY%3D%27Miami-Dade%27&outFields=SIGNALID%2CCOUNTY%2CRDWYID%2CDISTRICT%2CMAINTAGC%2CSDESTRET%2CCNTLRDES%2CSIGNALNC&returnGeometry=true&outSR=4326&f=json
3978,87002000,Miami-Dade,6,MIAMI-DADE,SR 934/ W 21 ST,N/A,02,25.84076,-80.289959,FDOT Traffic Signal Locations TDA,https://services1.arcgis.com/O1JpcwDW8sjYuddV/arcgis/rest/services/Traffic_Signal_Locations_TDA/FeatureServer/0,https://services1.arcgis.com/O1JpcwDW8sjYuddV/arcgis/rest/services/Traffic_Signal_Locations_TDA/FeatureServer/0/query?where=COUNTY%3D%27Miami-Dade%27&outFields=SIGNALID%2CCOUNTY%2CRDWYID%2CDISTRICT%2CMAINTAGC%2CSDESTRET%2CCNTLRDES%2CSIGNALNC&returnGeometry=true&outSR=4326&f=json
6035,87030000,Miami-Dade,6,MIAMI-DADE,SE 14 ST,N/A,N/A,25.760642,-80.19207,FDOT Traffic Signal Locations TDA,https://services1.arcgis.com/O1JpcwDW8sjYuddV/arcgis/rest/services/Traffic_Signal_Locations_TDA/FeatureServer/0,https://services1.arcgis.com/O1JpcwDW8sjYuddV/arcgis/rest/services/Traffic_Signal_Locations_TDA/FeatureServer/0/query?where=COUNTY%3D%27Miami-Dade%27&outFields=SIGNALID%2CCOUNTY%2CRDWYID%2CDISTRICT%2CMAINTAGC%2CSDESTRET%2CCNTLRDES%2CSIGNALNC&returnGeometry=true&outSR=4326&f=json
2071,87250000,Miami-Dade,6,MIAMI-DADE,NW 2 AVE,N/A,N/A,25.825165,-80.200194,FDOT Traffic Signal Locations TDA,https://services1.arcgis.com/O1JpcwDW8sjYuddV/arcgis/rest/services/Traffic_Signal_Locations_TDA/FeatureServer/0,https://services1.arcgis.com/O1JpcwDW8sjYuddV/arcgis/rest/services/Traffic_Signal_Locations_TDA/FeatureServer/0/query?where=COUNTY%3D%27Miami-Dade%27&outFields=SIGNALID%2CCOUNTY%2CRDWYID%2CDISTRICT%2CMAINTAGC%2CSDESTRET%2CCNTLRDES%2CSIGNALNC&returnGeometry=true&outSR=4326&f=json
4005,87030000,Miami-Dade,6,MIAMI-DADE,NE 91 ST,N/A,N/A,25.858972,-80.183202,FDOT Traffic Signal Locations TDA,https://services1.arcgis.com/O1JpcwDW8sjYuddV/arcgis/rest/services/Traffic_Signal_Locations_TDA/FeatureServer/0,https://services1.arcgis.com/O1JpcwDW8sjYuddV/arcgis/rest/services/Traffic_Signal_Locations_TDA/FeatureServer/0/query?where=COUNTY%3D%27Miami-Dade%27&outFields=SIGNALID%2CCOUNTY%2CRDWYID%2CDISTRICT%2CMAINTAGC%2CSDESTRET%2CCNTLRDES%2CSIGNALNC&returnGeometry=true&outSR=4326&f=json
4627,87038000,Miami-Dade,6,MIAMI-DADE,N/A,N/A,N/A,25.868204,-80.23733,FDOT Traffic Signal Locations TDA,https://services1.arcgis.com/O1JpcwDW8sjYuddV/arcgis/rest/services/Traffic_Signal_Locations_TDA/FeatureServer/0,https://services1.arcgis.com/O1JpcwDW8sjYuddV/arcgis/rest/services/Traffic_Signal_Locations_TDA/FeatureServer/0/query?where=COUNTY%3D%27Miami-Dade%27&outFields=SIGNALID%2CCOUNTY%2CRDWYID%2CDISTRICT%2CMAINTAGC%2CSDESTRET%2CCNTLRDES%2CSIGNALNC&returnGeometry=true&outSR=4326&f=json
3724,87190000,Miami-Dade,6,MIAMI-DADE,NE 143 ST/NE 14 AVE,N/A,N/A,25.907272,-80.171209,FDOT Traffic Signal Locations TDA,https://services1.arcgis.com/O1JpcwDW8sjYuddV/arcgis/rest/services/Traffic_Signal_Locations_TDA/FeatureServer/0,https://services1.arcgis.com/O1JpcwDW8sjYuddV/arcgis/rest/services/Traffic_Signal_Locations_TDA/FeatureServer/0/query?where=COUNTY%3D%27Miami-Dade%27&outFields=SIGNALID%2CCOUNTY%2CRDWYID%2CDISTRICT%2CMAINTAGC%2CSDESTRET%2CCNTLRDES%2CSIGNALNC&returnGeometry=true&outSR=4326&f=json
2763,87080347,Miami-Dade,6,MIAMI-DADE,BIARRITZ DR,N/A,N/A,25.851737,-80.142751,FDOT Traffic Signal Locations TDA,https://services1.arcgis.com/O1JpcwDW8sjYuddV/arcgis/rest/services/Traffic_Signal_Locations_TDA/FeatureServer/0,https://services1.arcgis.com/O1JpcwDW8sjYuddV/arcgis/rest/services/Traffic_Signal_Locations_TDA/FeatureServer/0/query?where=COUNTY%3D%27Miami-Dade%27&outFields=SIGNALID%2CCOUNTY%2CRDWYID%2CDISTRICT%2CMAINTAGC%2CSDESTRET%2CCNTLRDES%2CSIGNALNC&returnGeometry=true&outSR=4326&f=json
6636,87020000,Miami-Dade,6,MIAMI-DADE,SW 260 ST,N/A,N/A,25.525411,-80.421695,FDOT Traffic Signal Locations TDA,https://services1.arcgis.com/O1JpcwDW8sjYuddV/arcgis/rest/services/Traffic_Signal_Locations_TDA/FeatureServer/0,https://services1.arcgis.com/O1JpcwDW8sjYuddV/arcgis/rest/services/Traffic_Signal_Locations_TDA/FeatureServer/0/query?where=COUNTY%3D%27Miami-Dade%27&outFields=SIGNALID%2CCOUNTY%2CRDWYID%2CDISTRICT%2CMAINTAGC%2CSDESTRET%2CCNTLRDES%2CSIGNALNC&returnGeometry=true&outSR=4326&f=json
3741,87020000,Miami-Dade,6,MIAMI-DADE,SW 268 ST,N/A,N/A,25.51798,-80.42794,FDOT Traffic Signal Locations TDA,https://services1.arcgis.com/O1JpcwDW8sjYuddV/arcgis/rest/services/Traffic_Signal_Locations_TDA/FeatureServer/0,https://services1.arcgis.com/O1JpcwDW8sjYuddV/arcgis/rest/services/Traffic_Signal_Locations_TDA/FeatureServer/0/query?where=COUNTY%3D%27Miami-Dade%27&outFields=SIGNALID%2CCOUNTY%2CRDWYID%2CDISTRICT%2CMAINTAGC%2CSDESTRET%2CCNTLRDES%2CSIGNALNC&returnGeometry=true&outSR=4326&f=json
2674,87060000,Miami-Dade,6,MIAMI-DADE,29 ST,N/A,N/A,25.805005,-80.124975,FDOT Traffic Signal Locations TDA,https://services1.arcgis.com/O1JpcwDW8sjYuddV/arcgis/rest/services/Traffic_Signal_Locations_TDA/FeatureServer/0,https://services1.arcgis.com/O1JpcwDW8sjYuddV/arcgis/rest/services/Traffic_Signal_Locations_TDA/FeatureServer/0/query?where=COUNTY%3D%27Miami-Dade%27&outFields=SIGNALID%2CCOUNTY%2CRDWYID%2CDISTRICT%2CMAINTAGC%2CSDESTRET%2CCNTLRDES%2CSIGNALNC&returnGeometry=true&outSR=4326&f=json
3362,87120000,Miami-Dade,6,MIAMI-DADE,SR 973/ SW 87 AVE,N/A,N/A,25.76189,-80.336032,FDOT Traffic Signal Locations TDA,https://services1.arcgis.com/O1JpcwDW8sjYuddV/arcgis/rest/services/Traffic_Signal_Locations_TDA/FeatureServer/0,https://services1.arcgis.com/O1JpcwDW8sjYuddV/arcgis/rest/services/Traffic_Signal_Locations_TDA/FeatureServer/0/query?where=COUNTY%3D%27Miami-Dade%27&outFields=SIGNALID%2CCOUNTY%2CRDWYID%2CDISTRICT%2CMAINTAGC%2CSDESTRET%2CCNTLRDES%2CSIGNALNC&returnGeometry=true&outSR=4326&f=json
3251,87019000,Miami-Dade,6,MIAMI-DADE,NW 160 ST,N/A,N/A,25.920225,-80.244388,FDOT Traffic Signal Locations TDA,https://services1.arcgis.com/O1JpcwDW8sjYuddV/arcgis/rest/services/Traffic_Signal_Locations_TDA/FeatureServer/0,https://services1.arcgis.com/O1JpcwDW8sjYuddV/arcgis/rest/services/Traffic_Signal_Locations_TDA/FeatureServer/0/query?where=COUNTY%3D%27Miami-Dade%27&outFields=SIGNALID%2CCOUNTY%2CRDWYID%2CDISTRICT%2CMAINTAGC%2CSDESTRET%2CCNTLRDES%2CSIGNALNC&returnGeometry=true&outSR=4326&f=json
3300,87052000,Miami-Dade,6,MIAMI-DADE,NW 5 AV,N/A,N/A,25.88392,-80.206497,FDOT Traffic Signal Locations TDA,https://services1.arcgis.com/O1JpcwDW8sjYuddV/arcgis/rest/services/Traffic_Signal_Locations_TDA/FeatureServer/0,https://services1.arcgis.com/O1JpcwDW8sjYuddV/arcgis/rest/services/Traffic_Signal_Locations_TDA/FeatureServer/0/query?where=COUNTY%3D%27Miami-Dade%27&outFields=SIGNALID%2CCOUNTY%2CRDWYID%2CDISTRICT%2CMAINTAGC%2CSDESTRET%2CCNTLRDES%2CSIGNALNC&returnGeometry=true&outSR=4326&f=json
2723,87060001,Miami-Dade,6,MIAMI-DADE,INDIAN CREEK DR,N/A,N/A,25.851802,-80.122266,FDOT Traffic Signal Locations TDA,https://services1.arcgis.com/O1JpcwDW8sjYuddV/arcgis/rest/services/Traffic_Signal_Locations_TDA/FeatureServer/0,https://services1.arcgis.com/O1JpcwDW8sjYuddV/arcgis/rest/services/Traffic_Signal_Locations_TDA/FeatureServer/0/query?where=COUNTY%3D%27Miami-Dade%27&outFields=SIGNALID%2CCOUNTY%2CRDWYID%2CDISTRICT%2CMAINTAGC%2CSDESTRET%2CCNTLRDES%2CSIGNALNC&returnGeometry=true&outSR=4326&f=json
5255,87281000,Miami-Dade,6,MIAMI-DADE,E 56 ST,N/A,N/A,25.873463,-80.266904,FDOT Traffic Signal Locations TDA,https://services1.arcgis.com/O1JpcwDW8sjYuddV/arcgis/rest/services/Traffic_Signal_Locations_TDA/FeatureServer/0,https://services1.arcgis.com/O1JpcwDW8sjYuddV/arcgis/rest/services/Traffic_Signal_Locations_TDA/FeatureServer/0/query?where=COUNTY%3D%27Miami-Dade%27&outFields=SIGNALID%2CCOUNTY%2CRDWYID%2CDISTRICT%2CMAINTAGC%2CSDESTRET%2CCNTLRDES%2CSIGNALNC&returnGeometry=true&outSR=4326&f=json
7601,87120000,Miami-Dade,6,MIAMI-DADE,N/A,N/A,N/A,25.763704,-80.28427,FDOT Traffic Signal Locations TDA,https://services1.arcgis.com/O1JpcwDW8sjYuddV/arcgis/rest/services/Traffic_Signal_Locations_TDA/FeatureServer/0,https://services1.arcgis.com/O1JpcwDW8sjYuddV/arcgis/rest/services/Traffic_Signal_Locations_TDA/FeatureServer/0/query?where=COUNTY%3D%27Miami-Dade%27&outFields=SIGNALID%2CCOUNTY%2CRDWYID%2CDISTRICT%2CMAINTAGC%2CSDESTRET%2CCNTLRDES%2CSIGNALNC&returnGeometry=true&outSR=4326&f=json
2679,87060000,Miami-Dade,6,MIAMI-DADE,INDIAN CREEK DR,N/A,N/A,25.816087,-80.123276,FDOT Traffic Signal Locations TDA,https://services1.arcgis.com/O1JpcwDW8sjYuddV/arcgis/rest/services/Traffic_Signal_Locations_TDA/FeatureServer/0,https://services1.arcgis.com/O1JpcwDW8sjYuddV/arcgis/rest/services/Traffic_Signal_Locations_TDA/FeatureServer/0/query?where=COUNTY%3D%27Miami-Dade%27&outFields=SIGNALID%2CCOUNTY%2CRDWYID%2CDISTRICT%2CMAINTAGC%2CSDESTRET%2CCNTLRDES%2CSIGNALNC&returnGeometry=true&outSR=4326&f=json
2155,87085000,Miami-Dade,6,MIAMI-DADE,N/A,N/A,N/A,25.759825,-80.214257,FDOT Traffic Signal Locations TDA,https://services1.arcgis.com/O1JpcwDW8sjYuddV/arcgis/rest/services/Traffic_Signal_Locations_TDA/FeatureServer/0,https://services1.arcgis.com/O1JpcwDW8sjYuddV/arcgis/rest/services/Traffic_Signal_Locations_TDA/FeatureServer/0/query?where=COUNTY%3D%27Miami-Dade%27&outFields=SIGNALID%2CCOUNTY%2CRDWYID%2CDISTRICT%2CMAINTAGC%2CSDESTRET%2CCNTLRDES%2CSIGNALNC&returnGeometry=true&outSR=4326&f=json
3036,87150000,Miami-Dade,6,MIAMI-DADE,N 15 ST/SW 304 ST,N/A,N/A,25.484483,-80.477508,FDOT Traffic Signal Locations TDA,https://services1.arcgis.com/O1JpcwDW8sjYuddV/arcgis/rest/services/Traffic_Signal_Locations_TDA/FeatureServer/0,https://services1.arcgis.com/O1JpcwDW8sjYuddV/arcgis/rest/services/Traffic_Signal_Locations_TDA/FeatureServer/0/query?where=COUNTY%3D%27Miami-Dade%27&outFields=SIGNALID%2CCOUNTY%2CRDWYID%2CDISTRICT%2CMAINTAGC%2CSDESTRET%2CCNTLRDES%2CSIGNALNC&returnGeometry=true&outSR=4326&f=json
3972,87001000,Miami-Dade,6,MIAMI-DADE,SW 77 AVE,N/A,N/A,25.688401,-80.319306,FDOT Traffic Signal Locations TDA,https://services1.arcgis.com/O1JpcwDW8sjYuddV/arcgis/rest/services/Traffic_Signal_Locations_TDA/FeatureServer/0,https://services1.arcgis.com/O1JpcwDW8sjYuddV/arcgis/rest/services/Traffic_Signal_Locations_TDA/FeatureServer/0/query?where=COUNTY%3D%27Miami-Dade%27&outFields=SIGNALID%2CCOUNTY%2CRDWYID%2CDISTRICT%2CMAINTAGC%2CSDESTRET%2CCNTLRDES%2CSIGNALNC&returnGeometry=true&outSR=4326&f=json
2641,87037000,Miami-Dade,6,MIAMI-DADE,6 ST,N/A,N/A,25.775697,-80.140668,FDOT Traffic Signal Locations TDA,https://services1.arcgis.com/O1JpcwDW8sjYuddV/arcgis/rest/services/Traffic_Signal_Locations_TDA/FeatureServer/0,https://services1.arcgis.com/O1JpcwDW8sjYuddV/arcgis/rest/services/Traffic_Signal_Locations_TDA/FeatureServer/0/query?where=COUNTY%3D%27Miami-Dade%27&outFields=SIGNALID%2CCOUNTY%2CRDWYID%2CDISTRICT%2CMAINTAGC%2CSDESTRET%2CCNTLRDES%2CSIGNALNC&returnGeometry=true&outSR=4326&f=json
3978,87080900,Miami-Dade,6,MIAMI-DADE,SR 823/RED RD/W 4 AV,N/A,02,25.840534,-80.290043,FDOT Traffic Signal Locations TDA,https://services1.arcgis.com/O1JpcwDW8sjYuddV/arcgis/rest/services/Traffic_Signal_Locations_TDA/FeatureServer/0,https://services1.arcgis.com/O1JpcwDW8sjYuddV/arcgis/rest/services/Traffic_Signal_Locations_TDA/FeatureServer/0/query?where=COUNTY%3D%27Miami-Dade%27&outFields=SIGNALID%2CCOUNTY%2CRDWYID%2CDISTRICT%2CMAINTAGC%2CSDESTRET%2CCNTLRDES%2CSIGNALNC&returnGeometry=true&outSR=4326&f=json
2326,87140000,Miami-Dade,6,MIAMI-DADE,NW 5 ST,N/A,N/A,25.778493,-80.206686,FDOT Traffic Signal Locations TDA,https://services1.arcgis.com/O1JpcwDW8sjYuddV/arcgis/rest/services/Traffic_Signal_Locations_TDA/FeatureServer/0,https://services1.arcgis.com/O1JpcwDW8sjYuddV/arcgis/rest/services/Traffic_Signal_Locations_TDA/FeatureServer/0/query?where=COUNTY%3D%27Miami-Dade%27&outFields=SIGNALID%2CCOUNTY%2CRDWYID%2CDISTRICT%2CMAINTAGC%2CSDESTRET%2CCNTLRDES%2CSIGNALNC&returnGeometry=true&outSR=4326&f=json
3911,87037000,Miami-Dade,6,MIAMI-DADE,N/A,N/A,N/A,25.785731,-80.141071,FDOT Traffic Signal Locations TDA,https://services1.arcgis.com/O1JpcwDW8sjYuddV/arcgis/rest/services/Traffic_Signal_Locations_TDA/FeatureServer/0,https://services1.arcgis.com/O1JpcwDW8sjYuddV/arcgis/rest/services/Traffic_Signal_Locations_TDA/FeatureServer/0/query?where=COUNTY%3D%27Miami-Dade%27&outFields=SIGNALID%2CCOUNTY%2CRDWYID%2CDISTRICT%2CMAINTAGC%2CSDESTRET%2CCNTLRDES%2CSIGNALNC&returnGeometry=true&outSR=4326&f=json
3668,87001000,Miami-Dade,6,MIAMI-DADE,SR 826 OFF RAMP,N/A,N/A,25.688494,-80.316242,FDOT Traffic Signal Locations TDA,https://services1.arcgis.com/O1JpcwDW8sjYuddV/arcgis/rest/services/Traffic_Signal_Locations_TDA/FeatureServer/0,https://services1.arcgis.com/O1JpcwDW8sjYuddV/arcgis/rest/services/Traffic_Signal_Locations_TDA/FeatureServer/0/query?where=COUNTY%3D%27Miami-Dade%27&outFields=SIGNALID%2CCOUNTY%2CRDWYID%2CDISTRICT%2CMAINTAGC%2CSDESTRET%2CCNTLRDES%2CSIGNALNC&returnGeometry=true&outSR=4326&f=json
3181,87054000,Miami-Dade,6,MIAMI-DADE,SW 36 AV,N/A,N/A,25.749889,-80.252102,FDOT Traffic Signal Locations TDA,https://services1.arcgis.com/O1JpcwDW8sjYuddV/arcgis/rest/services/Traffic_Signal_Locations_TDA/FeatureServer/0,https://services1.arcgis.com/O1JpcwDW8sjYuddV/arcgis/rest/services/Traffic_Signal_Locations_TDA/FeatureServer/0/query?where=COUNTY%3D%27Miami-Dade%27&outFields=SIGNALID%2CCOUNTY%2CRDWYID%2CDISTRICT%2CMAINTAGC%2CSDESTRET%2CCNTLRDES%2CSIGNALNC&returnGeometry=true&outSR=4326&f=json
2120,87080900,Miami-Dade,6,MIAMI-DADE,NE 5 AVE,N/A,N/A,25.847772,-80.186901,FDOT Traffic Signal Locations TDA,https://services1.arcgis.com/O1JpcwDW8sjYuddV/arcgis/rest/services/Traffic_Signal_Locations_TDA/FeatureServer/0,https://services1.arcgis.com/O1JpcwDW8sjYuddV/arcgis/rest/services/Traffic_Signal_Locations_TDA/FeatureServer/0/query?where=COUNTY%3D%27Miami-Dade%27&outFields=SIGNALID%2CCOUNTY%2CRDWYID%2CDISTRICT%2CMAINTAGC%2CSDESTRET%2CCNTLRDES%2CSIGNALNC&returnGeometry=true&outSR=4326&f=json
4064,87008001,Miami-Dade,6,MIAMI-DADE,NW 2 AV,N/A,02,25.898692,-80.202923,FDOT Traffic Signal Locations TDA,https://services1.arcgis.com/O1JpcwDW8sjYuddV/arcgis/rest/services/Traffic_Signal_Locations_TDA/FeatureServer/0,https://services1.arcgis.com/O1JpcwDW8sjYuddV/arcgis/rest/services/Traffic_Signal_Locations_TDA/FeatureServer/0/query?where=COUNTY%3D%27Miami-Dade%27&outFields=SIGNALID%2CCOUNTY%2CRDWYID%2CDISTRICT%2CMAINTAGC%2CSDESTRET%2CCNTLRDES%2CSIGNALNC&returnGeometry=true&outSR=4326&f=json
4606,87060000,Miami-Dade,6,MIAMI-DADE,SR 856/192 ST EB,N/A,N/A,25.953582,-80.12042,FDOT Traffic Signal Locations TDA,https://services1.arcgis.com/O1JpcwDW8sjYuddV/arcgis/rest/services/Traffic_Signal_Locations_TDA/FeatureServer/0,https://services1.arcgis.com/O1JpcwDW8sjYuddV/arcgis/rest/services/Traffic_Signal_Locations_TDA/FeatureServer/0/query?where=COUNTY%3D%27Miami-Dade%27&outFields=SIGNALID%2CCOUNTY%2CRDWYID%2CDISTRICT%2CMAINTAGC%2CSDESTRET%2CCNTLRDES%2CSIGNALNC&returnGeometry=true&outSR=4326&f=json
4198,87070000,Miami-Dade,6,MIAMI-DADE,SW 8 ST/TAMIAMI TRL,N/A,02,25.760979,-80.481336,FDOT Traffic Signal Locations TDA,https://services1.arcgis.com/O1JpcwDW8sjYuddV/arcgis/rest/services/Traffic_Signal_Locations_TDA/FeatureServer/0,https://services1.arcgis.com/O1JpcwDW8sjYuddV/arcgis/rest/services/Traffic_Signal_Locations_TDA/FeatureServer/0/query?where=COUNTY%3D%27Miami-Dade%27&outFields=SIGNALID%2CCOUNTY%2CRDWYID%2CDISTRICT%2CMAINTAGC%2CSDESTRET%2CCNTLRDES%2CSIGNALNC&returnGeometry=true&outSR=4326&f=json
2504,87140000,Miami-Dade,6,MIAMI-DADE,NW 95 ST,N/A,N/A,25.861738,-80.209679,FDOT Traffic Signal Locations TDA,https://services1.arcgis.com/O1JpcwDW8sjYuddV/arcgis/rest/services/Traffic_Signal_Locations_TDA/FeatureServer/0,https://services1.arcgis.com/O1JpcwDW8sjYuddV/arcgis/rest/services/Traffic_Signal_Locations_TDA/FeatureServer/0/query?where=COUNTY%3D%27Miami-Dade%27&outFields=SIGNALID%2CCOUNTY%2CRDWYID%2CDISTRICT%2CMAINTAGC%2CSDESTRET%2CCNTLRDES%2CSIGNALNC&returnGeometry=true&outSR=4326&f=json
4280,87030000,Miami-Dade,6,MIAMI-DADE,NE 180 ST,N/A,N/A,25.94236,-80.148459,FDOT Traffic Signal Locations TDA,https://services1.arcgis.com/O1JpcwDW8sjYuddV/arcgis/rest/services/Traffic_Signal_Locations_TDA/FeatureServer/0,https://services1.arcgis.com/O1JpcwDW8sjYuddV/arcgis/rest/services/Traffic_Signal_Locations_TDA/FeatureServer/0/query?where=COUNTY%3D%27Miami-Dade%27&outFields=SIGNALID%2CCOUNTY%2CRDWYID%2CDISTRICT%2CMAINTAGC%2CSDESTRET%2CCNTLRDES%2CSIGNALNC&returnGeometry=true&outSR=4326&f=json
4896,87038000,Miami-Dade,6,MIAMI-DADE,OKEECHOBEE FRONTAGE,N/A,N/A,25.867641,-80.33965,FDOT Traffic Signal Locations TDA,https://services1.arcgis.com/O1JpcwDW8sjYuddV/arcgis/rest/services/Traffic_Signal_Locations_TDA/FeatureServer/0,https://services1.arcgis.com/O1JpcwDW8sjYuddV/arcgis/rest/services/Traffic_Signal_Locations_TDA/FeatureServer/0/query?where=COUNTY%3D%27Miami-Dade%27&outFields=SIGNALID%2CCOUNTY%2CRDWYID%2CDISTRICT%2CMAINTAGC%2CSDESTRET%2CCNTLRDES%2CSIGNALNC&returnGeometry=true&outSR=4326&f=json
3215,87140001,Miami-Dade,6,MIAMI-DADE,GOLDEN GLADES PK LOT,N/A,02,25.921738,-80.213353,FDOT Traffic Signal Locations TDA,https://services1.arcgis.com/O1JpcwDW8sjYuddV/arcgis/rest/services/Traffic_Signal_Locations_TDA/FeatureServer/0,https://services1.arcgis.com/O1JpcwDW8sjYuddV/arcgis/rest/services/Traffic_Signal_Locations_TDA/FeatureServer/0/query?where=COUNTY%3D%27Miami-Dade%27&outFields=SIGNALID%2CCOUNTY%2CRDWYID%2CDISTRICT%2CMAINTAGC%2CSDESTRET%2CCNTLRDES%2CSIGNALNC&returnGeometry=true&outSR=4326&f=json
2075,87250000,Miami-Dade,6,MIAMI-DADE,NW 12 AVE,N/A,N/A,25.824686,-80.21623,FDOT Traffic Signal Locations TDA,https://services1.arcgis.com/O1JpcwDW8sjYuddV/arcgis/rest/services/Traffic_Signal_Locations_TDA/FeatureServer/0,https://services1.arcgis.com/O1JpcwDW8sjYuddV/arcgis/rest/services/Traffic_Signal_Locations_TDA/FeatureServer/0/query?where=COUNTY%3D%27Miami-Dade%27&outFields=SIGNALID%2CCOUNTY%2CRDWYID%2CDISTRICT%2CMAINTAGC%2CSDESTRET%2CCNTLRDES%2CSIGNALNC&returnGeometry=true&outSR=4326&f=json
5744,87075701,Miami-Dade,6,MIAMI-DADE,W 68 ST/NW 122 ST,N/A,N/A,25.884151,-80.324515,FDOT Traffic Signal Locations TDA,https://services1.arcgis.com/O1JpcwDW8sjYuddV/arcgis/rest/services/Traffic_Signal_Locations_TDA/FeatureServer/0,https://services1.arcgis.com/O1JpcwDW8sjYuddV/arcgis/rest/services/Traffic_Signal_Locations_TDA/FeatureServer/0/query?where=COUNTY%3D%27Miami-Dade%27&outFields=SIGNALID%2CCOUNTY%2CRDWYID%2CDISTRICT%2CMAINTAGC%2CSDESTRET%2CCNTLRDES%2CSIGNALNC&returnGeometry=true&outSR=4326&f=json
5902,87019000,Miami-Dade,6,MIAMI-DADE,NW 211 ST,N/A,N/A,25.968237,-80.246667,FDOT Traffic Signal Locations TDA,https://services1.arcgis.com/O1JpcwDW8sjYuddV/arcgis/rest/services/Traffic_Signal_Locations_TDA/FeatureServer/0,https://services1.arcgis.com/O1JpcwDW8sjYuddV/arcgis/rest/services/Traffic_Signal_Locations_TDA/FeatureServer/0/query?where=COUNTY%3D%27Miami-Dade%27&outFields=SIGNALID%2CCOUNTY%2CRDWYID%2CDISTRICT%2CMAINTAGC%2CSDESTRET%2CCNTLRDES%2CSIGNALNC&returnGeometry=true&outSR=4326&f=json
2267,87017000,Miami-Dade,6,MIAMI-DADE,BRICKELL AVE,N/A,N/A,25.750415,-80.204099,FDOT Traffic Signal Locations TDA,https://services1.arcgis.com/O1JpcwDW8sjYuddV/arcgis/rest/services/Traffic_Signal_Locations_TDA/FeatureServer/0,https://services1.arcgis.com/O1JpcwDW8sjYuddV/arcgis/rest/services/Traffic_Signal_Locations_TDA/FeatureServer/0/query?where=COUNTY%3D%27Miami-Dade%27&outFields=SIGNALID%2CCOUNTY%2CRDWYID%2CDISTRICT%2CMAINTAGC%2CSDESTRET%2CCNTLRDES%2CSIGNALNC&returnGeometry=true&outSR=4326&f=json
4805,87090000,Miami-Dade,6,MIAMI-DADE,NW 14 AV,N/A,N/A,25.809691,-80.219487,FDOT Traffic Signal Locations TDA,https://services1.arcgis.com/O1JpcwDW8sjYuddV/arcgis/rest/services/Traffic_Signal_Locations_TDA/FeatureServer/0,https://services1.arcgis.com/O1JpcwDW8sjYuddV/arcgis/rest/services/Traffic_Signal_Locations_TDA/FeatureServer/0/query?where=COUNTY%3D%27Miami-Dade%27&outFields=SIGNALID%2CCOUNTY%2CRDWYID%2CDISTRICT%2CMAINTAGC%2CSDESTRET%2CCNTLRDES%2CSIGNALNC&returnGeometry=true&outSR=4326&f=json
2826,87281000,Miami-Dade,6,MIAMI-DADE,N/A,N/A,N/A,25.828395,-80.265413,FDOT Traffic Signal Locations TDA,https://services1.arcgis.com/O1JpcwDW8sjYuddV/arcgis/rest/services/Traffic_Signal_Locations_TDA/FeatureServer/0,https://services1.arcgis.com/O1JpcwDW8sjYuddV/arcgis/rest/services/Traffic_Signal_Locations_TDA/FeatureServer/0/query?where=COUNTY%3D%27Miami-Dade%27&outFields=SIGNALID%2CCOUNTY%2CRDWYID%2CDISTRICT%2CMAINTAGC%2CSDESTRET%2CCNTLRDES%2CSIGNALNC&returnGeometry=true&outSR=4326&f=json
2247,87140000,Miami-Dade,6,MIAMI-DADE,US41/SR90/SE 8 ST,N/A,02,25.766002,-80.207432,FDOT Traffic Signal Locations TDA,https://services1.arcgis.com/O1JpcwDW8sjYuddV/arcgis/rest/services/Traffic_Signal_Locations_TDA/FeatureServer/0,https://services1.arcgis.com/O1JpcwDW8sjYuddV/arcgis/rest/services/Traffic_Signal_Locations_TDA/FeatureServer/0/query?where=COUNTY%3D%27Miami-Dade%27&outFields=SIGNALID%2CCOUNTY%2CRDWYID%2CDISTRICT%2CMAINTAGC%2CSDESTRET%2CCNTLRDES%2CSIGNALNC&returnGeometry=true&outSR=4326&f=json
5007,87053001,Miami-Dade,6,MIAMI-DADE,N/A,N/A,N/A,25.77295,-80.201136,FDOT Traffic Signal Locations TDA,https://services1.arcgis.com/O1JpcwDW8sjYuddV/arcgis/rest/services/Traffic_Signal_Locations_TDA/FeatureServer/0,https://services1.arcgis.com/O1JpcwDW8sjYuddV/arcgis/rest/services/Traffic_Signal_Locations_TDA/FeatureServer/0/query?where=COUNTY%3D%27Miami-Dade%27&outFields=SIGNALID%2CCOUNTY%2CRDWYID%2CDISTRICT%2CMAINTAGC%2CSDESTRET%2CCNTLRDES%2CSIGNALNC&returnGeometry=true&outSR=4326&f=json
4421,87053000,Miami-Dade,6,MIAMI-DADE,NW 74 AVE,N/A,N/A,25.769966,-80.316172,FDOT Traffic Signal Locations TDA,https://services1.arcgis.com/O1JpcwDW8sjYuddV/arcgis/rest/services/Traffic_Signal_Locations_TDA/FeatureServer/0,https://services1.arcgis.com/O1JpcwDW8sjYuddV/arcgis/rest/services/Traffic_Signal_Locations_TDA/FeatureServer/0/query?where=COUNTY%3D%27Miami-Dade%27&outFields=SIGNALID%2CCOUNTY%2CRDWYID%2CDISTRICT%2CMAINTAGC%2CSDESTRET%2CCNTLRDES%2CSIGNALNC&returnGeometry=true&outSR=4326&f=json
4195,87030000,Miami-Dade,6,MIAMI-DADE,SW 98 ST,N/A,N/A,25.679455,-80.317009,FDOT Traffic Signal Locations TDA,https://services1.arcgis.com/O1JpcwDW8sjYuddV/arcgis/rest/services/Traffic_Signal_Locations_TDA/FeatureServer/0,https://services1.arcgis.com/O1JpcwDW8sjYuddV/arcgis/rest/services/Traffic_Signal_Locations_TDA/FeatureServer/0/query?where=COUNTY%3D%27Miami-Dade%27&outFields=SIGNALID%2CCOUNTY%2CRDWYID%2CDISTRICT%2CMAINTAGC%2CSDESTRET%2CCNTLRDES%2CSIGNALNC&returnGeometry=true&outSR=4326&f=json
4594,87281000,Miami-Dade,6,MIAMI-DADE,E 17 ST,N/A,N/A,25.837717,-80.265865,FDOT Traffic Signal Locations TDA,https://services1.arcgis.com/O1JpcwDW8sjYuddV/arcgis/rest/services/Traffic_Signal_Locations_TDA/FeatureServer/0,https://services1.arcgis.com/O1JpcwDW8sjYuddV/arcgis/rest/services/Traffic_Signal_Locations_TDA/FeatureServer/0/query?where=COUNTY%3D%27Miami-Dade%27&outFields=SIGNALID%2CCOUNTY%2CRDWYID%2CDISTRICT%2CMAINTAGC%2CSDESTRET%2CCNTLRDES%2CSIGNALNC&returnGeometry=true&outSR=4326&f=json
5424,87120000,Miami-Dade,6,MIAMI-DADE,OFFRAMP SR 826 NB,N/A,N/A,25.76241,-80.32003,FDOT Traffic Signal Locations TDA,https://services1.arcgis.com/O1JpcwDW8sjYuddV/arcgis/rest/services/Traffic_Signal_Locations_TDA/FeatureServer/0,https://services1.arcgis.com/O1JpcwDW8sjYuddV/arcgis/rest/services/Traffic_Signal_Locations_TDA/FeatureServer/0/query?where=COUNTY%3D%27Miami-Dade%27&outFields=SIGNALID%2CCOUNTY%2CRDWYID%2CDISTRICT%2CMAINTAGC%2CSDESTRET%2CCNTLRDES%2CSIGNALNC&returnGeometry=true&outSR=4326&f=json
3671,87170001,Miami-Dade,6,MIAMI-DADE,NE 35 AV/EASTERN BLV,N/A,02,25.92884,-80.13482,FDOT Traffic Signal Locations TDA,https://services1.arcgis.com/O1JpcwDW8sjYuddV/arcgis/rest/services/Traffic_Signal_Locations_TDA/FeatureServer/0,https://services1.arcgis.com/O1JpcwDW8sjYuddV/arcgis/rest/services/Traffic_Signal_Locations_TDA/FeatureServer/0/query?where=COUNTY%3D%27Miami-Dade%27&outFields=SIGNALID%2CCOUNTY%2CRDWYID%2CDISTRICT%2CMAINTAGC%2CSDESTRET%2CCNTLRDES%2CSIGNALNC&returnGeometry=true&outSR=4326&f=json
2518,87052000,Miami-Dade,6,MIAMI-DADE,NW 17 AV,N/A,N/A,25.883042,-80.226756,FDOT Traffic Signal Locations TDA,https://services1.arcgis.com/O1JpcwDW8sjYuddV/arcgis/rest/services/Traffic_Signal_Locations_TDA/FeatureServer/0,https://services1.arcgis.com/O1JpcwDW8sjYuddV/arcgis/rest/services/Traffic_Signal_Locations_TDA/FeatureServer/0/query?where=COUNTY%3D%27Miami-Dade%27&outFields=SIGNALID%2CCOUNTY%2CRDWYID%2CDISTRICT%2CMAINTAGC%2CSDESTRET%2CCNTLRDES%2CSIGNALNC&returnGeometry=true&outSR=4326&f=json
3942,87026000,Miami-Dade,6,MIAMI-DADE,NE 1700 BLK,N/A,N/A,25.945863,-80.166827,FDOT Traffic Signal Locations TDA,https://services1.arcgis.com/O1JpcwDW8sjYuddV/arcgis/rest/services/Traffic_Signal_Locations_TDA/FeatureServer/0,https://services1.arcgis.com/O1JpcwDW8sjYuddV/arcgis/rest/services/Traffic_Signal_Locations_TDA/FeatureServer/0/query?where=COUNTY%3D%27Miami-Dade%27&outFields=SIGNALID%2CCOUNTY%2CRDWYID%2CDISTRICT%2CMAINTAGC%2CSDESTRET%2CCNTLRDES%2CSIGNALNC&returnGeometry=true&outSR=4326&f=json
3782,87055000,Miami-Dade,6,MIAMI-DADE,SB SR 826 RAMP,N/A,N/A,25.70291,-80.318129,FDOT Traffic Signal Locations TDA,https://services1.arcgis.com/O1JpcwDW8sjYuddV/arcgis/rest/services/Traffic_Signal_Locations_TDA/FeatureServer/0,https://services1.arcgis.com/O1JpcwDW8sjYuddV/arcgis/rest/services/Traffic_Signal_Locations_TDA/FeatureServer/0/query?where=COUNTY%3D%27Miami-Dade%27&outFields=SIGNALID%2CCOUNTY%2CRDWYID%2CDISTRICT%2CMAINTAGC%2CSDESTRET%2CCNTLRDES%2CSIGNALNC&returnGeometry=true&outSR=4326&f=json
4316,87260298,Miami-Dade,6,MIAMI-DADE,W 68 ST/NW 122 ST,N/A,N/A,25.884103,-80.318694,FDOT Traffic Signal Locations TDA,https://services1.arcgis.com/O1JpcwDW8sjYuddV/arcgis/rest/services/Traffic_Signal_Locations_TDA/FeatureServer/0,https://services1.arcgis.com/O1JpcwDW8sjYuddV/arcgis/rest/services/Traffic_Signal_Locations_TDA/FeatureServer/0/query?where=COUNTY%3D%27Miami-Dade%27&outFields=SIGNALID%2CCOUNTY%2CRDWYID%2CDISTRICT%2CMAINTAGC%2CSDESTRET%2CCNTLRDES%2CSIGNALNC&returnGeometry=true&outSR=4326&f=json
4352,87170000,Miami-Dade,6,MIAMI-DADE,NE 167 ST,N/A,N/A,25.928493,-80.182567,FDOT Traffic Signal Locations TDA,https://services1.arcgis.com/O1JpcwDW8sjYuddV/arcgis/rest/services/Traffic_Signal_Locations_TDA/FeatureServer/0,https://services1.arcgis.com/O1JpcwDW8sjYuddV/arcgis/rest/services/Traffic_Signal_Locations_TDA/FeatureServer/0/query?where=COUNTY%3D%27Miami-Dade%27&outFields=SIGNALID%2CCOUNTY%2CRDWYID%2CDISTRICT%2CMAINTAGC%2CSDESTRET%2CCNTLRDES%2CSIGNALNC&returnGeometry=true&outSR=4326&f=json
3311,87001000,Miami-Dade,6,MIAMI-DADE,N/A,N/A,N/A,25.688261,-80.324358,FDOT Traffic Signal Locations TDA,https://services1.arcgis.com/O1JpcwDW8sjYuddV/arcgis/rest/services/Traffic_Signal_Locations_TDA/FeatureServer/0,https://services1.arcgis.com/O1JpcwDW8sjYuddV/arcgis/rest/services/Traffic_Signal_Locations_TDA/FeatureServer/0/query?where=COUNTY%3D%27Miami-Dade%27&outFields=SIGNALID%2CCOUNTY%2CRDWYID%2CDISTRICT%2CMAINTAGC%2CSDESTRET%2CCNTLRDES%2CSIGNALNC&returnGeometry=true&outSR=4326&f=json
3633,87038000,Miami-Dade,6,MIAMI-DADE,NW 6 AV,N/A,N/A,25.869298,-80.20737,FDOT Traffic Signal Locations TDA,https://services1.arcgis.com/O1JpcwDW8sjYuddV/arcgis/rest/services/Traffic_Signal_Locations_TDA/FeatureServer/0,https://services1.arcgis.com/O1JpcwDW8sjYuddV/arcgis/rest/services/Traffic_Signal_Locations_TDA/FeatureServer/0/query?where=COUNTY%3D%27Miami-Dade%27&outFields=SIGNALID%2CCOUNTY%2CRDWYID%2CDISTRICT%2CMAINTAGC%2CSDESTRET%2CCNTLRDES%2CSIGNALNC&returnGeometry=true&outSR=4326&f=json
6141,87120000,Miami-Dade,6,MIAMI-DADE,SW 1300 BLK,N/A,N/A,25.765808,-80.216412,FDOT Traffic Signal Locations TDA,https://services1.arcgis.com/O1JpcwDW8sjYuddV/arcgis/rest/services/Traffic_Signal_Locations_TDA/FeatureServer/0,https://services1.arcgis.com/O1JpcwDW8sjYuddV/arcgis/rest/services/Traffic_Signal_Locations_TDA/FeatureServer/0/query?where=COUNTY%3D%27Miami-Dade%27&outFields=SIGNALID%2CCOUNTY%2CRDWYID%2CDISTRICT%2CMAINTAGC%2CSDESTRET%2CCNTLRDES%2CSIGNALNC&returnGeometry=true&outSR=4326&f=json
3184,87008000,Miami-Dade,6,MIAMI-DADE,NE 6 AVE,N/A,N/A,25.899458,-80.18663,FDOT Traffic Signal Locations TDA,https://services1.arcgis.com/O1JpcwDW8sjYuddV/arcgis/rest/services/Traffic_Signal_Locations_TDA/FeatureServer/0,https://services1.arcgis.com/O1JpcwDW8sjYuddV/arcgis/rest/services/Traffic_Signal_Locations_TDA/FeatureServer/0/query?where=COUNTY%3D%27Miami-Dade%27&outFields=SIGNALID%2CCOUNTY%2CRDWYID%2CDISTRICT%2CMAINTAGC%2CSDESTRET%2CCNTLRDES%2CSIGNALNC&returnGeometry=true&outSR=4326&f=json
6052,87020000,Miami-Dade,6,MIAMI-DADE,SW 137 AVE,N/A,N/A,25.534555,-80.412765,FDOT Traffic Signal Locations TDA,https://services1.arcgis.com/O1JpcwDW8sjYuddV/arcgis/rest/services/Traffic_Signal_Locations_TDA/FeatureServer/0,https://services1.arcgis.com/O1JpcwDW8sjYuddV/arcgis/rest/services/Traffic_Signal_Locations_TDA/FeatureServer/0/query?where=COUNTY%3D%27Miami-Dade%27&outFields=SIGNALID%2CCOUNTY%2CRDWYID%2CDISTRICT%2CMAINTAGC%2CSDESTRET%2CCNTLRDES%2CSIGNALNC&returnGeometry=true&outSR=4326&f=json
3291,87008000,Miami-Dade,6,MIAMI-DADE,NW 22 AVE,N/A,N/A,25.897453,-80.235152,FDOT Traffic Signal Locations TDA,https://services1.arcgis.com/O1JpcwDW8sjYuddV/arcgis/rest/services/Traffic_Signal_Locations_TDA/FeatureServer/0,https://services1.arcgis.com/O1JpcwDW8sjYuddV/arcgis/rest/services/Traffic_Signal_Locations_TDA/FeatureServer/0/query?where=COUNTY%3D%27Miami-Dade%27&outFields=SIGNALID%2CCOUNTY%2CRDWYID%2CDISTRICT%2CMAINTAGC%2CSDESTRET%2CCNTLRDES%2CSIGNALNC&returnGeometry=true&outSR=4326&f=json
3627,87020000,Miami-Dade,6,MIAMI-DADE,SW 220 ST,N/A,N/A,25.562638,-80.385097,FDOT Traffic Signal Locations TDA,https://services1.arcgis.com/O1JpcwDW8sjYuddV/arcgis/rest/services/Traffic_Signal_Locations_TDA/FeatureServer/0,https://services1.arcgis.com/O1JpcwDW8sjYuddV/arcgis/rest/services/Traffic_Signal_Locations_TDA/FeatureServer/0/query?where=COUNTY%3D%27Miami-Dade%27&outFields=SIGNALID%2CCOUNTY%2CRDWYID%2CDISTRICT%2CMAINTAGC%2CSDESTRET%2CCNTLRDES%2CSIGNALNC&returnGeometry=true&outSR=4326&f=json
5526,87066000,Miami-Dade,6,MIAMI-DADE,N/A,N/A,N/A,25.8866,-80.134286,FDOT Traffic Signal Locations TDA,https://services1.arcgis.com/O1JpcwDW8sjYuddV/arcgis/rest/services/Traffic_Signal_Locations_TDA/FeatureServer/0,https://services1.arcgis.com/O1JpcwDW8sjYuddV/arcgis/rest/services/Traffic_Signal_Locations_TDA/FeatureServer/0/query?where=COUNTY%3D%27Miami-Dade%27&outFields=SIGNALID%2CCOUNTY%2CRDWYID%2CDISTRICT%2CMAINTAGC%2CSDESTRET%2CCNTLRDES%2CSIGNALNC&returnGeometry=true&outSR=4326&f=json
2683,87060000,Miami-Dade,6,MIAMI-DADE,4700 BLK,N/A,N/A,25.822062,-80.122569,FDOT Traffic Signal Locations TDA,https://services1.arcgis.com/O1JpcwDW8sjYuddV/arcgis/rest/services/Traffic_Signal_Locations_TDA/FeatureServer/0,https://services1.arcgis.com/O1JpcwDW8sjYuddV/arcgis/rest/services/Traffic_Signal_Locations_TDA/FeatureServer/0/query?where=COUNTY%3D%27Miami-Dade%27&outFields=SIGNALID%2CCOUNTY%2CRDWYID%2CDISTRICT%2CMAINTAGC%2CSDESTRET%2CCNTLRDES%2CSIGNALNC&returnGeometry=true&outSR=4326&f=json
3722,87038000,Miami-Dade,6,MIAMI-DADE,W 17 CT,N/A,N/A,25.866539,-80.317845,FDOT Traffic Signal Locations TDA,https://services1.arcgis.com/O1JpcwDW8sjYuddV/arcgis/rest/services/Traffic_Signal_Locations_TDA/FeatureServer/0,https://services1.arcgis.com/O1JpcwDW8sjYuddV/arcgis/rest/services/Traffic_Signal_Locations_TDA/FeatureServer/0/query?where=COUNTY%3D%27Miami-Dade%27&outFields=SIGNALID%2CCOUNTY%2CRDWYID%2CDISTRICT%2CMAINTAGC%2CSDESTRET%2CCNTLRDES%2CSIGNALNC&returnGeometry=true&outSR=4326&f=json
4001,87140000,Miami-Dade,6,MIAMI-DADE,NW 16000 BLK,N/A,N/A,25.921573,-80.213058,FDOT Traffic Signal Locations TDA,https://services1.arcgis.com/O1JpcwDW8sjYuddV/arcgis/rest/services/Traffic_Signal_Locations_TDA/FeatureServer/0,https://services1.arcgis.com/O1JpcwDW8sjYuddV/arcgis/rest/services/Traffic_Signal_Locations_TDA/FeatureServer/0/query?where=COUNTY%3D%27Miami-Dade%27&outFields=SIGNALID%2CCOUNTY%2CRDWYID%2CDISTRICT%2CMAINTAGC%2CSDESTRET%2CCNTLRDES%2CSIGNALNC&returnGeometry=true&outSR=4326&f=json
6441,87053001,Miami-Dade,6,MIAMI-DADE,N/A,N/A,N/A,25.772662,-80.210224,FDOT Traffic Signal Locations TDA,https://services1.arcgis.com/O1JpcwDW8sjYuddV/arcgis/rest/services/Traffic_Signal_Locations_TDA/FeatureServer/0,https://services1.arcgis.com/O1JpcwDW8sjYuddV/arcgis/rest/services/Traffic_Signal_Locations_TDA/FeatureServer/0/query?where=COUNTY%3D%27Miami-Dade%27&outFields=SIGNALID%2CCOUNTY%2CRDWYID%2CDISTRICT%2CMAINTAGC%2CSDESTRET%2CCNTLRDES%2CSIGNALNC&returnGeometry=true&outSR=4326&f=json
3362,87047000,Miami-Dade,6,MIAMI-DADE,US 41/SR 90/SW 8 ST,N/A,02,25.761546,-80.336082,FDOT Traffic Signal Locations TDA,https://services1.arcgis.com/O1JpcwDW8sjYuddV/arcgis/rest/services/Traffic_Signal_Locations_TDA/FeatureServer/0,https://services1.arcgis.com/O1JpcwDW8sjYuddV/arcgis/rest/services/Traffic_Signal_Locations_TDA/FeatureServer/0/query?where=COUNTY%3D%27Miami-Dade%27&outFields=SIGNALID%2CCOUNTY%2CRDWYID%2CDISTRICT%2CMAINTAGC%2CSDESTRET%2CCNTLRDES%2CSIGNALNC&returnGeometry=true&outSR=4326&f=json
4577,87027003,Miami-Dade,6,MIAMI DADE COUNTY,NW 7 ST,N/A,N/A,25.777237,-80.312383,FDOT Traffic Signal Locations TDA,https://services1.arcgis.com/O1JpcwDW8sjYuddV/arcgis/rest/services/Traffic_Signal_Locations_TDA/FeatureServer/0,https://services1.arcgis.com/O1JpcwDW8sjYuddV/arcgis/rest/services/Traffic_Signal_Locations_TDA/FeatureServer/0/query?where=COUNTY%3D%27Miami-Dade%27&outFields=SIGNALID%2CCOUNTY%2CRDWYID%2CDISTRICT%2CMAINTAGC%2CSDESTRET%2CCNTLRDES%2CSIGNALNC&returnGeometry=true&outSR=4326&f=json
2713,87060001,Miami-Dade,6,MIAMI-DADE,77 ST,N/A,N/A,25.862211,-80.122166,FDOT Traffic Signal Locations TDA,https://services1.arcgis.com/O1JpcwDW8sjYuddV/arcgis/rest/services/Traffic_Signal_Locations_TDA/FeatureServer/0,https://services1.arcgis.com/O1JpcwDW8sjYuddV/arcgis/rest/services/Traffic_Signal_Locations_TDA/FeatureServer/0/query?where=COUNTY%3D%27Miami-Dade%27&outFields=SIGNALID%2CCOUNTY%2CRDWYID%2CDISTRICT%2CMAINTAGC%2CSDESTRET%2CCNTLRDES%2CSIGNALNC&returnGeometry=true&outSR=4326&f=json
3861,87066000,Miami-Dade,6,MIAMI-DADE,NW 6 CT,N/A,N/A,25.88923,-80.209757,FDOT Traffic Signal Locations TDA,https://services1.arcgis.com/O1JpcwDW8sjYuddV/arcgis/rest/services/Traffic_Signal_Locations_TDA/FeatureServer/0,https://services1.arcgis.com/O1JpcwDW8sjYuddV/arcgis/rest/services/Traffic_Signal_Locations_TDA/FeatureServer/0/query?where=COUNTY%3D%27Miami-Dade%27&outFields=SIGNALID%2CCOUNTY%2CRDWYID%2CDISTRICT%2CMAINTAGC%2CSDESTRET%2CCNTLRDES%2CSIGNALNC&returnGeometry=true&outSR=4326&f=json
2867,87080900,Miami-Dade,6,MIAMI-DADE,PALM AVE,N/A,N/A,25.840832,-80.282106,FDOT Traffic Signal Locations TDA,https://services1.arcgis.com/O1JpcwDW8sjYuddV/arcgis/rest/services/Traffic_Signal_Locations_TDA/FeatureServer/0,https://services1.arcgis.com/O1JpcwDW8sjYuddV/arcgis/rest/services/Traffic_Signal_Locations_TDA/FeatureServer/0/query?where=COUNTY%3D%27Miami-Dade%27&outFields=SIGNALID%2CCOUNTY%2CRDWYID%2CDISTRICT%2CMAINTAGC%2CSDESTRET%2CCNTLRDES%2CSIGNALNC&returnGeometry=true&outSR=4326&f=json
4795,87072000,Miami-Dade,6,MIAMI-DADE,SNAPPER CREEK DR,N/A,N/A,25.702132,-80.366226,FDOT Traffic Signal Locations TDA,https://services1.arcgis.com/O1JpcwDW8sjYuddV/arcgis/rest/services/Traffic_Signal_Locations_TDA/FeatureServer/0,https://services1.arcgis.com/O1JpcwDW8sjYuddV/arcgis/rest/services/Traffic_Signal_Locations_TDA/FeatureServer/0/query?where=COUNTY%3D%27Miami-Dade%27&outFields=SIGNALID%2CCOUNTY%2CRDWYID%2CDISTRICT%2CMAINTAGC%2CSDESTRET%2CCNTLRDES%2CSIGNALNC&returnGeometry=true&outSR=4326&f=json
3238,87034000,Miami-Dade,6,MIAMI-DADE,NE 183 ST/MIAMI GARD,N/A,N/A,25.941463,-80.188792,FDOT Traffic Signal Locations TDA,https://services1.arcgis.com/O1JpcwDW8sjYuddV/arcgis/rest/services/Traffic_Signal_Locations_TDA/FeatureServer/0,https://services1.arcgis.com/O1JpcwDW8sjYuddV/arcgis/rest/services/Traffic_Signal_Locations_TDA/FeatureServer/0/query?where=COUNTY%3D%27Miami-Dade%27&outFields=SIGNALID%2CCOUNTY%2CRDWYID%2CDISTRICT%2CMAINTAGC%2CSDESTRET%2CCNTLRDES%2CSIGNALNC&returnGeometry=true&outSR=4326&f=json
2076,87250000,Miami-Dade,6,MIAMI-DADE,NW 17 AVE,N/A,N/A,25.824434,-80.224712,FDOT Traffic Signal Locations TDA,https://services1.arcgis.com/O1JpcwDW8sjYuddV/arcgis/rest/services/Traffic_Signal_Locations_TDA/FeatureServer/0,https://services1.arcgis.com/O1JpcwDW8sjYuddV/arcgis/rest/services/Traffic_Signal_Locations_TDA/FeatureServer/0/query?where=COUNTY%3D%27Miami-Dade%27&outFields=SIGNALID%2CCOUNTY%2CRDWYID%2CDISTRICT%2CMAINTAGC%2CSDESTRET%2CCNTLRDES%2CSIGNALNC&returnGeometry=true&outSR=4326&f=json
4924,87160000,Miami-Dade,6,MIAMI-DADE,SW 187 AVE,N/A,N/A,25.44778,-80.493698,FDOT Traffic Signal Locations TDA,https://services1.arcgis.com/O1JpcwDW8sjYuddV/arcgis/rest/services/Traffic_Signal_Locations_TDA/FeatureServer/0,https://services1.arcgis.com/O1JpcwDW8sjYuddV/arcgis/rest/services/Traffic_Signal_Locations_TDA/FeatureServer/0/query?where=COUNTY%3D%27Miami-Dade%27&outFields=SIGNALID%2CCOUNTY%2CRDWYID%2CDISTRICT%2CMAINTAGC%2CSDESTRET%2CCNTLRDES%2CSIGNALNC&returnGeometry=true&outSR=4326&f=json
3353,87008000,Miami-Dade,6,MIAMI-DADE,LE JEUNE RD/NW 42 AV,N/A,N/A,25.896535,-80.267431,FDOT Traffic Signal Locations TDA,https://services1.arcgis.com/O1JpcwDW8sjYuddV/arcgis/rest/services/Traffic_Signal_Locations_TDA/FeatureServer/0,https://services1.arcgis.com/O1JpcwDW8sjYuddV/arcgis/rest/services/Traffic_Signal_Locations_TDA/FeatureServer/0/query?where=COUNTY%3D%27Miami-Dade%27&outFields=SIGNALID%2CCOUNTY%2CRDWYID%2CDISTRICT%2CMAINTAGC%2CSDESTRET%2CCNTLRDES%2CSIGNALNC&returnGeometry=true&outSR=4326&f=json
2223,87053001,Miami-Dade,6,MIAMI-DADE,SW 22 AV,N/A,N/A,25.77144,-80.230863,FDOT Traffic Signal Locations TDA,https://services1.arcgis.com/O1JpcwDW8sjYuddV/arcgis/rest/services/Traffic_Signal_Locations_TDA/FeatureServer/0,https://services1.arcgis.com/O1JpcwDW8sjYuddV/arcgis/rest/services/Traffic_Signal_Locations_TDA/FeatureServer/0/query?where=COUNTY%3D%27Miami-Dade%27&outFields=SIGNALID%2CCOUNTY%2CRDWYID%2CDISTRICT%2CMAINTAGC%2CSDESTRET%2CCNTLRDES%2CSIGNALNC&returnGeometry=true&outSR=4326&f=json
7785,87240000,Miami-Dade,6,  MIAMI-DADE,CONNECTOR RD,N/A,N/A,25.919828,-80.218119,FDOT Traffic Signal Locations TDA,https://services1.arcgis.com/O1JpcwDW8sjYuddV/arcgis/rest/services/Traffic_Signal_Locations_TDA/FeatureServer/0,https://services1.arcgis.com/O1JpcwDW8sjYuddV/arcgis/rest/services/Traffic_Signal_Locations_TDA/FeatureServer/0/query?where=COUNTY%3D%27Miami-Dade%27&outFields=SIGNALID%2CCOUNTY%2CRDWYID%2CDISTRICT%2CMAINTAGC%2CSDESTRET%2CCNTLRDES%2CSIGNALNC&returnGeometry=true&outSR=4326&f=json
2517,87140000,Miami-Dade,6,N/A,SR 924/NW 119 ST,N/A,02,25.883598,-80.210591,FDOT Traffic Signal Locations TDA,https://services1.arcgis.com/O1JpcwDW8sjYuddV/arcgis/rest/services/Traffic_Signal_Locations_TDA/FeatureServer/0,https://services1.arcgis.com/O1JpcwDW8sjYuddV/arcgis/rest/services/Traffic_Signal_Locations_TDA/FeatureServer/0/query?where=COUNTY%3D%27Miami-Dade%27&outFields=SIGNALID%2CCOUNTY%2CRDWYID%2CDISTRICT%2CMAINTAGC%2CSDESTRET%2CCNTLRDES%2CSIGNALNC&returnGeometry=true&outSR=4326&f=json
6120,87002000,Miami-Dade,6,MIAMI-DADE,NW 176 ST,N/A,N/A,25.933165,-80.293495,FDOT Traffic Signal Locations TDA,https://services1.arcgis.com/O1JpcwDW8sjYuddV/arcgis/rest/services/Traffic_Signal_Locations_TDA/FeatureServer/0,https://services1.arcgis.com/O1JpcwDW8sjYuddV/arcgis/rest/services/Traffic_Signal_Locations_TDA/FeatureServer/0/query?where=COUNTY%3D%27Miami-Dade%27&outFields=SIGNALID%2CCOUNTY%2CRDWYID%2CDISTRICT%2CMAINTAGC%2CSDESTRET%2CCNTLRDES%2CSIGNALNC&returnGeometry=true&outSR=4326&f=json
2761,87080347,Miami-Dade,6,MIAMI-DADE,TROUVILLE ESPLANADE,N/A,N/A,25.852469,-80.137602,FDOT Traffic Signal Locations TDA,https://services1.arcgis.com/O1JpcwDW8sjYuddV/arcgis/rest/services/Traffic_Signal_Locations_TDA/FeatureServer/0,https://services1.arcgis.com/O1JpcwDW8sjYuddV/arcgis/rest/services/Traffic_Signal_Locations_TDA/FeatureServer/0/query?where=COUNTY%3D%27Miami-Dade%27&outFields=SIGNALID%2CCOUNTY%2CRDWYID%2CDISTRICT%2CMAINTAGC%2CSDESTRET%2CCNTLRDES%2CSIGNALNC&returnGeometry=true&outSR=4326&f=json
2235,87085000,Miami-Dade,6,MIAMI-DADE,SW 6 ST,N/A,N/A,25.767684,-80.214496,FDOT Traffic Signal Locations TDA,https://services1.arcgis.com/O1JpcwDW8sjYuddV/arcgis/rest/services/Traffic_Signal_Locations_TDA/FeatureServer/0,https://services1.arcgis.com/O1JpcwDW8sjYuddV/arcgis/rest/services/Traffic_Signal_Locations_TDA/FeatureServer/0/query?where=COUNTY%3D%27Miami-Dade%27&outFields=SIGNALID%2CCOUNTY%2CRDWYID%2CDISTRICT%2CMAINTAGC%2CSDESTRET%2CCNTLRDES%2CSIGNALNC&returnGeometry=true&outSR=4326&f=json
5333,87220000,Miami-Dade,6,MIAMI-DADE,NW 67 AV,N/A,N/A,25.807409,-80.30517,FDOT Traffic Signal Locations TDA,https://services1.arcgis.com/O1JpcwDW8sjYuddV/arcgis/rest/services/Traffic_Signal_Locations_TDA/FeatureServer/0,https://services1.arcgis.com/O1JpcwDW8sjYuddV/arcgis/rest/services/Traffic_Signal_Locations_TDA/FeatureServer/0/query?where=COUNTY%3D%27Miami-Dade%27&outFields=SIGNALID%2CCOUNTY%2CRDWYID%2CDISTRICT%2CMAINTAGC%2CSDESTRET%2CCNTLRDES%2CSIGNALNC&returnGeometry=true&outSR=4326&f=json
3975,87027000,Miami-Dade,6,MIAMI-DADE,NW 74 ST CONN,N/A,02,25.840183,-80.314109,FDOT Traffic Signal Locations TDA,https://services1.arcgis.com/O1JpcwDW8sjYuddV/arcgis/rest/services/Traffic_Signal_Locations_TDA/FeatureServer/0,https://services1.arcgis.com/O1JpcwDW8sjYuddV/arcgis/rest/services/Traffic_Signal_Locations_TDA/FeatureServer/0/query?where=COUNTY%3D%27Miami-Dade%27&outFields=SIGNALID%2CCOUNTY%2CRDWYID%2CDISTRICT%2CMAINTAGC%2CSDESTRET%2CCNTLRDES%2CSIGNALNC&returnGeometry=true&outSR=4326&f=json
3957,87062000,Miami-Dade,6,MIAMI-DADE,PERIMETER RD,N/A,N/A,25.785628,-80.288501,FDOT Traffic Signal Locations TDA,https://services1.arcgis.com/O1JpcwDW8sjYuddV/arcgis/rest/services/Traffic_Signal_Locations_TDA/FeatureServer/0,https://services1.arcgis.com/O1JpcwDW8sjYuddV/arcgis/rest/services/Traffic_Signal_Locations_TDA/FeatureServer/0/query?where=COUNTY%3D%27Miami-Dade%27&outFields=SIGNALID%2CCOUNTY%2CRDWYID%2CDISTRICT%2CMAINTAGC%2CSDESTRET%2CCNTLRDES%2CSIGNALNC&returnGeometry=true&outSR=4326&f=json
4880,87044000,Miami-Dade,6,MIAMI-DADE,SW 109 AV,N/A,N/A,25.732199,-80.371838,FDOT Traffic Signal Locations TDA,https://services1.arcgis.com/O1JpcwDW8sjYuddV/arcgis/rest/services/Traffic_Signal_Locations_TDA/FeatureServer/0,https://services1.arcgis.com/O1JpcwDW8sjYuddV/arcgis/rest/services/Traffic_Signal_Locations_TDA/FeatureServer/0/query?where=COUNTY%3D%27Miami-Dade%27&outFields=SIGNALID%2CCOUNTY%2CRDWYID%2CDISTRICT%2CMAINTAGC%2CSDESTRET%2CCNTLRDES%2CSIGNALNC&returnGeometry=true&outSR=4326&f=json
3596,87030000,Miami-Dade,6,MIAMI-DADE,NE 22 ST,N/A,N/A,25.798081,-80.189064,FDOT Traffic Signal Locations TDA,https://services1.arcgis.com/O1JpcwDW8sjYuddV/arcgis/rest/services/Traffic_Signal_Locations_TDA/FeatureServer/0,https://services1.arcgis.com/O1JpcwDW8sjYuddV/arcgis/rest/services/Traffic_Signal_Locations_TDA/FeatureServer/0/query?where=COUNTY%3D%27Miami-Dade%27&outFields=SIGNALID%2CCOUNTY%2CRDWYID%2CDISTRICT%2CMAINTAGC%2CSDESTRET%2CCNTLRDES%2CSIGNALNC&returnGeometry=true&outSR=4326&f=json
3557,87020001,Miami-Dade,6,MIAMI-DADE,HIBISCUS ST,N/A,N/A,25.604506,-80.351514,FDOT Traffic Signal Locations TDA,https://services1.arcgis.com/O1JpcwDW8sjYuddV/arcgis/rest/services/Traffic_Signal_Locations_TDA/FeatureServer/0,https://services1.arcgis.com/O1JpcwDW8sjYuddV/arcgis/rest/services/Traffic_Signal_Locations_TDA/FeatureServer/0/query?where=COUNTY%3D%27Miami-Dade%27&outFields=SIGNALID%2CCOUNTY%2CRDWYID%2CDISTRICT%2CMAINTAGC%2CSDESTRET%2CCNTLRDES%2CSIGNALNC&returnGeometry=true&outSR=4326&f=json
4925,87026000,Miami-Dade,6,MIAMI-DADE,N/A,N/A,N/A,25.947447,-80.148143,FDOT Traffic Signal Locations TDA,https://services1.arcgis.com/O1JpcwDW8sjYuddV/arcgis/rest/services/Traffic_Signal_Locations_TDA/FeatureServer/0,https://services1.arcgis.com/O1JpcwDW8sjYuddV/arcgis/rest/services/Traffic_Signal_Locations_TDA/FeatureServer/0/query?where=COUNTY%3D%27Miami-Dade%27&outFields=SIGNALID%2CCOUNTY%2CRDWYID%2CDISTRICT%2CMAINTAGC%2CSDESTRET%2CCNTLRDES%2CSIGNALNC&returnGeometry=true&outSR=4326&f=json
3609,87026000,Miami-Dade,6,MIAMI-DADE,NW 42 AV/LE JEUNE RD,N/A,N/A,25.939958,-80.269426,FDOT Traffic Signal Locations TDA,https://services1.arcgis.com/O1JpcwDW8sjYuddV/arcgis/rest/services/Traffic_Signal_Locations_TDA/FeatureServer/0,https://services1.arcgis.com/O1JpcwDW8sjYuddV/arcgis/rest/services/Traffic_Signal_Locations_TDA/FeatureServer/0/query?where=COUNTY%3D%27Miami-Dade%27&outFields=SIGNALID%2CCOUNTY%2CRDWYID%2CDISTRICT%2CMAINTAGC%2CSDESTRET%2CCNTLRDES%2CSIGNALNC&returnGeometry=true&outSR=4326&f=json
4118,87072000,Miami-Dade,6,MIAMI-DADE,SW 48 ST / SW 47 TER,N/A,N/A,25.722641,-80.367284,FDOT Traffic Signal Locations TDA,https://services1.arcgis.com/O1JpcwDW8sjYuddV/arcgis/rest/services/Traffic_Signal_Locations_TDA/FeatureServer/0,https://services1.arcgis.com/O1JpcwDW8sjYuddV/arcgis/rest/services/Traffic_Signal_Locations_TDA/FeatureServer/0/query?where=COUNTY%3D%27Miami-Dade%27&outFields=SIGNALID%2CCOUNTY%2CRDWYID%2CDISTRICT%2CMAINTAGC%2CSDESTRET%2CCNTLRDES%2CSIGNALNC&returnGeometry=true&outSR=4326&f=json
3459,87060000,Miami-Dade,6,MIAMI-DADE,185 ST,N/A,N/A,25.947146,-80.120867,FDOT Traffic Signal Locations TDA,https://services1.arcgis.com/O1JpcwDW8sjYuddV/arcgis/rest/services/Traffic_Signal_Locations_TDA/FeatureServer/0,https://services1.arcgis.com/O1JpcwDW8sjYuddV/arcgis/rest/services/Traffic_Signal_Locations_TDA/FeatureServer/0/query?where=COUNTY%3D%27Miami-Dade%27&outFields=SIGNALID%2CCOUNTY%2CRDWYID%2CDISTRICT%2CMAINTAGC%2CSDESTRET%2CCNTLRDES%2CSIGNALNC&returnGeometry=true&outSR=4326&f=json
4321,87030000,Miami-Dade,6,MIAMI-DADE,BRICKELL BAY CLUB,N/A,N/A,25.751946,-80.201463,FDOT Traffic Signal Locations TDA,https://services1.arcgis.com/O1JpcwDW8sjYuddV/arcgis/rest/services/Traffic_Signal_Locations_TDA/FeatureServer/0,https://services1.arcgis.com/O1JpcwDW8sjYuddV/arcgis/rest/services/Traffic_Signal_Locations_TDA/FeatureServer/0/query?where=COUNTY%3D%27Miami-Dade%27&outFields=SIGNALID%2CCOUNTY%2CRDWYID%2CDISTRICT%2CMAINTAGC%2CSDESTRET%2CCNTLRDES%2CSIGNALNC&returnGeometry=true&outSR=4326&f=json
2617,87281000,Miami-Dade,6,MIAMI-DADE,PONCE DE LEON BLVD,N/A,N/A,25.727596,-80.26174,FDOT Traffic Signal Locations TDA,https://services1.arcgis.com/O1JpcwDW8sjYuddV/arcgis/rest/services/Traffic_Signal_Locations_TDA/FeatureServer/0,https://services1.arcgis.com/O1JpcwDW8sjYuddV/arcgis/rest/services/Traffic_Signal_Locations_TDA/FeatureServer/0/query?where=COUNTY%3D%27Miami-Dade%27&outFields=SIGNALID%2CCOUNTY%2CRDWYID%2CDISTRICT%2CMAINTAGC%2CSDESTRET%2CCNTLRDES%2CSIGNALNC&returnGeometry=true&outSR=4326&f=json
3544,87080000,Miami-Dade,6,MIAMI-DADE,HARDING AVE,N/A,N/A,25.856112,-80.121408,FDOT Traffic Signal Locations TDA,https://services1.arcgis.com/O1JpcwDW8sjYuddV/arcgis/rest/services/Traffic_Signal_Locations_TDA/FeatureServer/0,https://services1.arcgis.com/O1JpcwDW8sjYuddV/arcgis/rest/services/Traffic_Signal_Locations_TDA/FeatureServer/0/query?where=COUNTY%3D%27Miami-Dade%27&outFields=SIGNALID%2CCOUNTY%2CRDWYID%2CDISTRICT%2CMAINTAGC%2CSDESTRET%2CCNTLRDES%2CSIGNALNC&returnGeometry=true&outSR=4326&f=json
6586,87046000,Miami-Dade,6,MIAMI-DADE,SW 82 AVE,N/A,N/A,25.666324,-80.326755,FDOT Traffic Signal Locations TDA,https://services1.arcgis.com/O1JpcwDW8sjYuddV/arcgis/rest/services/Traffic_Signal_Locations_TDA/FeatureServer/0,https://services1.arcgis.com/O1JpcwDW8sjYuddV/arcgis/rest/services/Traffic_Signal_Locations_TDA/FeatureServer/0/query?where=COUNTY%3D%27Miami-Dade%27&outFields=SIGNALID%2CCOUNTY%2CRDWYID%2CDISTRICT%2CMAINTAGC%2CSDESTRET%2CCNTLRDES%2CSIGNALNC&returnGeometry=true&outSR=4326&f=json
3803,87053001,Miami-Dade,6,MIAMI-DADE,SW 13 AV,N/A,N/A,25.772484,-80.216108,FDOT Traffic Signal Locations TDA,https://services1.arcgis.com/O1JpcwDW8sjYuddV/arcgis/rest/services/Traffic_Signal_Locations_TDA/FeatureServer/0,https://services1.arcgis.com/O1JpcwDW8sjYuddV/arcgis/rest/services/Traffic_Signal_Locations_TDA/FeatureServer/0/query?where=COUNTY%3D%27Miami-Dade%27&outFields=SIGNALID%2CCOUNTY%2CRDWYID%2CDISTRICT%2CMAINTAGC%2CSDESTRET%2CCNTLRDES%2CSIGNALNC&returnGeometry=true&outSR=4326&f=json
3548,87060000,Miami-Dade,6,MIAMI-DADE,9700 BLK,N/A,N/A,25.888846,-80.123866,FDOT Traffic Signal Locations TDA,https://services1.arcgis.com/O1JpcwDW8sjYuddV/arcgis/rest/services/Traffic_Signal_Locations_TDA/FeatureServer/0,https://services1.arcgis.com/O1JpcwDW8sjYuddV/arcgis/rest/services/Traffic_Signal_Locations_TDA/FeatureServer/0/query?where=COUNTY%3D%27Miami-Dade%27&outFields=SIGNALID%2CCOUNTY%2CRDWYID%2CDISTRICT%2CMAINTAGC%2CSDESTRET%2CCNTLRDES%2CSIGNALNC&returnGeometry=true&outSR=4326&f=json
2499,87080900,Miami-Dade,6,MIAMI-DADE,SR 9/NW 27 AVE,N/A,02,25.845976,-80.241961,FDOT Traffic Signal Locations TDA,https://services1.arcgis.com/O1JpcwDW8sjYuddV/arcgis/rest/services/Traffic_Signal_Locations_TDA/FeatureServer/0,https://services1.arcgis.com/O1JpcwDW8sjYuddV/arcgis/rest/services/Traffic_Signal_Locations_TDA/FeatureServer/0/query?where=COUNTY%3D%27Miami-Dade%27&outFields=SIGNALID%2CCOUNTY%2CRDWYID%2CDISTRICT%2CMAINTAGC%2CSDESTRET%2CCNTLRDES%2CSIGNALNC&returnGeometry=true&outSR=4326&f=json
6722,87030000,Miami-Dade,6,MIAMI-DADE,SE 10 ST,N/A,N/A,25.764276,-80.191118,FDOT Traffic Signal Locations TDA,https://services1.arcgis.com/O1JpcwDW8sjYuddV/arcgis/rest/services/Traffic_Signal_Locations_TDA/FeatureServer/0,https://services1.arcgis.com/O1JpcwDW8sjYuddV/arcgis/rest/services/Traffic_Signal_Locations_TDA/FeatureServer/0/query?where=COUNTY%3D%27Miami-Dade%27&outFields=SIGNALID%2CCOUNTY%2CRDWYID%2CDISTRICT%2CMAINTAGC%2CSDESTRET%2CCNTLRDES%2CSIGNALNC&returnGeometry=true&outSR=4326&f=json
4623,87260524,Miami-Dade,6,MIAMI-DADE,NW 78 AVE,N/A,N/A,25.927382,-80.325381,FDOT Traffic Signal Locations TDA,https://services1.arcgis.com/O1JpcwDW8sjYuddV/arcgis/rest/services/Traffic_Signal_Locations_TDA/FeatureServer/0,https://services1.arcgis.com/O1JpcwDW8sjYuddV/arcgis/rest/services/Traffic_Signal_Locations_TDA/FeatureServer/0/query?where=COUNTY%3D%27Miami-Dade%27&outFields=SIGNALID%2CCOUNTY%2CRDWYID%2CDISTRICT%2CMAINTAGC%2CSDESTRET%2CCNTLRDES%2CSIGNALNC&returnGeometry=true&outSR=4326&f=json
2468,87038000,Miami-Dade,6,MIAMI-DADE,N/A,N/A,N/A,25.868226,-80.235946,FDOT Traffic Signal Locations TDA,https://services1.arcgis.com/O1JpcwDW8sjYuddV/arcgis/rest/services/Traffic_Signal_Locations_TDA/FeatureServer/0,https://services1.arcgis.com/O1JpcwDW8sjYuddV/arcgis/rest/services/Traffic_Signal_Locations_TDA/FeatureServer/0/query?where=COUNTY%3D%27Miami-Dade%27&outFields=SIGNALID%2CCOUNTY%2CRDWYID%2CDISTRICT%2CMAINTAGC%2CSDESTRET%2CCNTLRDES%2CSIGNALNC&returnGeometry=true&outSR=4326&f=json
2399,87140000,Miami-Dade,6,MIAMI-DADE,NW 20 ST,N/A,N/A,25.795241,-80.207018,FDOT Traffic Signal Locations TDA,https://services1.arcgis.com/O1JpcwDW8sjYuddV/arcgis/rest/services/Traffic_Signal_Locations_TDA/FeatureServer/0,https://services1.arcgis.com/O1JpcwDW8sjYuddV/arcgis/rest/services/Traffic_Signal_Locations_TDA/FeatureServer/0/query?where=COUNTY%3D%27Miami-Dade%27&outFields=SIGNALID%2CCOUNTY%2CRDWYID%2CDISTRICT%2CMAINTAGC%2CSDESTRET%2CCNTLRDES%2CSIGNALNC&returnGeometry=true&outSR=4326&f=json
4568,87055000,Miami-Dade,6,MIAMI DADE,SW 117 AVE,N/A,N/A,25.700628,-80.382203,FDOT Traffic Signal Locations TDA,https://services1.arcgis.com/O1JpcwDW8sjYuddV/arcgis/rest/services/Traffic_Signal_Locations_TDA/FeatureServer/0,https://services1.arcgis.com/O1JpcwDW8sjYuddV/arcgis/rest/services/Traffic_Signal_Locations_TDA/FeatureServer/0/query?where=COUNTY%3D%27Miami-Dade%27&outFields=SIGNALID%2CCOUNTY%2CRDWYID%2CDISTRICT%2CMAINTAGC%2CSDESTRET%2CCNTLRDES%2CSIGNALNC&returnGeometry=true&outSR=4326&f=json
3383,87170000,Miami-Dade,6,MIAMI-DADE,N MIAMI AV,N/A,N/A,25.928029,-80.200393,FDOT Traffic Signal Locations TDA,https://services1.arcgis.com/O1JpcwDW8sjYuddV/arcgis/rest/services/Traffic_Signal_Locations_TDA/FeatureServer/0,https://services1.arcgis.com/O1JpcwDW8sjYuddV/arcgis/rest/services/Traffic_Signal_Locations_TDA/FeatureServer/0/query?where=COUNTY%3D%27Miami-Dade%27&outFields=SIGNALID%2CCOUNTY%2CRDWYID%2CDISTRICT%2CMAINTAGC%2CSDESTRET%2CCNTLRDES%2CSIGNALNC&returnGeometry=true&outSR=4326&f=json
2908,87019000,Miami-Dade,6,MIAMI-DADE,SR 860/ NW 183 ST,N/A,02,25.940932,-80.245259,FDOT Traffic Signal Locations TDA,https://services1.arcgis.com/O1JpcwDW8sjYuddV/arcgis/rest/services/Traffic_Signal_Locations_TDA/FeatureServer/0,https://services1.arcgis.com/O1JpcwDW8sjYuddV/arcgis/rest/services/Traffic_Signal_Locations_TDA/FeatureServer/0/query?where=COUNTY%3D%27Miami-Dade%27&outFields=SIGNALID%2CCOUNTY%2CRDWYID%2CDISTRICT%2CMAINTAGC%2CSDESTRET%2CCNTLRDES%2CSIGNALNC&returnGeometry=true&outSR=4326&f=json
4179,87060000,Miami-Dade,6,MIAMI-DADE,HAULOVER PARK ENT,N/A,N/A,25.906342,-80.1227,FDOT Traffic Signal Locations TDA,https://services1.arcgis.com/O1JpcwDW8sjYuddV/arcgis/rest/services/Traffic_Signal_Locations_TDA/FeatureServer/0,https://services1.arcgis.com/O1JpcwDW8sjYuddV/arcgis/rest/services/Traffic_Signal_Locations_TDA/FeatureServer/0/query?where=COUNTY%3D%27Miami-Dade%27&outFields=SIGNALID%2CCOUNTY%2CRDWYID%2CDISTRICT%2CMAINTAGC%2CSDESTRET%2CCNTLRDES%2CSIGNALNC&returnGeometry=true&outSR=4326&f=json
2241,87120001,Miami-Dade,6,MIAMI-DADE,SW 2 AVE,N/A,N/A,25.76726,-80.197494,FDOT Traffic Signal Locations TDA,https://services1.arcgis.com/O1JpcwDW8sjYuddV/arcgis/rest/services/Traffic_Signal_Locations_TDA/FeatureServer/0,https://services1.arcgis.com/O1JpcwDW8sjYuddV/arcgis/rest/services/Traffic_Signal_Locations_TDA/FeatureServer/0/query?where=COUNTY%3D%27Miami-Dade%27&outFields=SIGNALID%2CCOUNTY%2CRDWYID%2CDISTRICT%2CMAINTAGC%2CSDESTRET%2CCNTLRDES%2CSIGNALNC&returnGeometry=true&outSR=4326&f=json
3916,87020001,Miami-Dade,6,MIAMI-DADE,SW 168 ST,N/A,N/A,25.613937,-80.347158,FDOT Traffic Signal Locations TDA,https://services1.arcgis.com/O1JpcwDW8sjYuddV/arcgis/rest/services/Traffic_Signal_Locations_TDA/FeatureServer/0,https://services1.arcgis.com/O1JpcwDW8sjYuddV/arcgis/rest/services/Traffic_Signal_Locations_TDA/FeatureServer/0/query?where=COUNTY%3D%27Miami-Dade%27&outFields=SIGNALID%2CCOUNTY%2CRDWYID%2CDISTRICT%2CMAINTAGC%2CSDESTRET%2CCNTLRDES%2CSIGNALNC&returnGeometry=true&outSR=4326&f=json
4383,87120000,Miami-Dade,6,MIAMI-DADE,N/A,N/A,N/A,25.765565,-80.225106,FDOT Traffic Signal Locations TDA,https://services1.arcgis.com/O1JpcwDW8sjYuddV/arcgis/rest/services/Traffic_Signal_Locations_TDA/FeatureServer/0,https://services1.arcgis.com/O1JpcwDW8sjYuddV/arcgis/rest/services/Traffic_Signal_Locations_TDA/FeatureServer/0/query?where=COUNTY%3D%27Miami-Dade%27&outFields=SIGNALID%2CCOUNTY%2CRDWYID%2CDISTRICT%2CMAINTAGC%2CSDESTRET%2CCNTLRDES%2CSIGNALNC&returnGeometry=true&outSR=4326&f=json
5010,87085000,Miami-Dade,6,MIAMI-DADE,N/A,N/A,N/A,25.781826,-80.214736,FDOT Traffic Signal Locations TDA,https://services1.arcgis.com/O1JpcwDW8sjYuddV/arcgis/rest/services/Traffic_Signal_Locations_TDA/FeatureServer/0,https://services1.arcgis.com/O1JpcwDW8sjYuddV/arcgis/rest/services/Traffic_Signal_Locations_TDA/FeatureServer/0/query?where=COUNTY%3D%27Miami-Dade%27&outFields=SIGNALID%2CCOUNTY%2CRDWYID%2CDISTRICT%2CMAINTAGC%2CSDESTRET%2CCNTLRDES%2CSIGNALNC&returnGeometry=true&outSR=4326&f=json
3408,87066000,Miami-Dade,6,MIAMI-DADE,NE 9 AV,N/A,N/A,25.890533,-80.180364,FDOT Traffic Signal Locations TDA,https://services1.arcgis.com/O1JpcwDW8sjYuddV/arcgis/rest/services/Traffic_Signal_Locations_TDA/FeatureServer/0,https://services1.arcgis.com/O1JpcwDW8sjYuddV/arcgis/rest/services/Traffic_Signal_Locations_TDA/FeatureServer/0/query?where=COUNTY%3D%27Miami-Dade%27&outFields=SIGNALID%2CCOUNTY%2CRDWYID%2CDISTRICT%2CMAINTAGC%2CSDESTRET%2CCNTLRDES%2CSIGNALNC&returnGeometry=true&outSR=4326&f=json
3994,87001000,Miami-Dade,6,MIAMI-DADE,SW 117 AVE RD,N/A,N/A,25.686395,-80.381625,FDOT Traffic Signal Locations TDA,https://services1.arcgis.com/O1JpcwDW8sjYuddV/arcgis/rest/services/Traffic_Signal_Locations_TDA/FeatureServer/0,https://services1.arcgis.com/O1JpcwDW8sjYuddV/arcgis/rest/services/Traffic_Signal_Locations_TDA/FeatureServer/0/query?where=COUNTY%3D%27Miami-Dade%27&outFields=SIGNALID%2CCOUNTY%2CRDWYID%2CDISTRICT%2CMAINTAGC%2CSDESTRET%2CCNTLRDES%2CSIGNALNC&returnGeometry=true&outSR=4326&f=json
6433,87030000,Miami-Dade,6,MIAMI-DADE,NE 3 ST,N/A,N/A,25.777242,-80.187871,FDOT Traffic Signal Locations TDA,https://services1.arcgis.com/O1JpcwDW8sjYuddV/arcgis/rest/services/Traffic_Signal_Locations_TDA/FeatureServer/0,https://services1.arcgis.com/O1JpcwDW8sjYuddV/arcgis/rest/services/Traffic_Signal_Locations_TDA/FeatureServer/0/query?where=COUNTY%3D%27Miami-Dade%27&outFields=SIGNALID%2CCOUNTY%2CRDWYID%2CDISTRICT%2CMAINTAGC%2CSDESTRET%2CCNTLRDES%2CSIGNALNC&returnGeometry=true&outSR=4326&f=json
2844,87090000,Miami-Dade,6,MIAMI-DADE,SE 4 AVE/EAST DR,N/A,N/A,25.816986,-80.272834,FDOT Traffic Signal Locations TDA,https://services1.arcgis.com/O1JpcwDW8sjYuddV/arcgis/rest/services/Traffic_Signal_Locations_TDA/FeatureServer/0,https://services1.arcgis.com/O1JpcwDW8sjYuddV/arcgis/rest/services/Traffic_Signal_Locations_TDA/FeatureServer/0/query?where=COUNTY%3D%27Miami-Dade%27&outFields=SIGNALID%2CCOUNTY%2CRDWYID%2CDISTRICT%2CMAINTAGC%2CSDESTRET%2CCNTLRDES%2CSIGNALNC&returnGeometry=true&outSR=4326&f=json
2555,87008000,Miami-Dade,6,MIAMI-DADE,WEST DIXIE HWY,N/A,N/A,25.899777,-80.178593,FDOT Traffic Signal Locations TDA,https://services1.arcgis.com/O1JpcwDW8sjYuddV/arcgis/rest/services/Traffic_Signal_Locations_TDA/FeatureServer/0,https://services1.arcgis.com/O1JpcwDW8sjYuddV/arcgis/rest/services/Traffic_Signal_Locations_TDA/FeatureServer/0/query?where=COUNTY%3D%27Miami-Dade%27&outFields=SIGNALID%2CCOUNTY%2CRDWYID%2CDISTRICT%2CMAINTAGC%2CSDESTRET%2CCNTLRDES%2CSIGNALNC&returnGeometry=true&outSR=4326&f=json
3445,87120001,Miami-Dade,6,MIAMI-DADE,SW 19 AVE,N/A,N/A,25.766423,-80.226793,FDOT Traffic Signal Locations TDA,https://services1.arcgis.com/O1JpcwDW8sjYuddV/arcgis/rest/services/Traffic_Signal_Locations_TDA/FeatureServer/0,https://services1.arcgis.com/O1JpcwDW8sjYuddV/arcgis/rest/services/Traffic_Signal_Locations_TDA/FeatureServer/0/query?where=COUNTY%3D%27Miami-Dade%27&outFields=SIGNALID%2CCOUNTY%2CRDWYID%2CDISTRICT%2CMAINTAGC%2CSDESTRET%2CCNTLRDES%2CSIGNALNC&returnGeometry=true&outSR=4326&f=json
4113,87030000,Miami-Dade,6,MIAMI-DADE,NE 130 ST,N/A,N/A,25.896294,-80.161598,FDOT Traffic Signal Locations TDA,https://services1.arcgis.com/O1JpcwDW8sjYuddV/arcgis/rest/services/Traffic_Signal_Locations_TDA/FeatureServer/0,https://services1.arcgis.com/O1JpcwDW8sjYuddV/arcgis/rest/services/Traffic_Signal_Locations_TDA/FeatureServer/0/query?where=COUNTY%3D%27Miami-Dade%27&outFields=SIGNALID%2CCOUNTY%2CRDWYID%2CDISTRICT%2CMAINTAGC%2CSDESTRET%2CCNTLRDES%2CSIGNALNC&returnGeometry=true&outSR=4326&f=json
4554,87072000,Miami-Dade,6,MIAMI-DADE,NW 7 ST,N/A,N/A,25.775533,-80.369493,FDOT Traffic Signal Locations TDA,https://services1.arcgis.com/O1JpcwDW8sjYuddV/arcgis/rest/services/Traffic_Signal_Locations_TDA/FeatureServer/0,https://services1.arcgis.com/O1JpcwDW8sjYuddV/arcgis/rest/services/Traffic_Signal_Locations_TDA/FeatureServer/0/query?where=COUNTY%3D%27Miami-Dade%27&outFields=SIGNALID%2CCOUNTY%2CRDWYID%2CDISTRICT%2CMAINTAGC%2CSDESTRET%2CCNTLRDES%2CSIGNALNC&returnGeometry=true&outSR=4326&f=json
5984,87120000,Miami-Dade,6,MIAMI-DADE,SW 129 PL,N/A,N/A,25.760892,-80.406052,FDOT Traffic Signal Locations TDA,https://services1.arcgis.com/O1JpcwDW8sjYuddV/arcgis/rest/services/Traffic_Signal_Locations_TDA/FeatureServer/0,https://services1.arcgis.com/O1JpcwDW8sjYuddV/arcgis/rest/services/Traffic_Signal_Locations_TDA/FeatureServer/0/query?where=COUNTY%3D%27Miami-Dade%27&outFields=SIGNALID%2CCOUNTY%2CRDWYID%2CDISTRICT%2CMAINTAGC%2CSDESTRET%2CCNTLRDES%2CSIGNALNC&returnGeometry=true&outSR=4326&f=json
3139,87002000,Miami-Dade,6,MIAMI-DADE,W 23 ST,N/A,N/A,25.842644,-80.290147,FDOT Traffic Signal Locations TDA,https://services1.arcgis.com/O1JpcwDW8sjYuddV/arcgis/rest/services/Traffic_Signal_Locations_TDA/FeatureServer/0,https://services1.arcgis.com/O1JpcwDW8sjYuddV/arcgis/rest/services/Traffic_Signal_Locations_TDA/FeatureServer/0/query?where=COUNTY%3D%27Miami-Dade%27&outFields=SIGNALID%2CCOUNTY%2CRDWYID%2CDISTRICT%2CMAINTAGC%2CSDESTRET%2CCNTLRDES%2CSIGNALNC&returnGeometry=true&outSR=4326&f=json
4006,87080900,Miami-Dade,6,MIAMI-DADE,N/A,N/A,N/A,25.840623,-80.287252,FDOT Traffic Signal Locations TDA,https://services1.arcgis.com/O1JpcwDW8sjYuddV/arcgis/rest/services/Traffic_Signal_Locations_TDA/FeatureServer/0,https://services1.arcgis.com/O1JpcwDW8sjYuddV/arcgis/rest/services/Traffic_Signal_Locations_TDA/FeatureServer/0/query?where=COUNTY%3D%27Miami-Dade%27&outFields=SIGNALID%2CCOUNTY%2CRDWYID%2CDISTRICT%2CMAINTAGC%2CSDESTRET%2CCNTLRDES%2CSIGNALNC&returnGeometry=true&outSR=4326&f=json
5192,87054000,Miami-Dade,6,MIAMI-DADE,SW 25 RD,N/A,N/A,25.755915,-80.207298,FDOT Traffic Signal Locations TDA,https://services1.arcgis.com/O1JpcwDW8sjYuddV/arcgis/rest/services/Traffic_Signal_Locations_TDA/FeatureServer/0,https://services1.arcgis.com/O1JpcwDW8sjYuddV/arcgis/rest/services/Traffic_Signal_Locations_TDA/FeatureServer/0/query?where=COUNTY%3D%27Miami-Dade%27&outFields=SIGNALID%2CCOUNTY%2CRDWYID%2CDISTRICT%2CMAINTAGC%2CSDESTRET%2CCNTLRDES%2CSIGNALNC&returnGeometry=true&outSR=4326&f=json
3874,87080000,Miami-Dade,6,MIAMI-DADE,1800 BLOCK,N/A,N/A,25.848452,-80.148446,FDOT Traffic Signal Locations TDA,https://services1.arcgis.com/O1JpcwDW8sjYuddV/arcgis/rest/services/Traffic_Signal_Locations_TDA/FeatureServer/0,https://services1.arcgis.com/O1JpcwDW8sjYuddV/arcgis/rest/services/Traffic_Signal_Locations_TDA/FeatureServer/0/query?where=COUNTY%3D%27Miami-Dade%27&outFields=SIGNALID%2CCOUNTY%2CRDWYID%2CDISTRICT%2CMAINTAGC%2CSDESTRET%2CCNTLRDES%2CSIGNALNC&returnGeometry=true&outSR=4326&f=json
3953,87190000,Miami-Dade,6,MIAMI-DADE,NE 147 ST/NE 16 AVE,N/A,N/A,25.911005,-80.16735,FDOT Traffic Signal Locations TDA,https://services1.arcgis.com/O1JpcwDW8sjYuddV/arcgis/rest/services/Traffic_Signal_Locations_TDA/FeatureServer/0,https://services1.arcgis.com/O1JpcwDW8sjYuddV/arcgis/rest/services/Traffic_Signal_Locations_TDA/FeatureServer/0/query?where=COUNTY%3D%27Miami-Dade%27&outFields=SIGNALID%2CCOUNTY%2CRDWYID%2CDISTRICT%2CMAINTAGC%2CSDESTRET%2CCNTLRDES%2CSIGNALNC&returnGeometry=true&outSR=4326&f=json
6396,87001000,Miami-Dade,6,MIAMI-DADE,SW 167 AVE,N/A,N/A,25.683799,-80.46205,FDOT Traffic Signal Locations TDA,https://services1.arcgis.com/O1JpcwDW8sjYuddV/arcgis/rest/services/Traffic_Signal_Locations_TDA/FeatureServer/0,https://services1.arcgis.com/O1JpcwDW8sjYuddV/arcgis/rest/services/Traffic_Signal_Locations_TDA/FeatureServer/0/query?where=COUNTY%3D%27Miami-Dade%27&outFields=SIGNALID%2CCOUNTY%2CRDWYID%2CDISTRICT%2CMAINTAGC%2CSDESTRET%2CCNTLRDES%2CSIGNALNC&returnGeometry=true&outSR=4326&f=json
3514,87030000,Miami-Dade,6,MIAMI-DADE,NE 82 ST,N/A,02,25.850108,-80.184716,FDOT Traffic Signal Locations TDA,https://services1.arcgis.com/O1JpcwDW8sjYuddV/arcgis/rest/services/Traffic_Signal_Locations_TDA/FeatureServer/0,https://services1.arcgis.com/O1JpcwDW8sjYuddV/arcgis/rest/services/Traffic_Signal_Locations_TDA/FeatureServer/0/query?where=COUNTY%3D%27Miami-Dade%27&outFields=SIGNALID%2CCOUNTY%2CRDWYID%2CDISTRICT%2CMAINTAGC%2CSDESTRET%2CCNTLRDES%2CSIGNALNC&returnGeometry=true&outSR=4326&f=json
4923,87001000,Miami-Dade,6,MIAMI-DADE,OFF RAMP TPKE SOUTH,N/A,N/A,25.686093,-80.39136,FDOT Traffic Signal Locations TDA,https://services1.arcgis.com/O1JpcwDW8sjYuddV/arcgis/rest/services/Traffic_Signal_Locations_TDA/FeatureServer/0,https://services1.arcgis.com/O1JpcwDW8sjYuddV/arcgis/rest/services/Traffic_Signal_Locations_TDA/FeatureServer/0/query?where=COUNTY%3D%27Miami-Dade%27&outFields=SIGNALID%2CCOUNTY%2CRDWYID%2CDISTRICT%2CMAINTAGC%2CSDESTRET%2CCNTLRDES%2CSIGNALNC&returnGeometry=true&outSR=4326&f=json
4836,87030000,Miami-Dade,6,MIAMI-DADE,NE 21 ST,N/A,N/A,25.797093,-80.189052,FDOT Traffic Signal Locations TDA,https://services1.arcgis.com/O1JpcwDW8sjYuddV/arcgis/rest/services/Traffic_Signal_Locations_TDA/FeatureServer/0,https://services1.arcgis.com/O1JpcwDW8sjYuddV/arcgis/rest/services/Traffic_Signal_Locations_TDA/FeatureServer/0/query?where=COUNTY%3D%27Miami-Dade%27&outFields=SIGNALID%2CCOUNTY%2CRDWYID%2CDISTRICT%2CMAINTAGC%2CSDESTRET%2CCNTLRDES%2CSIGNALNC&returnGeometry=true&outSR=4326&f=json
2479,87240000,Miami-Dade,6,MIAMI-DADE,NW 28 ST,N/A,N/A,25.801588,-80.239909,FDOT Traffic Signal Locations TDA,https://services1.arcgis.com/O1JpcwDW8sjYuddV/arcgis/rest/services/Traffic_Signal_Locations_TDA/FeatureServer/0,https://services1.arcgis.com/O1JpcwDW8sjYuddV/arcgis/rest/services/Traffic_Signal_Locations_TDA/FeatureServer/0/query?where=COUNTY%3D%27Miami-Dade%27&outFields=SIGNALID%2CCOUNTY%2CRDWYID%2CDISTRICT%2CMAINTAGC%2CSDESTRET%2CCNTLRDES%2CSIGNALNC&returnGeometry=true&outSR=4326&f=json
2595,87044000,Miami-Dade,6,MIAMI-DADE,SR 953/LE JEUNE RD,N/A,02,25.734718,-80.262431,FDOT Traffic Signal Locations TDA,https://services1.arcgis.com/O1JpcwDW8sjYuddV/arcgis/rest/services/Traffic_Signal_Locations_TDA/FeatureServer/0,https://services1.arcgis.com/O1JpcwDW8sjYuddV/arcgis/rest/services/Traffic_Signal_Locations_TDA/FeatureServer/0/query?where=COUNTY%3D%27Miami-Dade%27&outFields=SIGNALID%2CCOUNTY%2CRDWYID%2CDISTRICT%2CMAINTAGC%2CSDESTRET%2CCNTLRDES%2CSIGNALNC&returnGeometry=true&outSR=4326&f=json
6220,87075701,Miami-Dade,6,MIAMI-DADE,W 84 ST/NW 138 ST,N/A,N/A,25.896925,-80.329828,FDOT Traffic Signal Locations TDA,https://services1.arcgis.com/O1JpcwDW8sjYuddV/arcgis/rest/services/Traffic_Signal_Locations_TDA/FeatureServer/0,https://services1.arcgis.com/O1JpcwDW8sjYuddV/arcgis/rest/services/Traffic_Signal_Locations_TDA/FeatureServer/0/query?where=COUNTY%3D%27Miami-Dade%27&outFields=SIGNALID%2CCOUNTY%2CRDWYID%2CDISTRICT%2CMAINTAGC%2CSDESTRET%2CCNTLRDES%2CSIGNALNC&returnGeometry=true&outSR=4326&f=json
3659,87008000,Miami-Dade,6,MIAMI-DADE,NE 7 AVE,N/A,N/A,25.899539,-80.184589,FDOT Traffic Signal Locations TDA,https://services1.arcgis.com/O1JpcwDW8sjYuddV/arcgis/rest/services/Traffic_Signal_Locations_TDA/FeatureServer/0,https://services1.arcgis.com/O1JpcwDW8sjYuddV/arcgis/rest/services/Traffic_Signal_Locations_TDA/FeatureServer/0/query?where=COUNTY%3D%27Miami-Dade%27&outFields=SIGNALID%2CCOUNTY%2CRDWYID%2CDISTRICT%2CMAINTAGC%2CSDESTRET%2CCNTLRDES%2CSIGNALNC&returnGeometry=true&outSR=4326&f=json
3150,87026000,Miami-Dade,6,MIAMI-DADE,DOUGLAS RD/NW 37 AV,N/A,N/A,25.940267,-80.26136,FDOT Traffic Signal Locations TDA,https://services1.arcgis.com/O1JpcwDW8sjYuddV/arcgis/rest/services/Traffic_Signal_Locations_TDA/FeatureServer/0,https://services1.arcgis.com/O1JpcwDW8sjYuddV/arcgis/rest/services/Traffic_Signal_Locations_TDA/FeatureServer/0/query?where=COUNTY%3D%27Miami-Dade%27&outFields=SIGNALID%2CCOUNTY%2CRDWYID%2CDISTRICT%2CMAINTAGC%2CSDESTRET%2CCNTLRDES%2CSIGNALNC&returnGeometry=true&outSR=4326&f=json
4528,87027000,Miami-Dade,6,MIAMI-DADE,SR 934/NW 74 ST,N/A,02,25.840721,-80.314136,FDOT Traffic Signal Locations TDA,https://services1.arcgis.com/O1JpcwDW8sjYuddV/arcgis/rest/services/Traffic_Signal_Locations_TDA/FeatureServer/0,https://services1.arcgis.com/O1JpcwDW8sjYuddV/arcgis/rest/services/Traffic_Signal_Locations_TDA/FeatureServer/0/query?where=COUNTY%3D%27Miami-Dade%27&outFields=SIGNALID%2CCOUNTY%2CRDWYID%2CDISTRICT%2CMAINTAGC%2CSDESTRET%2CCNTLRDES%2CSIGNALNC&returnGeometry=true&outSR=4326&f=json
2672,87060000,Miami-Dade,6,MIAMI-DADE,26 ST,N/A,N/A,25.80237,-80.126205,FDOT Traffic Signal Locations TDA,https://services1.arcgis.com/O1JpcwDW8sjYuddV/arcgis/rest/services/Traffic_Signal_Locations_TDA/FeatureServer/0,https://services1.arcgis.com/O1JpcwDW8sjYuddV/arcgis/rest/services/Traffic_Signal_Locations_TDA/FeatureServer/0/query?where=COUNTY%3D%27Miami-Dade%27&outFields=SIGNALID%2CCOUNTY%2CRDWYID%2CDISTRICT%2CMAINTAGC%2CSDESTRET%2CCNTLRDES%2CSIGNALNC&returnGeometry=true&outSR=4326&f=json
3629,87060000,Miami-Dade,6,MIAMI-DADE,HARBOUR WAY,N/A,N/A,25.894594,-80.124223,FDOT Traffic Signal Locations TDA,https://services1.arcgis.com/O1JpcwDW8sjYuddV/arcgis/rest/services/Traffic_Signal_Locations_TDA/FeatureServer/0,https://services1.arcgis.com/O1JpcwDW8sjYuddV/arcgis/rest/services/Traffic_Signal_Locations_TDA/FeatureServer/0/query?where=COUNTY%3D%27Miami-Dade%27&outFields=SIGNALID%2CCOUNTY%2CRDWYID%2CDISTRICT%2CMAINTAGC%2CSDESTRET%2CCNTLRDES%2CSIGNALNC&returnGeometry=true&outSR=4326&f=json
6968,87281000,Miami-Dade,6,MIAMI-DADE,SR 836 EAST,N/A,N/A,25.78322,-80.264015,FDOT Traffic Signal Locations TDA,https://services1.arcgis.com/O1JpcwDW8sjYuddV/arcgis/rest/services/Traffic_Signal_Locations_TDA/FeatureServer/0,https://services1.arcgis.com/O1JpcwDW8sjYuddV/arcgis/rest/services/Traffic_Signal_Locations_TDA/FeatureServer/0/query?where=COUNTY%3D%27Miami-Dade%27&outFields=SIGNALID%2CCOUNTY%2CRDWYID%2CDISTRICT%2CMAINTAGC%2CSDESTRET%2CCNTLRDES%2CSIGNALNC&returnGeometry=true&outSR=4326&f=json
3733,87140000,Miami-Dade,6,MIAMI-DADE,NW 151 ST,N/A,N/A,25.913013,-80.211645,FDOT Traffic Signal Locations TDA,https://services1.arcgis.com/O1JpcwDW8sjYuddV/arcgis/rest/services/Traffic_Signal_Locations_TDA/FeatureServer/0,https://services1.arcgis.com/O1JpcwDW8sjYuddV/arcgis/rest/services/Traffic_Signal_Locations_TDA/FeatureServer/0/query?where=COUNTY%3D%27Miami-Dade%27&outFields=SIGNALID%2CCOUNTY%2CRDWYID%2CDISTRICT%2CMAINTAGC%2CSDESTRET%2CCNTLRDES%2CSIGNALNC&returnGeometry=true&outSR=4326&f=json
4296,87053000,Miami-Dade,6,MIAMI-DADE,W 69 AVE,N/A,N/A,25.770329,-80.307489,FDOT Traffic Signal Locations TDA,https://services1.arcgis.com/O1JpcwDW8sjYuddV/arcgis/rest/services/Traffic_Signal_Locations_TDA/FeatureServer/0,https://services1.arcgis.com/O1JpcwDW8sjYuddV/arcgis/rest/services/Traffic_Signal_Locations_TDA/FeatureServer/0/query?where=COUNTY%3D%27Miami-Dade%27&outFields=SIGNALID%2CCOUNTY%2CRDWYID%2CDISTRICT%2CMAINTAGC%2CSDESTRET%2CCNTLRDES%2CSIGNALNC&returnGeometry=true&outSR=4326&f=json
4491,87030000,Miami-Dade,6,MIAMI-DADE,SW 70 ST,N/A,N/A,25.705928,-80.287491,FDOT Traffic Signal Locations TDA,https://services1.arcgis.com/O1JpcwDW8sjYuddV/arcgis/rest/services/Traffic_Signal_Locations_TDA/FeatureServer/0,https://services1.arcgis.com/O1JpcwDW8sjYuddV/arcgis/rest/services/Traffic_Signal_Locations_TDA/FeatureServer/0/query?where=COUNTY%3D%27Miami-Dade%27&outFields=SIGNALID%2CCOUNTY%2CRDWYID%2CDISTRICT%2CMAINTAGC%2CSDESTRET%2CCNTLRDES%2CSIGNALNC&returnGeometry=true&outSR=4326&f=json
2879,87281000,Miami-Dade,6,MIAMI-DADE,SR932/E49ST/NW103AVE,N/A,02,25.867109,-80.266719,FDOT Traffic Signal Locations TDA,https://services1.arcgis.com/O1JpcwDW8sjYuddV/arcgis/rest/services/Traffic_Signal_Locations_TDA/FeatureServer/0,https://services1.arcgis.com/O1JpcwDW8sjYuddV/arcgis/rest/services/Traffic_Signal_Locations_TDA/FeatureServer/0/query?where=COUNTY%3D%27Miami-Dade%27&outFields=SIGNALID%2CCOUNTY%2CRDWYID%2CDISTRICT%2CMAINTAGC%2CSDESTRET%2CCNTLRDES%2CSIGNALNC&returnGeometry=true&outSR=4326&f=json
3648,87066000,Miami-Dade,6,MIAMI-DADE,BYRON AVE,N/A,N/A,25.886898,-80.12535,FDOT Traffic Signal Locations TDA,https://services1.arcgis.com/O1JpcwDW8sjYuddV/arcgis/rest/services/Traffic_Signal_Locations_TDA/FeatureServer/0,https://services1.arcgis.com/O1JpcwDW8sjYuddV/arcgis/rest/services/Traffic_Signal_Locations_TDA/FeatureServer/0/query?where=COUNTY%3D%27Miami-Dade%27&outFields=SIGNALID%2CCOUNTY%2CRDWYID%2CDISTRICT%2CMAINTAGC%2CSDESTRET%2CCNTLRDES%2CSIGNALNC&returnGeometry=true&outSR=4326&f=json
2872,87002000,Miami-Dade,6,MIAMI-DADE,W 29 ST,N/A,N/A,25.848079,-80.290155,FDOT Traffic Signal Locations TDA,https://services1.arcgis.com/O1JpcwDW8sjYuddV/arcgis/rest/services/Traffic_Signal_Locations_TDA/FeatureServer/0,https://services1.arcgis.com/O1JpcwDW8sjYuddV/arcgis/rest/services/Traffic_Signal_Locations_TDA/FeatureServer/0/query?where=COUNTY%3D%27Miami-Dade%27&outFields=SIGNALID%2CCOUNTY%2CRDWYID%2CDISTRICT%2CMAINTAGC%2CSDESTRET%2CCNTLRDES%2CSIGNALNC&returnGeometry=true&outSR=4326&f=json
5312,87034000,Miami-Dade,6,MIAMI-DADE,N/A,N/A,N/A,25.934783,-80.188528,FDOT Traffic Signal Locations TDA,https://services1.arcgis.com/O1JpcwDW8sjYuddV/arcgis/rest/services/Traffic_Signal_Locations_TDA/FeatureServer/0,https://services1.arcgis.com/O1JpcwDW8sjYuddV/arcgis/rest/services/Traffic_Signal_Locations_TDA/FeatureServer/0/query?where=COUNTY%3D%27Miami-Dade%27&outFields=SIGNALID%2CCOUNTY%2CRDWYID%2CDISTRICT%2CMAINTAGC%2CSDESTRET%2CCNTLRDES%2CSIGNALNC&returnGeometry=true&outSR=4326&f=json
3918,87052000,Miami-Dade,6,MIAMI-DADE,NW 2 AV,N/A,N/A,25.884102,-80.202524,FDOT Traffic Signal Locations TDA,https://services1.arcgis.com/O1JpcwDW8sjYuddV/arcgis/rest/services/Traffic_Signal_Locations_TDA/FeatureServer/0,https://services1.arcgis.com/O1JpcwDW8sjYuddV/arcgis/rest/services/Traffic_Signal_Locations_TDA/FeatureServer/0/query?where=COUNTY%3D%27Miami-Dade%27&outFields=SIGNALID%2CCOUNTY%2CRDWYID%2CDISTRICT%2CMAINTAGC%2CSDESTRET%2CCNTLRDES%2CSIGNALNC&returnGeometry=true&outSR=4326&f=json
3142,87220000,Miami-Dade,6,MIAMI-DADE,PALMETTO DR,N/A,N/A,25.807838,-80.281001,FDOT Traffic Signal Locations TDA,https://services1.arcgis.com/O1JpcwDW8sjYuddV/arcgis/rest/services/Traffic_Signal_Locations_TDA/FeatureServer/0,https://services1.arcgis.com/O1JpcwDW8sjYuddV/arcgis/rest/services/Traffic_Signal_Locations_TDA/FeatureServer/0/query?where=COUNTY%3D%27Miami-Dade%27&outFields=SIGNALID%2CCOUNTY%2CRDWYID%2CDISTRICT%2CMAINTAGC%2CSDESTRET%2CCNTLRDES%2CSIGNALNC&returnGeometry=true&outSR=4326&f=json
6689,87034000,Miami-Dade,6,MIAMI-DADE,N/A,N/A,N/A,25.900861,-80.186916,FDOT Traffic Signal Locations TDA,https://services1.arcgis.com/O1JpcwDW8sjYuddV/arcgis/rest/services/Traffic_Signal_Locations_TDA/FeatureServer/0,https://services1.arcgis.com/O1JpcwDW8sjYuddV/arcgis/rest/services/Traffic_Signal_Locations_TDA/FeatureServer/0/query?where=COUNTY%3D%27Miami-Dade%27&outFields=SIGNALID%2CCOUNTY%2CRDWYID%2CDISTRICT%2CMAINTAGC%2CSDESTRET%2CCNTLRDES%2CSIGNALNC&returnGeometry=true&outSR=4326&f=json
3610,87020000,Miami-Dade,6,MIAMI-DADE,SW 296 ST,N/A,N/A,25.491957,-80.453755,FDOT Traffic Signal Locations TDA,https://services1.arcgis.com/O1JpcwDW8sjYuddV/arcgis/rest/services/Traffic_Signal_Locations_TDA/FeatureServer/0,https://services1.arcgis.com/O1JpcwDW8sjYuddV/arcgis/rest/services/Traffic_Signal_Locations_TDA/FeatureServer/0/query?where=COUNTY%3D%27Miami-Dade%27&outFields=SIGNALID%2CCOUNTY%2CRDWYID%2CDISTRICT%2CMAINTAGC%2CSDESTRET%2CCNTLRDES%2CSIGNALNC&returnGeometry=true&outSR=4326&f=json
2596,87044000,Miami-Dade,6,MIAMI-DADE,RIVIERA DR,N/A,N/A,25.734635,-80.264444,FDOT Traffic Signal Locations TDA,https://services1.arcgis.com/O1JpcwDW8sjYuddV/arcgis/rest/services/Traffic_Signal_Locations_TDA/FeatureServer/0,https://services1.arcgis.com/O1JpcwDW8sjYuddV/arcgis/rest/services/Traffic_Signal_Locations_TDA/FeatureServer/0/query?where=COUNTY%3D%27Miami-Dade%27&outFields=SIGNALID%2CCOUNTY%2CRDWYID%2CDISTRICT%2CMAINTAGC%2CSDESTRET%2CCNTLRDES%2CSIGNALNC&returnGeometry=true&outSR=4326&f=json
3880,87060000,Miami-Dade,6,MIAMI-DADE,72 ST,N/A,N/A,25.856962,-80.120529,FDOT Traffic Signal Locations TDA,https://services1.arcgis.com/O1JpcwDW8sjYuddV/arcgis/rest/services/Traffic_Signal_Locations_TDA/FeatureServer/0,https://services1.arcgis.com/O1JpcwDW8sjYuddV/arcgis/rest/services/Traffic_Signal_Locations_TDA/FeatureServer/0/query?where=COUNTY%3D%27Miami-Dade%27&outFields=SIGNALID%2CCOUNTY%2CRDWYID%2CDISTRICT%2CMAINTAGC%2CSDESTRET%2CCNTLRDES%2CSIGNALNC&returnGeometry=true&outSR=4326&f=json
5603,87250000,Miami-Dade,6,MIAMI-DADE,N/A,N/A,N/A,25.822889,-80.274846,FDOT Traffic Signal Locations TDA,https://services1.arcgis.com/O1JpcwDW8sjYuddV/arcgis/rest/services/Traffic_Signal_Locations_TDA/FeatureServer/0,https://services1.arcgis.com/O1JpcwDW8sjYuddV/arcgis/rest/services/Traffic_Signal_Locations_TDA/FeatureServer/0/query?where=COUNTY%3D%27Miami-Dade%27&outFields=SIGNALID%2CCOUNTY%2CRDWYID%2CDISTRICT%2CMAINTAGC%2CSDESTRET%2CCNTLRDES%2CSIGNALNC&returnGeometry=true&outSR=4326&f=json
4385,87120000,Miami-Dade,6,MIAMI-DADE,SW 11 AVE,N/A,N/A,25.76591,-80.212675,FDOT Traffic Signal Locations TDA,https://services1.arcgis.com/O1JpcwDW8sjYuddV/arcgis/rest/services/Traffic_Signal_Locations_TDA/FeatureServer/0,https://services1.arcgis.com/O1JpcwDW8sjYuddV/arcgis/rest/services/Traffic_Signal_Locations_TDA/FeatureServer/0/query?where=COUNTY%3D%27Miami-Dade%27&outFields=SIGNALID%2CCOUNTY%2CRDWYID%2CDISTRICT%2CMAINTAGC%2CSDESTRET%2CCNTLRDES%2CSIGNALNC&returnGeometry=true&outSR=4326&f=json
2777,87037000,Miami-Dade,6,MIAMI-DADE,PINE TREE DR,N/A,N/A,25.843809,-80.125694,FDOT Traffic Signal Locations TDA,https://services1.arcgis.com/O1JpcwDW8sjYuddV/arcgis/rest/services/Traffic_Signal_Locations_TDA/FeatureServer/0,https://services1.arcgis.com/O1JpcwDW8sjYuddV/arcgis/rest/services/Traffic_Signal_Locations_TDA/FeatureServer/0/query?where=COUNTY%3D%27Miami-Dade%27&outFields=SIGNALID%2CCOUNTY%2CRDWYID%2CDISTRICT%2CMAINTAGC%2CSDESTRET%2CCNTLRDES%2CSIGNALNC&returnGeometry=true&outSR=4326&f=json
4517,87030000,Miami-Dade,6,MIAMI-DADE,NE 107 ST,N/A,N/A,25.873719,-80.171143,FDOT Traffic Signal Locations TDA,https://services1.arcgis.com/O1JpcwDW8sjYuddV/arcgis/rest/services/Traffic_Signal_Locations_TDA/FeatureServer/0,https://services1.arcgis.com/O1JpcwDW8sjYuddV/arcgis/rest/services/Traffic_Signal_Locations_TDA/FeatureServer/0/query?where=COUNTY%3D%27Miami-Dade%27&outFields=SIGNALID%2CCOUNTY%2CRDWYID%2CDISTRICT%2CMAINTAGC%2CSDESTRET%2CCNTLRDES%2CSIGNALNC&returnGeometry=true&outSR=4326&f=json
3735,87030000,Miami-Dade,6,MIAMI-DADE,MARIPOSA CT,N/A,N/A,25.714929,-80.276298,FDOT Traffic Signal Locations TDA,https://services1.arcgis.com/O1JpcwDW8sjYuddV/arcgis/rest/services/Traffic_Signal_Locations_TDA/FeatureServer/0,https://services1.arcgis.com/O1JpcwDW8sjYuddV/arcgis/rest/services/Traffic_Signal_Locations_TDA/FeatureServer/0/query?where=COUNTY%3D%27Miami-Dade%27&outFields=SIGNALID%2CCOUNTY%2CRDWYID%2CDISTRICT%2CMAINTAGC%2CSDESTRET%2CCNTLRDES%2CSIGNALNC&returnGeometry=true&outSR=4326&f=json
3639,87030000,Miami-Dade,6,MIAMI-DADE,NE 178 ST,N/A,N/A,25.939817,-80.149263,FDOT Traffic Signal Locations TDA,https://services1.arcgis.com/O1JpcwDW8sjYuddV/arcgis/rest/services/Traffic_Signal_Locations_TDA/FeatureServer/0,https://services1.arcgis.com/O1JpcwDW8sjYuddV/arcgis/rest/services/Traffic_Signal_Locations_TDA/FeatureServer/0/query?where=COUNTY%3D%27Miami-Dade%27&outFields=SIGNALID%2CCOUNTY%2CRDWYID%2CDISTRICT%2CMAINTAGC%2CSDESTRET%2CCNTLRDES%2CSIGNALNC&returnGeometry=true&outSR=4326&f=json
2253,87120000,Miami-Dade,6,MIAMI-DADE,SR 9/ SW 27 AVE,N/A,N/A,25.765184,-80.238869,FDOT Traffic Signal Locations TDA,https://services1.arcgis.com/O1JpcwDW8sjYuddV/arcgis/rest/services/Traffic_Signal_Locations_TDA/FeatureServer/0,https://services1.arcgis.com/O1JpcwDW8sjYuddV/arcgis/rest/services/Traffic_Signal_Locations_TDA/FeatureServer/0/query?where=COUNTY%3D%27Miami-Dade%27&outFields=SIGNALID%2CCOUNTY%2CRDWYID%2CDISTRICT%2CMAINTAGC%2CSDESTRET%2CCNTLRDES%2CSIGNALNC&returnGeometry=true&outSR=4326&f=json
2138,87062000,Miami-Dade,6,MIAMI-DADE,SR 968/FLAGLER ST,N/A,N/A,25.770726,-80.288119,FDOT Traffic Signal Locations TDA,https://services1.arcgis.com/O1JpcwDW8sjYuddV/arcgis/rest/services/Traffic_Signal_Locations_TDA/FeatureServer/0,https://services1.arcgis.com/O1JpcwDW8sjYuddV/arcgis/rest/services/Traffic_Signal_Locations_TDA/FeatureServer/0/query?where=COUNTY%3D%27Miami-Dade%27&outFields=SIGNALID%2CCOUNTY%2CRDWYID%2CDISTRICT%2CMAINTAGC%2CSDESTRET%2CCNTLRDES%2CSIGNALNC&returnGeometry=true&outSR=4326&f=json
2553,87034000,Miami-Dade,6,MIAMI-DADE,NE 131 ST/BILL&PENNY,N/A,N/A,25.895649,-80.186687,FDOT Traffic Signal Locations TDA,https://services1.arcgis.com/O1JpcwDW8sjYuddV/arcgis/rest/services/Traffic_Signal_Locations_TDA/FeatureServer/0,https://services1.arcgis.com/O1JpcwDW8sjYuddV/arcgis/rest/services/Traffic_Signal_Locations_TDA/FeatureServer/0/query?where=COUNTY%3D%27Miami-Dade%27&outFields=SIGNALID%2CCOUNTY%2CRDWYID%2CDISTRICT%2CMAINTAGC%2CSDESTRET%2CCNTLRDES%2CSIGNALNC&returnGeometry=true&outSR=4326&f=json
4388,87120000,Miami-Dade,6,MIAMI-DADE,SW 5 AVE,N/A,N/A,25.766151,-80.202344,FDOT Traffic Signal Locations TDA,https://services1.arcgis.com/O1JpcwDW8sjYuddV/arcgis/rest/services/Traffic_Signal_Locations_TDA/FeatureServer/0,https://services1.arcgis.com/O1JpcwDW8sjYuddV/arcgis/rest/services/Traffic_Signal_Locations_TDA/FeatureServer/0/query?where=COUNTY%3D%27Miami-Dade%27&outFields=SIGNALID%2CCOUNTY%2CRDWYID%2CDISTRICT%2CMAINTAGC%2CSDESTRET%2CCNTLRDES%2CSIGNALNC&returnGeometry=true&outSR=4326&f=json
6969,87240000,Miami-Dade,6,MIAMI DADE,WB ON/OFF SR 836,N/A,N/A,25.785849,-80.239495,FDOT Traffic Signal Locations TDA,https://services1.arcgis.com/O1JpcwDW8sjYuddV/arcgis/rest/services/Traffic_Signal_Locations_TDA/FeatureServer/0,https://services1.arcgis.com/O1JpcwDW8sjYuddV/arcgis/rest/services/Traffic_Signal_Locations_TDA/FeatureServer/0/query?where=COUNTY%3D%27Miami-Dade%27&outFields=SIGNALID%2CCOUNTY%2CRDWYID%2CDISTRICT%2CMAINTAGC%2CSDESTRET%2CCNTLRDES%2CSIGNALNC&returnGeometry=true&outSR=4326&f=json
6458,87015000,Miami-Dade,6,MIAMI-DADE,SW 224 ST,N/A,N/A,25.559254,-80.372158,FDOT Traffic Signal Locations TDA,https://services1.arcgis.com/O1JpcwDW8sjYuddV/arcgis/rest/services/Traffic_Signal_Locations_TDA/FeatureServer/0,https://services1.arcgis.com/O1JpcwDW8sjYuddV/arcgis/rest/services/Traffic_Signal_Locations_TDA/FeatureServer/0/query?where=COUNTY%3D%27Miami-Dade%27&outFields=SIGNALID%2CCOUNTY%2CRDWYID%2CDISTRICT%2CMAINTAGC%2CSDESTRET%2CCNTLRDES%2CSIGNALNC&returnGeometry=true&outSR=4326&f=json
5478,87015000,Miami-Dade,6,MIAMI-DADE,OFF RAMP 87471234,N/A,N/A,25.531585,-80.371973,FDOT Traffic Signal Locations TDA,https://services1.arcgis.com/O1JpcwDW8sjYuddV/arcgis/rest/services/Traffic_Signal_Locations_TDA/FeatureServer/0,https://services1.arcgis.com/O1JpcwDW8sjYuddV/arcgis/rest/services/Traffic_Signal_Locations_TDA/FeatureServer/0/query?where=COUNTY%3D%27Miami-Dade%27&outFields=SIGNALID%2CCOUNTY%2CRDWYID%2CDISTRICT%2CMAINTAGC%2CSDESTRET%2CCNTLRDES%2CSIGNALNC&returnGeometry=true&outSR=4326&f=json
4915,87026005,Miami-Dade,6,MIAMI-DADE,NW 82 AVE,N/A,N/A,25.942285,-80.334,FDOT Traffic Signal Locations TDA,https://services1.arcgis.com/O1JpcwDW8sjYuddV/arcgis/rest/services/Traffic_Signal_Locations_TDA/FeatureServer/0,https://services1.arcgis.com/O1JpcwDW8sjYuddV/arcgis/rest/services/Traffic_Signal_Locations_TDA/FeatureServer/0/query?where=COUNTY%3D%27Miami-Dade%27&outFields=SIGNALID%2CCOUNTY%2CRDWYID%2CDISTRICT%2CMAINTAGC%2CSDESTRET%2CCNTLRDES%2CSIGNALNC&returnGeometry=true&outSR=4326&f=json
4899,87062000,Miami-Dade,6,MIAMI-DADE,RAMP 87200189,N/A,N/A,25.784569,-80.288457,FDOT Traffic Signal Locations TDA,https://services1.arcgis.com/O1JpcwDW8sjYuddV/arcgis/rest/services/Traffic_Signal_Locations_TDA/FeatureServer/0,https://services1.arcgis.com/O1JpcwDW8sjYuddV/arcgis/rest/services/Traffic_Signal_Locations_TDA/FeatureServer/0/query?where=COUNTY%3D%27Miami-Dade%27&outFields=SIGNALID%2CCOUNTY%2CRDWYID%2CDISTRICT%2CMAINTAGC%2CSDESTRET%2CCNTLRDES%2CSIGNALNC&returnGeometry=true&outSR=4326&f=json
2681,87060000,Miami-Dade,6,MIAMI-DADE,4500 BLK,N/A,N/A,25.819262,-80.122893,FDOT Traffic Signal Locations TDA,https://services1.arcgis.com/O1JpcwDW8sjYuddV/arcgis/rest/services/Traffic_Signal_Locations_TDA/FeatureServer/0,https://services1.arcgis.com/O1JpcwDW8sjYuddV/arcgis/rest/services/Traffic_Signal_Locations_TDA/FeatureServer/0/query?where=COUNTY%3D%27Miami-Dade%27&outFields=SIGNALID%2CCOUNTY%2CRDWYID%2CDISTRICT%2CMAINTAGC%2CSDESTRET%2CCNTLRDES%2CSIGNALNC&returnGeometry=true&outSR=4326&f=json
6032,87030000,Miami-Dade,6,MIAMI-DADE,NE 20500 BLK,N/A,N/A,25.965685,-80.146149,FDOT Traffic Signal Locations TDA,https://services1.arcgis.com/O1JpcwDW8sjYuddV/arcgis/rest/services/Traffic_Signal_Locations_TDA/FeatureServer/0,https://services1.arcgis.com/O1JpcwDW8sjYuddV/arcgis/rest/services/Traffic_Signal_Locations_TDA/FeatureServer/0/query?where=COUNTY%3D%27Miami-Dade%27&outFields=SIGNALID%2CCOUNTY%2CRDWYID%2CDISTRICT%2CMAINTAGC%2CSDESTRET%2CCNTLRDES%2CSIGNALNC&returnGeometry=true&outSR=4326&f=json
3495,87046000,Miami-Dade,6,MIAMI-DADE,SW 97AVE,N/A,N/A,25.665613,-80.351083,FDOT Traffic Signal Locations TDA,https://services1.arcgis.com/O1JpcwDW8sjYuddV/arcgis/rest/services/Traffic_Signal_Locations_TDA/FeatureServer/0,https://services1.arcgis.com/O1JpcwDW8sjYuddV/arcgis/rest/services/Traffic_Signal_Locations_TDA/FeatureServer/0/query?where=COUNTY%3D%27Miami-Dade%27&outFields=SIGNALID%2CCOUNTY%2CRDWYID%2CDISTRICT%2CMAINTAGC%2CSDESTRET%2CCNTLRDES%2CSIGNALNC&returnGeometry=true&outSR=4326&f=json
2224,87030001,Miami-Dade,6,MIAMI DADE,SE 2 ST/BEG 87030001,N/A,02,25.772638,-80.187493,FDOT Traffic Signal Locations TDA,https://services1.arcgis.com/O1JpcwDW8sjYuddV/arcgis/rest/services/Traffic_Signal_Locations_TDA/FeatureServer/0,https://services1.arcgis.com/O1JpcwDW8sjYuddV/arcgis/rest/services/Traffic_Signal_Locations_TDA/FeatureServer/0/query?where=COUNTY%3D%27Miami-Dade%27&outFields=SIGNALID%2CCOUNTY%2CRDWYID%2CDISTRICT%2CMAINTAGC%2CSDESTRET%2CCNTLRDES%2CSIGNALNC&returnGeometry=true&outSR=4326&f=json
6579,87060000,Miami-Dade,6,MIAMI-DADE,9 ST,N/A,N/A,25.779285,-80.131983,FDOT Traffic Signal Locations TDA,https://services1.arcgis.com/O1JpcwDW8sjYuddV/arcgis/rest/services/Traffic_Signal_Locations_TDA/FeatureServer/0,https://services1.arcgis.com/O1JpcwDW8sjYuddV/arcgis/rest/services/Traffic_Signal_Locations_TDA/FeatureServer/0/query?where=COUNTY%3D%27Miami-Dade%27&outFields=SIGNALID%2CCOUNTY%2CRDWYID%2CDISTRICT%2CMAINTAGC%2CSDESTRET%2CCNTLRDES%2CSIGNALNC&returnGeometry=true&outSR=4326&f=json
6394,87260524,Miami-Dade,6,MIAMI-DADE,N/A,N/A,N/A,25.918173,-80.32572,FDOT Traffic Signal Locations TDA,https://services1.arcgis.com/O1JpcwDW8sjYuddV/arcgis/rest/services/Traffic_Signal_Locations_TDA/FeatureServer/0,https://services1.arcgis.com/O1JpcwDW8sjYuddV/arcgis/rest/services/Traffic_Signal_Locations_TDA/FeatureServer/0/query?where=COUNTY%3D%27Miami-Dade%27&outFields=SIGNALID%2CCOUNTY%2CRDWYID%2CDISTRICT%2CMAINTAGC%2CSDESTRET%2CCNTLRDES%2CSIGNALNC&returnGeometry=true&outSR=4326&f=json
4395,87039000,Miami-Dade,6,MIAMI-DADE,RAMPS FR/TO SR 821,N/A,N/A,25.62737,-80.378896,FDOT Traffic Signal Locations TDA,https://services1.arcgis.com/O1JpcwDW8sjYuddV/arcgis/rest/services/Traffic_Signal_Locations_TDA/FeatureServer/0,https://services1.arcgis.com/O1JpcwDW8sjYuddV/arcgis/rest/services/Traffic_Signal_Locations_TDA/FeatureServer/0/query?where=COUNTY%3D%27Miami-Dade%27&outFields=SIGNALID%2CCOUNTY%2CRDWYID%2CDISTRICT%2CMAINTAGC%2CSDESTRET%2CCNTLRDES%2CSIGNALNC&returnGeometry=true&outSR=4326&f=json
4689,87044000,Miami-Dade,6,MIAMI-DADE,SW 38 AV,N/A,N/A,25.735004,-80.256285,FDOT Traffic Signal Locations TDA,https://services1.arcgis.com/O1JpcwDW8sjYuddV/arcgis/rest/services/Traffic_Signal_Locations_TDA/FeatureServer/0,https://services1.arcgis.com/O1JpcwDW8sjYuddV/arcgis/rest/services/Traffic_Signal_Locations_TDA/FeatureServer/0/query?where=COUNTY%3D%27Miami-Dade%27&outFields=SIGNALID%2CCOUNTY%2CRDWYID%2CDISTRICT%2CMAINTAGC%2CSDESTRET%2CCNTLRDES%2CSIGNALNC&returnGeometry=true&outSR=4326&f=json
6503,87002000,Miami-Dade,6,MIAMI-DADE,W 41 STREET,N/A,N/A,25.859249,-80.290498,FDOT Traffic Signal Locations TDA,https://services1.arcgis.com/O1JpcwDW8sjYuddV/arcgis/rest/services/Traffic_Signal_Locations_TDA/FeatureServer/0,https://services1.arcgis.com/O1JpcwDW8sjYuddV/arcgis/rest/services/Traffic_Signal_Locations_TDA/FeatureServer/0/query?where=COUNTY%3D%27Miami-Dade%27&outFields=SIGNALID%2CCOUNTY%2CRDWYID%2CDISTRICT%2CMAINTAGC%2CSDESTRET%2CCNTLRDES%2CSIGNALNC&returnGeometry=true&outSR=4326&f=json
3631,87260600,Miami-Dade,6,MIAMI-DADE,NW 22 AVE,N/A,02,25.926341,-80.236585,FDOT Traffic Signal Locations TDA,https://services1.arcgis.com/O1JpcwDW8sjYuddV/arcgis/rest/services/Traffic_Signal_Locations_TDA/FeatureServer/0,https://services1.arcgis.com/O1JpcwDW8sjYuddV/arcgis/rest/services/Traffic_Signal_Locations_TDA/FeatureServer/0/query?where=COUNTY%3D%27Miami-Dade%27&outFields=SIGNALID%2CCOUNTY%2CRDWYID%2CDISTRICT%2CMAINTAGC%2CSDESTRET%2CCNTLRDES%2CSIGNALNC&returnGeometry=true&outSR=4326&f=json
3144,87008000,Miami-Dade,6,MIAMI-DADE,US 1/SR 5/BISCAYNE B,N/A,N/A,25.89994,-80.160542,FDOT Traffic Signal Locations TDA,https://services1.arcgis.com/O1JpcwDW8sjYuddV/arcgis/rest/services/Traffic_Signal_Locations_TDA/FeatureServer/0,https://services1.arcgis.com/O1JpcwDW8sjYuddV/arcgis/rest/services/Traffic_Signal_Locations_TDA/FeatureServer/0/query?where=COUNTY%3D%27Miami-Dade%27&outFields=SIGNALID%2CCOUNTY%2CRDWYID%2CDISTRICT%2CMAINTAGC%2CSDESTRET%2CCNTLRDES%2CSIGNALNC&returnGeometry=true&outSR=4326&f=json
2225,87030001,Miami-Dade,6,MIAMI-DADE,SE 3 AV,N/A,N/A,25.772595,-80.188914,FDOT Traffic Signal Locations TDA,https://services1.arcgis.com/O1JpcwDW8sjYuddV/arcgis/rest/services/Traffic_Signal_Locations_TDA/FeatureServer/0,https://services1.arcgis.com/O1JpcwDW8sjYuddV/arcgis/rest/services/Traffic_Signal_Locations_TDA/FeatureServer/0/query?where=COUNTY%3D%27Miami-Dade%27&outFields=SIGNALID%2CCOUNTY%2CRDWYID%2CDISTRICT%2CMAINTAGC%2CSDESTRET%2CCNTLRDES%2CSIGNALNC&returnGeometry=true&outSR=4326&f=json
2245,87120000,Miami-Dade,6,MIAMI-DADE,SW 1 AVE,N/A,N/A,25.766352,-80.195303,FDOT Traffic Signal Locations TDA,https://services1.arcgis.com/O1JpcwDW8sjYuddV/arcgis/rest/services/Traffic_Signal_Locations_TDA/FeatureServer/0,https://services1.arcgis.com/O1JpcwDW8sjYuddV/arcgis/rest/services/Traffic_Signal_Locations_TDA/FeatureServer/0/query?where=COUNTY%3D%27Miami-Dade%27&outFields=SIGNALID%2CCOUNTY%2CRDWYID%2CDISTRICT%2CMAINTAGC%2CSDESTRET%2CCNTLRDES%2CSIGNALNC&returnGeometry=true&outSR=4326&f=json
3923,87060000,Miami-Dade,6,MIAMI-DADE,5800 BLK,N/A,N/A,25.841208,-80.121362,FDOT Traffic Signal Locations TDA,https://services1.arcgis.com/O1JpcwDW8sjYuddV/arcgis/rest/services/Traffic_Signal_Locations_TDA/FeatureServer/0,https://services1.arcgis.com/O1JpcwDW8sjYuddV/arcgis/rest/services/Traffic_Signal_Locations_TDA/FeatureServer/0/query?where=COUNTY%3D%27Miami-Dade%27&outFields=SIGNALID%2CCOUNTY%2CRDWYID%2CDISTRICT%2CMAINTAGC%2CSDESTRET%2CCNTLRDES%2CSIGNALNC&returnGeometry=true&outSR=4326&f=json
3625,87030000,Miami-Dade,6,MIAMI-DADE,PONCE DE LEON BLVD,N/A,N/A,25.729526,-80.257624,FDOT Traffic Signal Locations TDA,https://services1.arcgis.com/O1JpcwDW8sjYuddV/arcgis/rest/services/Traffic_Signal_Locations_TDA/FeatureServer/0,https://services1.arcgis.com/O1JpcwDW8sjYuddV/arcgis/rest/services/Traffic_Signal_Locations_TDA/FeatureServer/0/query?where=COUNTY%3D%27Miami-Dade%27&outFields=SIGNALID%2CCOUNTY%2CRDWYID%2CDISTRICT%2CMAINTAGC%2CSDESTRET%2CCNTLRDES%2CSIGNALNC&returnGeometry=true&outSR=4326&f=json
3905,87016000,Miami-Dade,6,MIAMI-DADE,N/A,N/A,N/A,25.813844,-80.129949,FDOT Traffic Signal Locations TDA,https://services1.arcgis.com/O1JpcwDW8sjYuddV/arcgis/rest/services/Traffic_Signal_Locations_TDA/FeatureServer/0,https://services1.arcgis.com/O1JpcwDW8sjYuddV/arcgis/rest/services/Traffic_Signal_Locations_TDA/FeatureServer/0/query?where=COUNTY%3D%27Miami-Dade%27&outFields=SIGNALID%2CCOUNTY%2CRDWYID%2CDISTRICT%2CMAINTAGC%2CSDESTRET%2CCNTLRDES%2CSIGNALNC&returnGeometry=true&outSR=4326&f=json
3468,87008000,Miami-Dade,6,MIAMI-DADE,MILANDER BLVD/W 12AV,N/A,N/A,25.898188,-80.308175,FDOT Traffic Signal Locations TDA,https://services1.arcgis.com/O1JpcwDW8sjYuddV/arcgis/rest/services/Traffic_Signal_Locations_TDA/FeatureServer/0,https://services1.arcgis.com/O1JpcwDW8sjYuddV/arcgis/rest/services/Traffic_Signal_Locations_TDA/FeatureServer/0/query?where=COUNTY%3D%27Miami-Dade%27&outFields=SIGNALID%2CCOUNTY%2CRDWYID%2CDISTRICT%2CMAINTAGC%2CSDESTRET%2CCNTLRDES%2CSIGNALNC&returnGeometry=true&outSR=4326&f=json
3719,87026000,Miami-Dade,6,MIAMI-DADE,SR 847/NW 47 AV,N/A,N/A,25.939653,-80.277411,FDOT Traffic Signal Locations TDA,https://services1.arcgis.com/O1JpcwDW8sjYuddV/arcgis/rest/services/Traffic_Signal_Locations_TDA/FeatureServer/0,https://services1.arcgis.com/O1JpcwDW8sjYuddV/arcgis/rest/services/Traffic_Signal_Locations_TDA/FeatureServer/0/query?where=COUNTY%3D%27Miami-Dade%27&outFields=SIGNALID%2CCOUNTY%2CRDWYID%2CDISTRICT%2CMAINTAGC%2CSDESTRET%2CCNTLRDES%2CSIGNALNC&returnGeometry=true&outSR=4326&f=json
4339,87020000,Miami-Dade,6,MIAMI-DADE,SR 9336/ SW 344 ST,N/A,N/A,25.447792,-80.475042,FDOT Traffic Signal Locations TDA,https://services1.arcgis.com/O1JpcwDW8sjYuddV/arcgis/rest/services/Traffic_Signal_Locations_TDA/FeatureServer/0,https://services1.arcgis.com/O1JpcwDW8sjYuddV/arcgis/rest/services/Traffic_Signal_Locations_TDA/FeatureServer/0/query?where=COUNTY%3D%27Miami-Dade%27&outFields=SIGNALID%2CCOUNTY%2CRDWYID%2CDISTRICT%2CMAINTAGC%2CSDESTRET%2CCNTLRDES%2CSIGNALNC&returnGeometry=true&outSR=4326&f=json
4796,87072000,Miami-Dade,6,MIAMI-DADE,SW 64 ST,N/A,N/A,25.708238,-80.366545,FDOT Traffic Signal Locations TDA,https://services1.arcgis.com/O1JpcwDW8sjYuddV/arcgis/rest/services/Traffic_Signal_Locations_TDA/FeatureServer/0,https://services1.arcgis.com/O1JpcwDW8sjYuddV/arcgis/rest/services/Traffic_Signal_Locations_TDA/FeatureServer/0/query?where=COUNTY%3D%27Miami-Dade%27&outFields=SIGNALID%2CCOUNTY%2CRDWYID%2CDISTRICT%2CMAINTAGC%2CSDESTRET%2CCNTLRDES%2CSIGNALNC&returnGeometry=true&outSR=4326&f=json
6383,87090000,Miami-Dade,6,MIAMI-DADE,NW 107 AV,N/A,N/A,25.890723,-80.372009,FDOT Traffic Signal Locations TDA,https://services1.arcgis.com/O1JpcwDW8sjYuddV/arcgis/rest/services/Traffic_Signal_Locations_TDA/FeatureServer/0,https://services1.arcgis.com/O1JpcwDW8sjYuddV/arcgis/rest/services/Traffic_Signal_Locations_TDA/FeatureServer/0/query?where=COUNTY%3D%27Miami-Dade%27&outFields=SIGNALID%2CCOUNTY%2CRDWYID%2CDISTRICT%2CMAINTAGC%2CSDESTRET%2CCNTLRDES%2CSIGNALNC&returnGeometry=true&outSR=4326&f=json
2595,87281000,Miami-Dade,6,MIAMI-DADE,SR 976/SW 40 ST,N/A,02,25.734743,-80.262103,FDOT Traffic Signal Locations TDA,https://services1.arcgis.com/O1JpcwDW8sjYuddV/arcgis/rest/services/Traffic_Signal_Locations_TDA/FeatureServer/0,https://services1.arcgis.com/O1JpcwDW8sjYuddV/arcgis/rest/services/Traffic_Signal_Locations_TDA/FeatureServer/0/query?where=COUNTY%3D%27Miami-Dade%27&outFields=SIGNALID%2CCOUNTY%2CRDWYID%2CDISTRICT%2CMAINTAGC%2CSDESTRET%2CCNTLRDES%2CSIGNALNC&returnGeometry=true&outSR=4326&f=json
2097,87030000,Miami-Dade,6,MIAMI-DADE,NE 36 ST,N/A,02,25.810712,-80.189437,FDOT Traffic Signal Locations TDA,https://services1.arcgis.com/O1JpcwDW8sjYuddV/arcgis/rest/services/Traffic_Signal_Locations_TDA/FeatureServer/0,https://services1.arcgis.com/O1JpcwDW8sjYuddV/arcgis/rest/services/Traffic_Signal_Locations_TDA/FeatureServer/0/query?where=COUNTY%3D%27Miami-Dade%27&outFields=SIGNALID%2CCOUNTY%2CRDWYID%2CDISTRICT%2CMAINTAGC%2CSDESTRET%2CCNTLRDES%2CSIGNALNC&returnGeometry=true&outSR=4326&f=json
4604,87001000,Miami-Dade,6,MIAMI-DADE,SW 13800 BLK,N/A,N/A,25.685184,-80.419649,FDOT Traffic Signal Locations TDA,https://services1.arcgis.com/O1JpcwDW8sjYuddV/arcgis/rest/services/Traffic_Signal_Locations_TDA/FeatureServer/0,https://services1.arcgis.com/O1JpcwDW8sjYuddV/arcgis/rest/services/Traffic_Signal_Locations_TDA/FeatureServer/0/query?where=COUNTY%3D%27Miami-Dade%27&outFields=SIGNALID%2CCOUNTY%2CRDWYID%2CDISTRICT%2CMAINTAGC%2CSDESTRET%2CCNTLRDES%2CSIGNALNC&returnGeometry=true&outSR=4326&f=json
2095,87080900,Miami-Dade,6,MIAMI-DADE,US 441/SR 7/NW 7 AVE,N/A,N/A,25.847035,-80.209578,FDOT Traffic Signal Locations TDA,https://services1.arcgis.com/O1JpcwDW8sjYuddV/arcgis/rest/services/Traffic_Signal_Locations_TDA/FeatureServer/0,https://services1.arcgis.com/O1JpcwDW8sjYuddV/arcgis/rest/services/Traffic_Signal_Locations_TDA/FeatureServer/0/query?where=COUNTY%3D%27Miami-Dade%27&outFields=SIGNALID%2CCOUNTY%2CRDWYID%2CDISTRICT%2CMAINTAGC%2CSDESTRET%2CCNTLRDES%2CSIGNALNC&returnGeometry=true&outSR=4326&f=json
3228,87026000,Miami-Dade,6,MIAMI-DADE,NW 22 AV/BETTY FERGU,N/A,N/A,25.941215,-80.237309,FDOT Traffic Signal Locations TDA,https://services1.arcgis.com/O1JpcwDW8sjYuddV/arcgis/rest/services/Traffic_Signal_Locations_TDA/FeatureServer/0,https://services1.arcgis.com/O1JpcwDW8sjYuddV/arcgis/rest/services/Traffic_Signal_Locations_TDA/FeatureServer/0/query?where=COUNTY%3D%27Miami-Dade%27&outFields=SIGNALID%2CCOUNTY%2CRDWYID%2CDISTRICT%2CMAINTAGC%2CSDESTRET%2CCNTLRDES%2CSIGNALNC&returnGeometry=true&outSR=4326&f=json
4198,87120000,Miami-Dade,6,MIAMI-DADE,SR 997/KROME AVE,N/A,02,25.760979,-80.481336,FDOT Traffic Signal Locations TDA,https://services1.arcgis.com/O1JpcwDW8sjYuddV/arcgis/rest/services/Traffic_Signal_Locations_TDA/FeatureServer/0,https://services1.arcgis.com/O1JpcwDW8sjYuddV/arcgis/rest/services/Traffic_Signal_Locations_TDA/FeatureServer/0/query?where=COUNTY%3D%27Miami-Dade%27&outFields=SIGNALID%2CCOUNTY%2CRDWYID%2CDISTRICT%2CMAINTAGC%2CSDESTRET%2CCNTLRDES%2CSIGNALNC&returnGeometry=true&outSR=4326&f=json
2690,87060000,Miami-Dade,6,MIAMI-DADE,67 ST,N/A,N/A,25.850409,-80.120308,FDOT Traffic Signal Locations TDA,https://services1.arcgis.com/O1JpcwDW8sjYuddV/arcgis/rest/services/Traffic_Signal_Locations_TDA/FeatureServer/0,https://services1.arcgis.com/O1JpcwDW8sjYuddV/arcgis/rest/services/Traffic_Signal_Locations_TDA/FeatureServer/0/query?where=COUNTY%3D%27Miami-Dade%27&outFields=SIGNALID%2CCOUNTY%2CRDWYID%2CDISTRICT%2CMAINTAGC%2CSDESTRET%2CCNTLRDES%2CSIGNALNC&returnGeometry=true&outSR=4326&f=json
4150,87038000,Miami-Dade,6,MIAMI-DADE,W 900 BLOCK,N/A,N/A,25.866592,-80.301175,FDOT Traffic Signal Locations TDA,https://services1.arcgis.com/O1JpcwDW8sjYuddV/arcgis/rest/services/Traffic_Signal_Locations_TDA/FeatureServer/0,https://services1.arcgis.com/O1JpcwDW8sjYuddV/arcgis/rest/services/Traffic_Signal_Locations_TDA/FeatureServer/0/query?where=COUNTY%3D%27Miami-Dade%27&outFields=SIGNALID%2CCOUNTY%2CRDWYID%2CDISTRICT%2CMAINTAGC%2CSDESTRET%2CCNTLRDES%2CSIGNALNC&returnGeometry=true&outSR=4326&f=json
3450,87120001,Miami-Dade,6,MIAMI-DADE,SW 3 AVE,N/A,N/A,25.767211,-80.199179,FDOT Traffic Signal Locations TDA,https://services1.arcgis.com/O1JpcwDW8sjYuddV/arcgis/rest/services/Traffic_Signal_Locations_TDA/FeatureServer/0,https://services1.arcgis.com/O1JpcwDW8sjYuddV/arcgis/rest/services/Traffic_Signal_Locations_TDA/FeatureServer/0/query?where=COUNTY%3D%27Miami-Dade%27&outFields=SIGNALID%2CCOUNTY%2CRDWYID%2CDISTRICT%2CMAINTAGC%2CSDESTRET%2CCNTLRDES%2CSIGNALNC&returnGeometry=true&outSR=4326&f=json
2598,87044000,Miami-Dade,6,MIAMI-DADE,UNIVERSITY,N/A,N/A,25.734235,-80.275358,FDOT Traffic Signal Locations TDA,https://services1.arcgis.com/O1JpcwDW8sjYuddV/arcgis/rest/services/Traffic_Signal_Locations_TDA/FeatureServer/0,https://services1.arcgis.com/O1JpcwDW8sjYuddV/arcgis/rest/services/Traffic_Signal_Locations_TDA/FeatureServer/0/query?where=COUNTY%3D%27Miami-Dade%27&outFields=SIGNALID%2CCOUNTY%2CRDWYID%2CDISTRICT%2CMAINTAGC%2CSDESTRET%2CCNTLRDES%2CSIGNALNC&returnGeometry=true&outSR=4326&f=json
2502,87240000,Miami-Dade,6,MIAMI-DADE,NW 87 ST,N/A,N/A,25.853294,-80.241931,FDOT Traffic Signal Locations TDA,https://services1.arcgis.com/O1JpcwDW8sjYuddV/arcgis/rest/services/Traffic_Signal_Locations_TDA/FeatureServer/0,https://services1.arcgis.com/O1JpcwDW8sjYuddV/arcgis/rest/services/Traffic_Signal_Locations_TDA/FeatureServer/0/query?where=COUNTY%3D%27Miami-Dade%27&outFields=SIGNALID%2CCOUNTY%2CRDWYID%2CDISTRICT%2CMAINTAGC%2CSDESTRET%2CCNTLRDES%2CSIGNALNC&returnGeometry=true&outSR=4326&f=json
2953,87030000,Miami-Dade,6,MIAMI-DADE,SR 94/SW 88 ST,N/A,02,25.688761,-80.308434,FDOT Traffic Signal Locations TDA,https://services1.arcgis.com/O1JpcwDW8sjYuddV/arcgis/rest/services/Traffic_Signal_Locations_TDA/FeatureServer/0,https://services1.arcgis.com/O1JpcwDW8sjYuddV/arcgis/rest/services/Traffic_Signal_Locations_TDA/FeatureServer/0/query?where=COUNTY%3D%27Miami-Dade%27&outFields=SIGNALID%2CCOUNTY%2CRDWYID%2CDISTRICT%2CMAINTAGC%2CSDESTRET%2CCNTLRDES%2CSIGNALNC&returnGeometry=true&outSR=4326&f=json
3344,87002000,Miami-Dade,6,MIAMI-DADE,SR 916 / W 84 ST,N/A,02,25.898772,-80.291917,FDOT Traffic Signal Locations TDA,https://services1.arcgis.com/O1JpcwDW8sjYuddV/arcgis/rest/services/Traffic_Signal_Locations_TDA/FeatureServer/0,https://services1.arcgis.com/O1JpcwDW8sjYuddV/arcgis/rest/services/Traffic_Signal_Locations_TDA/FeatureServer/0/query?where=COUNTY%3D%27Miami-Dade%27&outFields=SIGNALID%2CCOUNTY%2CRDWYID%2CDISTRICT%2CMAINTAGC%2CSDESTRET%2CCNTLRDES%2CSIGNALNC&returnGeometry=true&outSR=4326&f=json
3168,87002000,Miami-Dade,6,MIAMI-DADE,W 18 ST,N/A,N/A,25.837973,-80.289816,FDOT Traffic Signal Locations TDA,https://services1.arcgis.com/O1JpcwDW8sjYuddV/arcgis/rest/services/Traffic_Signal_Locations_TDA/FeatureServer/0,https://services1.arcgis.com/O1JpcwDW8sjYuddV/arcgis/rest/services/Traffic_Signal_Locations_TDA/FeatureServer/0/query?where=COUNTY%3D%27Miami-Dade%27&outFields=SIGNALID%2CCOUNTY%2CRDWYID%2CDISTRICT%2CMAINTAGC%2CSDESTRET%2CCNTLRDES%2CSIGNALNC&returnGeometry=true&outSR=4326&f=json
5302,87034000,Miami-Dade,6,MIAMI-DADE,N/A,N/A,N/A,25.922313,-80.187982,FDOT Traffic Signal Locations TDA,https://services1.arcgis.com/O1JpcwDW8sjYuddV/arcgis/rest/services/Traffic_Signal_Locations_TDA/FeatureServer/0,https://services1.arcgis.com/O1JpcwDW8sjYuddV/arcgis/rest/services/Traffic_Signal_Locations_TDA/FeatureServer/0/query?where=COUNTY%3D%27Miami-Dade%27&outFields=SIGNALID%2CCOUNTY%2CRDWYID%2CDISTRICT%2CMAINTAGC%2CSDESTRET%2CCNTLRDES%2CSIGNALNC&returnGeometry=true&outSR=4326&f=json
4549,87060000,Miami-Dade,6,MIAMI-DADE,178 ST,N/A,N/A,25.941283,-80.121253,FDOT Traffic Signal Locations TDA,https://services1.arcgis.com/O1JpcwDW8sjYuddV/arcgis/rest/services/Traffic_Signal_Locations_TDA/FeatureServer/0,https://services1.arcgis.com/O1JpcwDW8sjYuddV/arcgis/rest/services/Traffic_Signal_Locations_TDA/FeatureServer/0/query?where=COUNTY%3D%27Miami-Dade%27&outFields=SIGNALID%2CCOUNTY%2CRDWYID%2CDISTRICT%2CMAINTAGC%2CSDESTRET%2CCNTLRDES%2CSIGNALNC&returnGeometry=true&outSR=4326&f=json
3002,87030000,Miami-Dade,6,MIAMI-DADE,SW 72 ST,N/A,N/A,25.704296,-80.289559,FDOT Traffic Signal Locations TDA,https://services1.arcgis.com/O1JpcwDW8sjYuddV/arcgis/rest/services/Traffic_Signal_Locations_TDA/FeatureServer/0,https://services1.arcgis.com/O1JpcwDW8sjYuddV/arcgis/rest/services/Traffic_Signal_Locations_TDA/FeatureServer/0/query?where=COUNTY%3D%27Miami-Dade%27&outFields=SIGNALID%2CCOUNTY%2CRDWYID%2CDISTRICT%2CMAINTAGC%2CSDESTRET%2CCNTLRDES%2CSIGNALNC&returnGeometry=true&outSR=4326&f=json
5433,87060000,Miami-Dade,6,MIAMI-DADE,N/A,N/A,N/A,25.931457,-80.121859,FDOT Traffic Signal Locations TDA,https://services1.arcgis.com/O1JpcwDW8sjYuddV/arcgis/rest/services/Traffic_Signal_Locations_TDA/FeatureServer/0,https://services1.arcgis.com/O1JpcwDW8sjYuddV/arcgis/rest/services/Traffic_Signal_Locations_TDA/FeatureServer/0/query?where=COUNTY%3D%27Miami-Dade%27&outFields=SIGNALID%2CCOUNTY%2CRDWYID%2CDISTRICT%2CMAINTAGC%2CSDESTRET%2CCNTLRDES%2CSIGNALNC&returnGeometry=true&outSR=4326&f=json
4126,87015000,Miami-Dade,6,MIAMI-DADE,SW 211 ST,N/A,N/A,25.57151,-80.37231,FDOT Traffic Signal Locations TDA,https://services1.arcgis.com/O1JpcwDW8sjYuddV/arcgis/rest/services/Traffic_Signal_Locations_TDA/FeatureServer/0,https://services1.arcgis.com/O1JpcwDW8sjYuddV/arcgis/rest/services/Traffic_Signal_Locations_TDA/FeatureServer/0/query?where=COUNTY%3D%27Miami-Dade%27&outFields=SIGNALID%2CCOUNTY%2CRDWYID%2CDISTRICT%2CMAINTAGC%2CSDESTRET%2CCNTLRDES%2CSIGNALNC&returnGeometry=true&outSR=4326&f=json
3652,87020000,Miami-Dade,6,MIAMI-DADE,SW 20400 BLK,N/A,N/A,25.577475,-80.370582,FDOT Traffic Signal Locations TDA,https://services1.arcgis.com/O1JpcwDW8sjYuddV/arcgis/rest/services/Traffic_Signal_Locations_TDA/FeatureServer/0,https://services1.arcgis.com/O1JpcwDW8sjYuddV/arcgis/rest/services/Traffic_Signal_Locations_TDA/FeatureServer/0/query?where=COUNTY%3D%27Miami-Dade%27&outFields=SIGNALID%2CCOUNTY%2CRDWYID%2CDISTRICT%2CMAINTAGC%2CSDESTRET%2CCNTLRDES%2CSIGNALNC&returnGeometry=true&outSR=4326&f=json
2536,87008001,Miami-Dade,6,MIAMI-DADE,US 441/SR 7/NW 7 AV,N/A,02,25.899745,-80.211008,FDOT Traffic Signal Locations TDA,https://services1.arcgis.com/O1JpcwDW8sjYuddV/arcgis/rest/services/Traffic_Signal_Locations_TDA/FeatureServer/0,https://services1.arcgis.com/O1JpcwDW8sjYuddV/arcgis/rest/services/Traffic_Signal_Locations_TDA/FeatureServer/0/query?where=COUNTY%3D%27Miami-Dade%27&outFields=SIGNALID%2CCOUNTY%2CRDWYID%2CDISTRICT%2CMAINTAGC%2CSDESTRET%2CCNTLRDES%2CSIGNALNC&returnGeometry=true&outSR=4326&f=json
3589,87019000,Miami-Dade,6,MIAMI-DADE,NW 175 ST,N/A,N/A,25.933665,-80.244897,FDOT Traffic Signal Locations TDA,https://services1.arcgis.com/O1JpcwDW8sjYuddV/arcgis/rest/services/Traffic_Signal_Locations_TDA/FeatureServer/0,https://services1.arcgis.com/O1JpcwDW8sjYuddV/arcgis/rest/services/Traffic_Signal_Locations_TDA/FeatureServer/0/query?where=COUNTY%3D%27Miami-Dade%27&outFields=SIGNALID%2CCOUNTY%2CRDWYID%2CDISTRICT%2CMAINTAGC%2CSDESTRET%2CCNTLRDES%2CSIGNALNC&returnGeometry=true&outSR=4326&f=json
3946,87066000,Miami-Dade,6,MIAMI-DADE,N/A,N/A,N/A,25.890152,-80.188995,FDOT Traffic Signal Locations TDA,https://services1.arcgis.com/O1JpcwDW8sjYuddV/arcgis/rest/services/Traffic_Signal_Locations_TDA/FeatureServer/0,https://services1.arcgis.com/O1JpcwDW8sjYuddV/arcgis/rest/services/Traffic_Signal_Locations_TDA/FeatureServer/0/query?where=COUNTY%3D%27Miami-Dade%27&outFields=SIGNALID%2CCOUNTY%2CRDWYID%2CDISTRICT%2CMAINTAGC%2CSDESTRET%2CCNTLRDES%2CSIGNALNC&returnGeometry=true&outSR=4326&f=json
2247,87120000,Miami-Dade,6,MIAMI-DADE,SR7/US-441/SW 8 AVE,N/A,N/A,25.766002,-80.207413,FDOT Traffic Signal Locations TDA,https://services1.arcgis.com/O1JpcwDW8sjYuddV/arcgis/rest/services/Traffic_Signal_Locations_TDA/FeatureServer/0,https://services1.arcgis.com/O1JpcwDW8sjYuddV/arcgis/rest/services/Traffic_Signal_Locations_TDA/FeatureServer/0/query?where=COUNTY%3D%27Miami-Dade%27&outFields=SIGNALID%2CCOUNTY%2CRDWYID%2CDISTRICT%2CMAINTAGC%2CSDESTRET%2CCNTLRDES%2CSIGNALNC&returnGeometry=true&outSR=4326&f=json
4282,87120001,Miami-Dade,6,MIAMI-DADE,SW 16 AVE,N/A,N/A,25.766536,-80.221269,FDOT Traffic Signal Locations TDA,https://services1.arcgis.com/O1JpcwDW8sjYuddV/arcgis/rest/services/Traffic_Signal_Locations_TDA/FeatureServer/0,https://services1.arcgis.com/O1JpcwDW8sjYuddV/arcgis/rest/services/Traffic_Signal_Locations_TDA/FeatureServer/0/query?where=COUNTY%3D%27Miami-Dade%27&outFields=SIGNALID%2CCOUNTY%2CRDWYID%2CDISTRICT%2CMAINTAGC%2CSDESTRET%2CCNTLRDES%2CSIGNALNC&returnGeometry=true&outSR=4326&f=json
3683,87038000,Miami-Dade,6,MIAMI-DADE,W 20 AV,N/A,N/A,25.866594,-80.322686,FDOT Traffic Signal Locations TDA,https://services1.arcgis.com/O1JpcwDW8sjYuddV/arcgis/rest/services/Traffic_Signal_Locations_TDA/FeatureServer/0,https://services1.arcgis.com/O1JpcwDW8sjYuddV/arcgis/rest/services/Traffic_Signal_Locations_TDA/FeatureServer/0/query?where=COUNTY%3D%27Miami-Dade%27&outFields=SIGNALID%2CCOUNTY%2CRDWYID%2CDISTRICT%2CMAINTAGC%2CSDESTRET%2CCNTLRDES%2CSIGNALNC&returnGeometry=true&outSR=4326&f=json
3006,87060001,Miami-Dade,6,MIAMI-DADE,N/A,N/A,N/A,25.887658,-80.123775,FDOT Traffic Signal Locations TDA,https://services1.arcgis.com/O1JpcwDW8sjYuddV/arcgis/rest/services/Traffic_Signal_Locations_TDA/FeatureServer/0,https://services1.arcgis.com/O1JpcwDW8sjYuddV/arcgis/rest/services/Traffic_Signal_Locations_TDA/FeatureServer/0/query?where=COUNTY%3D%27Miami-Dade%27&outFields=SIGNALID%2CCOUNTY%2CRDWYID%2CDISTRICT%2CMAINTAGC%2CSDESTRET%2CCNTLRDES%2CSIGNALNC&returnGeometry=true&outSR=4326&f=json
2118,87080000,Miami-Dade,6,MIAMI-DADE,NE 7 AVE,N/A,N/A,25.847906,-80.182764,FDOT Traffic Signal Locations TDA,https://services1.arcgis.com/O1JpcwDW8sjYuddV/arcgis/rest/services/Traffic_Signal_Locations_TDA/FeatureServer/0,https://services1.arcgis.com/O1JpcwDW8sjYuddV/arcgis/rest/services/Traffic_Signal_Locations_TDA/FeatureServer/0/query?where=COUNTY%3D%27Miami-Dade%27&outFields=SIGNALID%2CCOUNTY%2CRDWYID%2CDISTRICT%2CMAINTAGC%2CSDESTRET%2CCNTLRDES%2CSIGNALNC&returnGeometry=true&outSR=4326&f=json
3164,87260536,Miami-Dade,6,MIAMI-DADE,SR 817/NW 27 AVE,N/A,02,25.926706,-80.244621,FDOT Traffic Signal Locations TDA,https://services1.arcgis.com/O1JpcwDW8sjYuddV/arcgis/rest/services/Traffic_Signal_Locations_TDA/FeatureServer/0,https://services1.arcgis.com/O1JpcwDW8sjYuddV/arcgis/rest/services/Traffic_Signal_Locations_TDA/FeatureServer/0/query?where=COUNTY%3D%27Miami-Dade%27&outFields=SIGNALID%2CCOUNTY%2CRDWYID%2CDISTRICT%2CMAINTAGC%2CSDESTRET%2CCNTLRDES%2CSIGNALNC&returnGeometry=true&outSR=4326&f=json
2356,87140000,Miami-Dade,6,MIAMI-DADE,NW 11 ST,N/A,N/A,25.784341,-80.206807,FDOT Traffic Signal Locations TDA,https://services1.arcgis.com/O1JpcwDW8sjYuddV/arcgis/rest/services/Traffic_Signal_Locations_TDA/FeatureServer/0,https://services1.arcgis.com/O1JpcwDW8sjYuddV/arcgis/rest/services/Traffic_Signal_Locations_TDA/FeatureServer/0/query?where=COUNTY%3D%27Miami-Dade%27&outFields=SIGNALID%2CCOUNTY%2CRDWYID%2CDISTRICT%2CMAINTAGC%2CSDESTRET%2CCNTLRDES%2CSIGNALNC&returnGeometry=true&outSR=4326&f=json
3995,87001000,Miami-Dade,6,MIAMI-DADE,SW 117 AVE,N/A,N/A,25.686304,-80.3844,FDOT Traffic Signal Locations TDA,https://services1.arcgis.com/O1JpcwDW8sjYuddV/arcgis/rest/services/Traffic_Signal_Locations_TDA/FeatureServer/0,https://services1.arcgis.com/O1JpcwDW8sjYuddV/arcgis/rest/services/Traffic_Signal_Locations_TDA/FeatureServer/0/query?where=COUNTY%3D%27Miami-Dade%27&outFields=SIGNALID%2CCOUNTY%2CRDWYID%2CDISTRICT%2CMAINTAGC%2CSDESTRET%2CCNTLRDES%2CSIGNALNC&returnGeometry=true&outSR=4326&f=json
5183,87027000,Miami-Dade,6,MIAMI-DADE,NW 7 ST,N/A,N/A,25.776643,-80.312357,FDOT Traffic Signal Locations TDA,https://services1.arcgis.com/O1JpcwDW8sjYuddV/arcgis/rest/services/Traffic_Signal_Locations_TDA/FeatureServer/0,https://services1.arcgis.com/O1JpcwDW8sjYuddV/arcgis/rest/services/Traffic_Signal_Locations_TDA/FeatureServer/0/query?where=COUNTY%3D%27Miami-Dade%27&outFields=SIGNALID%2CCOUNTY%2CRDWYID%2CDISTRICT%2CMAINTAGC%2CSDESTRET%2CCNTLRDES%2CSIGNALNC&returnGeometry=true&outSR=4326&f=json
4750,87038000,Miami-Dade,6,MIAMI-DADE,NW 79 AV,N/A,N/A,25.867277,-80.325863,FDOT Traffic Signal Locations TDA,https://services1.arcgis.com/O1JpcwDW8sjYuddV/arcgis/rest/services/Traffic_Signal_Locations_TDA/FeatureServer/0,https://services1.arcgis.com/O1JpcwDW8sjYuddV/arcgis/rest/services/Traffic_Signal_Locations_TDA/FeatureServer/0/query?where=COUNTY%3D%27Miami-Dade%27&outFields=SIGNALID%2CCOUNTY%2CRDWYID%2CDISTRICT%2CMAINTAGC%2CSDESTRET%2CCNTLRDES%2CSIGNALNC&returnGeometry=true&outSR=4326&f=json
2678,87060000,Miami-Dade,6,MIAMI-DADE,43 ST,N/A,N/A,25.81434,-80.122815,FDOT Traffic Signal Locations TDA,https://services1.arcgis.com/O1JpcwDW8sjYuddV/arcgis/rest/services/Traffic_Signal_Locations_TDA/FeatureServer/0,https://services1.arcgis.com/O1JpcwDW8sjYuddV/arcgis/rest/services/Traffic_Signal_Locations_TDA/FeatureServer/0/query?where=COUNTY%3D%27Miami-Dade%27&outFields=SIGNALID%2CCOUNTY%2CRDWYID%2CDISTRICT%2CMAINTAGC%2CSDESTRET%2CCNTLRDES%2CSIGNALNC&returnGeometry=true&outSR=4326&f=json
3249,87120000,Miami-Dade,6,MIAMI-DADE,SW 21 AVE,N/A,N/A,25.765468,-80.228924,FDOT Traffic Signal Locations TDA,https://services1.arcgis.com/O1JpcwDW8sjYuddV/arcgis/rest/services/Traffic_Signal_Locations_TDA/FeatureServer/0,https://services1.arcgis.com/O1JpcwDW8sjYuddV/arcgis/rest/services/Traffic_Signal_Locations_TDA/FeatureServer/0/query?where=COUNTY%3D%27Miami-Dade%27&outFields=SIGNALID%2CCOUNTY%2CRDWYID%2CDISTRICT%2CMAINTAGC%2CSDESTRET%2CCNTLRDES%2CSIGNALNC&returnGeometry=true&outSR=4326&f=json
4328,87150000,Miami-Dade,6,MIAMI-DADE,SW 296 ST,N/A,N/A,25.49179,-80.477571,FDOT Traffic Signal Locations TDA,https://services1.arcgis.com/O1JpcwDW8sjYuddV/arcgis/rest/services/Traffic_Signal_Locations_TDA/FeatureServer/0,https://services1.arcgis.com/O1JpcwDW8sjYuddV/arcgis/rest/services/Traffic_Signal_Locations_TDA/FeatureServer/0/query?where=COUNTY%3D%27Miami-Dade%27&outFields=SIGNALID%2CCOUNTY%2CRDWYID%2CDISTRICT%2CMAINTAGC%2CSDESTRET%2CCNTLRDES%2CSIGNALNC&returnGeometry=true&outSR=4326&f=json
6006,87060000,Miami-Dade,6,MIAMI-DADE,7 ST,N/A,N/A,25.776846,-80.132515,FDOT Traffic Signal Locations TDA,https://services1.arcgis.com/O1JpcwDW8sjYuddV/arcgis/rest/services/Traffic_Signal_Locations_TDA/FeatureServer/0,https://services1.arcgis.com/O1JpcwDW8sjYuddV/arcgis/rest/services/Traffic_Signal_Locations_TDA/FeatureServer/0/query?where=COUNTY%3D%27Miami-Dade%27&outFields=SIGNALID%2CCOUNTY%2CRDWYID%2CDISTRICT%2CMAINTAGC%2CSDESTRET%2CCNTLRDES%2CSIGNALNC&returnGeometry=true&outSR=4326&f=json
2115,87030000,Miami-Dade,6,MIAMI-DADE,NE 78 ST,N/A,N/A,25.847101,-80.184596,FDOT Traffic Signal Locations TDA,https://services1.arcgis.com/O1JpcwDW8sjYuddV/arcgis/rest/services/Traffic_Signal_Locations_TDA/FeatureServer/0,https://services1.arcgis.com/O1JpcwDW8sjYuddV/arcgis/rest/services/Traffic_Signal_Locations_TDA/FeatureServer/0/query?where=COUNTY%3D%27Miami-Dade%27&outFields=SIGNALID%2CCOUNTY%2CRDWYID%2CDISTRICT%2CMAINTAGC%2CSDESTRET%2CCNTLRDES%2CSIGNALNC&returnGeometry=true&outSR=4326&f=json
3156,87220000,Miami-Dade,6,MIAMI-DADE,LEE DR,N/A,N/A,25.808197,-80.269738,FDOT Traffic Signal Locations TDA,https://services1.arcgis.com/O1JpcwDW8sjYuddV/arcgis/rest/services/Traffic_Signal_Locations_TDA/FeatureServer/0,https://services1.arcgis.com/O1JpcwDW8sjYuddV/arcgis/rest/services/Traffic_Signal_Locations_TDA/FeatureServer/0/query?where=COUNTY%3D%27Miami-Dade%27&outFields=SIGNALID%2CCOUNTY%2CRDWYID%2CDISTRICT%2CMAINTAGC%2CSDESTRET%2CCNTLRDES%2CSIGNALNC&returnGeometry=true&outSR=4326&f=json
3671,87170000,Miami-Dade,6,MIAMI-DADE,NE 35 AV,N/A,N/A,25.928753,-80.134575,FDOT Traffic Signal Locations TDA,https://services1.arcgis.com/O1JpcwDW8sjYuddV/arcgis/rest/services/Traffic_Signal_Locations_TDA/FeatureServer/0,https://services1.arcgis.com/O1JpcwDW8sjYuddV/arcgis/rest/services/Traffic_Signal_Locations_TDA/FeatureServer/0/query?where=COUNTY%3D%27Miami-Dade%27&outFields=SIGNALID%2CCOUNTY%2CRDWYID%2CDISTRICT%2CMAINTAGC%2CSDESTRET%2CCNTLRDES%2CSIGNALNC&returnGeometry=true&outSR=4326&f=json
3140,87008000,Miami-Dade,6,MIAMI-DADE,MEMORIAL HWY,N/A,N/A,25.899094,-80.193905,FDOT Traffic Signal Locations TDA,https://services1.arcgis.com/O1JpcwDW8sjYuddV/arcgis/rest/services/Traffic_Signal_Locations_TDA/FeatureServer/0,https://services1.arcgis.com/O1JpcwDW8sjYuddV/arcgis/rest/services/Traffic_Signal_Locations_TDA/FeatureServer/0/query?where=COUNTY%3D%27Miami-Dade%27&outFields=SIGNALID%2CCOUNTY%2CRDWYID%2CDISTRICT%2CMAINTAGC%2CSDESTRET%2CCNTLRDES%2CSIGNALNC&returnGeometry=true&outSR=4326&f=json
3108,87140000,Miami-Dade,6,MIAMI-DADE,NW 199 ST,N/A,N/A,25.957027,-80.205618,FDOT Traffic Signal Locations TDA,https://services1.arcgis.com/O1JpcwDW8sjYuddV/arcgis/rest/services/Traffic_Signal_Locations_TDA/FeatureServer/0,https://services1.arcgis.com/O1JpcwDW8sjYuddV/arcgis/rest/services/Traffic_Signal_Locations_TDA/FeatureServer/0/query?where=COUNTY%3D%27Miami-Dade%27&outFields=SIGNALID%2CCOUNTY%2CRDWYID%2CDISTRICT%2CMAINTAGC%2CSDESTRET%2CCNTLRDES%2CSIGNALNC&returnGeometry=true&outSR=4326&f=json
4514,87090000,Miami-Dade,6,MIAMI-DADE,NW 103 ST/BILLY KEMP,N/A,N/A,25.867055,-80.34003,FDOT Traffic Signal Locations TDA,https://services1.arcgis.com/O1JpcwDW8sjYuddV/arcgis/rest/services/Traffic_Signal_Locations_TDA/FeatureServer/0,https://services1.arcgis.com/O1JpcwDW8sjYuddV/arcgis/rest/services/Traffic_Signal_Locations_TDA/FeatureServer/0/query?where=COUNTY%3D%27Miami-Dade%27&outFields=SIGNALID%2CCOUNTY%2CRDWYID%2CDISTRICT%2CMAINTAGC%2CSDESTRET%2CCNTLRDES%2CSIGNALNC&returnGeometry=true&outSR=4326&f=json
3749,87140000,Miami-Dade,6,MIAMI-DADE,NW 69 ST,N/A,N/A,25.837712,-80.208756,FDOT Traffic Signal Locations TDA,https://services1.arcgis.com/O1JpcwDW8sjYuddV/arcgis/rest/services/Traffic_Signal_Locations_TDA/FeatureServer/0,https://services1.arcgis.com/O1JpcwDW8sjYuddV/arcgis/rest/services/Traffic_Signal_Locations_TDA/FeatureServer/0/query?where=COUNTY%3D%27Miami-Dade%27&outFields=SIGNALID%2CCOUNTY%2CRDWYID%2CDISTRICT%2CMAINTAGC%2CSDESTRET%2CCNTLRDES%2CSIGNALNC&returnGeometry=true&outSR=4326&f=json
4614,87062000,Miami-Dade,6,MIAMI-DADE,NW 11 ST,N/A,N/A,25.782017,-80.288396,FDOT Traffic Signal Locations TDA,https://services1.arcgis.com/O1JpcwDW8sjYuddV/arcgis/rest/services/Traffic_Signal_Locations_TDA/FeatureServer/0,https://services1.arcgis.com/O1JpcwDW8sjYuddV/arcgis/rest/services/Traffic_Signal_Locations_TDA/FeatureServer/0/query?where=COUNTY%3D%27Miami-Dade%27&outFields=SIGNALID%2CCOUNTY%2CRDWYID%2CDISTRICT%2CMAINTAGC%2CSDESTRET%2CCNTLRDES%2CSIGNALNC&returnGeometry=true&outSR=4326&f=json
2919,87060001,Miami-Dade,6,MIAMI-DADE,SR 922/96 ST,N/A,02,25.88708,-80.12371,FDOT Traffic Signal Locations TDA,https://services1.arcgis.com/O1JpcwDW8sjYuddV/arcgis/rest/services/Traffic_Signal_Locations_TDA/FeatureServer/0,https://services1.arcgis.com/O1JpcwDW8sjYuddV/arcgis/rest/services/Traffic_Signal_Locations_TDA/FeatureServer/0/query?where=COUNTY%3D%27Miami-Dade%27&outFields=SIGNALID%2CCOUNTY%2CRDWYID%2CDISTRICT%2CMAINTAGC%2CSDESTRET%2CCNTLRDES%2CSIGNALNC&returnGeometry=true&outSR=4326&f=json
4378,87120000,Miami-Dade,6,MIAMI-DADE,SW 47 AVE,N/A,N/A,25.764166,-80.271491,FDOT Traffic Signal Locations TDA,https://services1.arcgis.com/O1JpcwDW8sjYuddV/arcgis/rest/services/Traffic_Signal_Locations_TDA/FeatureServer/0,https://services1.arcgis.com/O1JpcwDW8sjYuddV/arcgis/rest/services/Traffic_Signal_Locations_TDA/FeatureServer/0/query?where=COUNTY%3D%27Miami-Dade%27&outFields=SIGNALID%2CCOUNTY%2CRDWYID%2CDISTRICT%2CMAINTAGC%2CSDESTRET%2CCNTLRDES%2CSIGNALNC&returnGeometry=true&outSR=4326&f=json
2154,87085000,Miami-Dade,6,MIAMI-DADE,N/A,N/A,N/A,25.771155,-80.214591,FDOT Traffic Signal Locations TDA,https://services1.arcgis.com/O1JpcwDW8sjYuddV/arcgis/rest/services/Traffic_Signal_Locations_TDA/FeatureServer/0,https://services1.arcgis.com/O1JpcwDW8sjYuddV/arcgis/rest/services/Traffic_Signal_Locations_TDA/FeatureServer/0/query?where=COUNTY%3D%27Miami-Dade%27&outFields=SIGNALID%2CCOUNTY%2CRDWYID%2CDISTRICT%2CMAINTAGC%2CSDESTRET%2CCNTLRDES%2CSIGNALNC&returnGeometry=true&outSR=4326&f=json
2222,87053001,Miami-Dade,6,MIAMI-DADE,SW 17 AV,N/A,N/A,25.772275,-80.222613,FDOT Traffic Signal Locations TDA,https://services1.arcgis.com/O1JpcwDW8sjYuddV/arcgis/rest/services/Traffic_Signal_Locations_TDA/FeatureServer/0,https://services1.arcgis.com/O1JpcwDW8sjYuddV/arcgis/rest/services/Traffic_Signal_Locations_TDA/FeatureServer/0/query?where=COUNTY%3D%27Miami-Dade%27&outFields=SIGNALID%2CCOUNTY%2CRDWYID%2CDISTRICT%2CMAINTAGC%2CSDESTRET%2CCNTLRDES%2CSIGNALNC&returnGeometry=true&outSR=4326&f=json
4108,87038000,Miami-Dade,6,MIAMI-DADE,W 10 AV,N/A,N/A,25.866588,-80.303541,FDOT Traffic Signal Locations TDA,https://services1.arcgis.com/O1JpcwDW8sjYuddV/arcgis/rest/services/Traffic_Signal_Locations_TDA/FeatureServer/0,https://services1.arcgis.com/O1JpcwDW8sjYuddV/arcgis/rest/services/Traffic_Signal_Locations_TDA/FeatureServer/0/query?where=COUNTY%3D%27Miami-Dade%27&outFields=SIGNALID%2CCOUNTY%2CRDWYID%2CDISTRICT%2CMAINTAGC%2CSDESTRET%2CCNTLRDES%2CSIGNALNC&returnGeometry=true&outSR=4326&f=json
4643,87002000,Miami-Dade,6,MIAMI-DADE,NW 163 ST,N/A,N/A,25.921298,-80.293002,FDOT Traffic Signal Locations TDA,https://services1.arcgis.com/O1JpcwDW8sjYuddV/arcgis/rest/services/Traffic_Signal_Locations_TDA/FeatureServer/0,https://services1.arcgis.com/O1JpcwDW8sjYuddV/arcgis/rest/services/Traffic_Signal_Locations_TDA/FeatureServer/0/query?where=COUNTY%3D%27Miami-Dade%27&outFields=SIGNALID%2CCOUNTY%2CRDWYID%2CDISTRICT%2CMAINTAGC%2CSDESTRET%2CCNTLRDES%2CSIGNALNC&returnGeometry=true&outSR=4326&f=json
2182,87030000,Miami-Dade,6,MIAMI-DADE,SW 27 AVE,N/A,02,25.739888,-80.237848,FDOT Traffic Signal Locations TDA,https://services1.arcgis.com/O1JpcwDW8sjYuddV/arcgis/rest/services/Traffic_Signal_Locations_TDA/FeatureServer/0,https://services1.arcgis.com/O1JpcwDW8sjYuddV/arcgis/rest/services/Traffic_Signal_Locations_TDA/FeatureServer/0/query?where=COUNTY%3D%27Miami-Dade%27&outFields=SIGNALID%2CCOUNTY%2CRDWYID%2CDISTRICT%2CMAINTAGC%2CSDESTRET%2CCNTLRDES%2CSIGNALNC&returnGeometry=true&outSR=4326&f=json
3845,87260527,Miami-Dade,6,MIAMI-DADE,SR 823/NW 57 AVE,N/A,02,25.924777,-80.293219,FDOT Traffic Signal Locations TDA,https://services1.arcgis.com/O1JpcwDW8sjYuddV/arcgis/rest/services/Traffic_Signal_Locations_TDA/FeatureServer/0,https://services1.arcgis.com/O1JpcwDW8sjYuddV/arcgis/rest/services/Traffic_Signal_Locations_TDA/FeatureServer/0/query?where=COUNTY%3D%27Miami-Dade%27&outFields=SIGNALID%2CCOUNTY%2CRDWYID%2CDISTRICT%2CMAINTAGC%2CSDESTRET%2CCNTLRDES%2CSIGNALNC&returnGeometry=true&outSR=4326&f=json
2648,87037000,Miami-Dade,6,MIAMI-DADE,DADE BLVD,N/A,N/A,25.793381,-80.141304,FDOT Traffic Signal Locations TDA,https://services1.arcgis.com/O1JpcwDW8sjYuddV/arcgis/rest/services/Traffic_Signal_Locations_TDA/FeatureServer/0,https://services1.arcgis.com/O1JpcwDW8sjYuddV/arcgis/rest/services/Traffic_Signal_Locations_TDA/FeatureServer/0/query?where=COUNTY%3D%27Miami-Dade%27&outFields=SIGNALID%2CCOUNTY%2CRDWYID%2CDISTRICT%2CMAINTAGC%2CSDESTRET%2CCNTLRDES%2CSIGNALNC&returnGeometry=true&outSR=4326&f=json
5301,87034000,Miami-Dade,6,MIAMI-DADE,N/A,N/A,N/A,25.919613,-80.187851,FDOT Traffic Signal Locations TDA,https://services1.arcgis.com/O1JpcwDW8sjYuddV/arcgis/rest/services/Traffic_Signal_Locations_TDA/FeatureServer/0,https://services1.arcgis.com/O1JpcwDW8sjYuddV/arcgis/rest/services/Traffic_Signal_Locations_TDA/FeatureServer/0/query?where=COUNTY%3D%27Miami-Dade%27&outFields=SIGNALID%2CCOUNTY%2CRDWYID%2CDISTRICT%2CMAINTAGC%2CSDESTRET%2CCNTLRDES%2CSIGNALNC&returnGeometry=true&outSR=4326&f=json
3819,87240000,Miami-Dade,6,MIAMI-DADE,NW 34 ST,N/A,N/A,25.807098,-80.240103,FDOT Traffic Signal Locations TDA,https://services1.arcgis.com/O1JpcwDW8sjYuddV/arcgis/rest/services/Traffic_Signal_Locations_TDA/FeatureServer/0,https://services1.arcgis.com/O1JpcwDW8sjYuddV/arcgis/rest/services/Traffic_Signal_Locations_TDA/FeatureServer/0/query?where=COUNTY%3D%27Miami-Dade%27&outFields=SIGNALID%2CCOUNTY%2CRDWYID%2CDISTRICT%2CMAINTAGC%2CSDESTRET%2CCNTLRDES%2CSIGNALNC&returnGeometry=true&outSR=4326&f=json
3574,87080001,Miami-Dade,6,MIAMI-DADE,NW 6 AV,N/A,N/A,25.848952,-80.207205,FDOT Traffic Signal Locations TDA,https://services1.arcgis.com/O1JpcwDW8sjYuddV/arcgis/rest/services/Traffic_Signal_Locations_TDA/FeatureServer/0,https://services1.arcgis.com/O1JpcwDW8sjYuddV/arcgis/rest/services/Traffic_Signal_Locations_TDA/FeatureServer/0/query?where=COUNTY%3D%27Miami-Dade%27&outFields=SIGNALID%2CCOUNTY%2CRDWYID%2CDISTRICT%2CMAINTAGC%2CSDESTRET%2CCNTLRDES%2CSIGNALNC&returnGeometry=true&outSR=4326&f=json
4933,87026000,Miami-Dade,6,MIAMI-DADE,N/A,N/A,N/A,25.939574,-80.280723,FDOT Traffic Signal Locations TDA,https://services1.arcgis.com/O1JpcwDW8sjYuddV/arcgis/rest/services/Traffic_Signal_Locations_TDA/FeatureServer/0,https://services1.arcgis.com/O1JpcwDW8sjYuddV/arcgis/rest/services/Traffic_Signal_Locations_TDA/FeatureServer/0/query?where=COUNTY%3D%27Miami-Dade%27&outFields=SIGNALID%2CCOUNTY%2CRDWYID%2CDISTRICT%2CMAINTAGC%2CSDESTRET%2CCNTLRDES%2CSIGNALNC&returnGeometry=true&outSR=4326&f=json
3210,87026000,Miami-Dade,6,MIAMI-DADE,NW 7 AV,N/A,N/A,25.942149,-80.213207,FDOT Traffic Signal Locations TDA,https://services1.arcgis.com/O1JpcwDW8sjYuddV/arcgis/rest/services/Traffic_Signal_Locations_TDA/FeatureServer/0,https://services1.arcgis.com/O1JpcwDW8sjYuddV/arcgis/rest/services/Traffic_Signal_Locations_TDA/FeatureServer/0/query?where=COUNTY%3D%27Miami-Dade%27&outFields=SIGNALID%2CCOUNTY%2CRDWYID%2CDISTRICT%2CMAINTAGC%2CSDESTRET%2CCNTLRDES%2CSIGNALNC&returnGeometry=true&outSR=4326&f=json
2720,87060002,Miami-Dade,6,MIAMI-DADE,SR 112/41 ST,N/A,N/A,25.813337,-80.123937,FDOT Traffic Signal Locations TDA,https://services1.arcgis.com/O1JpcwDW8sjYuddV/arcgis/rest/services/Traffic_Signal_Locations_TDA/FeatureServer/0,https://services1.arcgis.com/O1JpcwDW8sjYuddV/arcgis/rest/services/Traffic_Signal_Locations_TDA/FeatureServer/0/query?where=COUNTY%3D%27Miami-Dade%27&outFields=SIGNALID%2CCOUNTY%2CRDWYID%2CDISTRICT%2CMAINTAGC%2CSDESTRET%2CCNTLRDES%2CSIGNALNC&returnGeometry=true&outSR=4326&f=json
3871,87281000,Miami-Dade,6,MIAMI-DADE,E 55 ST,N/A,N/A,25.872563,-80.266879,FDOT Traffic Signal Locations TDA,https://services1.arcgis.com/O1JpcwDW8sjYuddV/arcgis/rest/services/Traffic_Signal_Locations_TDA/FeatureServer/0,https://services1.arcgis.com/O1JpcwDW8sjYuddV/arcgis/rest/services/Traffic_Signal_Locations_TDA/FeatureServer/0/query?where=COUNTY%3D%27Miami-Dade%27&outFields=SIGNALID%2CCOUNTY%2CRDWYID%2CDISTRICT%2CMAINTAGC%2CSDESTRET%2CCNTLRDES%2CSIGNALNC&returnGeometry=true&outSR=4326&f=json
6375,87134000,Miami-Dade,6,MIAMI-DADE,NW 12 ST,N/A,N/A,25.782396,-80.417082,FDOT Traffic Signal Locations TDA,https://services1.arcgis.com/O1JpcwDW8sjYuddV/arcgis/rest/services/Traffic_Signal_Locations_TDA/FeatureServer/0,https://services1.arcgis.com/O1JpcwDW8sjYuddV/arcgis/rest/services/Traffic_Signal_Locations_TDA/FeatureServer/0/query?where=COUNTY%3D%27Miami-Dade%27&outFields=SIGNALID%2CCOUNTY%2CRDWYID%2CDISTRICT%2CMAINTAGC%2CSDESTRET%2CCNTLRDES%2CSIGNALNC&returnGeometry=true&outSR=4326&f=json
4286,87001000,Miami-Dade,6,MIAMI-DADE,SW 12500 BLK,N/A,N/A,25.685845,-80.398897,FDOT Traffic Signal Locations TDA,https://services1.arcgis.com/O1JpcwDW8sjYuddV/arcgis/rest/services/Traffic_Signal_Locations_TDA/FeatureServer/0,https://services1.arcgis.com/O1JpcwDW8sjYuddV/arcgis/rest/services/Traffic_Signal_Locations_TDA/FeatureServer/0/query?where=COUNTY%3D%27Miami-Dade%27&outFields=SIGNALID%2CCOUNTY%2CRDWYID%2CDISTRICT%2CMAINTAGC%2CSDESTRET%2CCNTLRDES%2CSIGNALNC&returnGeometry=true&outSR=4326&f=json
2534,87066000,Miami-Dade,6,MIAMI-DADE,N BAYSHORE DR,N/A,N/A,25.889495,-80.15174,FDOT Traffic Signal Locations TDA,https://services1.arcgis.com/O1JpcwDW8sjYuddV/arcgis/rest/services/Traffic_Signal_Locations_TDA/FeatureServer/0,https://services1.arcgis.com/O1JpcwDW8sjYuddV/arcgis/rest/services/Traffic_Signal_Locations_TDA/FeatureServer/0/query?where=COUNTY%3D%27Miami-Dade%27&outFields=SIGNALID%2CCOUNTY%2CRDWYID%2CDISTRICT%2CMAINTAGC%2CSDESTRET%2CCNTLRDES%2CSIGNALNC&returnGeometry=true&outSR=4326&f=json
6164,87281000,Miami-Dade,6,MIAMI-DADE,NW 3 ST,N/A,N/A,25.775127,-80.263781,FDOT Traffic Signal Locations TDA,https://services1.arcgis.com/O1JpcwDW8sjYuddV/arcgis/rest/services/Traffic_Signal_Locations_TDA/FeatureServer/0,https://services1.arcgis.com/O1JpcwDW8sjYuddV/arcgis/rest/services/Traffic_Signal_Locations_TDA/FeatureServer/0/query?where=COUNTY%3D%27Miami-Dade%27&outFields=SIGNALID%2CCOUNTY%2CRDWYID%2CDISTRICT%2CMAINTAGC%2CSDESTRET%2CCNTLRDES%2CSIGNALNC&returnGeometry=true&outSR=4326&f=json
3759,87160000,Miami-Dade,6,MIAMI-DADE,KROME AVE,N/A,N/A,25.447784,-80.477464,FDOT Traffic Signal Locations TDA,https://services1.arcgis.com/O1JpcwDW8sjYuddV/arcgis/rest/services/Traffic_Signal_Locations_TDA/FeatureServer/0,https://services1.arcgis.com/O1JpcwDW8sjYuddV/arcgis/rest/services/Traffic_Signal_Locations_TDA/FeatureServer/0/query?where=COUNTY%3D%27Miami-Dade%27&outFields=SIGNALID%2CCOUNTY%2CRDWYID%2CDISTRICT%2CMAINTAGC%2CSDESTRET%2CCNTLRDES%2CSIGNALNC&returnGeometry=true&outSR=4326&f=json
5203,87038000,Miami-Dade,6,MIAMI-DADE,W 28 AV/NW 87 AV,N/A,N/A,25.868104,-80.339093,FDOT Traffic Signal Locations TDA,https://services1.arcgis.com/O1JpcwDW8sjYuddV/arcgis/rest/services/Traffic_Signal_Locations_TDA/FeatureServer/0,https://services1.arcgis.com/O1JpcwDW8sjYuddV/arcgis/rest/services/Traffic_Signal_Locations_TDA/FeatureServer/0/query?where=COUNTY%3D%27Miami-Dade%27&outFields=SIGNALID%2CCOUNTY%2CRDWYID%2CDISTRICT%2CMAINTAGC%2CSDESTRET%2CCNTLRDES%2CSIGNALNC&returnGeometry=true&outSR=4326&f=json
2133,87062000,Miami-Dade,6,MIAMI-DADE,N/A,N/A,N/A,25.766708,-80.287981,FDOT Traffic Signal Locations TDA,https://services1.arcgis.com/O1JpcwDW8sjYuddV/arcgis/rest/services/Traffic_Signal_Locations_TDA/FeatureServer/0,https://services1.arcgis.com/O1JpcwDW8sjYuddV/arcgis/rest/services/Traffic_Signal_Locations_TDA/FeatureServer/0/query?where=COUNTY%3D%27Miami-Dade%27&outFields=SIGNALID%2CCOUNTY%2CRDWYID%2CDISTRICT%2CMAINTAGC%2CSDESTRET%2CCNTLRDES%2CSIGNALNC&returnGeometry=true&outSR=4326&f=json
2638,87060001,Miami-Dade,6,MIAMI-DADE,72 ST,N/A,N/A,25.857118,-80.122358,FDOT Traffic Signal Locations TDA,https://services1.arcgis.com/O1JpcwDW8sjYuddV/arcgis/rest/services/Traffic_Signal_Locations_TDA/FeatureServer/0,https://services1.arcgis.com/O1JpcwDW8sjYuddV/arcgis/rest/services/Traffic_Signal_Locations_TDA/FeatureServer/0/query?where=COUNTY%3D%27Miami-Dade%27&outFields=SIGNALID%2CCOUNTY%2CRDWYID%2CDISTRICT%2CMAINTAGC%2CSDESTRET%2CCNTLRDES%2CSIGNALNC&returnGeometry=true&outSR=4326&f=json
4293,87030000,Miami-Dade,6,MIAMI-DADE,NE 116 ST,N/A,N/A,25.882516,-80.166029,FDOT Traffic Signal Locations TDA,https://services1.arcgis.com/O1JpcwDW8sjYuddV/arcgis/rest/services/Traffic_Signal_Locations_TDA/FeatureServer/0,https://services1.arcgis.com/O1JpcwDW8sjYuddV/arcgis/rest/services/Traffic_Signal_Locations_TDA/FeatureServer/0/query?where=COUNTY%3D%27Miami-Dade%27&outFields=SIGNALID%2CCOUNTY%2CRDWYID%2CDISTRICT%2CMAINTAGC%2CSDESTRET%2CCNTLRDES%2CSIGNALNC&returnGeometry=true&outSR=4326&f=json
3433,87060000,Miami-Dade,6,MIAMI-DADE,5500 BLK,N/A,N/A,25.835652,-80.120744,FDOT Traffic Signal Locations TDA,https://services1.arcgis.com/O1JpcwDW8sjYuddV/arcgis/rest/services/Traffic_Signal_Locations_TDA/FeatureServer/0,https://services1.arcgis.com/O1JpcwDW8sjYuddV/arcgis/rest/services/Traffic_Signal_Locations_TDA/FeatureServer/0/query?where=COUNTY%3D%27Miami-Dade%27&outFields=SIGNALID%2CCOUNTY%2CRDWYID%2CDISTRICT%2CMAINTAGC%2CSDESTRET%2CCNTLRDES%2CSIGNALNC&returnGeometry=true&outSR=4326&f=json
2721,87060001,Miami-Dade,6,MIAMI-DADE,SR 907/63 ST,N/A,02,25.844504,-80.121507,FDOT Traffic Signal Locations TDA,https://services1.arcgis.com/O1JpcwDW8sjYuddV/arcgis/rest/services/Traffic_Signal_Locations_TDA/FeatureServer/0,https://services1.arcgis.com/O1JpcwDW8sjYuddV/arcgis/rest/services/Traffic_Signal_Locations_TDA/FeatureServer/0/query?where=COUNTY%3D%27Miami-Dade%27&outFields=SIGNALID%2CCOUNTY%2CRDWYID%2CDISTRICT%2CMAINTAGC%2CSDESTRET%2CCNTLRDES%2CSIGNALNC&returnGeometry=true&outSR=4326&f=json
6578,87090000,Miami-Dade,6,MIAMI-DADE,NW 154 ST,N/A,N/A,25.912438,-80.401293,FDOT Traffic Signal Locations TDA,https://services1.arcgis.com/O1JpcwDW8sjYuddV/arcgis/rest/services/Traffic_Signal_Locations_TDA/FeatureServer/0,https://services1.arcgis.com/O1JpcwDW8sjYuddV/arcgis/rest/services/Traffic_Signal_Locations_TDA/FeatureServer/0/query?where=COUNTY%3D%27Miami-Dade%27&outFields=SIGNALID%2CCOUNTY%2CRDWYID%2CDISTRICT%2CMAINTAGC%2CSDESTRET%2CCNTLRDES%2CSIGNALNC&returnGeometry=true&outSR=4326&f=json
2401,87085000,Miami-Dade,6,MIAMI-DADE,NW 20 ST,N/A,N/A,25.794993,-80.21507,FDOT Traffic Signal Locations TDA,https://services1.arcgis.com/O1JpcwDW8sjYuddV/arcgis/rest/services/Traffic_Signal_Locations_TDA/FeatureServer/0,https://services1.arcgis.com/O1JpcwDW8sjYuddV/arcgis/rest/services/Traffic_Signal_Locations_TDA/FeatureServer/0/query?where=COUNTY%3D%27Miami-Dade%27&outFields=SIGNALID%2CCOUNTY%2CRDWYID%2CDISTRICT%2CMAINTAGC%2CSDESTRET%2CCNTLRDES%2CSIGNALNC&returnGeometry=true&outSR=4326&f=json
2851,87250000,Miami-Dade,6,MIAMI-DADE,E 2 AVE,N/A,N/A,25.822805,-80.27738,FDOT Traffic Signal Locations TDA,https://services1.arcgis.com/O1JpcwDW8sjYuddV/arcgis/rest/services/Traffic_Signal_Locations_TDA/FeatureServer/0,https://services1.arcgis.com/O1JpcwDW8sjYuddV/arcgis/rest/services/Traffic_Signal_Locations_TDA/FeatureServer/0/query?where=COUNTY%3D%27Miami-Dade%27&outFields=SIGNALID%2CCOUNTY%2CRDWYID%2CDISTRICT%2CMAINTAGC%2CSDESTRET%2CCNTLRDES%2CSIGNALNC&returnGeometry=true&outSR=4326&f=json
4311,87072000,Miami-Dade,6,MIAMI-DADE,SW 100 ST,N/A,N/A,25.675782,-80.367877,FDOT Traffic Signal Locations TDA,https://services1.arcgis.com/O1JpcwDW8sjYuddV/arcgis/rest/services/Traffic_Signal_Locations_TDA/FeatureServer/0,https://services1.arcgis.com/O1JpcwDW8sjYuddV/arcgis/rest/services/Traffic_Signal_Locations_TDA/FeatureServer/0/query?where=COUNTY%3D%27Miami-Dade%27&outFields=SIGNALID%2CCOUNTY%2CRDWYID%2CDISTRICT%2CMAINTAGC%2CSDESTRET%2CCNTLRDES%2CSIGNALNC&returnGeometry=true&outSR=4326&f=json
4375,87002000,Miami-Dade,6,MIAMI-DADE,W 60 ST / NW 114 ST,N/A,N/A,25.877032,-80.291012,FDOT Traffic Signal Locations TDA,https://services1.arcgis.com/O1JpcwDW8sjYuddV/arcgis/rest/services/Traffic_Signal_Locations_TDA/FeatureServer/0,https://services1.arcgis.com/O1JpcwDW8sjYuddV/arcgis/rest/services/Traffic_Signal_Locations_TDA/FeatureServer/0/query?where=COUNTY%3D%27Miami-Dade%27&outFields=SIGNALID%2CCOUNTY%2CRDWYID%2CDISTRICT%2CMAINTAGC%2CSDESTRET%2CCNTLRDES%2CSIGNALNC&returnGeometry=true&outSR=4326&f=json
2734,87060000,Miami-Dade,6,MIAMI-DADE,LENOX AVE,N/A,N/A,25.774289,-80.139401,FDOT Traffic Signal Locations TDA,https://services1.arcgis.com/O1JpcwDW8sjYuddV/arcgis/rest/services/Traffic_Signal_Locations_TDA/FeatureServer/0,https://services1.arcgis.com/O1JpcwDW8sjYuddV/arcgis/rest/services/Traffic_Signal_Locations_TDA/FeatureServer/0/query?where=COUNTY%3D%27Miami-Dade%27&outFields=SIGNALID%2CCOUNTY%2CRDWYID%2CDISTRICT%2CMAINTAGC%2CSDESTRET%2CCNTLRDES%2CSIGNALNC&returnGeometry=true&outSR=4326&f=json
2783,87016000,Miami-Dade,6,MIAMI-DADE,SHERIDAN AV,N/A,N/A,25.81381,-80.127617,FDOT Traffic Signal Locations TDA,https://services1.arcgis.com/O1JpcwDW8sjYuddV/arcgis/rest/services/Traffic_Signal_Locations_TDA/FeatureServer/0,https://services1.arcgis.com/O1JpcwDW8sjYuddV/arcgis/rest/services/Traffic_Signal_Locations_TDA/FeatureServer/0/query?where=COUNTY%3D%27Miami-Dade%27&outFields=SIGNALID%2CCOUNTY%2CRDWYID%2CDISTRICT%2CMAINTAGC%2CSDESTRET%2CCNTLRDES%2CSIGNALNC&returnGeometry=true&outSR=4326&f=json
2404,87240000,Miami-Dade,6,MIAMI-DADE,NW 20 ST,N/A,N/A,25.794192,-80.239773,FDOT Traffic Signal Locations TDA,https://services1.arcgis.com/O1JpcwDW8sjYuddV/arcgis/rest/services/Traffic_Signal_Locations_TDA/FeatureServer/0,https://services1.arcgis.com/O1JpcwDW8sjYuddV/arcgis/rest/services/Traffic_Signal_Locations_TDA/FeatureServer/0/query?where=COUNTY%3D%27Miami-Dade%27&outFields=SIGNALID%2CCOUNTY%2CRDWYID%2CDISTRICT%2CMAINTAGC%2CSDESTRET%2CCNTLRDES%2CSIGNALNC&returnGeometry=true&outSR=4326&f=json
3614,87090000,Miami-Dade,6,MIAMI-DADE,ON RAMP 87260412/OFF,N/A,N/A,25.853121,-80.321292,FDOT Traffic Signal Locations TDA,https://services1.arcgis.com/O1JpcwDW8sjYuddV/arcgis/rest/services/Traffic_Signal_Locations_TDA/FeatureServer/0,https://services1.arcgis.com/O1JpcwDW8sjYuddV/arcgis/rest/services/Traffic_Signal_Locations_TDA/FeatureServer/0/query?where=COUNTY%3D%27Miami-Dade%27&outFields=SIGNALID%2CCOUNTY%2CRDWYID%2CDISTRICT%2CMAINTAGC%2CSDESTRET%2CCNTLRDES%2CSIGNALNC&returnGeometry=true&outSR=4326&f=json
3818,87120000,Miami-Dade,6,MIAMI-DADE,N/A,N/A,N/A,25.763936,-80.277809,FDOT Traffic Signal Locations TDA,https://services1.arcgis.com/O1JpcwDW8sjYuddV/arcgis/rest/services/Traffic_Signal_Locations_TDA/FeatureServer/0,https://services1.arcgis.com/O1JpcwDW8sjYuddV/arcgis/rest/services/Traffic_Signal_Locations_TDA/FeatureServer/0/query?where=COUNTY%3D%27Miami-Dade%27&outFields=SIGNALID%2CCOUNTY%2CRDWYID%2CDISTRICT%2CMAINTAGC%2CSDESTRET%2CCNTLRDES%2CSIGNALNC&returnGeometry=true&outSR=4326&f=json
6401,87000652,Miami-Dade,6,MIAMI-DADE,NE 2 AVE,N/A,N/A,25.785508,-80.190665,FDOT Traffic Signal Locations TDA,https://services1.arcgis.com/O1JpcwDW8sjYuddV/arcgis/rest/services/Traffic_Signal_Locations_TDA/FeatureServer/0,https://services1.arcgis.com/O1JpcwDW8sjYuddV/arcgis/rest/services/Traffic_Signal_Locations_TDA/FeatureServer/0/query?where=COUNTY%3D%27Miami-Dade%27&outFields=SIGNALID%2CCOUNTY%2CRDWYID%2CDISTRICT%2CMAINTAGC%2CSDESTRET%2CCNTLRDES%2CSIGNALNC&returnGeometry=true&outSR=4326&f=json
6545,87090000,Miami-Dade,6,MIAMI-DADE,SR 997/KROME AVE(SB),N/A,N/A,25.950955,-80.431086,FDOT Traffic Signal Locations TDA,https://services1.arcgis.com/O1JpcwDW8sjYuddV/arcgis/rest/services/Traffic_Signal_Locations_TDA/FeatureServer/0,https://services1.arcgis.com/O1JpcwDW8sjYuddV/arcgis/rest/services/Traffic_Signal_Locations_TDA/FeatureServer/0/query?where=COUNTY%3D%27Miami-Dade%27&outFields=SIGNALID%2CCOUNTY%2CRDWYID%2CDISTRICT%2CMAINTAGC%2CSDESTRET%2CCNTLRDES%2CSIGNALNC&returnGeometry=true&outSR=4326&f=json
2523,87140000,Miami-Dade,6,MIAMI-DADE,SR 860/NW 183 ST,N/A,N/A,25.942426,-80.205122,FDOT Traffic Signal Locations TDA,https://services1.arcgis.com/O1JpcwDW8sjYuddV/arcgis/rest/services/Traffic_Signal_Locations_TDA/FeatureServer/0,https://services1.arcgis.com/O1JpcwDW8sjYuddV/arcgis/rest/services/Traffic_Signal_Locations_TDA/FeatureServer/0/query?where=COUNTY%3D%27Miami-Dade%27&outFields=SIGNALID%2CCOUNTY%2CRDWYID%2CDISTRICT%2CMAINTAGC%2CSDESTRET%2CCNTLRDES%2CSIGNALNC&returnGeometry=true&outSR=4326&f=json
4065,87052000,Miami-Dade,6,MIAMI-DADE,NW 10 AV,N/A,N/A,25.883527,-80.214606,FDOT Traffic Signal Locations TDA,https://services1.arcgis.com/O1JpcwDW8sjYuddV/arcgis/rest/services/Traffic_Signal_Locations_TDA/FeatureServer/0,https://services1.arcgis.com/O1JpcwDW8sjYuddV/arcgis/rest/services/Traffic_Signal_Locations_TDA/FeatureServer/0/query?where=COUNTY%3D%27Miami-Dade%27&outFields=SIGNALID%2CCOUNTY%2CRDWYID%2CDISTRICT%2CMAINTAGC%2CSDESTRET%2CCNTLRDES%2CSIGNALNC&returnGeometry=true&outSR=4326&f=json
4489,87027000,Miami-Dade,6,MIAMI-DADE,MILAM DAIRY/NW 72 AV,N/A,N/A,25.782685,-80.317811,FDOT Traffic Signal Locations TDA,https://services1.arcgis.com/O1JpcwDW8sjYuddV/arcgis/rest/services/Traffic_Signal_Locations_TDA/FeatureServer/0,https://services1.arcgis.com/O1JpcwDW8sjYuddV/arcgis/rest/services/Traffic_Signal_Locations_TDA/FeatureServer/0/query?where=COUNTY%3D%27Miami-Dade%27&outFields=SIGNALID%2CCOUNTY%2CRDWYID%2CDISTRICT%2CMAINTAGC%2CSDESTRET%2CCNTLRDES%2CSIGNALNC&returnGeometry=true&outSR=4326&f=json
4152,87030000,Miami-Dade,6,MIAMI-DADE,NE 146 ST,N/A,N/A,25.910465,-80.15732,FDOT Traffic Signal Locations TDA,https://services1.arcgis.com/O1JpcwDW8sjYuddV/arcgis/rest/services/Traffic_Signal_Locations_TDA/FeatureServer/0,https://services1.arcgis.com/O1JpcwDW8sjYuddV/arcgis/rest/services/Traffic_Signal_Locations_TDA/FeatureServer/0/query?where=COUNTY%3D%27Miami-Dade%27&outFields=SIGNALID%2CCOUNTY%2CRDWYID%2CDISTRICT%2CMAINTAGC%2CSDESTRET%2CCNTLRDES%2CSIGNALNC&returnGeometry=true&outSR=4326&f=json
6943,87250000,Miami-Dade,6,MIAMI DADE,NW 21 ST,N/A,N/A,25.824242,-80.230613,FDOT Traffic Signal Locations TDA,https://services1.arcgis.com/O1JpcwDW8sjYuddV/arcgis/rest/services/Traffic_Signal_Locations_TDA/FeatureServer/0,https://services1.arcgis.com/O1JpcwDW8sjYuddV/arcgis/rest/services/Traffic_Signal_Locations_TDA/FeatureServer/0/query?where=COUNTY%3D%27Miami-Dade%27&outFields=SIGNALID%2CCOUNTY%2CRDWYID%2CDISTRICT%2CMAINTAGC%2CSDESTRET%2CCNTLRDES%2CSIGNALNC&returnGeometry=true&outSR=4326&f=json
3516,87080001,Miami-Dade,6,MIAMI-DADE,NE 10 AV,N/A,N/A,25.850364,-80.176511,FDOT Traffic Signal Locations TDA,https://services1.arcgis.com/O1JpcwDW8sjYuddV/arcgis/rest/services/Traffic_Signal_Locations_TDA/FeatureServer/0,https://services1.arcgis.com/O1JpcwDW8sjYuddV/arcgis/rest/services/Traffic_Signal_Locations_TDA/FeatureServer/0/query?where=COUNTY%3D%27Miami-Dade%27&outFields=SIGNALID%2CCOUNTY%2CRDWYID%2CDISTRICT%2CMAINTAGC%2CSDESTRET%2CCNTLRDES%2CSIGNALNC&returnGeometry=true&outSR=4326&f=json
2203,87053001,Miami-Dade,6,MIAMI-DADE,W 24 ST,N/A,N/A,25.77235,-80.234764,FDOT Traffic Signal Locations TDA,https://services1.arcgis.com/O1JpcwDW8sjYuddV/arcgis/rest/services/Traffic_Signal_Locations_TDA/FeatureServer/0,https://services1.arcgis.com/O1JpcwDW8sjYuddV/arcgis/rest/services/Traffic_Signal_Locations_TDA/FeatureServer/0/query?where=COUNTY%3D%27Miami-Dade%27&outFields=SIGNALID%2CCOUNTY%2CRDWYID%2CDISTRICT%2CMAINTAGC%2CSDESTRET%2CCNTLRDES%2CSIGNALNC&returnGeometry=true&outSR=4326&f=json
2507,87240000,Miami-Dade,6,MIAMI-DADE,NW 95 ST,N/A,N/A,25.860425,-80.242176,FDOT Traffic Signal Locations TDA,https://services1.arcgis.com/O1JpcwDW8sjYuddV/arcgis/rest/services/Traffic_Signal_Locations_TDA/FeatureServer/0,https://services1.arcgis.com/O1JpcwDW8sjYuddV/arcgis/rest/services/Traffic_Signal_Locations_TDA/FeatureServer/0/query?where=COUNTY%3D%27Miami-Dade%27&outFields=SIGNALID%2CCOUNTY%2CRDWYID%2CDISTRICT%2CMAINTAGC%2CSDESTRET%2CCNTLRDES%2CSIGNALNC&returnGeometry=true&outSR=4326&f=json
6796,87030000,Miami-Dade,6,MIAMI-DADE,N/A,N/A,N/A,25.755749,-80.195928,FDOT Traffic Signal Locations TDA,https://services1.arcgis.com/O1JpcwDW8sjYuddV/arcgis/rest/services/Traffic_Signal_Locations_TDA/FeatureServer/0,https://services1.arcgis.com/O1JpcwDW8sjYuddV/arcgis/rest/services/Traffic_Signal_Locations_TDA/FeatureServer/0/query?where=COUNTY%3D%27Miami-Dade%27&outFields=SIGNALID%2CCOUNTY%2CRDWYID%2CDISTRICT%2CMAINTAGC%2CSDESTRET%2CCNTLRDES%2CSIGNALNC&returnGeometry=true&outSR=4326&f=json
2876,87281000,Miami-Dade,6,MIAMI-DADE,E 41 ST,N/A,N/A,25.859767,-80.266589,FDOT Traffic Signal Locations TDA,https://services1.arcgis.com/O1JpcwDW8sjYuddV/arcgis/rest/services/Traffic_Signal_Locations_TDA/FeatureServer/0,https://services1.arcgis.com/O1JpcwDW8sjYuddV/arcgis/rest/services/Traffic_Signal_Locations_TDA/FeatureServer/0/query?where=COUNTY%3D%27Miami-Dade%27&outFields=SIGNALID%2CCOUNTY%2CRDWYID%2CDISTRICT%2CMAINTAGC%2CSDESTRET%2CCNTLRDES%2CSIGNALNC&returnGeometry=true&outSR=4326&f=json
3421,87030001,Miami-Dade,6,MIAMI-DADE,SR 970/SE 3 ST,N/A,02,25.771771,-80.190155,FDOT Traffic Signal Locations TDA,https://services1.arcgis.com/O1JpcwDW8sjYuddV/arcgis/rest/services/Traffic_Signal_Locations_TDA/FeatureServer/0,https://services1.arcgis.com/O1JpcwDW8sjYuddV/arcgis/rest/services/Traffic_Signal_Locations_TDA/FeatureServer/0/query?where=COUNTY%3D%27Miami-Dade%27&outFields=SIGNALID%2CCOUNTY%2CRDWYID%2CDISTRICT%2CMAINTAGC%2CSDESTRET%2CCNTLRDES%2CSIGNALNC&returnGeometry=true&outSR=4326&f=json
3535,87072000,Miami-Dade,6,MIAMI-DADE,SR 94/ SW 88 ST,N/A,02,25.686989,-80.365857,FDOT Traffic Signal Locations TDA,https://services1.arcgis.com/O1JpcwDW8sjYuddV/arcgis/rest/services/Traffic_Signal_Locations_TDA/FeatureServer/0,https://services1.arcgis.com/O1JpcwDW8sjYuddV/arcgis/rest/services/Traffic_Signal_Locations_TDA/FeatureServer/0/query?where=COUNTY%3D%27Miami-Dade%27&outFields=SIGNALID%2CCOUNTY%2CRDWYID%2CDISTRICT%2CMAINTAGC%2CSDESTRET%2CCNTLRDES%2CSIGNALNC&returnGeometry=true&outSR=4326&f=json
3779,87052000,Miami-Dade,6,MIAMI-DADE,NE 2 AV,N/A,N/A,25.884478,-80.194224,FDOT Traffic Signal Locations TDA,https://services1.arcgis.com/O1JpcwDW8sjYuddV/arcgis/rest/services/Traffic_Signal_Locations_TDA/FeatureServer/0,https://services1.arcgis.com/O1JpcwDW8sjYuddV/arcgis/rest/services/Traffic_Signal_Locations_TDA/FeatureServer/0/query?where=COUNTY%3D%27Miami-Dade%27&outFields=SIGNALID%2CCOUNTY%2CRDWYID%2CDISTRICT%2CMAINTAGC%2CSDESTRET%2CCNTLRDES%2CSIGNALNC&returnGeometry=true&outSR=4326&f=json
4369,87008000,Miami-Dade,6,MIAMI-DADE,SESAME ST,N/A,N/A,25.896893,-80.253461,FDOT Traffic Signal Locations TDA,https://services1.arcgis.com/O1JpcwDW8sjYuddV/arcgis/rest/services/Traffic_Signal_Locations_TDA/FeatureServer/0,https://services1.arcgis.com/O1JpcwDW8sjYuddV/arcgis/rest/services/Traffic_Signal_Locations_TDA/FeatureServer/0/query?where=COUNTY%3D%27Miami-Dade%27&outFields=SIGNALID%2CCOUNTY%2CRDWYID%2CDISTRICT%2CMAINTAGC%2CSDESTRET%2CCNTLRDES%2CSIGNALNC&returnGeometry=true&outSR=4326&f=json
5051,87072000,Miami-Dade,6,MIAMI-DADE,SW 9100 BLK,N/A,N/A,25.683847,-80.367355,FDOT Traffic Signal Locations TDA,https://services1.arcgis.com/O1JpcwDW8sjYuddV/arcgis/rest/services/Traffic_Signal_Locations_TDA/FeatureServer/0,https://services1.arcgis.com/O1JpcwDW8sjYuddV/arcgis/rest/services/Traffic_Signal_Locations_TDA/FeatureServer/0/query?where=COUNTY%3D%27Miami-Dade%27&outFields=SIGNALID%2CCOUNTY%2CRDWYID%2CDISTRICT%2CMAINTAGC%2CSDESTRET%2CCNTLRDES%2CSIGNALNC&returnGeometry=true&outSR=4326&f=json
2217,87053001,Miami-Dade,6,MIAMI-DADE,SW 2 AV,N/A,N/A,25.773212,-80.197583,FDOT Traffic Signal Locations TDA,https://services1.arcgis.com/O1JpcwDW8sjYuddV/arcgis/rest/services/Traffic_Signal_Locations_TDA/FeatureServer/0,https://services1.arcgis.com/O1JpcwDW8sjYuddV/arcgis/rest/services/Traffic_Signal_Locations_TDA/FeatureServer/0/query?where=COUNTY%3D%27Miami-Dade%27&outFields=SIGNALID%2CCOUNTY%2CRDWYID%2CDISTRICT%2CMAINTAGC%2CSDESTRET%2CCNTLRDES%2CSIGNALNC&returnGeometry=true&outSR=4326&f=json
3815,87030000,Miami-Dade,6,MIAMI-DADE,NE 11200 BLK,N/A,N/A,25.87953,-80.167332,FDOT Traffic Signal Locations TDA,https://services1.arcgis.com/O1JpcwDW8sjYuddV/arcgis/rest/services/Traffic_Signal_Locations_TDA/FeatureServer/0,https://services1.arcgis.com/O1JpcwDW8sjYuddV/arcgis/rest/services/Traffic_Signal_Locations_TDA/FeatureServer/0/query?where=COUNTY%3D%27Miami-Dade%27&outFields=SIGNALID%2CCOUNTY%2CRDWYID%2CDISTRICT%2CMAINTAGC%2CSDESTRET%2CCNTLRDES%2CSIGNALNC&returnGeometry=true&outSR=4326&f=json
6335,87060000,Miami-Dade,6,MIAMI-DADE,4441 ENT,N/A,N/A,25.816726,-80.123372,FDOT Traffic Signal Locations TDA,https://services1.arcgis.com/O1JpcwDW8sjYuddV/arcgis/rest/services/Traffic_Signal_Locations_TDA/FeatureServer/0,https://services1.arcgis.com/O1JpcwDW8sjYuddV/arcgis/rest/services/Traffic_Signal_Locations_TDA/FeatureServer/0/query?where=COUNTY%3D%27Miami-Dade%27&outFields=SIGNALID%2CCOUNTY%2CRDWYID%2CDISTRICT%2CMAINTAGC%2CSDESTRET%2CCNTLRDES%2CSIGNALNC&returnGeometry=true&outSR=4326&f=json
5125,87072000,Miami-Dade,6,MIAMI-DADE,N/A,N/A,N/A,25.765206,-80.368668,FDOT Traffic Signal Locations TDA,https://services1.arcgis.com/O1JpcwDW8sjYuddV/arcgis/rest/services/Traffic_Signal_Locations_TDA/FeatureServer/0,https://services1.arcgis.com/O1JpcwDW8sjYuddV/arcgis/rest/services/Traffic_Signal_Locations_TDA/FeatureServer/0/query?where=COUNTY%3D%27Miami-Dade%27&outFields=SIGNALID%2CCOUNTY%2CRDWYID%2CDISTRICT%2CMAINTAGC%2CSDESTRET%2CCNTLRDES%2CSIGNALNC&returnGeometry=true&outSR=4326&f=json
4324,87091000,Miami-Dade,6,MIAMI-DADE,OFF RAMP 87471602,N/A,N/A,25.595182,-80.372955,FDOT Traffic Signal Locations TDA,https://services1.arcgis.com/O1JpcwDW8sjYuddV/arcgis/rest/services/Traffic_Signal_Locations_TDA/FeatureServer/0,https://services1.arcgis.com/O1JpcwDW8sjYuddV/arcgis/rest/services/Traffic_Signal_Locations_TDA/FeatureServer/0/query?where=COUNTY%3D%27Miami-Dade%27&outFields=SIGNALID%2CCOUNTY%2CRDWYID%2CDISTRICT%2CMAINTAGC%2CSDESTRET%2CCNTLRDES%2CSIGNALNC&returnGeometry=true&outSR=4326&f=json
2248,87120000,Miami-Dade,6,MIAMI-DADE,SR 933/ SW 12 AVE,N/A,N/A,25.765867,-80.214375,FDOT Traffic Signal Locations TDA,https://services1.arcgis.com/O1JpcwDW8sjYuddV/arcgis/rest/services/Traffic_Signal_Locations_TDA/FeatureServer/0,https://services1.arcgis.com/O1JpcwDW8sjYuddV/arcgis/rest/services/Traffic_Signal_Locations_TDA/FeatureServer/0/query?where=COUNTY%3D%27Miami-Dade%27&outFields=SIGNALID%2CCOUNTY%2CRDWYID%2CDISTRICT%2CMAINTAGC%2CSDESTRET%2CCNTLRDES%2CSIGNALNC&returnGeometry=true&outSR=4326&f=json
6942,87120001,Miami-Dade,6,MIAMI-DADE,BRICKELL CITY CENTRE,N/A,N/A,25.767419,-80.192289,FDOT Traffic Signal Locations TDA,https://services1.arcgis.com/O1JpcwDW8sjYuddV/arcgis/rest/services/Traffic_Signal_Locations_TDA/FeatureServer/0,https://services1.arcgis.com/O1JpcwDW8sjYuddV/arcgis/rest/services/Traffic_Signal_Locations_TDA/FeatureServer/0/query?where=COUNTY%3D%27Miami-Dade%27&outFields=SIGNALID%2CCOUNTY%2CRDWYID%2CDISTRICT%2CMAINTAGC%2CSDESTRET%2CCNTLRDES%2CSIGNALNC&returnGeometry=true&outSR=4326&f=json
5642,87012000,Miami-Dade,6,MIAMI-DADE,N/A,N/A,N/A,25.951442,-80.278096,FDOT Traffic Signal Locations TDA,https://services1.arcgis.com/O1JpcwDW8sjYuddV/arcgis/rest/services/Traffic_Signal_Locations_TDA/FeatureServer/0,https://services1.arcgis.com/O1JpcwDW8sjYuddV/arcgis/rest/services/Traffic_Signal_Locations_TDA/FeatureServer/0/query?where=COUNTY%3D%27Miami-Dade%27&outFields=SIGNALID%2CCOUNTY%2CRDWYID%2CDISTRICT%2CMAINTAGC%2CSDESTRET%2CCNTLRDES%2CSIGNALNC&returnGeometry=true&outSR=4326&f=json
3634,87080900,Miami-Dade,6,MIAMI-DADE,NW 6 CT,N/A,N/A,25.847072,-80.208536,FDOT Traffic Signal Locations TDA,https://services1.arcgis.com/O1JpcwDW8sjYuddV/arcgis/rest/services/Traffic_Signal_Locations_TDA/FeatureServer/0,https://services1.arcgis.com/O1JpcwDW8sjYuddV/arcgis/rest/services/Traffic_Signal_Locations_TDA/FeatureServer/0/query?where=COUNTY%3D%27Miami-Dade%27&outFields=SIGNALID%2CCOUNTY%2CRDWYID%2CDISTRICT%2CMAINTAGC%2CSDESTRET%2CCNTLRDES%2CSIGNALNC&returnGeometry=true&outSR=4326&f=json
2143,87281000,Miami-Dade,6,MIAMI-DADE,NW 14 ST,N/A,N/A,25.786035,-80.264057,FDOT Traffic Signal Locations TDA,https://services1.arcgis.com/O1JpcwDW8sjYuddV/arcgis/rest/services/Traffic_Signal_Locations_TDA/FeatureServer/0,https://services1.arcgis.com/O1JpcwDW8sjYuddV/arcgis/rest/services/Traffic_Signal_Locations_TDA/FeatureServer/0/query?where=COUNTY%3D%27Miami-Dade%27&outFields=SIGNALID%2CCOUNTY%2CRDWYID%2CDISTRICT%2CMAINTAGC%2CSDESTRET%2CCNTLRDES%2CSIGNALNC&returnGeometry=true&outSR=4326&f=json
2528,87034000,Miami-Dade,6,MIAMI-DADE,NE 113 ST,N/A,N/A,25.879175,-80.185599,FDOT Traffic Signal Locations TDA,https://services1.arcgis.com/O1JpcwDW8sjYuddV/arcgis/rest/services/Traffic_Signal_Locations_TDA/FeatureServer/0,https://services1.arcgis.com/O1JpcwDW8sjYuddV/arcgis/rest/services/Traffic_Signal_Locations_TDA/FeatureServer/0/query?where=COUNTY%3D%27Miami-Dade%27&outFields=SIGNALID%2CCOUNTY%2CRDWYID%2CDISTRICT%2CMAINTAGC%2CSDESTRET%2CCNTLRDES%2CSIGNALNC&returnGeometry=true&outSR=4326&f=json
7349,87080000,Miami-Dade,6,MIAMI DADE COUNTY,N/A,N/A,N/A,25.848083,-80.174855,FDOT Traffic Signal Locations TDA,https://services1.arcgis.com/O1JpcwDW8sjYuddV/arcgis/rest/services/Traffic_Signal_Locations_TDA/FeatureServer/0,https://services1.arcgis.com/O1JpcwDW8sjYuddV/arcgis/rest/services/Traffic_Signal_Locations_TDA/FeatureServer/0/query?where=COUNTY%3D%27Miami-Dade%27&outFields=SIGNALID%2CCOUNTY%2CRDWYID%2CDISTRICT%2CMAINTAGC%2CSDESTRET%2CCNTLRDES%2CSIGNALNC&returnGeometry=true&outSR=4326&f=json
3343,87044000,Miami-Dade,6,MIAMI-DADE,SW 112 AV,N/A,N/A,25.732133,-80.375771,FDOT Traffic Signal Locations TDA,https://services1.arcgis.com/O1JpcwDW8sjYuddV/arcgis/rest/services/Traffic_Signal_Locations_TDA/FeatureServer/0,https://services1.arcgis.com/O1JpcwDW8sjYuddV/arcgis/rest/services/Traffic_Signal_Locations_TDA/FeatureServer/0/query?where=COUNTY%3D%27Miami-Dade%27&outFields=SIGNALID%2CCOUNTY%2CRDWYID%2CDISTRICT%2CMAINTAGC%2CSDESTRET%2CCNTLRDES%2CSIGNALNC&returnGeometry=true&outSR=4326&f=json
2485,87250000,Miami-Dade,6,MIAMI-DADE,NW 22 AVE,N/A,N/A,25.824175,-80.232697,FDOT Traffic Signal Locations TDA,https://services1.arcgis.com/O1JpcwDW8sjYuddV/arcgis/rest/services/Traffic_Signal_Locations_TDA/FeatureServer/0,https://services1.arcgis.com/O1JpcwDW8sjYuddV/arcgis/rest/services/Traffic_Signal_Locations_TDA/FeatureServer/0/query?where=COUNTY%3D%27Miami-Dade%27&outFields=SIGNALID%2CCOUNTY%2CRDWYID%2CDISTRICT%2CMAINTAGC%2CSDESTRET%2CCNTLRDES%2CSIGNALNC&returnGeometry=true&outSR=4326&f=json
2098,87090000,Miami-Dade,6,MIAMI-DADE,NE 2 AVE,N/A,N/A,25.810616,-80.19041,FDOT Traffic Signal Locations TDA,https://services1.arcgis.com/O1JpcwDW8sjYuddV/arcgis/rest/services/Traffic_Signal_Locations_TDA/FeatureServer/0,https://services1.arcgis.com/O1JpcwDW8sjYuddV/arcgis/rest/services/Traffic_Signal_Locations_TDA/FeatureServer/0/query?where=COUNTY%3D%27Miami-Dade%27&outFields=SIGNALID%2CCOUNTY%2CRDWYID%2CDISTRICT%2CMAINTAGC%2CSDESTRET%2CCNTLRDES%2CSIGNALNC&returnGeometry=true&outSR=4326&f=json
4987,87002000,Miami-Dade,6,MIAMI-DADE,NW 165 TER,N/A,N/A,25.923462,-80.293093,FDOT Traffic Signal Locations TDA,https://services1.arcgis.com/O1JpcwDW8sjYuddV/arcgis/rest/services/Traffic_Signal_Locations_TDA/FeatureServer/0,https://services1.arcgis.com/O1JpcwDW8sjYuddV/arcgis/rest/services/Traffic_Signal_Locations_TDA/FeatureServer/0/query?where=COUNTY%3D%27Miami-Dade%27&outFields=SIGNALID%2CCOUNTY%2CRDWYID%2CDISTRICT%2CMAINTAGC%2CSDESTRET%2CCNTLRDES%2CSIGNALNC&returnGeometry=true&outSR=4326&f=json
5063,87016000,Miami-Dade,6,MIAMI-DADE,N/A,N/A,N/A,25.813846,-80.13031,FDOT Traffic Signal Locations TDA,https://services1.arcgis.com/O1JpcwDW8sjYuddV/arcgis/rest/services/Traffic_Signal_Locations_TDA/FeatureServer/0,https://services1.arcgis.com/O1JpcwDW8sjYuddV/arcgis/rest/services/Traffic_Signal_Locations_TDA/FeatureServer/0/query?where=COUNTY%3D%27Miami-Dade%27&outFields=SIGNALID%2CCOUNTY%2CRDWYID%2CDISTRICT%2CMAINTAGC%2CSDESTRET%2CCNTLRDES%2CSIGNALNC&returnGeometry=true&outSR=4326&f=json
2359,87085000,Miami-Dade,6,MIAMI-DADE,NW 11 ST,N/A,N/A,25.783999,-80.214537,FDOT Traffic Signal Locations TDA,https://services1.arcgis.com/O1JpcwDW8sjYuddV/arcgis/rest/services/Traffic_Signal_Locations_TDA/FeatureServer/0,https://services1.arcgis.com/O1JpcwDW8sjYuddV/arcgis/rest/services/Traffic_Signal_Locations_TDA/FeatureServer/0/query?where=COUNTY%3D%27Miami-Dade%27&outFields=SIGNALID%2CCOUNTY%2CRDWYID%2CDISTRICT%2CMAINTAGC%2CSDESTRET%2CCNTLRDES%2CSIGNALNC&returnGeometry=true&outSR=4326&f=json
2880,87038000,Miami-Dade,6,MIAMI-DADE,E 10 AV,N/A,N/A,25.867335,-80.263087,FDOT Traffic Signal Locations TDA,https://services1.arcgis.com/O1JpcwDW8sjYuddV/arcgis/rest/services/Traffic_Signal_Locations_TDA/FeatureServer/0,https://services1.arcgis.com/O1JpcwDW8sjYuddV/arcgis/rest/services/Traffic_Signal_Locations_TDA/FeatureServer/0/query?where=COUNTY%3D%27Miami-Dade%27&outFields=SIGNALID%2CCOUNTY%2CRDWYID%2CDISTRICT%2CMAINTAGC%2CSDESTRET%2CCNTLRDES%2CSIGNALNC&returnGeometry=true&outSR=4326&f=json
5267,87030000,Miami-Dade,6,MIAMI-DADE,NE 208 ST/NE 207 ST,N/A,N/A,25.967867,-80.145011,FDOT Traffic Signal Locations TDA,https://services1.arcgis.com/O1JpcwDW8sjYuddV/arcgis/rest/services/Traffic_Signal_Locations_TDA/FeatureServer/0,https://services1.arcgis.com/O1JpcwDW8sjYuddV/arcgis/rest/services/Traffic_Signal_Locations_TDA/FeatureServer/0/query?where=COUNTY%3D%27Miami-Dade%27&outFields=SIGNALID%2CCOUNTY%2CRDWYID%2CDISTRICT%2CMAINTAGC%2CSDESTRET%2CCNTLRDES%2CSIGNALNC&returnGeometry=true&outSR=4326&f=json
3831,87001000,Miami-Dade,6,MIAMI-DADE,SW 99 CT,N/A,N/A,25.687283,-80.35441,FDOT Traffic Signal Locations TDA,https://services1.arcgis.com/O1JpcwDW8sjYuddV/arcgis/rest/services/Traffic_Signal_Locations_TDA/FeatureServer/0,https://services1.arcgis.com/O1JpcwDW8sjYuddV/arcgis/rest/services/Traffic_Signal_Locations_TDA/FeatureServer/0/query?where=COUNTY%3D%27Miami-Dade%27&outFields=SIGNALID%2CCOUNTY%2CRDWYID%2CDISTRICT%2CMAINTAGC%2CSDESTRET%2CCNTLRDES%2CSIGNALNC&returnGeometry=true&outSR=4326&f=json
3197,87060001,Miami-Dade,6,MIAMI-DADE,73 ST,N/A,N/A,25.858402,-80.122133,FDOT Traffic Signal Locations TDA,https://services1.arcgis.com/O1JpcwDW8sjYuddV/arcgis/rest/services/Traffic_Signal_Locations_TDA/FeatureServer/0,https://services1.arcgis.com/O1JpcwDW8sjYuddV/arcgis/rest/services/Traffic_Signal_Locations_TDA/FeatureServer/0/query?where=COUNTY%3D%27Miami-Dade%27&outFields=SIGNALID%2CCOUNTY%2CRDWYID%2CDISTRICT%2CMAINTAGC%2CSDESTRET%2CCNTLRDES%2CSIGNALNC&returnGeometry=true&outSR=4326&f=json
3349,87047000,Miami-Dade,6,MIAMI-DADE,SR 990/SW 112 ST,N/A,02,25.666037,-80.334883,FDOT Traffic Signal Locations TDA,https://services1.arcgis.com/O1JpcwDW8sjYuddV/arcgis/rest/services/Traffic_Signal_Locations_TDA/FeatureServer/0,https://services1.arcgis.com/O1JpcwDW8sjYuddV/arcgis/rest/services/Traffic_Signal_Locations_TDA/FeatureServer/0/query?where=COUNTY%3D%27Miami-Dade%27&outFields=SIGNALID%2CCOUNTY%2CRDWYID%2CDISTRICT%2CMAINTAGC%2CSDESTRET%2CCNTLRDES%2CSIGNALNC&returnGeometry=true&outSR=4326&f=json
6640,87160000,Miami-Dade,6,MIAMI-DADE,BUSWAY,N/A,N/A,25.447769,-80.47946,FDOT Traffic Signal Locations TDA,https://services1.arcgis.com/O1JpcwDW8sjYuddV/arcgis/rest/services/Traffic_Signal_Locations_TDA/FeatureServer/0,https://services1.arcgis.com/O1JpcwDW8sjYuddV/arcgis/rest/services/Traffic_Signal_Locations_TDA/FeatureServer/0/query?where=COUNTY%3D%27Miami-Dade%27&outFields=SIGNALID%2CCOUNTY%2CRDWYID%2CDISTRICT%2CMAINTAGC%2CSDESTRET%2CCNTLRDES%2CSIGNALNC&returnGeometry=true&outSR=4326&f=json
2333,87240000,Miami-Dade,6,MIAMI-DADE,NW 7 ST,N/A,N/A,25.779398,-80.239277,FDOT Traffic Signal Locations TDA,https://services1.arcgis.com/O1JpcwDW8sjYuddV/arcgis/rest/services/Traffic_Signal_Locations_TDA/FeatureServer/0,https://services1.arcgis.com/O1JpcwDW8sjYuddV/arcgis/rest/services/Traffic_Signal_Locations_TDA/FeatureServer/0/query?where=COUNTY%3D%27Miami-Dade%27&outFields=SIGNALID%2CCOUNTY%2CRDWYID%2CDISTRICT%2CMAINTAGC%2CSDESTRET%2CCNTLRDES%2CSIGNALNC&returnGeometry=true&outSR=4326&f=json
4269,87047000,Miami-Dade,6,MIAMI-DADE,NW 800 BLK,N/A,N/A,25.778041,-80.336604,FDOT Traffic Signal Locations TDA,https://services1.arcgis.com/O1JpcwDW8sjYuddV/arcgis/rest/services/Traffic_Signal_Locations_TDA/FeatureServer/0,https://services1.arcgis.com/O1JpcwDW8sjYuddV/arcgis/rest/services/Traffic_Signal_Locations_TDA/FeatureServer/0/query?where=COUNTY%3D%27Miami-Dade%27&outFields=SIGNALID%2CCOUNTY%2CRDWYID%2CDISTRICT%2CMAINTAGC%2CSDESTRET%2CCNTLRDES%2CSIGNALNC&returnGeometry=true&outSR=4326&f=json
7673,87250000,Miami-Dade,6,MIAMI-DADE,N/A,N/A,N/A,25.825207,-80.198702,FDOT Traffic Signal Locations TDA,https://services1.arcgis.com/O1JpcwDW8sjYuddV/arcgis/rest/services/Traffic_Signal_Locations_TDA/FeatureServer/0,https://services1.arcgis.com/O1JpcwDW8sjYuddV/arcgis/rest/services/Traffic_Signal_Locations_TDA/FeatureServer/0/query?where=COUNTY%3D%27Miami-Dade%27&outFields=SIGNALID%2CCOUNTY%2CRDWYID%2CDISTRICT%2CMAINTAGC%2CSDESTRET%2CCNTLRDES%2CSIGNALNC&returnGeometry=true&outSR=4326&f=json
3669,87030000,Miami-Dade,6,MIAMI-DADE,S ALHAMBRA CIRCLE,N/A,N/A,25.71193,-80.279987,FDOT Traffic Signal Locations TDA,https://services1.arcgis.com/O1JpcwDW8sjYuddV/arcgis/rest/services/Traffic_Signal_Locations_TDA/FeatureServer/0,https://services1.arcgis.com/O1JpcwDW8sjYuddV/arcgis/rest/services/Traffic_Signal_Locations_TDA/FeatureServer/0/query?where=COUNTY%3D%27Miami-Dade%27&outFields=SIGNALID%2CCOUNTY%2CRDWYID%2CDISTRICT%2CMAINTAGC%2CSDESTRET%2CCNTLRDES%2CSIGNALNC&returnGeometry=true&outSR=4326&f=json
2869,87281000,Miami-Dade,6,MIAMI-DADE,SR934/E25 ST/NW 79ST,N/A,02,25.845069,-80.266192,FDOT Traffic Signal Locations TDA,https://services1.arcgis.com/O1JpcwDW8sjYuddV/arcgis/rest/services/Traffic_Signal_Locations_TDA/FeatureServer/0,https://services1.arcgis.com/O1JpcwDW8sjYuddV/arcgis/rest/services/Traffic_Signal_Locations_TDA/FeatureServer/0/query?where=COUNTY%3D%27Miami-Dade%27&outFields=SIGNALID%2CCOUNTY%2CRDWYID%2CDISTRICT%2CMAINTAGC%2CSDESTRET%2CCNTLRDES%2CSIGNALNC&returnGeometry=true&outSR=4326&f=json
4111,87002000,Miami-Dade,6,MIAMI-DADE,NW 158 ST,N/A,N/A,25.917099,-80.292825,FDOT Traffic Signal Locations TDA,https://services1.arcgis.com/O1JpcwDW8sjYuddV/arcgis/rest/services/Traffic_Signal_Locations_TDA/FeatureServer/0,https://services1.arcgis.com/O1JpcwDW8sjYuddV/arcgis/rest/services/Traffic_Signal_Locations_TDA/FeatureServer/0/query?where=COUNTY%3D%27Miami-Dade%27&outFields=SIGNALID%2CCOUNTY%2CRDWYID%2CDISTRICT%2CMAINTAGC%2CSDESTRET%2CCNTLRDES%2CSIGNALNC&returnGeometry=true&outSR=4326&f=json
3573,87260536,Miami-Dade,6,MIAMI-DADE,NW 17 AVE,N/A,02,25.927234,-80.228481,FDOT Traffic Signal Locations TDA,https://services1.arcgis.com/O1JpcwDW8sjYuddV/arcgis/rest/services/Traffic_Signal_Locations_TDA/FeatureServer/0,https://services1.arcgis.com/O1JpcwDW8sjYuddV/arcgis/rest/services/Traffic_Signal_Locations_TDA/FeatureServer/0/query?where=COUNTY%3D%27Miami-Dade%27&outFields=SIGNALID%2CCOUNTY%2CRDWYID%2CDISTRICT%2CMAINTAGC%2CSDESTRET%2CCNTLRDES%2CSIGNALNC&returnGeometry=true&outSR=4326&f=json
2715,87060001,Miami-Dade,6,MIAMI-DADE,85 ST,N/A,N/A,25.869964,-80.122447,FDOT Traffic Signal Locations TDA,https://services1.arcgis.com/O1JpcwDW8sjYuddV/arcgis/rest/services/Traffic_Signal_Locations_TDA/FeatureServer/0,https://services1.arcgis.com/O1JpcwDW8sjYuddV/arcgis/rest/services/Traffic_Signal_Locations_TDA/FeatureServer/0/query?where=COUNTY%3D%27Miami-Dade%27&outFields=SIGNALID%2CCOUNTY%2CRDWYID%2CDISTRICT%2CMAINTAGC%2CSDESTRET%2CCNTLRDES%2CSIGNALNC&returnGeometry=true&outSR=4326&f=json
4231,87060000,Miami-Dade,6,MIAMI-DADE,90 ST,N/A,N/A,25.876068,-80.121579,FDOT Traffic Signal Locations TDA,https://services1.arcgis.com/O1JpcwDW8sjYuddV/arcgis/rest/services/Traffic_Signal_Locations_TDA/FeatureServer/0,https://services1.arcgis.com/O1JpcwDW8sjYuddV/arcgis/rest/services/Traffic_Signal_Locations_TDA/FeatureServer/0/query?where=COUNTY%3D%27Miami-Dade%27&outFields=SIGNALID%2CCOUNTY%2CRDWYID%2CDISTRICT%2CMAINTAGC%2CSDESTRET%2CCNTLRDES%2CSIGNALNC&returnGeometry=true&outSR=4326&f=json
2970,87047000,Miami-Dade,6,MIAMI-DADE,SW 56 ST,N/A,N/A,25.716454,-80.334853,FDOT Traffic Signal Locations TDA,https://services1.arcgis.com/O1JpcwDW8sjYuddV/arcgis/rest/services/Traffic_Signal_Locations_TDA/FeatureServer/0,https://services1.arcgis.com/O1JpcwDW8sjYuddV/arcgis/rest/services/Traffic_Signal_Locations_TDA/FeatureServer/0/query?where=COUNTY%3D%27Miami-Dade%27&outFields=SIGNALID%2CCOUNTY%2CRDWYID%2CDISTRICT%2CMAINTAGC%2CSDESTRET%2CCNTLRDES%2CSIGNALNC&returnGeometry=true&outSR=4326&f=json
6583,87120000,Miami-Dade,6,MIAMI-DADE,SW 152 AVE,N/A,N/A,25.760852,-80.44094,FDOT Traffic Signal Locations TDA,https://services1.arcgis.com/O1JpcwDW8sjYuddV/arcgis/rest/services/Traffic_Signal_Locations_TDA/FeatureServer/0,https://services1.arcgis.com/O1JpcwDW8sjYuddV/arcgis/rest/services/Traffic_Signal_Locations_TDA/FeatureServer/0/query?where=COUNTY%3D%27Miami-Dade%27&outFields=SIGNALID%2CCOUNTY%2CRDWYID%2CDISTRICT%2CMAINTAGC%2CSDESTRET%2CCNTLRDES%2CSIGNALNC&returnGeometry=true&outSR=4326&f=json
3011,87066000,Miami-Dade,6,MIAMI-DADE,W BAY HARBOR DR,N/A,N/A,25.886652,-80.133194,FDOT Traffic Signal Locations TDA,https://services1.arcgis.com/O1JpcwDW8sjYuddV/arcgis/rest/services/Traffic_Signal_Locations_TDA/FeatureServer/0,https://services1.arcgis.com/O1JpcwDW8sjYuddV/arcgis/rest/services/Traffic_Signal_Locations_TDA/FeatureServer/0/query?where=COUNTY%3D%27Miami-Dade%27&outFields=SIGNALID%2CCOUNTY%2CRDWYID%2CDISTRICT%2CMAINTAGC%2CSDESTRET%2CCNTLRDES%2CSIGNALNC&returnGeometry=true&outSR=4326&f=json
2119,87080900,Miami-Dade,6,MIAMI-DADE,US1/SR 5/BISCAYNE BL,N/A,02,25.847857,-80.184624,FDOT Traffic Signal Locations TDA,https://services1.arcgis.com/O1JpcwDW8sjYuddV/arcgis/rest/services/Traffic_Signal_Locations_TDA/FeatureServer/0,https://services1.arcgis.com/O1JpcwDW8sjYuddV/arcgis/rest/services/Traffic_Signal_Locations_TDA/FeatureServer/0/query?where=COUNTY%3D%27Miami-Dade%27&outFields=SIGNALID%2CCOUNTY%2CRDWYID%2CDISTRICT%2CMAINTAGC%2CSDESTRET%2CCNTLRDES%2CSIGNALNC&returnGeometry=true&outSR=4326&f=json
4681,87030000,Miami-Dade,6,MIAMI-DADE,DATRAN DR,N/A,N/A,25.683588,-80.313908,FDOT Traffic Signal Locations TDA,https://services1.arcgis.com/O1JpcwDW8sjYuddV/arcgis/rest/services/Traffic_Signal_Locations_TDA/FeatureServer/0,https://services1.arcgis.com/O1JpcwDW8sjYuddV/arcgis/rest/services/Traffic_Signal_Locations_TDA/FeatureServer/0/query?where=COUNTY%3D%27Miami-Dade%27&outFields=SIGNALID%2CCOUNTY%2CRDWYID%2CDISTRICT%2CMAINTAGC%2CSDESTRET%2CCNTLRDES%2CSIGNALNC&returnGeometry=true&outSR=4326&f=json
5210,87002000,Miami-Dade,6,MIAMI-DADE,NW 173 DR,N/A,N/A,25.930696,-80.293383,FDOT Traffic Signal Locations TDA,https://services1.arcgis.com/O1JpcwDW8sjYuddV/arcgis/rest/services/Traffic_Signal_Locations_TDA/FeatureServer/0,https://services1.arcgis.com/O1JpcwDW8sjYuddV/arcgis/rest/services/Traffic_Signal_Locations_TDA/FeatureServer/0/query?where=COUNTY%3D%27Miami-Dade%27&outFields=SIGNALID%2CCOUNTY%2CRDWYID%2CDISTRICT%2CMAINTAGC%2CSDESTRET%2CCNTLRDES%2CSIGNALNC&returnGeometry=true&outSR=4326&f=json
4665,87260521,Miami-Dade,6,MIAMI-DADE,NW 122 S/W 68 ST,N/A,N/A,25.884096,-80.32672,FDOT Traffic Signal Locations TDA,https://services1.arcgis.com/O1JpcwDW8sjYuddV/arcgis/rest/services/Traffic_Signal_Locations_TDA/FeatureServer/0,https://services1.arcgis.com/O1JpcwDW8sjYuddV/arcgis/rest/services/Traffic_Signal_Locations_TDA/FeatureServer/0/query?where=COUNTY%3D%27Miami-Dade%27&outFields=SIGNALID%2CCOUNTY%2CRDWYID%2CDISTRICT%2CMAINTAGC%2CSDESTRET%2CCNTLRDES%2CSIGNALNC&returnGeometry=true&outSR=4326&f=json
3258,87140000,Miami-Dade,6,MIAMI-DADE,NW 23 ST,N/A,N/A,25.79896,-80.20715,FDOT Traffic Signal Locations TDA,https://services1.arcgis.com/O1JpcwDW8sjYuddV/arcgis/rest/services/Traffic_Signal_Locations_TDA/FeatureServer/0,https://services1.arcgis.com/O1JpcwDW8sjYuddV/arcgis/rest/services/Traffic_Signal_Locations_TDA/FeatureServer/0/query?where=COUNTY%3D%27Miami-Dade%27&outFields=SIGNALID%2CCOUNTY%2CRDWYID%2CDISTRICT%2CMAINTAGC%2CSDESTRET%2CCNTLRDES%2CSIGNALNC&returnGeometry=true&outSR=4326&f=json
4889,87002000,Miami-Dade,6,MIAMI-DADE,NW 202 ST,N/A,N/A,25.95709,-80.294479,FDOT Traffic Signal Locations TDA,https://services1.arcgis.com/O1JpcwDW8sjYuddV/arcgis/rest/services/Traffic_Signal_Locations_TDA/FeatureServer/0,https://services1.arcgis.com/O1JpcwDW8sjYuddV/arcgis/rest/services/Traffic_Signal_Locations_TDA/FeatureServer/0/query?where=COUNTY%3D%27Miami-Dade%27&outFields=SIGNALID%2CCOUNTY%2CRDWYID%2CDISTRICT%2CMAINTAGC%2CSDESTRET%2CCNTLRDES%2CSIGNALNC&returnGeometry=true&outSR=4326&f=json
3429,87040101,Miami-Dade,6,MIAMI-DADE,NW 8 ST,N/A,N/A,25.78158,-80.19969,FDOT Traffic Signal Locations TDA,https://services1.arcgis.com/O1JpcwDW8sjYuddV/arcgis/rest/services/Traffic_Signal_Locations_TDA/FeatureServer/0,https://services1.arcgis.com/O1JpcwDW8sjYuddV/arcgis/rest/services/Traffic_Signal_Locations_TDA/FeatureServer/0/query?where=COUNTY%3D%27Miami-Dade%27&outFields=SIGNALID%2CCOUNTY%2CRDWYID%2CDISTRICT%2CMAINTAGC%2CSDESTRET%2CCNTLRDES%2CSIGNALNC&returnGeometry=true&outSR=4326&f=json
2542,87066000,Miami-Dade,6,MIAMI-DADE,NE 10 AV,N/A,N/A,25.890602,-80.178306,FDOT Traffic Signal Locations TDA,https://services1.arcgis.com/O1JpcwDW8sjYuddV/arcgis/rest/services/Traffic_Signal_Locations_TDA/FeatureServer/0,https://services1.arcgis.com/O1JpcwDW8sjYuddV/arcgis/rest/services/Traffic_Signal_Locations_TDA/FeatureServer/0/query?where=COUNTY%3D%27Miami-Dade%27&outFields=SIGNALID%2CCOUNTY%2CRDWYID%2CDISTRICT%2CMAINTAGC%2CSDESTRET%2CCNTLRDES%2CSIGNALNC&returnGeometry=true&outSR=4326&f=json
2958,87062000,Miami-Dade,6,MIAMI-DADE,SW 24 ST/CORAL WAY,N/A,N/A,25.748303,-80.287277,FDOT Traffic Signal Locations TDA,https://services1.arcgis.com/O1JpcwDW8sjYuddV/arcgis/rest/services/Traffic_Signal_Locations_TDA/FeatureServer/0,https://services1.arcgis.com/O1JpcwDW8sjYuddV/arcgis/rest/services/Traffic_Signal_Locations_TDA/FeatureServer/0/query?where=COUNTY%3D%27Miami-Dade%27&outFields=SIGNALID%2CCOUNTY%2CRDWYID%2CDISTRICT%2CMAINTAGC%2CSDESTRET%2CCNTLRDES%2CSIGNALNC&returnGeometry=true&outSR=4326&f=json
4142,87060000,Miami-Dade,6,MIAMI-DADE,193 STREET,N/A,N/A,25.955449,-80.120262,FDOT Traffic Signal Locations TDA,https://services1.arcgis.com/O1JpcwDW8sjYuddV/arcgis/rest/services/Traffic_Signal_Locations_TDA/FeatureServer/0,https://services1.arcgis.com/O1JpcwDW8sjYuddV/arcgis/rest/services/Traffic_Signal_Locations_TDA/FeatureServer/0/query?where=COUNTY%3D%27Miami-Dade%27&outFields=SIGNALID%2CCOUNTY%2CRDWYID%2CDISTRICT%2CMAINTAGC%2CSDESTRET%2CCNTLRDES%2CSIGNALNC&returnGeometry=true&outSR=4326&f=json
2599,87044000,Miami-Dade,6,MIAMI-DADE,SR 959/SW 57 AV,N/A,02,25.733966,-80.286773,FDOT Traffic Signal Locations TDA,https://services1.arcgis.com/O1JpcwDW8sjYuddV/arcgis/rest/services/Traffic_Signal_Locations_TDA/FeatureServer/0,https://services1.arcgis.com/O1JpcwDW8sjYuddV/arcgis/rest/services/Traffic_Signal_Locations_TDA/FeatureServer/0/query?where=COUNTY%3D%27Miami-Dade%27&outFields=SIGNALID%2CCOUNTY%2CRDWYID%2CDISTRICT%2CMAINTAGC%2CSDESTRET%2CCNTLRDES%2CSIGNALNC&returnGeometry=true&outSR=4326&f=json
5941,87039000,Miami-Dade,6,MIAMI-DADE,SW 93 AVE,N/A,N/A,25.628868,-80.343711,FDOT Traffic Signal Locations TDA,https://services1.arcgis.com/O1JpcwDW8sjYuddV/arcgis/rest/services/Traffic_Signal_Locations_TDA/FeatureServer/0,https://services1.arcgis.com/O1JpcwDW8sjYuddV/arcgis/rest/services/Traffic_Signal_Locations_TDA/FeatureServer/0/query?where=COUNTY%3D%27Miami-Dade%27&outFields=SIGNALID%2CCOUNTY%2CRDWYID%2CDISTRICT%2CMAINTAGC%2CSDESTRET%2CCNTLRDES%2CSIGNALNC&returnGeometry=true&outSR=4326&f=json
5041,87085000,Miami-Dade,6,MIAMI-DADE,NW 40 ST,N/A,N/A,25.812858,-80.215826,FDOT Traffic Signal Locations TDA,https://services1.arcgis.com/O1JpcwDW8sjYuddV/arcgis/rest/services/Traffic_Signal_Locations_TDA/FeatureServer/0,https://services1.arcgis.com/O1JpcwDW8sjYuddV/arcgis/rest/services/Traffic_Signal_Locations_TDA/FeatureServer/0/query?where=COUNTY%3D%27Miami-Dade%27&outFields=SIGNALID%2CCOUNTY%2CRDWYID%2CDISTRICT%2CMAINTAGC%2CSDESTRET%2CCNTLRDES%2CSIGNALNC&returnGeometry=true&outSR=4326&f=json
3822,87072000,Miami-Dade,6,MIAMI-DADE,SW 24 ST,N/A,N/A,25.746649,-80.367708,FDOT Traffic Signal Locations TDA,https://services1.arcgis.com/O1JpcwDW8sjYuddV/arcgis/rest/services/Traffic_Signal_Locations_TDA/FeatureServer/0,https://services1.arcgis.com/O1JpcwDW8sjYuddV/arcgis/rest/services/Traffic_Signal_Locations_TDA/FeatureServer/0/query?where=COUNTY%3D%27Miami-Dade%27&outFields=SIGNALID%2CCOUNTY%2CRDWYID%2CDISTRICT%2CMAINTAGC%2CSDESTRET%2CCNTLRDES%2CSIGNALNC&returnGeometry=true&outSR=4326&f=json
5956,87038000,Miami-Dade,6,MIAMI-DADE,NW 77 CT,N/A,N/A,25.866969,-80.325118,FDOT Traffic Signal Locations TDA,https://services1.arcgis.com/O1JpcwDW8sjYuddV/arcgis/rest/services/Traffic_Signal_Locations_TDA/FeatureServer/0,https://services1.arcgis.com/O1JpcwDW8sjYuddV/arcgis/rest/services/Traffic_Signal_Locations_TDA/FeatureServer/0/query?where=COUNTY%3D%27Miami-Dade%27&outFields=SIGNALID%2CCOUNTY%2CRDWYID%2CDISTRICT%2CMAINTAGC%2CSDESTRET%2CCNTLRDES%2CSIGNALNC&returnGeometry=true&outSR=4326&f=json
2316,87140000,Miami-Dade,6,MIAMI-DADE,NW 7 AVE/S RIVER DR,N/A,N/A,25.777613,-80.207798,FDOT Traffic Signal Locations TDA,https://services1.arcgis.com/O1JpcwDW8sjYuddV/arcgis/rest/services/Traffic_Signal_Locations_TDA/FeatureServer/0,https://services1.arcgis.com/O1JpcwDW8sjYuddV/arcgis/rest/services/Traffic_Signal_Locations_TDA/FeatureServer/0/query?where=COUNTY%3D%27Miami-Dade%27&outFields=SIGNALID%2CCOUNTY%2CRDWYID%2CDISTRICT%2CMAINTAGC%2CSDESTRET%2CCNTLRDES%2CSIGNALNC&returnGeometry=true&outSR=4326&f=json
3407,87120001,Miami-Dade,6,MIAMI-DADE,SR 933/SW 12 AVE,N/A,N/A,25.76674,-80.214586,FDOT Traffic Signal Locations TDA,https://services1.arcgis.com/O1JpcwDW8sjYuddV/arcgis/rest/services/Traffic_Signal_Locations_TDA/FeatureServer/0,https://services1.arcgis.com/O1JpcwDW8sjYuddV/arcgis/rest/services/Traffic_Signal_Locations_TDA/FeatureServer/0/query?where=COUNTY%3D%27Miami-Dade%27&outFields=SIGNALID%2CCOUNTY%2CRDWYID%2CDISTRICT%2CMAINTAGC%2CSDESTRET%2CCNTLRDES%2CSIGNALNC&returnGeometry=true&outSR=4326&f=json
5319,87240000,Miami-Dade,6,MIAMI-DADE,SUPERIOR ST,N/A,N/A,25.899087,-80.243613,FDOT Traffic Signal Locations TDA,https://services1.arcgis.com/O1JpcwDW8sjYuddV/arcgis/rest/services/Traffic_Signal_Locations_TDA/FeatureServer/0,https://services1.arcgis.com/O1JpcwDW8sjYuddV/arcgis/rest/services/Traffic_Signal_Locations_TDA/FeatureServer/0/query?where=COUNTY%3D%27Miami-Dade%27&outFields=SIGNALID%2CCOUNTY%2CRDWYID%2CDISTRICT%2CMAINTAGC%2CSDESTRET%2CCNTLRDES%2CSIGNALNC&returnGeometry=true&outSR=4326&f=json
2647,87037000,Miami-Dade,6,MIAMI-DADE,17 ST,N/A,N/A,25.792017,-80.14127,FDOT Traffic Signal Locations TDA,https://services1.arcgis.com/O1JpcwDW8sjYuddV/arcgis/rest/services/Traffic_Signal_Locations_TDA/FeatureServer/0,https://services1.arcgis.com/O1JpcwDW8sjYuddV/arcgis/rest/services/Traffic_Signal_Locations_TDA/FeatureServer/0/query?where=COUNTY%3D%27Miami-Dade%27&outFields=SIGNALID%2CCOUNTY%2CRDWYID%2CDISTRICT%2CMAINTAGC%2CSDESTRET%2CCNTLRDES%2CSIGNALNC&returnGeometry=true&outSR=4326&f=json
3418,87040102,Miami-Dade,6,MIAMI-DADE,NW 2 ST,N/A,N/A,25.775903,-80.20005,FDOT Traffic Signal Locations TDA,https://services1.arcgis.com/O1JpcwDW8sjYuddV/arcgis/rest/services/Traffic_Signal_Locations_TDA/FeatureServer/0,https://services1.arcgis.com/O1JpcwDW8sjYuddV/arcgis/rest/services/Traffic_Signal_Locations_TDA/FeatureServer/0/query?where=COUNTY%3D%27Miami-Dade%27&outFields=SIGNALID%2CCOUNTY%2CRDWYID%2CDISTRICT%2CMAINTAGC%2CSDESTRET%2CCNTLRDES%2CSIGNALNC&returnGeometry=true&outSR=4326&f=json
2682,87060000,Miami-Dade,6,MIAMI-DADE,4600 BLK,N/A,N/A,25.82061,-80.122647,FDOT Traffic Signal Locations TDA,https://services1.arcgis.com/O1JpcwDW8sjYuddV/arcgis/rest/services/Traffic_Signal_Locations_TDA/FeatureServer/0,https://services1.arcgis.com/O1JpcwDW8sjYuddV/arcgis/rest/services/Traffic_Signal_Locations_TDA/FeatureServer/0/query?where=COUNTY%3D%27Miami-Dade%27&outFields=SIGNALID%2CCOUNTY%2CRDWYID%2CDISTRICT%2CMAINTAGC%2CSDESTRET%2CCNTLRDES%2CSIGNALNC&returnGeometry=true&outSR=4326&f=json
5327,87250000,Miami-Dade,6,MIAMI-DADE,NW 6 CT,N/A,N/A,25.824988,-80.207026,FDOT Traffic Signal Locations TDA,https://services1.arcgis.com/O1JpcwDW8sjYuddV/arcgis/rest/services/Traffic_Signal_Locations_TDA/FeatureServer/0,https://services1.arcgis.com/O1JpcwDW8sjYuddV/arcgis/rest/services/Traffic_Signal_Locations_TDA/FeatureServer/0/query?where=COUNTY%3D%27Miami-Dade%27&outFields=SIGNALID%2CCOUNTY%2CRDWYID%2CDISTRICT%2CMAINTAGC%2CSDESTRET%2CCNTLRDES%2CSIGNALNC&returnGeometry=true&outSR=4326&f=json
2650,87016000,Miami-Dade,6,MIAMI-DADE,SR 907/ALTON RD,N/A,N/A,25.812977,-80.135807,FDOT Traffic Signal Locations TDA,https://services1.arcgis.com/O1JpcwDW8sjYuddV/arcgis/rest/services/Traffic_Signal_Locations_TDA/FeatureServer/0,https://services1.arcgis.com/O1JpcwDW8sjYuddV/arcgis/rest/services/Traffic_Signal_Locations_TDA/FeatureServer/0/query?where=COUNTY%3D%27Miami-Dade%27&outFields=SIGNALID%2CCOUNTY%2CRDWYID%2CDISTRICT%2CMAINTAGC%2CSDESTRET%2CCNTLRDES%2CSIGNALNC&returnGeometry=true&outSR=4326&f=json
2543,87066000,Miami-Dade,6,MIAMI-DADE,NE 8 AV,N/A,N/A,25.89045,-80.182406,FDOT Traffic Signal Locations TDA,https://services1.arcgis.com/O1JpcwDW8sjYuddV/arcgis/rest/services/Traffic_Signal_Locations_TDA/FeatureServer/0,https://services1.arcgis.com/O1JpcwDW8sjYuddV/arcgis/rest/services/Traffic_Signal_Locations_TDA/FeatureServer/0/query?where=COUNTY%3D%27Miami-Dade%27&outFields=SIGNALID%2CCOUNTY%2CRDWYID%2CDISTRICT%2CMAINTAGC%2CSDESTRET%2CCNTLRDES%2CSIGNALNC&returnGeometry=true&outSR=4326&f=json
4823,87091000,Miami-Dade,6,MIAMI-DADE,SW 115 AVE,N/A,N/A,25.592713,-80.378453,FDOT Traffic Signal Locations TDA,https://services1.arcgis.com/O1JpcwDW8sjYuddV/arcgis/rest/services/Traffic_Signal_Locations_TDA/FeatureServer/0,https://services1.arcgis.com/O1JpcwDW8sjYuddV/arcgis/rest/services/Traffic_Signal_Locations_TDA/FeatureServer/0/query?where=COUNTY%3D%27Miami-Dade%27&outFields=SIGNALID%2CCOUNTY%2CRDWYID%2CDISTRICT%2CMAINTAGC%2CSDESTRET%2CCNTLRDES%2CSIGNALNC&returnGeometry=true&outSR=4326&f=json
3502,87020000,Miami-Dade,6,MIAMI-DADE,SW 216 ST,N/A,N/A,25.566363,-80.381464,FDOT Traffic Signal Locations TDA,https://services1.arcgis.com/O1JpcwDW8sjYuddV/arcgis/rest/services/Traffic_Signal_Locations_TDA/FeatureServer/0,https://services1.arcgis.com/O1JpcwDW8sjYuddV/arcgis/rest/services/Traffic_Signal_Locations_TDA/FeatureServer/0/query?where=COUNTY%3D%27Miami-Dade%27&outFields=SIGNALID%2CCOUNTY%2CRDWYID%2CDISTRICT%2CMAINTAGC%2CSDESTRET%2CCNTLRDES%2CSIGNALNC&returnGeometry=true&outSR=4326&f=json
6915,87060000,Miami-Dade,6,MIAMI DADE COUNTY,12 STREET,N/A,N/A,25.78275,-80.131227,FDOT Traffic Signal Locations TDA,https://services1.arcgis.com/O1JpcwDW8sjYuddV/arcgis/rest/services/Traffic_Signal_Locations_TDA/FeatureServer/0,https://services1.arcgis.com/O1JpcwDW8sjYuddV/arcgis/rest/services/Traffic_Signal_Locations_TDA/FeatureServer/0/query?where=COUNTY%3D%27Miami-Dade%27&outFields=SIGNALID%2CCOUNTY%2CRDWYID%2CDISTRICT%2CMAINTAGC%2CSDESTRET%2CCNTLRDES%2CSIGNALNC&returnGeometry=true&outSR=4326&f=json
3527,87072000,Miami-Dade,6,MIAMI-DADE,SW 56 ST,N/A,N/A,25.715346,-80.366909,FDOT Traffic Signal Locations TDA,https://services1.arcgis.com/O1JpcwDW8sjYuddV/arcgis/rest/services/Traffic_Signal_Locations_TDA/FeatureServer/0,https://services1.arcgis.com/O1JpcwDW8sjYuddV/arcgis/rest/services/Traffic_Signal_Locations_TDA/FeatureServer/0/query?where=COUNTY%3D%27Miami-Dade%27&outFields=SIGNALID%2CCOUNTY%2CRDWYID%2CDISTRICT%2CMAINTAGC%2CSDESTRET%2CCNTLRDES%2CSIGNALNC&returnGeometry=true&outSR=4326&f=json
7218,87120000,Miami-Dade,6,MIAMI-DADE,N/A,N/A,N/A,25.765208,-80.237842,FDOT Traffic Signal Locations TDA,https://services1.arcgis.com/O1JpcwDW8sjYuddV/arcgis/rest/services/Traffic_Signal_Locations_TDA/FeatureServer/0,https://services1.arcgis.com/O1JpcwDW8sjYuddV/arcgis/rest/services/Traffic_Signal_Locations_TDA/FeatureServer/0/query?where=COUNTY%3D%27Miami-Dade%27&outFields=SIGNALID%2CCOUNTY%2CRDWYID%2CDISTRICT%2CMAINTAGC%2CSDESTRET%2CCNTLRDES%2CSIGNALNC&returnGeometry=true&outSR=4326&f=json
3392,87037000,Miami-Dade,6,MIAMI-DADE,MICHIGAN AVE,N/A,N/A,25.796326,-80.139886,FDOT Traffic Signal Locations TDA,https://services1.arcgis.com/O1JpcwDW8sjYuddV/arcgis/rest/services/Traffic_Signal_Locations_TDA/FeatureServer/0,https://services1.arcgis.com/O1JpcwDW8sjYuddV/arcgis/rest/services/Traffic_Signal_Locations_TDA/FeatureServer/0/query?where=COUNTY%3D%27Miami-Dade%27&outFields=SIGNALID%2CCOUNTY%2CRDWYID%2CDISTRICT%2CMAINTAGC%2CSDESTRET%2CCNTLRDES%2CSIGNALNC&returnGeometry=true&outSR=4326&f=json
2417,87030000,Miami-Dade,6,MIAMI-DADE,NE 29 ST,N/A,N/A,25.804221,-80.189349,FDOT Traffic Signal Locations TDA,https://services1.arcgis.com/O1JpcwDW8sjYuddV/arcgis/rest/services/Traffic_Signal_Locations_TDA/FeatureServer/0,https://services1.arcgis.com/O1JpcwDW8sjYuddV/arcgis/rest/services/Traffic_Signal_Locations_TDA/FeatureServer/0/query?where=COUNTY%3D%27Miami-Dade%27&outFields=SIGNALID%2CCOUNTY%2CRDWYID%2CDISTRICT%2CMAINTAGC%2CSDESTRET%2CCNTLRDES%2CSIGNALNC&returnGeometry=true&outSR=4326&f=json
6377,87260152,Miami-Dade,6,MIAMI DADE,NW 95 ST,N/A,N/A,25.860453,-80.329899,FDOT Traffic Signal Locations TDA,https://services1.arcgis.com/O1JpcwDW8sjYuddV/arcgis/rest/services/Traffic_Signal_Locations_TDA/FeatureServer/0,https://services1.arcgis.com/O1JpcwDW8sjYuddV/arcgis/rest/services/Traffic_Signal_Locations_TDA/FeatureServer/0/query?where=COUNTY%3D%27Miami-Dade%27&outFields=SIGNALID%2CCOUNTY%2CRDWYID%2CDISTRICT%2CMAINTAGC%2CSDESTRET%2CCNTLRDES%2CSIGNALNC&returnGeometry=true&outSR=4326&f=json
3915,87170000,Miami-Dade,6,MIAMI-DADE,NE 18 AVE,N/A,N/A,25.925886,-80.163952,FDOT Traffic Signal Locations TDA,https://services1.arcgis.com/O1JpcwDW8sjYuddV/arcgis/rest/services/Traffic_Signal_Locations_TDA/FeatureServer/0,https://services1.arcgis.com/O1JpcwDW8sjYuddV/arcgis/rest/services/Traffic_Signal_Locations_TDA/FeatureServer/0/query?where=COUNTY%3D%27Miami-Dade%27&outFields=SIGNALID%2CCOUNTY%2CRDWYID%2CDISTRICT%2CMAINTAGC%2CSDESTRET%2CCNTLRDES%2CSIGNALNC&returnGeometry=true&outSR=4326&f=json
3325,87044000,Miami-Dade,6,MIAMI-DADE,SW 72 AV,N/A,N/A,25.73312,-80.31097,FDOT Traffic Signal Locations TDA,https://services1.arcgis.com/O1JpcwDW8sjYuddV/arcgis/rest/services/Traffic_Signal_Locations_TDA/FeatureServer/0,https://services1.arcgis.com/O1JpcwDW8sjYuddV/arcgis/rest/services/Traffic_Signal_Locations_TDA/FeatureServer/0/query?where=COUNTY%3D%27Miami-Dade%27&outFields=SIGNALID%2CCOUNTY%2CRDWYID%2CDISTRICT%2CMAINTAGC%2CSDESTRET%2CCNTLRDES%2CSIGNALNC&returnGeometry=true&outSR=4326&f=json
2854,87250000,Miami-Dade,6,MIAMI-DADE,SR953/E8AVE/NW42AVE,N/A,02,25.823114,-80.265284,FDOT Traffic Signal Locations TDA,https://services1.arcgis.com/O1JpcwDW8sjYuddV/arcgis/rest/services/Traffic_Signal_Locations_TDA/FeatureServer/0,https://services1.arcgis.com/O1JpcwDW8sjYuddV/arcgis/rest/services/Traffic_Signal_Locations_TDA/FeatureServer/0/query?where=COUNTY%3D%27Miami-Dade%27&outFields=SIGNALID%2CCOUNTY%2CRDWYID%2CDISTRICT%2CMAINTAGC%2CSDESTRET%2CCNTLRDES%2CSIGNALNC&returnGeometry=true&outSR=4326&f=json
3237,87001000,Miami-Dade,6,MIAMI-DADE,SR 973/SW 87 AVE,N/A,02,25.687999,-80.333468,FDOT Traffic Signal Locations TDA,https://services1.arcgis.com/O1JpcwDW8sjYuddV/arcgis/rest/services/Traffic_Signal_Locations_TDA/FeatureServer/0,https://services1.arcgis.com/O1JpcwDW8sjYuddV/arcgis/rest/services/Traffic_Signal_Locations_TDA/FeatureServer/0/query?where=COUNTY%3D%27Miami-Dade%27&outFields=SIGNALID%2CCOUNTY%2CRDWYID%2CDISTRICT%2CMAINTAGC%2CSDESTRET%2CCNTLRDES%2CSIGNALNC&returnGeometry=true&outSR=4326&f=json
2261,87030000,Miami-Dade,6,MIAMI-DADE,SE 15 RD,N/A,N/A,25.758281,-80.192685,FDOT Traffic Signal Locations TDA,https://services1.arcgis.com/O1JpcwDW8sjYuddV/arcgis/rest/services/Traffic_Signal_Locations_TDA/FeatureServer/0,https://services1.arcgis.com/O1JpcwDW8sjYuddV/arcgis/rest/services/Traffic_Signal_Locations_TDA/FeatureServer/0/query?where=COUNTY%3D%27Miami-Dade%27&outFields=SIGNALID%2CCOUNTY%2CRDWYID%2CDISTRICT%2CMAINTAGC%2CSDESTRET%2CCNTLRDES%2CSIGNALNC&returnGeometry=true&outSR=4326&f=json
2882,87002000,Miami-Dade,6,MIAMI-DADE,SR932/W49 ST/NW 103,N/A,N/A,25.866629,-80.290773,FDOT Traffic Signal Locations TDA,https://services1.arcgis.com/O1JpcwDW8sjYuddV/arcgis/rest/services/Traffic_Signal_Locations_TDA/FeatureServer/0,https://services1.arcgis.com/O1JpcwDW8sjYuddV/arcgis/rest/services/Traffic_Signal_Locations_TDA/FeatureServer/0/query?where=COUNTY%3D%27Miami-Dade%27&outFields=SIGNALID%2CCOUNTY%2CRDWYID%2CDISTRICT%2CMAINTAGC%2CSDESTRET%2CCNTLRDES%2CSIGNALNC&returnGeometry=true&outSR=4326&f=json
4166,87260532,Miami-Dade,6,MIAMI-DADE,NW 37 AVE/DOUGLAS RD,N/A,02,25.926095,-80.260667,FDOT Traffic Signal Locations TDA,https://services1.arcgis.com/O1JpcwDW8sjYuddV/arcgis/rest/services/Traffic_Signal_Locations_TDA/FeatureServer/0,https://services1.arcgis.com/O1JpcwDW8sjYuddV/arcgis/rest/services/Traffic_Signal_Locations_TDA/FeatureServer/0/query?where=COUNTY%3D%27Miami-Dade%27&outFields=SIGNALID%2CCOUNTY%2CRDWYID%2CDISTRICT%2CMAINTAGC%2CSDESTRET%2CCNTLRDES%2CSIGNALNC&returnGeometry=true&outSR=4326&f=json
4951,87012000,Miami-Dade,6,MIAMI-DADE,N/A,N/A,N/A,25.963432,-80.278296,FDOT Traffic Signal Locations TDA,https://services1.arcgis.com/O1JpcwDW8sjYuddV/arcgis/rest/services/Traffic_Signal_Locations_TDA/FeatureServer/0,https://services1.arcgis.com/O1JpcwDW8sjYuddV/arcgis/rest/services/Traffic_Signal_Locations_TDA/FeatureServer/0/query?where=COUNTY%3D%27Miami-Dade%27&outFields=SIGNALID%2CCOUNTY%2CRDWYID%2CDISTRICT%2CMAINTAGC%2CSDESTRET%2CCNTLRDES%2CSIGNALNC&returnGeometry=true&outSR=4326&f=json
3966,87072000,Miami-Dade,6,MIAMI-DADE,SR 986/ SW 72 ST,N/A,02,25.701101,-80.366183,FDOT Traffic Signal Locations TDA,https://services1.arcgis.com/O1JpcwDW8sjYuddV/arcgis/rest/services/Traffic_Signal_Locations_TDA/FeatureServer/0,https://services1.arcgis.com/O1JpcwDW8sjYuddV/arcgis/rest/services/Traffic_Signal_Locations_TDA/FeatureServer/0/query?where=COUNTY%3D%27Miami-Dade%27&outFields=SIGNALID%2CCOUNTY%2CRDWYID%2CDISTRICT%2CMAINTAGC%2CSDESTRET%2CCNTLRDES%2CSIGNALNC&returnGeometry=true&outSR=4326&f=json
4297,87044000,Miami-Dade,6,MIAMI-DADE,SW 99 AV,N/A,N/A,25.732563,-80.355624,FDOT Traffic Signal Locations TDA,https://services1.arcgis.com/O1JpcwDW8sjYuddV/arcgis/rest/services/Traffic_Signal_Locations_TDA/FeatureServer/0,https://services1.arcgis.com/O1JpcwDW8sjYuddV/arcgis/rest/services/Traffic_Signal_Locations_TDA/FeatureServer/0/query?where=COUNTY%3D%27Miami-Dade%27&outFields=SIGNALID%2CCOUNTY%2CRDWYID%2CDISTRICT%2CMAINTAGC%2CSDESTRET%2CCNTLRDES%2CSIGNALNC&returnGeometry=true&outSR=4326&f=json
2720,87016000,Miami-Dade,6,MIAMI-DADE,INDIAN CREEK DR,N/A,N/A,25.813255,-80.123886,FDOT Traffic Signal Locations TDA,https://services1.arcgis.com/O1JpcwDW8sjYuddV/arcgis/rest/services/Traffic_Signal_Locations_TDA/FeatureServer/0,https://services1.arcgis.com/O1JpcwDW8sjYuddV/arcgis/rest/services/Traffic_Signal_Locations_TDA/FeatureServer/0/query?where=COUNTY%3D%27Miami-Dade%27&outFields=SIGNALID%2CCOUNTY%2CRDWYID%2CDISTRICT%2CMAINTAGC%2CSDESTRET%2CCNTLRDES%2CSIGNALNC&returnGeometry=true&outSR=4326&f=json
2138,87053000,Miami-Dade,6,MIAMI-DADE,SR 959/W 57 AVE,N/A,02,25.770805,-80.287923,FDOT Traffic Signal Locations TDA,https://services1.arcgis.com/O1JpcwDW8sjYuddV/arcgis/rest/services/Traffic_Signal_Locations_TDA/FeatureServer/0,https://services1.arcgis.com/O1JpcwDW8sjYuddV/arcgis/rest/services/Traffic_Signal_Locations_TDA/FeatureServer/0/query?where=COUNTY%3D%27Miami-Dade%27&outFields=SIGNALID%2CCOUNTY%2CRDWYID%2CDISTRICT%2CMAINTAGC%2CSDESTRET%2CCNTLRDES%2CSIGNALNC&returnGeometry=true&outSR=4326&f=json
2666,87060000,Miami-Dade,6,MIAMI-DADE,18 ST,N/A,N/A,25.79398,-80.129483,FDOT Traffic Signal Locations TDA,https://services1.arcgis.com/O1JpcwDW8sjYuddV/arcgis/rest/services/Traffic_Signal_Locations_TDA/FeatureServer/0,https://services1.arcgis.com/O1JpcwDW8sjYuddV/arcgis/rest/services/Traffic_Signal_Locations_TDA/FeatureServer/0/query?where=COUNTY%3D%27Miami-Dade%27&outFields=SIGNALID%2CCOUNTY%2CRDWYID%2CDISTRICT%2CMAINTAGC%2CSDESTRET%2CCNTLRDES%2CSIGNALNC&returnGeometry=true&outSR=4326&f=json
2523,87026000,Miami-Dade,6,MIAMI-DADE,SR 7/US-441/NW 2 AV,N/A,02,25.942477,-80.20519,FDOT Traffic Signal Locations TDA,https://services1.arcgis.com/O1JpcwDW8sjYuddV/arcgis/rest/services/Traffic_Signal_Locations_TDA/FeatureServer/0,https://services1.arcgis.com/O1JpcwDW8sjYuddV/arcgis/rest/services/Traffic_Signal_Locations_TDA/FeatureServer/0/query?where=COUNTY%3D%27Miami-Dade%27&outFields=SIGNALID%2CCOUNTY%2CRDWYID%2CDISTRICT%2CMAINTAGC%2CSDESTRET%2CCNTLRDES%2CSIGNALNC&returnGeometry=true&outSR=4326&f=json
2914,87060001,Miami-Dade,6,MIAMI-DADE,88 ST,N/A,N/A,25.873206,-80.122289,FDOT Traffic Signal Locations TDA,https://services1.arcgis.com/O1JpcwDW8sjYuddV/arcgis/rest/services/Traffic_Signal_Locations_TDA/FeatureServer/0,https://services1.arcgis.com/O1JpcwDW8sjYuddV/arcgis/rest/services/Traffic_Signal_Locations_TDA/FeatureServer/0/query?where=COUNTY%3D%27Miami-Dade%27&outFields=SIGNALID%2CCOUNTY%2CRDWYID%2CDISTRICT%2CMAINTAGC%2CSDESTRET%2CCNTLRDES%2CSIGNALNC&returnGeometry=true&outSR=4326&f=json
4619,87019000,Miami-Dade,6,MIAMI-DADE,NW 199 ST/HONEY HILL,N/A,N/A,25.955457,-80.245916,FDOT Traffic Signal Locations TDA,https://services1.arcgis.com/O1JpcwDW8sjYuddV/arcgis/rest/services/Traffic_Signal_Locations_TDA/FeatureServer/0,https://services1.arcgis.com/O1JpcwDW8sjYuddV/arcgis/rest/services/Traffic_Signal_Locations_TDA/FeatureServer/0/query?where=COUNTY%3D%27Miami-Dade%27&outFields=SIGNALID%2CCOUNTY%2CRDWYID%2CDISTRICT%2CMAINTAGC%2CSDESTRET%2CCNTLRDES%2CSIGNALNC&returnGeometry=true&outSR=4326&f=json
2935,87047000,Miami-Dade,6,MIAMI-DADE,N/A,N/A,N/A,25.680195,-80.335362,FDOT Traffic Signal Locations TDA,https://services1.arcgis.com/O1JpcwDW8sjYuddV/arcgis/rest/services/Traffic_Signal_Locations_TDA/FeatureServer/0,https://services1.arcgis.com/O1JpcwDW8sjYuddV/arcgis/rest/services/Traffic_Signal_Locations_TDA/FeatureServer/0/query?where=COUNTY%3D%27Miami-Dade%27&outFields=SIGNALID%2CCOUNTY%2CRDWYID%2CDISTRICT%2CMAINTAGC%2CSDESTRET%2CCNTLRDES%2CSIGNALNC&returnGeometry=true&outSR=4326&f=json
5427,87090000,Miami-Dade,6,MIAMI-DADE,OFF RAMP 87471270,N/A,N/A,25.899901,-80.384461,FDOT Traffic Signal Locations TDA,https://services1.arcgis.com/O1JpcwDW8sjYuddV/arcgis/rest/services/Traffic_Signal_Locations_TDA/FeatureServer/0,https://services1.arcgis.com/O1JpcwDW8sjYuddV/arcgis/rest/services/Traffic_Signal_Locations_TDA/FeatureServer/0/query?where=COUNTY%3D%27Miami-Dade%27&outFields=SIGNALID%2CCOUNTY%2CRDWYID%2CDISTRICT%2CMAINTAGC%2CSDESTRET%2CCNTLRDES%2CSIGNALNC&returnGeometry=true&outSR=4326&f=json
3744,87062000,Miami-Dade,6,MIAMI-DADE,SW 16 ST,N/A,N/A,25.756179,-80.28758,FDOT Traffic Signal Locations TDA,https://services1.arcgis.com/O1JpcwDW8sjYuddV/arcgis/rest/services/Traffic_Signal_Locations_TDA/FeatureServer/0,https://services1.arcgis.com/O1JpcwDW8sjYuddV/arcgis/rest/services/Traffic_Signal_Locations_TDA/FeatureServer/0/query?where=COUNTY%3D%27Miami-Dade%27&outFields=SIGNALID%2CCOUNTY%2CRDWYID%2CDISTRICT%2CMAINTAGC%2CSDESTRET%2CCNTLRDES%2CSIGNALNC&returnGeometry=true&outSR=4326&f=json
2965,87044000,Miami-Dade,6,MIAMI-DADE,SW 97 AV,N/A,N/A,25.732656,-80.351643,FDOT Traffic Signal Locations TDA,https://services1.arcgis.com/O1JpcwDW8sjYuddV/arcgis/rest/services/Traffic_Signal_Locations_TDA/FeatureServer/0,https://services1.arcgis.com/O1JpcwDW8sjYuddV/arcgis/rest/services/Traffic_Signal_Locations_TDA/FeatureServer/0/query?where=COUNTY%3D%27Miami-Dade%27&outFields=SIGNALID%2CCOUNTY%2CRDWYID%2CDISTRICT%2CMAINTAGC%2CSDESTRET%2CCNTLRDES%2CSIGNALNC&returnGeometry=true&outSR=4326&f=json
4709,87090000,Miami-Dade,6,MIAMI-DADE,NW 95 ST/JOHN HILL R,N/A,N/A,25.859749,-80.330167,FDOT Traffic Signal Locations TDA,https://services1.arcgis.com/O1JpcwDW8sjYuddV/arcgis/rest/services/Traffic_Signal_Locations_TDA/FeatureServer/0,https://services1.arcgis.com/O1JpcwDW8sjYuddV/arcgis/rest/services/Traffic_Signal_Locations_TDA/FeatureServer/0/query?where=COUNTY%3D%27Miami-Dade%27&outFields=SIGNALID%2CCOUNTY%2CRDWYID%2CDISTRICT%2CMAINTAGC%2CSDESTRET%2CCNTLRDES%2CSIGNALNC&returnGeometry=true&outSR=4326&f=json
3493,87030000,Miami-Dade,6,MIAMI-DADE,CHOPIN PLAZA,N/A,N/A,25.772837,-80.18711,FDOT Traffic Signal Locations TDA,https://services1.arcgis.com/O1JpcwDW8sjYuddV/arcgis/rest/services/Traffic_Signal_Locations_TDA/FeatureServer/0,https://services1.arcgis.com/O1JpcwDW8sjYuddV/arcgis/rest/services/Traffic_Signal_Locations_TDA/FeatureServer/0/query?where=COUNTY%3D%27Miami-Dade%27&outFields=SIGNALID%2CCOUNTY%2CRDWYID%2CDISTRICT%2CMAINTAGC%2CSDESTRET%2CCNTLRDES%2CSIGNALNC&returnGeometry=true&outSR=4326&f=json
2548,87066000,Miami-Dade,6,MIAMI-DADE,SR 7/US-441/NW 7 AV,N/A,02,25.889184,-80.210851,FDOT Traffic Signal Locations TDA,https://services1.arcgis.com/O1JpcwDW8sjYuddV/arcgis/rest/services/Traffic_Signal_Locations_TDA/FeatureServer/0,https://services1.arcgis.com/O1JpcwDW8sjYuddV/arcgis/rest/services/Traffic_Signal_Locations_TDA/FeatureServer/0/query?where=COUNTY%3D%27Miami-Dade%27&outFields=SIGNALID%2CCOUNTY%2CRDWYID%2CDISTRICT%2CMAINTAGC%2CSDESTRET%2CCNTLRDES%2CSIGNALNC&returnGeometry=true&outSR=4326&f=json
2489,87240000,Miami-Dade,6,MIAMI-DADE,NW 62 ST,N/A,N/A,25.831028,-80.241038,FDOT Traffic Signal Locations TDA,https://services1.arcgis.com/O1JpcwDW8sjYuddV/arcgis/rest/services/Traffic_Signal_Locations_TDA/FeatureServer/0,https://services1.arcgis.com/O1JpcwDW8sjYuddV/arcgis/rest/services/Traffic_Signal_Locations_TDA/FeatureServer/0/query?where=COUNTY%3D%27Miami-Dade%27&outFields=SIGNALID%2CCOUNTY%2CRDWYID%2CDISTRICT%2CMAINTAGC%2CSDESTRET%2CCNTLRDES%2CSIGNALNC&returnGeometry=true&outSR=4326&f=json
2556,87190000,Miami-Dade,6,MIAMI-DADE,NE 139 ST/NE 12 AVE,N/A,N/A,25.903518,-80.17502,FDOT Traffic Signal Locations TDA,https://services1.arcgis.com/O1JpcwDW8sjYuddV/arcgis/rest/services/Traffic_Signal_Locations_TDA/FeatureServer/0,https://services1.arcgis.com/O1JpcwDW8sjYuddV/arcgis/rest/services/Traffic_Signal_Locations_TDA/FeatureServer/0/query?where=COUNTY%3D%27Miami-Dade%27&outFields=SIGNALID%2CCOUNTY%2CRDWYID%2CDISTRICT%2CMAINTAGC%2CSDESTRET%2CCNTLRDES%2CSIGNALNC&returnGeometry=true&outSR=4326&f=json
3490,87060000,Miami-Dade,6,MIAMI-DADE,159 ST,N/A,N/A,25.923636,-80.122317,FDOT Traffic Signal Locations TDA,https://services1.arcgis.com/O1JpcwDW8sjYuddV/arcgis/rest/services/Traffic_Signal_Locations_TDA/FeatureServer/0,https://services1.arcgis.com/O1JpcwDW8sjYuddV/arcgis/rest/services/Traffic_Signal_Locations_TDA/FeatureServer/0/query?where=COUNTY%3D%27Miami-Dade%27&outFields=SIGNALID%2CCOUNTY%2CRDWYID%2CDISTRICT%2CMAINTAGC%2CSDESTRET%2CCNTLRDES%2CSIGNALNC&returnGeometry=true&outSR=4326&f=json
4334,87001000,Miami-Dade,6,MIAMI-DADE,SW 127 AVE,N/A,N/A,25.685794,-80.400469,FDOT Traffic Signal Locations TDA,https://services1.arcgis.com/O1JpcwDW8sjYuddV/arcgis/rest/services/Traffic_Signal_Locations_TDA/FeatureServer/0,https://services1.arcgis.com/O1JpcwDW8sjYuddV/arcgis/rest/services/Traffic_Signal_Locations_TDA/FeatureServer/0/query?where=COUNTY%3D%27Miami-Dade%27&outFields=SIGNALID%2CCOUNTY%2CRDWYID%2CDISTRICT%2CMAINTAGC%2CSDESTRET%2CCNTLRDES%2CSIGNALNC&returnGeometry=true&outSR=4326&f=json
7603,87120000,Miami-Dade,6,MIAMI DADE,N/A,N/A,N/A,25.766105,-80.203884,FDOT Traffic Signal Locations TDA,https://services1.arcgis.com/O1JpcwDW8sjYuddV/arcgis/rest/services/Traffic_Signal_Locations_TDA/FeatureServer/0,https://services1.arcgis.com/O1JpcwDW8sjYuddV/arcgis/rest/services/Traffic_Signal_Locations_TDA/FeatureServer/0/query?where=COUNTY%3D%27Miami-Dade%27&outFields=SIGNALID%2CCOUNTY%2CRDWYID%2CDISTRICT%2CMAINTAGC%2CSDESTRET%2CCNTLRDES%2CSIGNALNC&returnGeometry=true&outSR=4326&f=json
4620,87090000,Miami-Dade,6,MIAMI-DADE,NW 5 AV,N/A,N/A,25.810212,-80.203127,FDOT Traffic Signal Locations TDA,https://services1.arcgis.com/O1JpcwDW8sjYuddV/arcgis/rest/services/Traffic_Signal_Locations_TDA/FeatureServer/0,https://services1.arcgis.com/O1JpcwDW8sjYuddV/arcgis/rest/services/Traffic_Signal_Locations_TDA/FeatureServer/0/query?where=COUNTY%3D%27Miami-Dade%27&outFields=SIGNALID%2CCOUNTY%2CRDWYID%2CDISTRICT%2CMAINTAGC%2CSDESTRET%2CCNTLRDES%2CSIGNALNC&returnGeometry=true&outSR=4326&f=json
3245,87190000,Miami-Dade,6,MIAMI-DADE,SR 924/NE 119 ST,N/A,02,25.884306,-80.193095,FDOT Traffic Signal Locations TDA,https://services1.arcgis.com/O1JpcwDW8sjYuddV/arcgis/rest/services/Traffic_Signal_Locations_TDA/FeatureServer/0,https://services1.arcgis.com/O1JpcwDW8sjYuddV/arcgis/rest/services/Traffic_Signal_Locations_TDA/FeatureServer/0/query?where=COUNTY%3D%27Miami-Dade%27&outFields=SIGNALID%2CCOUNTY%2CRDWYID%2CDISTRICT%2CMAINTAGC%2CSDESTRET%2CCNTLRDES%2CSIGNALNC&returnGeometry=true&outSR=4326&f=json
6339,87038000,Miami-Dade,6,MIAMI-DADE,NW 2 AV,N/A,N/A,25.869444,-80.201788,FDOT Traffic Signal Locations TDA,https://services1.arcgis.com/O1JpcwDW8sjYuddV/arcgis/rest/services/Traffic_Signal_Locations_TDA/FeatureServer/0,https://services1.arcgis.com/O1JpcwDW8sjYuddV/arcgis/rest/services/Traffic_Signal_Locations_TDA/FeatureServer/0/query?where=COUNTY%3D%27Miami-Dade%27&outFields=SIGNALID%2CCOUNTY%2CRDWYID%2CDISTRICT%2CMAINTAGC%2CSDESTRET%2CCNTLRDES%2CSIGNALNC&returnGeometry=true&outSR=4326&f=json
8145,87002000,Miami-Dade,6,MIAMI-DADE,W 73 PL,N/A,N/A,25.889394,-80.291555,FDOT Traffic Signal Locations TDA,https://services1.arcgis.com/O1JpcwDW8sjYuddV/arcgis/rest/services/Traffic_Signal_Locations_TDA/FeatureServer/0,https://services1.arcgis.com/O1JpcwDW8sjYuddV/arcgis/rest/services/Traffic_Signal_Locations_TDA/FeatureServer/0/query?where=COUNTY%3D%27Miami-Dade%27&outFields=SIGNALID%2CCOUNTY%2CRDWYID%2CDISTRICT%2CMAINTAGC%2CSDESTRET%2CCNTLRDES%2CSIGNALNC&returnGeometry=true&outSR=4326&f=json
4136,87030000,Miami-Dade,6,MIAMI-DADE,NE 17 TER,N/A,N/A,25.792283,-80.188957,FDOT Traffic Signal Locations TDA,https://services1.arcgis.com/O1JpcwDW8sjYuddV/arcgis/rest/services/Traffic_Signal_Locations_TDA/FeatureServer/0,https://services1.arcgis.com/O1JpcwDW8sjYuddV/arcgis/rest/services/Traffic_Signal_Locations_TDA/FeatureServer/0/query?where=COUNTY%3D%27Miami-Dade%27&outFields=SIGNALID%2CCOUNTY%2CRDWYID%2CDISTRICT%2CMAINTAGC%2CSDESTRET%2CCNTLRDES%2CSIGNALNC&returnGeometry=true&outSR=4326&f=json
3486,87026000,Miami-Dade,6,MIAMI-DADE,NW 8 PL/NW 9 AV,N/A,N/A,25.942026,-80.21626,FDOT Traffic Signal Locations TDA,https://services1.arcgis.com/O1JpcwDW8sjYuddV/arcgis/rest/services/Traffic_Signal_Locations_TDA/FeatureServer/0,https://services1.arcgis.com/O1JpcwDW8sjYuddV/arcgis/rest/services/Traffic_Signal_Locations_TDA/FeatureServer/0/query?where=COUNTY%3D%27Miami-Dade%27&outFields=SIGNALID%2CCOUNTY%2CRDWYID%2CDISTRICT%2CMAINTAGC%2CSDESTRET%2CCNTLRDES%2CSIGNALNC&returnGeometry=true&outSR=4326&f=json
3447,87240000,Miami-Dade,6,MIAMI-DADE,SW 7 ST,N/A,N/A,25.766046,-80.23881,FDOT Traffic Signal Locations TDA,https://services1.arcgis.com/O1JpcwDW8sjYuddV/arcgis/rest/services/Traffic_Signal_Locations_TDA/FeatureServer/0,https://services1.arcgis.com/O1JpcwDW8sjYuddV/arcgis/rest/services/Traffic_Signal_Locations_TDA/FeatureServer/0/query?where=COUNTY%3D%27Miami-Dade%27&outFields=SIGNALID%2CCOUNTY%2CRDWYID%2CDISTRICT%2CMAINTAGC%2CSDESTRET%2CCNTLRDES%2CSIGNALNC&returnGeometry=true&outSR=4326&f=json
5590,87044000,Miami-Dade,6,MIAMI-DADE,SW 7800 BLK,N/A,N/A,25.732959,-80.321383,FDOT Traffic Signal Locations TDA,https://services1.arcgis.com/O1JpcwDW8sjYuddV/arcgis/rest/services/Traffic_Signal_Locations_TDA/FeatureServer/0,https://services1.arcgis.com/O1JpcwDW8sjYuddV/arcgis/rest/services/Traffic_Signal_Locations_TDA/FeatureServer/0/query?where=COUNTY%3D%27Miami-Dade%27&outFields=SIGNALID%2CCOUNTY%2CRDWYID%2CDISTRICT%2CMAINTAGC%2CSDESTRET%2CCNTLRDES%2CSIGNALNC&returnGeometry=true&outSR=4326&f=json
4952,87012000,Miami-Dade,6,MIAMI-DADE,N/A,N/A,N/A,25.960286,-80.278402,FDOT Traffic Signal Locations TDA,https://services1.arcgis.com/O1JpcwDW8sjYuddV/arcgis/rest/services/Traffic_Signal_Locations_TDA/FeatureServer/0,https://services1.arcgis.com/O1JpcwDW8sjYuddV/arcgis/rest/services/Traffic_Signal_Locations_TDA/FeatureServer/0/query?where=COUNTY%3D%27Miami-Dade%27&outFields=SIGNALID%2CCOUNTY%2CRDWYID%2CDISTRICT%2CMAINTAGC%2CSDESTRET%2CCNTLRDES%2CSIGNALNC&returnGeometry=true&outSR=4326&f=json
3163,87220000,Miami-Dade,6,MIAMI-DADE,NW 72 AV,N/A,N/A,25.809285,-80.313409,FDOT Traffic Signal Locations TDA,https://services1.arcgis.com/O1JpcwDW8sjYuddV/arcgis/rest/services/Traffic_Signal_Locations_TDA/FeatureServer/0,https://services1.arcgis.com/O1JpcwDW8sjYuddV/arcgis/rest/services/Traffic_Signal_Locations_TDA/FeatureServer/0/query?where=COUNTY%3D%27Miami-Dade%27&outFields=SIGNALID%2CCOUNTY%2CRDWYID%2CDISTRICT%2CMAINTAGC%2CSDESTRET%2CCNTLRDES%2CSIGNALNC&returnGeometry=true&outSR=4326&f=json
4489,87027003,Miami-Dade,6,MIAMI DADE COUNTY,NW 12 ST,N/A,02,25.78267,-80.317802,FDOT Traffic Signal Locations TDA,https://services1.arcgis.com/O1JpcwDW8sjYuddV/arcgis/rest/services/Traffic_Signal_Locations_TDA/FeatureServer/0,https://services1.arcgis.com/O1JpcwDW8sjYuddV/arcgis/rest/services/Traffic_Signal_Locations_TDA/FeatureServer/0/query?where=COUNTY%3D%27Miami-Dade%27&outFields=SIGNALID%2CCOUNTY%2CRDWYID%2CDISTRICT%2CMAINTAGC%2CSDESTRET%2CCNTLRDES%2CSIGNALNC&returnGeometry=true&outSR=4326&f=json
3260,87140000,Miami-Dade,6,MIAMI-DADE,NW 6 ST,N/A,N/A,25.779462,-80.206601,FDOT Traffic Signal Locations TDA,https://services1.arcgis.com/O1JpcwDW8sjYuddV/arcgis/rest/services/Traffic_Signal_Locations_TDA/FeatureServer/0,https://services1.arcgis.com/O1JpcwDW8sjYuddV/arcgis/rest/services/Traffic_Signal_Locations_TDA/FeatureServer/0/query?where=COUNTY%3D%27Miami-Dade%27&outFields=SIGNALID%2CCOUNTY%2CRDWYID%2CDISTRICT%2CMAINTAGC%2CSDESTRET%2CCNTLRDES%2CSIGNALNC&returnGeometry=true&outSR=4326&f=json
5666,87044000,Miami-Dade,6,MIAMI-DADE,SW 11500 BLK,N/A,N/A,25.732032,-80.381448,FDOT Traffic Signal Locations TDA,https://services1.arcgis.com/O1JpcwDW8sjYuddV/arcgis/rest/services/Traffic_Signal_Locations_TDA/FeatureServer/0,https://services1.arcgis.com/O1JpcwDW8sjYuddV/arcgis/rest/services/Traffic_Signal_Locations_TDA/FeatureServer/0/query?where=COUNTY%3D%27Miami-Dade%27&outFields=SIGNALID%2CCOUNTY%2CRDWYID%2CDISTRICT%2CMAINTAGC%2CSDESTRET%2CCNTLRDES%2CSIGNALNC&returnGeometry=true&outSR=4326&f=json
2266,87054000,Miami-Dade,6,MIAMI-DADE,SW 32 AV,N/A,N/A,25.750052,-80.246402,FDOT Traffic Signal Locations TDA,https://services1.arcgis.com/O1JpcwDW8sjYuddV/arcgis/rest/services/Traffic_Signal_Locations_TDA/FeatureServer/0,https://services1.arcgis.com/O1JpcwDW8sjYuddV/arcgis/rest/services/Traffic_Signal_Locations_TDA/FeatureServer/0/query?where=COUNTY%3D%27Miami-Dade%27&outFields=SIGNALID%2CCOUNTY%2CRDWYID%2CDISTRICT%2CMAINTAGC%2CSDESTRET%2CCNTLRDES%2CSIGNALNC&returnGeometry=true&outSR=4326&f=json
3232,87030000,Miami-Dade,6,MIAMI-DADE,SANS SOUCI BLVD,N/A,N/A,25.885232,-80.164936,FDOT Traffic Signal Locations TDA,https://services1.arcgis.com/O1JpcwDW8sjYuddV/arcgis/rest/services/Traffic_Signal_Locations_TDA/FeatureServer/0,https://services1.arcgis.com/O1JpcwDW8sjYuddV/arcgis/rest/services/Traffic_Signal_Locations_TDA/FeatureServer/0/query?where=COUNTY%3D%27Miami-Dade%27&outFields=SIGNALID%2CCOUNTY%2CRDWYID%2CDISTRICT%2CMAINTAGC%2CSDESTRET%2CCNTLRDES%2CSIGNALNC&returnGeometry=true&outSR=4326&f=json
5224,87001000,Miami-Dade,6,MIAMI-DADE,SW 157 AVE,N/A,N/A,25.684331,-80.44603,FDOT Traffic Signal Locations TDA,https://services1.arcgis.com/O1JpcwDW8sjYuddV/arcgis/rest/services/Traffic_Signal_Locations_TDA/FeatureServer/0,https://services1.arcgis.com/O1JpcwDW8sjYuddV/arcgis/rest/services/Traffic_Signal_Locations_TDA/FeatureServer/0/query?where=COUNTY%3D%27Miami-Dade%27&outFields=SIGNALID%2CCOUNTY%2CRDWYID%2CDISTRICT%2CMAINTAGC%2CSDESTRET%2CCNTLRDES%2CSIGNALNC&returnGeometry=true&outSR=4326&f=json
7826,87019000,Miami-Dade,6,MIAMI-DADE,NW 19500 BLK,N/A,N/A,25.951555,-80.245727,FDOT Traffic Signal Locations TDA,https://services1.arcgis.com/O1JpcwDW8sjYuddV/arcgis/rest/services/Traffic_Signal_Locations_TDA/FeatureServer/0,https://services1.arcgis.com/O1JpcwDW8sjYuddV/arcgis/rest/services/Traffic_Signal_Locations_TDA/FeatureServer/0/query?where=COUNTY%3D%27Miami-Dade%27&outFields=SIGNALID%2CCOUNTY%2CRDWYID%2CDISTRICT%2CMAINTAGC%2CSDESTRET%2CCNTLRDES%2CSIGNALNC&returnGeometry=true&outSR=4326&f=json
3894,87072000,Miami-Dade,6,MIAMI-DADE,W FLAGLER ST,N/A,N/A,25.768421,-80.368935,FDOT Traffic Signal Locations TDA,https://services1.arcgis.com/O1JpcwDW8sjYuddV/arcgis/rest/services/Traffic_Signal_Locations_TDA/FeatureServer/0,https://services1.arcgis.com/O1JpcwDW8sjYuddV/arcgis/rest/services/Traffic_Signal_Locations_TDA/FeatureServer/0/query?where=COUNTY%3D%27Miami-Dade%27&outFields=SIGNALID%2CCOUNTY%2CRDWYID%2CDISTRICT%2CMAINTAGC%2CSDESTRET%2CCNTLRDES%2CSIGNALNC&returnGeometry=true&outSR=4326&f=json
3010,87066000,Miami-Dade,6,MIAMI-DADE,E BAY HARBOR TER,N/A,N/A,25.886823,-80.129208,FDOT Traffic Signal Locations TDA,https://services1.arcgis.com/O1JpcwDW8sjYuddV/arcgis/rest/services/Traffic_Signal_Locations_TDA/FeatureServer/0,https://services1.arcgis.com/O1JpcwDW8sjYuddV/arcgis/rest/services/Traffic_Signal_Locations_TDA/FeatureServer/0/query?where=COUNTY%3D%27Miami-Dade%27&outFields=SIGNALID%2CCOUNTY%2CRDWYID%2CDISTRICT%2CMAINTAGC%2CSDESTRET%2CCNTLRDES%2CSIGNALNC&returnGeometry=true&outSR=4326&f=json
5158,87090000,Miami-Dade,6,MIAMI-DADE,NW 121 WAY,N/A,N/A,25.883362,-80.36207,FDOT Traffic Signal Locations TDA,https://services1.arcgis.com/O1JpcwDW8sjYuddV/arcgis/rest/services/Traffic_Signal_Locations_TDA/FeatureServer/0,https://services1.arcgis.com/O1JpcwDW8sjYuddV/arcgis/rest/services/Traffic_Signal_Locations_TDA/FeatureServer/0/query?where=COUNTY%3D%27Miami-Dade%27&outFields=SIGNALID%2CCOUNTY%2CRDWYID%2CDISTRICT%2CMAINTAGC%2CSDESTRET%2CCNTLRDES%2CSIGNALNC&returnGeometry=true&outSR=4326&f=json
6734,87133000,Miami-Dade,6,MIAMI-DADE,SW 124 ST,N/A,N/A,25.652279,-80.415618,FDOT Traffic Signal Locations TDA,https://services1.arcgis.com/O1JpcwDW8sjYuddV/arcgis/rest/services/Traffic_Signal_Locations_TDA/FeatureServer/0,https://services1.arcgis.com/O1JpcwDW8sjYuddV/arcgis/rest/services/Traffic_Signal_Locations_TDA/FeatureServer/0/query?where=COUNTY%3D%27Miami-Dade%27&outFields=SIGNALID%2CCOUNTY%2CRDWYID%2CDISTRICT%2CMAINTAGC%2CSDESTRET%2CCNTLRDES%2CSIGNALNC&returnGeometry=true&outSR=4326&f=json
2954,87020000,Miami-Dade,6,MIAMI-DADE,SR 990 / SW 112 ST,N/A,N/A,25.666623,-80.323465,FDOT Traffic Signal Locations TDA,https://services1.arcgis.com/O1JpcwDW8sjYuddV/arcgis/rest/services/Traffic_Signal_Locations_TDA/FeatureServer/0,https://services1.arcgis.com/O1JpcwDW8sjYuddV/arcgis/rest/services/Traffic_Signal_Locations_TDA/FeatureServer/0/query?where=COUNTY%3D%27Miami-Dade%27&outFields=SIGNALID%2CCOUNTY%2CRDWYID%2CDISTRICT%2CMAINTAGC%2CSDESTRET%2CCNTLRDES%2CSIGNALNC&returnGeometry=true&outSR=4326&f=json
2679,87060002,Miami-Dade,6,MIAMI-DADE,SR A1A/44 ST,N/A,02,25.816092,-80.123547,FDOT Traffic Signal Locations TDA,https://services1.arcgis.com/O1JpcwDW8sjYuddV/arcgis/rest/services/Traffic_Signal_Locations_TDA/FeatureServer/0,https://services1.arcgis.com/O1JpcwDW8sjYuddV/arcgis/rest/services/Traffic_Signal_Locations_TDA/FeatureServer/0/query?where=COUNTY%3D%27Miami-Dade%27&outFields=SIGNALID%2CCOUNTY%2CRDWYID%2CDISTRICT%2CMAINTAGC%2CSDESTRET%2CCNTLRDES%2CSIGNALNC&returnGeometry=true&outSR=4326&f=json
2486,87250000,Miami-Dade,6,MIAMI-DADE,SR 9/NW 27 AVE,N/A,02,25.823939,-80.240764,FDOT Traffic Signal Locations TDA,https://services1.arcgis.com/O1JpcwDW8sjYuddV/arcgis/rest/services/Traffic_Signal_Locations_TDA/FeatureServer/0,https://services1.arcgis.com/O1JpcwDW8sjYuddV/arcgis/rest/services/Traffic_Signal_Locations_TDA/FeatureServer/0/query?where=COUNTY%3D%27Miami-Dade%27&outFields=SIGNALID%2CCOUNTY%2CRDWYID%2CDISTRICT%2CMAINTAGC%2CSDESTRET%2CCNTLRDES%2CSIGNALNC&returnGeometry=true&outSR=4326&f=json
4139,87001000,Miami-Dade,6,MIAMI-DADE,SR 874 OFF RAMP,N/A,N/A,25.687418,-80.350465,FDOT Traffic Signal Locations TDA,https://services1.arcgis.com/O1JpcwDW8sjYuddV/arcgis/rest/services/Traffic_Signal_Locations_TDA/FeatureServer/0,https://services1.arcgis.com/O1JpcwDW8sjYuddV/arcgis/rest/services/Traffic_Signal_Locations_TDA/FeatureServer/0/query?where=COUNTY%3D%27Miami-Dade%27&outFields=SIGNALID%2CCOUNTY%2CRDWYID%2CDISTRICT%2CMAINTAGC%2CSDESTRET%2CCNTLRDES%2CSIGNALNC&returnGeometry=true&outSR=4326&f=json
5105,87072000,Miami-Dade,6,MIAMI-DADE,N/A,N/A,N/A,25.763787,-80.36855,FDOT Traffic Signal Locations TDA,https://services1.arcgis.com/O1JpcwDW8sjYuddV/arcgis/rest/services/Traffic_Signal_Locations_TDA/FeatureServer/0,https://services1.arcgis.com/O1JpcwDW8sjYuddV/arcgis/rest/services/Traffic_Signal_Locations_TDA/FeatureServer/0/query?where=COUNTY%3D%27Miami-Dade%27&outFields=SIGNALID%2CCOUNTY%2CRDWYID%2CDISTRICT%2CMAINTAGC%2CSDESTRET%2CCNTLRDES%2CSIGNALNC&returnGeometry=true&outSR=4326&f=json
2520,87300000,Miami-Dade,6,MIAMI-DADE,SR 9/NW 27 AVE,N/A,02,25.882767,-80.243091,FDOT Traffic Signal Locations TDA,https://services1.arcgis.com/O1JpcwDW8sjYuddV/arcgis/rest/services/Traffic_Signal_Locations_TDA/FeatureServer/0,https://services1.arcgis.com/O1JpcwDW8sjYuddV/arcgis/rest/services/Traffic_Signal_Locations_TDA/FeatureServer/0/query?where=COUNTY%3D%27Miami-Dade%27&outFields=SIGNALID%2CCOUNTY%2CRDWYID%2CDISTRICT%2CMAINTAGC%2CSDESTRET%2CCNTLRDES%2CSIGNALNC&returnGeometry=true&outSR=4326&f=json
3117,87281000,Miami-Dade,6,MIAMI-DADE,VALENCIA AVE,N/A,N/A,25.747663,-80.262655,FDOT Traffic Signal Locations TDA,https://services1.arcgis.com/O1JpcwDW8sjYuddV/arcgis/rest/services/Traffic_Signal_Locations_TDA/FeatureServer/0,https://services1.arcgis.com/O1JpcwDW8sjYuddV/arcgis/rest/services/Traffic_Signal_Locations_TDA/FeatureServer/0/query?where=COUNTY%3D%27Miami-Dade%27&outFields=SIGNALID%2CCOUNTY%2CRDWYID%2CDISTRICT%2CMAINTAGC%2CSDESTRET%2CCNTLRDES%2CSIGNALNC&returnGeometry=true&outSR=4326&f=json
5027,87026000,Miami-Dade,6,MIAMI-DADE,NW 14 AV,N/A,N/A,25.941664,-80.225257,FDOT Traffic Signal Locations TDA,https://services1.arcgis.com/O1JpcwDW8sjYuddV/arcgis/rest/services/Traffic_Signal_Locations_TDA/FeatureServer/0,https://services1.arcgis.com/O1JpcwDW8sjYuddV/arcgis/rest/services/Traffic_Signal_Locations_TDA/FeatureServer/0/query?where=COUNTY%3D%27Miami-Dade%27&outFields=SIGNALID%2CCOUNTY%2CRDWYID%2CDISTRICT%2CMAINTAGC%2CSDESTRET%2CCNTLRDES%2CSIGNALNC&returnGeometry=true&outSR=4326&f=json
2738,87060000,Miami-Dade,6,MIAMI-DADE,BRIDGE RD,N/A,N/A,25.77232,-80.151975,FDOT Traffic Signal Locations TDA,https://services1.arcgis.com/O1JpcwDW8sjYuddV/arcgis/rest/services/Traffic_Signal_Locations_TDA/FeatureServer/0,https://services1.arcgis.com/O1JpcwDW8sjYuddV/arcgis/rest/services/Traffic_Signal_Locations_TDA/FeatureServer/0/query?where=COUNTY%3D%27Miami-Dade%27&outFields=SIGNALID%2CCOUNTY%2CRDWYID%2CDISTRICT%2CMAINTAGC%2CSDESTRET%2CCNTLRDES%2CSIGNALNC&returnGeometry=true&outSR=4326&f=json
3547,87053000,Miami-Dade,6,MIAMI-DADE,W 79 AVE,N/A,N/A,25.769741,-80.324613,FDOT Traffic Signal Locations TDA,https://services1.arcgis.com/O1JpcwDW8sjYuddV/arcgis/rest/services/Traffic_Signal_Locations_TDA/FeatureServer/0,https://services1.arcgis.com/O1JpcwDW8sjYuddV/arcgis/rest/services/Traffic_Signal_Locations_TDA/FeatureServer/0/query?where=COUNTY%3D%27Miami-Dade%27&outFields=SIGNALID%2CCOUNTY%2CRDWYID%2CDISTRICT%2CMAINTAGC%2CSDESTRET%2CCNTLRDES%2CSIGNALNC&returnGeometry=true&outSR=4326&f=json
3353,87281000,Miami-Dade,6,MIAMI-DADE,SR 916/NW 135 ST,N/A,02,25.89653,-80.267674,FDOT Traffic Signal Locations TDA,https://services1.arcgis.com/O1JpcwDW8sjYuddV/arcgis/rest/services/Traffic_Signal_Locations_TDA/FeatureServer/0,https://services1.arcgis.com/O1JpcwDW8sjYuddV/arcgis/rest/services/Traffic_Signal_Locations_TDA/FeatureServer/0/query?where=COUNTY%3D%27Miami-Dade%27&outFields=SIGNALID%2CCOUNTY%2CRDWYID%2CDISTRICT%2CMAINTAGC%2CSDESTRET%2CCNTLRDES%2CSIGNALNC&returnGeometry=true&outSR=4326&f=json
5103,87008001,Miami-Dade,6,MIAMI DADE COUNTY,N/A,N/A,N/A,25.89739,-80.246237,FDOT Traffic Signal Locations TDA,https://services1.arcgis.com/O1JpcwDW8sjYuddV/arcgis/rest/services/Traffic_Signal_Locations_TDA/FeatureServer/0,https://services1.arcgis.com/O1JpcwDW8sjYuddV/arcgis/rest/services/Traffic_Signal_Locations_TDA/FeatureServer/0/query?where=COUNTY%3D%27Miami-Dade%27&outFields=SIGNALID%2CCOUNTY%2CRDWYID%2CDISTRICT%2CMAINTAGC%2CSDESTRET%2CCNTLRDES%2CSIGNALNC&returnGeometry=true&outSR=4326&f=json
2255,87030000,Miami-Dade,6,MIAMI-DADE,CORAL WAY,N/A,N/A,25.761788,-80.191771,FDOT Traffic Signal Locations TDA,https://services1.arcgis.com/O1JpcwDW8sjYuddV/arcgis/rest/services/Traffic_Signal_Locations_TDA/FeatureServer/0,https://services1.arcgis.com/O1JpcwDW8sjYuddV/arcgis/rest/services/Traffic_Signal_Locations_TDA/FeatureServer/0/query?where=COUNTY%3D%27Miami-Dade%27&outFields=SIGNALID%2CCOUNTY%2CRDWYID%2CDISTRICT%2CMAINTAGC%2CSDESTRET%2CCNTLRDES%2CSIGNALNC&returnGeometry=true&outSR=4326&f=json
2186,87030000,Miami-Dade,6,MIAMI-DADE,SW 37 AVE,N/A,N/A,25.732678,-80.253845,FDOT Traffic Signal Locations TDA,https://services1.arcgis.com/O1JpcwDW8sjYuddV/arcgis/rest/services/Traffic_Signal_Locations_TDA/FeatureServer/0,https://services1.arcgis.com/O1JpcwDW8sjYuddV/arcgis/rest/services/Traffic_Signal_Locations_TDA/FeatureServer/0/query?where=COUNTY%3D%27Miami-Dade%27&outFields=SIGNALID%2CCOUNTY%2CRDWYID%2CDISTRICT%2CMAINTAGC%2CSDESTRET%2CCNTLRDES%2CSIGNALNC&returnGeometry=true&outSR=4326&f=json
2018,87170000,Miami-Dade,6,MIAMI-DADE,NE 6 AV,N/A,N/A,25.928534,-80.188369,FDOT Traffic Signal Locations TDA,https://services1.arcgis.com/O1JpcwDW8sjYuddV/arcgis/rest/services/Traffic_Signal_Locations_TDA/FeatureServer/0,https://services1.arcgis.com/O1JpcwDW8sjYuddV/arcgis/rest/services/Traffic_Signal_Locations_TDA/FeatureServer/0/query?where=COUNTY%3D%27Miami-Dade%27&outFields=SIGNALID%2CCOUNTY%2CRDWYID%2CDISTRICT%2CMAINTAGC%2CSDESTRET%2CCNTLRDES%2CSIGNALNC&returnGeometry=true&outSR=4326&f=json
2026,87034000,Miami-Dade,6,MIAMI-DADE,N/A,N/A,N/A,25.933186,-80.188465,FDOT Traffic Signal Locations TDA,https://services1.arcgis.com/O1JpcwDW8sjYuddV/arcgis/rest/services/Traffic_Signal_Locations_TDA/FeatureServer/0,https://services1.arcgis.com/O1JpcwDW8sjYuddV/arcgis/rest/services/Traffic_Signal_Locations_TDA/FeatureServer/0/query?where=COUNTY%3D%27Miami-Dade%27&outFields=SIGNALID%2CCOUNTY%2CRDWYID%2CDISTRICT%2CMAINTAGC%2CSDESTRET%2CCNTLRDES%2CSIGNALNC&returnGeometry=true&outSR=4326&f=json
5212,87260524,Miami-Dade,6,MIAMI-DADE,NW 154 ST,N/A,N/A,25.9133,-80.328004,FDOT Traffic Signal Locations TDA,https://services1.arcgis.com/O1JpcwDW8sjYuddV/arcgis/rest/services/Traffic_Signal_Locations_TDA/FeatureServer/0,https://services1.arcgis.com/O1JpcwDW8sjYuddV/arcgis/rest/services/Traffic_Signal_Locations_TDA/FeatureServer/0/query?where=COUNTY%3D%27Miami-Dade%27&outFields=SIGNALID%2CCOUNTY%2CRDWYID%2CDISTRICT%2CMAINTAGC%2CSDESTRET%2CCNTLRDES%2CSIGNALNC&returnGeometry=true&outSR=4326&f=json
3689,87240000,Miami-Dade,6,MIAMI-DADE,NW 110 ST,N/A,N/A,25.874155,-80.242668,FDOT Traffic Signal Locations TDA,https://services1.arcgis.com/O1JpcwDW8sjYuddV/arcgis/rest/services/Traffic_Signal_Locations_TDA/FeatureServer/0,https://services1.arcgis.com/O1JpcwDW8sjYuddV/arcgis/rest/services/Traffic_Signal_Locations_TDA/FeatureServer/0/query?where=COUNTY%3D%27Miami-Dade%27&outFields=SIGNALID%2CCOUNTY%2CRDWYID%2CDISTRICT%2CMAINTAGC%2CSDESTRET%2CCNTLRDES%2CSIGNALNC&returnGeometry=true&outSR=4326&f=json
3351,87015000,Miami-Dade,6,MIAMI-DADE,OLD CUTLER RD,N/A,N/A,25.562939,-80.372192,FDOT Traffic Signal Locations TDA,https://services1.arcgis.com/O1JpcwDW8sjYuddV/arcgis/rest/services/Traffic_Signal_Locations_TDA/FeatureServer/0,https://services1.arcgis.com/O1JpcwDW8sjYuddV/arcgis/rest/services/Traffic_Signal_Locations_TDA/FeatureServer/0/query?where=COUNTY%3D%27Miami-Dade%27&outFields=SIGNALID%2CCOUNTY%2CRDWYID%2CDISTRICT%2CMAINTAGC%2CSDESTRET%2CCNTLRDES%2CSIGNALNC&returnGeometry=true&outSR=4326&f=json
7597,87120000,Miami-Dade,6,MIAMI-DADE,N/A,N/A,N/A,25.765688,-80.220551,FDOT Traffic Signal Locations TDA,https://services1.arcgis.com/O1JpcwDW8sjYuddV/arcgis/rest/services/Traffic_Signal_Locations_TDA/FeatureServer/0,https://services1.arcgis.com/O1JpcwDW8sjYuddV/arcgis/rest/services/Traffic_Signal_Locations_TDA/FeatureServer/0/query?where=COUNTY%3D%27Miami-Dade%27&outFields=SIGNALID%2CCOUNTY%2CRDWYID%2CDISTRICT%2CMAINTAGC%2CSDESTRET%2CCNTLRDES%2CSIGNALNC&returnGeometry=true&outSR=4326&f=json
3078,87038000,Miami-Dade,6,MIAMI-DADE,NW 67 AV/W 12 AV,N/A,N/A,25.866554,-80.306984,FDOT Traffic Signal Locations TDA,https://services1.arcgis.com/O1JpcwDW8sjYuddV/arcgis/rest/services/Traffic_Signal_Locations_TDA/FeatureServer/0,https://services1.arcgis.com/O1JpcwDW8sjYuddV/arcgis/rest/services/Traffic_Signal_Locations_TDA/FeatureServer/0/query?where=COUNTY%3D%27Miami-Dade%27&outFields=SIGNALID%2CCOUNTY%2CRDWYID%2CDISTRICT%2CMAINTAGC%2CSDESTRET%2CCNTLRDES%2CSIGNALNC&returnGeometry=true&outSR=4326&f=json
5262,87020000,Miami-Dade,6,MIAMI-DADE,SW 280 ST,N/A,N/A,25.506688,-80.43898,FDOT Traffic Signal Locations TDA,https://services1.arcgis.com/O1JpcwDW8sjYuddV/arcgis/rest/services/Traffic_Signal_Locations_TDA/FeatureServer/0,https://services1.arcgis.com/O1JpcwDW8sjYuddV/arcgis/rest/services/Traffic_Signal_Locations_TDA/FeatureServer/0/query?where=COUNTY%3D%27Miami-Dade%27&outFields=SIGNALID%2CCOUNTY%2CRDWYID%2CDISTRICT%2CMAINTAGC%2CSDESTRET%2CCNTLRDES%2CSIGNALNC&returnGeometry=true&outSR=4326&f=json
2712,87060001,Miami-Dade,6,MIAMI-DADE,75 ST,N/A,N/A,25.860688,-80.12217,FDOT Traffic Signal Locations TDA,https://services1.arcgis.com/O1JpcwDW8sjYuddV/arcgis/rest/services/Traffic_Signal_Locations_TDA/FeatureServer/0,https://services1.arcgis.com/O1JpcwDW8sjYuddV/arcgis/rest/services/Traffic_Signal_Locations_TDA/FeatureServer/0/query?where=COUNTY%3D%27Miami-Dade%27&outFields=SIGNALID%2CCOUNTY%2CRDWYID%2CDISTRICT%2CMAINTAGC%2CSDESTRET%2CCNTLRDES%2CSIGNALNC&returnGeometry=true&outSR=4326&f=json
4767,87170000,Miami-Dade,6,MIAMI-DADE,NE 2 AVE,N/A,N/A,25.928194,-80.196396,FDOT Traffic Signal Locations TDA,https://services1.arcgis.com/O1JpcwDW8sjYuddV/arcgis/rest/services/Traffic_Signal_Locations_TDA/FeatureServer/0,https://services1.arcgis.com/O1JpcwDW8sjYuddV/arcgis/rest/services/Traffic_Signal_Locations_TDA/FeatureServer/0/query?where=COUNTY%3D%27Miami-Dade%27&outFields=SIGNALID%2CCOUNTY%2CRDWYID%2CDISTRICT%2CMAINTAGC%2CSDESTRET%2CCNTLRDES%2CSIGNALNC&returnGeometry=true&outSR=4326&f=json
4056,87260600,Miami-Dade,6,MIAMI-DADE,SR 817/NW 27 AVE,N/A,02,25.926062,-80.244595,FDOT Traffic Signal Locations TDA,https://services1.arcgis.com/O1JpcwDW8sjYuddV/arcgis/rest/services/Traffic_Signal_Locations_TDA/FeatureServer/0,https://services1.arcgis.com/O1JpcwDW8sjYuddV/arcgis/rest/services/Traffic_Signal_Locations_TDA/FeatureServer/0/query?where=COUNTY%3D%27Miami-Dade%27&outFields=SIGNALID%2CCOUNTY%2CRDWYID%2CDISTRICT%2CMAINTAGC%2CSDESTRET%2CCNTLRDES%2CSIGNALNC&returnGeometry=true&outSR=4326&f=json
3956,87055000,Miami-Dade,6,MIAMI-DADE,SNAPPER CREEK RD,N/A,N/A,25.701102,-80.364536,FDOT Traffic Signal Locations TDA,https://services1.arcgis.com/O1JpcwDW8sjYuddV/arcgis/rest/services/Traffic_Signal_Locations_TDA/FeatureServer/0,https://services1.arcgis.com/O1JpcwDW8sjYuddV/arcgis/rest/services/Traffic_Signal_Locations_TDA/FeatureServer/0/query?where=COUNTY%3D%27Miami-Dade%27&outFields=SIGNALID%2CCOUNTY%2CRDWYID%2CDISTRICT%2CMAINTAGC%2CSDESTRET%2CCNTLRDES%2CSIGNALNC&returnGeometry=true&outSR=4326&f=json
2381,87030000,Miami-Dade,6,MIAMI-DADE,NE 15 ST,N/A,N/A,25.789611,-80.189079,FDOT Traffic Signal Locations TDA,https://services1.arcgis.com/O1JpcwDW8sjYuddV/arcgis/rest/services/Traffic_Signal_Locations_TDA/FeatureServer/0,https://services1.arcgis.com/O1JpcwDW8sjYuddV/arcgis/rest/services/Traffic_Signal_Locations_TDA/FeatureServer/0/query?where=COUNTY%3D%27Miami-Dade%27&outFields=SIGNALID%2CCOUNTY%2CRDWYID%2CDISTRICT%2CMAINTAGC%2CSDESTRET%2CCNTLRDES%2CSIGNALNC&returnGeometry=true&outSR=4326&f=json
3937,87015000,Miami-Dade,6,MIAMI-DADE,SW 216 ST,N/A,N/A,25.566668,-80.372217,FDOT Traffic Signal Locations TDA,https://services1.arcgis.com/O1JpcwDW8sjYuddV/arcgis/rest/services/Traffic_Signal_Locations_TDA/FeatureServer/0,https://services1.arcgis.com/O1JpcwDW8sjYuddV/arcgis/rest/services/Traffic_Signal_Locations_TDA/FeatureServer/0/query?where=COUNTY%3D%27Miami-Dade%27&outFields=SIGNALID%2CCOUNTY%2CRDWYID%2CDISTRICT%2CMAINTAGC%2CSDESTRET%2CCNTLRDES%2CSIGNALNC&returnGeometry=true&outSR=4326&f=json
4560,87072000,Miami-Dade,6,MIAMI-DADE,SW 4 ST,N/A,N/A,25.764786,-80.368634,FDOT Traffic Signal Locations TDA,https://services1.arcgis.com/O1JpcwDW8sjYuddV/arcgis/rest/services/Traffic_Signal_Locations_TDA/FeatureServer/0,https://services1.arcgis.com/O1JpcwDW8sjYuddV/arcgis/rest/services/Traffic_Signal_Locations_TDA/FeatureServer/0/query?where=COUNTY%3D%27Miami-Dade%27&outFields=SIGNALID%2CCOUNTY%2CRDWYID%2CDISTRICT%2CMAINTAGC%2CSDESTRET%2CCNTLRDES%2CSIGNALNC&returnGeometry=true&outSR=4326&f=json
2962,87047000,Miami-Dade,6,MIAMI-DADE,SW 24 ST,N/A,N/A,25.747434,-80.33559,FDOT Traffic Signal Locations TDA,https://services1.arcgis.com/O1JpcwDW8sjYuddV/arcgis/rest/services/Traffic_Signal_Locations_TDA/FeatureServer/0,https://services1.arcgis.com/O1JpcwDW8sjYuddV/arcgis/rest/services/Traffic_Signal_Locations_TDA/FeatureServer/0/query?where=COUNTY%3D%27Miami-Dade%27&outFields=SIGNALID%2CCOUNTY%2CRDWYID%2CDISTRICT%2CMAINTAGC%2CSDESTRET%2CCNTLRDES%2CSIGNALNC&returnGeometry=true&outSR=4326&f=json
5253,87170000,Miami-Dade,6,MIAMI-DADE,COLLINS AV/A1A,N/A,02,25.929858,-80.12214,FDOT Traffic Signal Locations TDA,https://services1.arcgis.com/O1JpcwDW8sjYuddV/arcgis/rest/services/Traffic_Signal_Locations_TDA/FeatureServer/0,https://services1.arcgis.com/O1JpcwDW8sjYuddV/arcgis/rest/services/Traffic_Signal_Locations_TDA/FeatureServer/0/query?where=COUNTY%3D%27Miami-Dade%27&outFields=SIGNALID%2CCOUNTY%2CRDWYID%2CDISTRICT%2CMAINTAGC%2CSDESTRET%2CCNTLRDES%2CSIGNALNC&returnGeometry=true&outSR=4326&f=json
4702,87047000,Miami-Dade,6,MIAMI-DADE,SW 128 ST,N/A,N/A,25.651254,-80.334394,FDOT Traffic Signal Locations TDA,https://services1.arcgis.com/O1JpcwDW8sjYuddV/arcgis/rest/services/Traffic_Signal_Locations_TDA/FeatureServer/0,https://services1.arcgis.com/O1JpcwDW8sjYuddV/arcgis/rest/services/Traffic_Signal_Locations_TDA/FeatureServer/0/query?where=COUNTY%3D%27Miami-Dade%27&outFields=SIGNALID%2CCOUNTY%2CRDWYID%2CDISTRICT%2CMAINTAGC%2CSDESTRET%2CCNTLRDES%2CSIGNALNC&returnGeometry=true&outSR=4326&f=json
2202,87053003,Miami-Dade,6,MIAMI-DADE,W 22 AVE,N/A,N/A,25.77258,-80.230991,FDOT Traffic Signal Locations TDA,https://services1.arcgis.com/O1JpcwDW8sjYuddV/arcgis/rest/services/Traffic_Signal_Locations_TDA/FeatureServer/0,https://services1.arcgis.com/O1JpcwDW8sjYuddV/arcgis/rest/services/Traffic_Signal_Locations_TDA/FeatureServer/0/query?where=COUNTY%3D%27Miami-Dade%27&outFields=SIGNALID%2CCOUNTY%2CRDWYID%2CDISTRICT%2CMAINTAGC%2CSDESTRET%2CCNTLRDES%2CSIGNALNC&returnGeometry=true&outSR=4326&f=json
3390,87060000,Miami-Dade,6,MIAMI-DADE,N/A,N/A,N/A,25.888092,-80.123524,FDOT Traffic Signal Locations TDA,https://services1.arcgis.com/O1JpcwDW8sjYuddV/arcgis/rest/services/Traffic_Signal_Locations_TDA/FeatureServer/0,https://services1.arcgis.com/O1JpcwDW8sjYuddV/arcgis/rest/services/Traffic_Signal_Locations_TDA/FeatureServer/0/query?where=COUNTY%3D%27Miami-Dade%27&outFields=SIGNALID%2CCOUNTY%2CRDWYID%2CDISTRICT%2CMAINTAGC%2CSDESTRET%2CCNTLRDES%2CSIGNALNC&returnGeometry=true&outSR=4326&f=json
4712,87020000,Miami-Dade,6,MIAMI-DADE,SW 184 ST,N/A,N/A,25.59861,-80.354096,FDOT Traffic Signal Locations TDA,https://services1.arcgis.com/O1JpcwDW8sjYuddV/arcgis/rest/services/Traffic_Signal_Locations_TDA/FeatureServer/0,https://services1.arcgis.com/O1JpcwDW8sjYuddV/arcgis/rest/services/Traffic_Signal_Locations_TDA/FeatureServer/0/query?where=COUNTY%3D%27Miami-Dade%27&outFields=SIGNALID%2CCOUNTY%2CRDWYID%2CDISTRICT%2CMAINTAGC%2CSDESTRET%2CCNTLRDES%2CSIGNALNC&returnGeometry=true&outSR=4326&f=json
4733,87060000,Miami-Dade,6,MIAMI-DADE,170 ST,N/A,N/A,25.933967,-80.121696,FDOT Traffic Signal Locations TDA,https://services1.arcgis.com/O1JpcwDW8sjYuddV/arcgis/rest/services/Traffic_Signal_Locations_TDA/FeatureServer/0,https://services1.arcgis.com/O1JpcwDW8sjYuddV/arcgis/rest/services/Traffic_Signal_Locations_TDA/FeatureServer/0/query?where=COUNTY%3D%27Miami-Dade%27&outFields=SIGNALID%2CCOUNTY%2CRDWYID%2CDISTRICT%2CMAINTAGC%2CSDESTRET%2CCNTLRDES%2CSIGNALNC&returnGeometry=true&outSR=4326&f=json
4411,87090000,Miami-Dade,6,MIAMI-DADE,W 8 AV/ANTONIO MACHA,N/A,N/A,25.835747,-80.298045,FDOT Traffic Signal Locations TDA,https://services1.arcgis.com/O1JpcwDW8sjYuddV/arcgis/rest/services/Traffic_Signal_Locations_TDA/FeatureServer/0,https://services1.arcgis.com/O1JpcwDW8sjYuddV/arcgis/rest/services/Traffic_Signal_Locations_TDA/FeatureServer/0/query?where=COUNTY%3D%27Miami-Dade%27&outFields=SIGNALID%2CCOUNTY%2CRDWYID%2CDISTRICT%2CMAINTAGC%2CSDESTRET%2CCNTLRDES%2CSIGNALNC&returnGeometry=true&outSR=4326&f=json
3837,87240000,Miami-Dade,6,MIAMI-DADE,NW 65 ST,N/A,N/A,25.833405,-80.241151,FDOT Traffic Signal Locations TDA,https://services1.arcgis.com/O1JpcwDW8sjYuddV/arcgis/rest/services/Traffic_Signal_Locations_TDA/FeatureServer/0,https://services1.arcgis.com/O1JpcwDW8sjYuddV/arcgis/rest/services/Traffic_Signal_Locations_TDA/FeatureServer/0/query?where=COUNTY%3D%27Miami-Dade%27&outFields=SIGNALID%2CCOUNTY%2CRDWYID%2CDISTRICT%2CMAINTAGC%2CSDESTRET%2CCNTLRDES%2CSIGNALNC&returnGeometry=true&outSR=4326&f=json
2262,87085000,Miami-Dade,6,MIAMI-DADE,SR 972 / CORAL WAY,N/A,02,25.751253,-80.214206,FDOT Traffic Signal Locations TDA,https://services1.arcgis.com/O1JpcwDW8sjYuddV/arcgis/rest/services/Traffic_Signal_Locations_TDA/FeatureServer/0,https://services1.arcgis.com/O1JpcwDW8sjYuddV/arcgis/rest/services/Traffic_Signal_Locations_TDA/FeatureServer/0/query?where=COUNTY%3D%27Miami-Dade%27&outFields=SIGNALID%2CCOUNTY%2CRDWYID%2CDISTRICT%2CMAINTAGC%2CSDESTRET%2CCNTLRDES%2CSIGNALNC&returnGeometry=true&outSR=4326&f=json
2244,87120000,Miami-Dade,6,MIAMI-DADE,S MIAMI AVE,N/A,N/A,25.766412,-80.19333,FDOT Traffic Signal Locations TDA,https://services1.arcgis.com/O1JpcwDW8sjYuddV/arcgis/rest/services/Traffic_Signal_Locations_TDA/FeatureServer/0,https://services1.arcgis.com/O1JpcwDW8sjYuddV/arcgis/rest/services/Traffic_Signal_Locations_TDA/FeatureServer/0/query?where=COUNTY%3D%27Miami-Dade%27&outFields=SIGNALID%2CCOUNTY%2CRDWYID%2CDISTRICT%2CMAINTAGC%2CSDESTRET%2CCNTLRDES%2CSIGNALNC&returnGeometry=true&outSR=4326&f=json
3048,87090000,Miami-Dade,6,MIAMI-DADE,SR 948/NW 36 ST,N/A,N/A,25.808525,-80.259714,FDOT Traffic Signal Locations TDA,https://services1.arcgis.com/O1JpcwDW8sjYuddV/arcgis/rest/services/Traffic_Signal_Locations_TDA/FeatureServer/0,https://services1.arcgis.com/O1JpcwDW8sjYuddV/arcgis/rest/services/Traffic_Signal_Locations_TDA/FeatureServer/0/query?where=COUNTY%3D%27Miami-Dade%27&outFields=SIGNALID%2CCOUNTY%2CRDWYID%2CDISTRICT%2CMAINTAGC%2CSDESTRET%2CCNTLRDES%2CSIGNALNC&returnGeometry=true&outSR=4326&f=json
4693,87080900,Miami-Dade,6,MIAMI-DADE,NW 31 AVE,N/A,N/A,25.845748,-80.248262,FDOT Traffic Signal Locations TDA,https://services1.arcgis.com/O1JpcwDW8sjYuddV/arcgis/rest/services/Traffic_Signal_Locations_TDA/FeatureServer/0,https://services1.arcgis.com/O1JpcwDW8sjYuddV/arcgis/rest/services/Traffic_Signal_Locations_TDA/FeatureServer/0/query?where=COUNTY%3D%27Miami-Dade%27&outFields=SIGNALID%2CCOUNTY%2CRDWYID%2CDISTRICT%2CMAINTAGC%2CSDESTRET%2CCNTLRDES%2CSIGNALNC&returnGeometry=true&outSR=4326&f=json
5426,87002000,Miami-Dade,6,MIAMI-DADE,NW 199 ST,N/A,N/A,25.953545,-80.294395,FDOT Traffic Signal Locations TDA,https://services1.arcgis.com/O1JpcwDW8sjYuddV/arcgis/rest/services/Traffic_Signal_Locations_TDA/FeatureServer/0,https://services1.arcgis.com/O1JpcwDW8sjYuddV/arcgis/rest/services/Traffic_Signal_Locations_TDA/FeatureServer/0/query?where=COUNTY%3D%27Miami-Dade%27&outFields=SIGNALID%2CCOUNTY%2CRDWYID%2CDISTRICT%2CMAINTAGC%2CSDESTRET%2CCNTLRDES%2CSIGNALNC&returnGeometry=true&outSR=4326&f=json
3132,87190000,Miami-Dade,6,MIAMI-DADE,N/A,N/A,N/A,25.905889,-80.172613,FDOT Traffic Signal Locations TDA,https://services1.arcgis.com/O1JpcwDW8sjYuddV/arcgis/rest/services/Traffic_Signal_Locations_TDA/FeatureServer/0,https://services1.arcgis.com/O1JpcwDW8sjYuddV/arcgis/rest/services/Traffic_Signal_Locations_TDA/FeatureServer/0/query?where=COUNTY%3D%27Miami-Dade%27&outFields=SIGNALID%2CCOUNTY%2CRDWYID%2CDISTRICT%2CMAINTAGC%2CSDESTRET%2CCNTLRDES%2CSIGNALNC&returnGeometry=true&outSR=4326&f=json
3327,87120000,Miami-Dade,6,MIAMI-DADE,SW 4 AVE,N/A,N/A,25.766201,-80.20066,FDOT Traffic Signal Locations TDA,https://services1.arcgis.com/O1JpcwDW8sjYuddV/arcgis/rest/services/Traffic_Signal_Locations_TDA/FeatureServer/0,https://services1.arcgis.com/O1JpcwDW8sjYuddV/arcgis/rest/services/Traffic_Signal_Locations_TDA/FeatureServer/0/query?where=COUNTY%3D%27Miami-Dade%27&outFields=SIGNALID%2CCOUNTY%2CRDWYID%2CDISTRICT%2CMAINTAGC%2CSDESTRET%2CCNTLRDES%2CSIGNALNC&returnGeometry=true&outSR=4326&f=json
16.857,87120000,Miami-Dade,6,MIAMI-DADE,N/A,N/A,N/A,25.765946,-80.210942,FDOT Traffic Signal Locations TDA,https://services1.arcgis.com/O1JpcwDW8sjYuddV/arcgis/rest/services/Traffic_Signal_Locations_TDA/FeatureServer/0,https://services1.arcgis.com/O1JpcwDW8sjYuddV/arcgis/rest/services/Traffic_Signal_Locations_TDA/FeatureServer/0/query?where=COUNTY%3D%27Miami-Dade%27&outFields=SIGNALID%2CCOUNTY%2CRDWYID%2CDISTRICT%2CMAINTAGC%2CSDESTRET%2CCNTLRDES%2CSIGNALNC&returnGeometry=true&outSR=4326&f=json
3723,87038000,Miami-Dade,6,MIAMI-DADE,W 16 AV,N/A,N/A,25.86654,-80.315013,FDOT Traffic Signal Locations TDA,https://services1.arcgis.com/O1JpcwDW8sjYuddV/arcgis/rest/services/Traffic_Signal_Locations_TDA/FeatureServer/0,https://services1.arcgis.com/O1JpcwDW8sjYuddV/arcgis/rest/services/Traffic_Signal_Locations_TDA/FeatureServer/0/query?where=COUNTY%3D%27Miami-Dade%27&outFields=SIGNALID%2CCOUNTY%2CRDWYID%2CDISTRICT%2CMAINTAGC%2CSDESTRET%2CCNTLRDES%2CSIGNALNC&returnGeometry=true&outSR=4326&f=json
4652,87001000,Miami-Dade,6,MIAMI-DADE,SW 142 AVE,N/A,N/A,25.685022,-80.424636,FDOT Traffic Signal Locations TDA,https://services1.arcgis.com/O1JpcwDW8sjYuddV/arcgis/rest/services/Traffic_Signal_Locations_TDA/FeatureServer/0,https://services1.arcgis.com/O1JpcwDW8sjYuddV/arcgis/rest/services/Traffic_Signal_Locations_TDA/FeatureServer/0/query?where=COUNTY%3D%27Miami-Dade%27&outFields=SIGNALID%2CCOUNTY%2CRDWYID%2CDISTRICT%2CMAINTAGC%2CSDESTRET%2CCNTLRDES%2CSIGNALNC&returnGeometry=true&outSR=4326&f=json
3917,87038000,Miami-Dade,6,MIAMI-DADE,NW 77 AVE,N/A,N/A,25.866649,-80.323392,FDOT Traffic Signal Locations TDA,https://services1.arcgis.com/O1JpcwDW8sjYuddV/arcgis/rest/services/Traffic_Signal_Locations_TDA/FeatureServer/0,https://services1.arcgis.com/O1JpcwDW8sjYuddV/arcgis/rest/services/Traffic_Signal_Locations_TDA/FeatureServer/0/query?where=COUNTY%3D%27Miami-Dade%27&outFields=SIGNALID%2CCOUNTY%2CRDWYID%2CDISTRICT%2CMAINTAGC%2CSDESTRET%2CCNTLRDES%2CSIGNALNC&returnGeometry=true&outSR=4326&f=json
3992,87140000,Miami-Dade,6,MIAMI-DADE,NW 177 ST,N/A,N/A,25.937157,-80.204836,FDOT Traffic Signal Locations TDA,https://services1.arcgis.com/O1JpcwDW8sjYuddV/arcgis/rest/services/Traffic_Signal_Locations_TDA/FeatureServer/0,https://services1.arcgis.com/O1JpcwDW8sjYuddV/arcgis/rest/services/Traffic_Signal_Locations_TDA/FeatureServer/0/query?where=COUNTY%3D%27Miami-Dade%27&outFields=SIGNALID%2CCOUNTY%2CRDWYID%2CDISTRICT%2CMAINTAGC%2CSDESTRET%2CCNTLRDES%2CSIGNALNC&returnGeometry=true&outSR=4326&f=json
3908,87016000,Miami-Dade,6,MIAMI-DADE,N/A,N/A,N/A,25.813837,-80.128675,FDOT Traffic Signal Locations TDA,https://services1.arcgis.com/O1JpcwDW8sjYuddV/arcgis/rest/services/Traffic_Signal_Locations_TDA/FeatureServer/0,https://services1.arcgis.com/O1JpcwDW8sjYuddV/arcgis/rest/services/Traffic_Signal_Locations_TDA/FeatureServer/0/query?where=COUNTY%3D%27Miami-Dade%27&outFields=SIGNALID%2CCOUNTY%2CRDWYID%2CDISTRICT%2CMAINTAGC%2CSDESTRET%2CCNTLRDES%2CSIGNALNC&returnGeometry=true&outSR=4326&f=json
2073,87250000,Miami-Dade,6,MIAMI-DADE,NW 7 AVE,N/A,02,25.824958,-80.208165,FDOT Traffic Signal Locations TDA,https://services1.arcgis.com/O1JpcwDW8sjYuddV/arcgis/rest/services/Traffic_Signal_Locations_TDA/FeatureServer/0,https://services1.arcgis.com/O1JpcwDW8sjYuddV/arcgis/rest/services/Traffic_Signal_Locations_TDA/FeatureServer/0/query?where=COUNTY%3D%27Miami-Dade%27&outFields=SIGNALID%2CCOUNTY%2CRDWYID%2CDISTRICT%2CMAINTAGC%2CSDESTRET%2CCNTLRDES%2CSIGNALNC&returnGeometry=true&outSR=4326&f=json
3510,87026000,Miami-Dade,6,MIAMI-DADE,NE 14 AV,N/A,N/A,25.944712,-80.173163,FDOT Traffic Signal Locations TDA,https://services1.arcgis.com/O1JpcwDW8sjYuddV/arcgis/rest/services/Traffic_Signal_Locations_TDA/FeatureServer/0,https://services1.arcgis.com/O1JpcwDW8sjYuddV/arcgis/rest/services/Traffic_Signal_Locations_TDA/FeatureServer/0/query?where=COUNTY%3D%27Miami-Dade%27&outFields=SIGNALID%2CCOUNTY%2CRDWYID%2CDISTRICT%2CMAINTAGC%2CSDESTRET%2CCNTLRDES%2CSIGNALNC&returnGeometry=true&outSR=4326&f=json
4514,87038000,Miami-Dade,6,MIAMI-DADE,US 27/SR 25/OKEECHOB,N/A,02,25.867185,-80.34005,FDOT Traffic Signal Locations TDA,https://services1.arcgis.com/O1JpcwDW8sjYuddV/arcgis/rest/services/Traffic_Signal_Locations_TDA/FeatureServer/0,https://services1.arcgis.com/O1JpcwDW8sjYuddV/arcgis/rest/services/Traffic_Signal_Locations_TDA/FeatureServer/0/query?where=COUNTY%3D%27Miami-Dade%27&outFields=SIGNALID%2CCOUNTY%2CRDWYID%2CDISTRICT%2CMAINTAGC%2CSDESTRET%2CCNTLRDES%2CSIGNALNC&returnGeometry=true&outSR=4326&f=json
3113,87281000,Miami-Dade,6,MIAMI-DADE,N/A,N/A,N/A,25.756787,-80.262967,FDOT Traffic Signal Locations TDA,https://services1.arcgis.com/O1JpcwDW8sjYuddV/arcgis/rest/services/Traffic_Signal_Locations_TDA/FeatureServer/0,https://services1.arcgis.com/O1JpcwDW8sjYuddV/arcgis/rest/services/Traffic_Signal_Locations_TDA/FeatureServer/0/query?where=COUNTY%3D%27Miami-Dade%27&outFields=SIGNALID%2CCOUNTY%2CRDWYID%2CDISTRICT%2CMAINTAGC%2CSDESTRET%2CCNTLRDES%2CSIGNALNC&returnGeometry=true&outSR=4326&f=json
3784,87260525,Miami-Dade,6,MIAMI-DADE,NW 67 AVE,N/A,N/A,25.924442,-80.3094,FDOT Traffic Signal Locations TDA,https://services1.arcgis.com/O1JpcwDW8sjYuddV/arcgis/rest/services/Traffic_Signal_Locations_TDA/FeatureServer/0,https://services1.arcgis.com/O1JpcwDW8sjYuddV/arcgis/rest/services/Traffic_Signal_Locations_TDA/FeatureServer/0/query?where=COUNTY%3D%27Miami-Dade%27&outFields=SIGNALID%2CCOUNTY%2CRDWYID%2CDISTRICT%2CMAINTAGC%2CSDESTRET%2CCNTLRDES%2CSIGNALNC&returnGeometry=true&outSR=4326&f=json
3199,87030000,Miami-Dade,6,MIAMI-DADE,NE 108 ST,N/A,N/A,25.874784,-80.170276,FDOT Traffic Signal Locations TDA,https://services1.arcgis.com/O1JpcwDW8sjYuddV/arcgis/rest/services/Traffic_Signal_Locations_TDA/FeatureServer/0,https://services1.arcgis.com/O1JpcwDW8sjYuddV/arcgis/rest/services/Traffic_Signal_Locations_TDA/FeatureServer/0/query?where=COUNTY%3D%27Miami-Dade%27&outFields=SIGNALID%2CCOUNTY%2CRDWYID%2CDISTRICT%2CMAINTAGC%2CSDESTRET%2CCNTLRDES%2CSIGNALNC&returnGeometry=true&outSR=4326&f=json
2659,87060000,Miami-Dade,6,MIAMI-DADE,8 ST,N/A,N/A,25.778101,-80.132241,FDOT Traffic Signal Locations TDA,https://services1.arcgis.com/O1JpcwDW8sjYuddV/arcgis/rest/services/Traffic_Signal_Locations_TDA/FeatureServer/0,https://services1.arcgis.com/O1JpcwDW8sjYuddV/arcgis/rest/services/Traffic_Signal_Locations_TDA/FeatureServer/0/query?where=COUNTY%3D%27Miami-Dade%27&outFields=SIGNALID%2CCOUNTY%2CRDWYID%2CDISTRICT%2CMAINTAGC%2CSDESTRET%2CCNTLRDES%2CSIGNALNC&returnGeometry=true&outSR=4326&f=json
6480,87134000,Miami-Dade,6,MIAMI-DADE,SR836 EXT/NW 800 BLK,N/A,N/A,25.776564,-80.417156,FDOT Traffic Signal Locations TDA,https://services1.arcgis.com/O1JpcwDW8sjYuddV/arcgis/rest/services/Traffic_Signal_Locations_TDA/FeatureServer/0,https://services1.arcgis.com/O1JpcwDW8sjYuddV/arcgis/rest/services/Traffic_Signal_Locations_TDA/FeatureServer/0/query?where=COUNTY%3D%27Miami-Dade%27&outFields=SIGNALID%2CCOUNTY%2CRDWYID%2CDISTRICT%2CMAINTAGC%2CSDESTRET%2CCNTLRDES%2CSIGNALNC&returnGeometry=true&outSR=4326&f=json
3879,87120000,Miami-Dade,6,MIAMI-DADE,SW 112 AVE,N/A,N/A,25.761077,-80.376108,FDOT Traffic Signal Locations TDA,https://services1.arcgis.com/O1JpcwDW8sjYuddV/arcgis/rest/services/Traffic_Signal_Locations_TDA/FeatureServer/0,https://services1.arcgis.com/O1JpcwDW8sjYuddV/arcgis/rest/services/Traffic_Signal_Locations_TDA/FeatureServer/0/query?where=COUNTY%3D%27Miami-Dade%27&outFields=SIGNALID%2CCOUNTY%2CRDWYID%2CDISTRICT%2CMAINTAGC%2CSDESTRET%2CCNTLRDES%2CSIGNALNC&returnGeometry=true&outSR=4326&f=json
4110,87260000,Miami-Dade,6,MIAMI-DADE,NW 7AVE/4AVE/NW171ST,N/A,N/A,25.931113,-80.209107,FDOT Traffic Signal Locations TDA,https://services1.arcgis.com/O1JpcwDW8sjYuddV/arcgis/rest/services/Traffic_Signal_Locations_TDA/FeatureServer/0,https://services1.arcgis.com/O1JpcwDW8sjYuddV/arcgis/rest/services/Traffic_Signal_Locations_TDA/FeatureServer/0/query?where=COUNTY%3D%27Miami-Dade%27&outFields=SIGNALID%2CCOUNTY%2CRDWYID%2CDISTRICT%2CMAINTAGC%2CSDESTRET%2CCNTLRDES%2CSIGNALNC&returnGeometry=true&outSR=4326&f=json
5641,87012000,Miami-Dade,6,MIAMI-DADE,N/A,N/A,N/A,25.949834,-80.277975,FDOT Traffic Signal Locations TDA,https://services1.arcgis.com/O1JpcwDW8sjYuddV/arcgis/rest/services/Traffic_Signal_Locations_TDA/FeatureServer/0,https://services1.arcgis.com/O1JpcwDW8sjYuddV/arcgis/rest/services/Traffic_Signal_Locations_TDA/FeatureServer/0/query?where=COUNTY%3D%27Miami-Dade%27&outFields=SIGNALID%2CCOUNTY%2CRDWYID%2CDISTRICT%2CMAINTAGC%2CSDESTRET%2CCNTLRDES%2CSIGNALNC&returnGeometry=true&outSR=4326&f=json
2760,87080347,Miami-Dade,6,MIAMI-DADE,RUE VERSALLES,N/A,N/A,25.855765,-80.129674,FDOT Traffic Signal Locations TDA,https://services1.arcgis.com/O1JpcwDW8sjYuddV/arcgis/rest/services/Traffic_Signal_Locations_TDA/FeatureServer/0,https://services1.arcgis.com/O1JpcwDW8sjYuddV/arcgis/rest/services/Traffic_Signal_Locations_TDA/FeatureServer/0/query?where=COUNTY%3D%27Miami-Dade%27&outFields=SIGNALID%2CCOUNTY%2CRDWYID%2CDISTRICT%2CMAINTAGC%2CSDESTRET%2CCNTLRDES%2CSIGNALNC&returnGeometry=true&outSR=4326&f=json
2948,87044000,Miami-Dade,6,MIAMI-DADE,N/A,N/A,N/A,25.732622,-80.353098,FDOT Traffic Signal Locations TDA,https://services1.arcgis.com/O1JpcwDW8sjYuddV/arcgis/rest/services/Traffic_Signal_Locations_TDA/FeatureServer/0,https://services1.arcgis.com/O1JpcwDW8sjYuddV/arcgis/rest/services/Traffic_Signal_Locations_TDA/FeatureServer/0/query?where=COUNTY%3D%27Miami-Dade%27&outFields=SIGNALID%2CCOUNTY%2CRDWYID%2CDISTRICT%2CMAINTAGC%2CSDESTRET%2CCNTLRDES%2CSIGNALNC&returnGeometry=true&outSR=4326&f=json
2955,87020000,Miami-Dade,6,MIAMI-DADE,SR 992 / SW 152 ST,N/A,N/A,25.629027,-80.340928,FDOT Traffic Signal Locations TDA,https://services1.arcgis.com/O1JpcwDW8sjYuddV/arcgis/rest/services/Traffic_Signal_Locations_TDA/FeatureServer/0,https://services1.arcgis.com/O1JpcwDW8sjYuddV/arcgis/rest/services/Traffic_Signal_Locations_TDA/FeatureServer/0/query?where=COUNTY%3D%27Miami-Dade%27&outFields=SIGNALID%2CCOUNTY%2CRDWYID%2CDISTRICT%2CMAINTAGC%2CSDESTRET%2CCNTLRDES%2CSIGNALNC&returnGeometry=true&outSR=4326&f=json
2633,87120000,Miami-Dade,6,MIAMI-DADE,SW 67 AVE,N/A,N/A,25.763111,-80.303934,FDOT Traffic Signal Locations TDA,https://services1.arcgis.com/O1JpcwDW8sjYuddV/arcgis/rest/services/Traffic_Signal_Locations_TDA/FeatureServer/0,https://services1.arcgis.com/O1JpcwDW8sjYuddV/arcgis/rest/services/Traffic_Signal_Locations_TDA/FeatureServer/0/query?where=COUNTY%3D%27Miami-Dade%27&outFields=SIGNALID%2CCOUNTY%2CRDWYID%2CDISTRICT%2CMAINTAGC%2CSDESTRET%2CCNTLRDES%2CSIGNALNC&returnGeometry=true&outSR=4326&f=json
3520,87090000,Miami-Dade,6,MIAMI-DADE,W 12 AV/NW 74 ST,N/A,N/A,25.841715,-80.306087,FDOT Traffic Signal Locations TDA,https://services1.arcgis.com/O1JpcwDW8sjYuddV/arcgis/rest/services/Traffic_Signal_Locations_TDA/FeatureServer/0,https://services1.arcgis.com/O1JpcwDW8sjYuddV/arcgis/rest/services/Traffic_Signal_Locations_TDA/FeatureServer/0/query?where=COUNTY%3D%27Miami-Dade%27&outFields=SIGNALID%2CCOUNTY%2CRDWYID%2CDISTRICT%2CMAINTAGC%2CSDESTRET%2CCNTLRDES%2CSIGNALNC&returnGeometry=true&outSR=4326&f=json
3326,87120000,Miami-Dade,6,MIAMI-DADE,SW 3 AVE,N/A,N/A,25.766249,-80.199088,FDOT Traffic Signal Locations TDA,https://services1.arcgis.com/O1JpcwDW8sjYuddV/arcgis/rest/services/Traffic_Signal_Locations_TDA/FeatureServer/0,https://services1.arcgis.com/O1JpcwDW8sjYuddV/arcgis/rest/services/Traffic_Signal_Locations_TDA/FeatureServer/0/query?where=COUNTY%3D%27Miami-Dade%27&outFields=SIGNALID%2CCOUNTY%2CRDWYID%2CDISTRICT%2CMAINTAGC%2CSDESTRET%2CCNTLRDES%2CSIGNALNC&returnGeometry=true&outSR=4326&f=json
2756,87080000,Miami-Dade,6,MIAMI-DADE,RUE NOTRE DAME,N/A,N/A,25.854313,-80.13235,FDOT Traffic Signal Locations TDA,https://services1.arcgis.com/O1JpcwDW8sjYuddV/arcgis/rest/services/Traffic_Signal_Locations_TDA/FeatureServer/0,https://services1.arcgis.com/O1JpcwDW8sjYuddV/arcgis/rest/services/Traffic_Signal_Locations_TDA/FeatureServer/0/query?where=COUNTY%3D%27Miami-Dade%27&outFields=SIGNALID%2CCOUNTY%2CRDWYID%2CDISTRICT%2CMAINTAGC%2CSDESTRET%2CCNTLRDES%2CSIGNALNC&returnGeometry=true&outSR=4326&f=json
4350,87027000,Miami-Dade,6,MIAMI-DADE,NW 22 ST,N/A,N/A,25.793833,-80.312776,FDOT Traffic Signal Locations TDA,https://services1.arcgis.com/O1JpcwDW8sjYuddV/arcgis/rest/services/Traffic_Signal_Locations_TDA/FeatureServer/0,https://services1.arcgis.com/O1JpcwDW8sjYuddV/arcgis/rest/services/Traffic_Signal_Locations_TDA/FeatureServer/0/query?where=COUNTY%3D%27Miami-Dade%27&outFields=SIGNALID%2CCOUNTY%2CRDWYID%2CDISTRICT%2CMAINTAGC%2CSDESTRET%2CCNTLRDES%2CSIGNALNC&returnGeometry=true&outSR=4326&f=json
4680,87030000,Miami-Dade,6,MIAMI-DADE,SW 16 AVE,N/A,N/A,25.746494,-80.219751,FDOT Traffic Signal Locations TDA,https://services1.arcgis.com/O1JpcwDW8sjYuddV/arcgis/rest/services/Traffic_Signal_Locations_TDA/FeatureServer/0,https://services1.arcgis.com/O1JpcwDW8sjYuddV/arcgis/rest/services/Traffic_Signal_Locations_TDA/FeatureServer/0/query?where=COUNTY%3D%27Miami-Dade%27&outFields=SIGNALID%2CCOUNTY%2CRDWYID%2CDISTRICT%2CMAINTAGC%2CSDESTRET%2CCNTLRDES%2CSIGNALNC&returnGeometry=true&outSR=4326&f=json
2966,87044000,Miami-Dade,6,MIAMI-DADE,SR 985/SW 107 AV,N/A,02,25.732267,-80.367824,FDOT Traffic Signal Locations TDA,https://services1.arcgis.com/O1JpcwDW8sjYuddV/arcgis/rest/services/Traffic_Signal_Locations_TDA/FeatureServer/0,https://services1.arcgis.com/O1JpcwDW8sjYuddV/arcgis/rest/services/Traffic_Signal_Locations_TDA/FeatureServer/0/query?where=COUNTY%3D%27Miami-Dade%27&outFields=SIGNALID%2CCOUNTY%2CRDWYID%2CDISTRICT%2CMAINTAGC%2CSDESTRET%2CCNTLRDES%2CSIGNALNC&returnGeometry=true&outSR=4326&f=json
5304,87250000,Miami-Dade,6,MIAMI-DADE,N/A,N/A,N/A,25.824256,-80.23018,FDOT Traffic Signal Locations TDA,https://services1.arcgis.com/O1JpcwDW8sjYuddV/arcgis/rest/services/Traffic_Signal_Locations_TDA/FeatureServer/0,https://services1.arcgis.com/O1JpcwDW8sjYuddV/arcgis/rest/services/Traffic_Signal_Locations_TDA/FeatureServer/0/query?where=COUNTY%3D%27Miami-Dade%27&outFields=SIGNALID%2CCOUNTY%2CRDWYID%2CDISTRICT%2CMAINTAGC%2CSDESTRET%2CCNTLRDES%2CSIGNALNC&returnGeometry=true&outSR=4326&f=json
4112,87080900,Miami-Dade,6,MIAMI-DADE,E 1 AVE,N/A,N/A,25.840902,-80.280069,FDOT Traffic Signal Locations TDA,https://services1.arcgis.com/O1JpcwDW8sjYuddV/arcgis/rest/services/Traffic_Signal_Locations_TDA/FeatureServer/0,https://services1.arcgis.com/O1JpcwDW8sjYuddV/arcgis/rest/services/Traffic_Signal_Locations_TDA/FeatureServer/0/query?where=COUNTY%3D%27Miami-Dade%27&outFields=SIGNALID%2CCOUNTY%2CRDWYID%2CDISTRICT%2CMAINTAGC%2CSDESTRET%2CCNTLRDES%2CSIGNALNC&returnGeometry=true&outSR=4326&f=json
6121,87044000,Miami-Dade,6,MIAMI-DADE,SW 74 AV,N/A,N/A,25.733007,-80.315046,FDOT Traffic Signal Locations TDA,https://services1.arcgis.com/O1JpcwDW8sjYuddV/arcgis/rest/services/Traffic_Signal_Locations_TDA/FeatureServer/0,https://services1.arcgis.com/O1JpcwDW8sjYuddV/arcgis/rest/services/Traffic_Signal_Locations_TDA/FeatureServer/0/query?where=COUNTY%3D%27Miami-Dade%27&outFields=SIGNALID%2CCOUNTY%2CRDWYID%2CDISTRICT%2CMAINTAGC%2CSDESTRET%2CCNTLRDES%2CSIGNALNC&returnGeometry=true&outSR=4326&f=json
3829,87019000,Miami-Dade,6,MIAMI-DADE,NW 21000 BLK,N/A,N/A,25.967104,-80.246641,FDOT Traffic Signal Locations TDA,https://services1.arcgis.com/O1JpcwDW8sjYuddV/arcgis/rest/services/Traffic_Signal_Locations_TDA/FeatureServer/0,https://services1.arcgis.com/O1JpcwDW8sjYuddV/arcgis/rest/services/Traffic_Signal_Locations_TDA/FeatureServer/0/query?where=COUNTY%3D%27Miami-Dade%27&outFields=SIGNALID%2CCOUNTY%2CRDWYID%2CDISTRICT%2CMAINTAGC%2CSDESTRET%2CCNTLRDES%2CSIGNALNC&returnGeometry=true&outSR=4326&f=json
3712,87008000,Miami-Dade,6,MIAMI-DADE,NE 16 AVE,N/A,N/A,25.900272,-80.166493,FDOT Traffic Signal Locations TDA,https://services1.arcgis.com/O1JpcwDW8sjYuddV/arcgis/rest/services/Traffic_Signal_Locations_TDA/FeatureServer/0,https://services1.arcgis.com/O1JpcwDW8sjYuddV/arcgis/rest/services/Traffic_Signal_Locations_TDA/FeatureServer/0/query?where=COUNTY%3D%27Miami-Dade%27&outFields=SIGNALID%2CCOUNTY%2CRDWYID%2CDISTRICT%2CMAINTAGC%2CSDESTRET%2CCNTLRDES%2CSIGNALNC&returnGeometry=true&outSR=4326&f=json
5488,87090000,Miami-Dade,6,MIAMI-DADE,NW 105 WAY,N/A,N/A,25.869748,-80.343681,FDOT Traffic Signal Locations TDA,https://services1.arcgis.com/O1JpcwDW8sjYuddV/arcgis/rest/services/Traffic_Signal_Locations_TDA/FeatureServer/0,https://services1.arcgis.com/O1JpcwDW8sjYuddV/arcgis/rest/services/Traffic_Signal_Locations_TDA/FeatureServer/0/query?where=COUNTY%3D%27Miami-Dade%27&outFields=SIGNALID%2CCOUNTY%2CRDWYID%2CDISTRICT%2CMAINTAGC%2CSDESTRET%2CCNTLRDES%2CSIGNALNC&returnGeometry=true&outSR=4326&f=json
4238,87120000,Miami-Dade,6,MIAMI-DADE,ON/OFFRAMP SR821,N/A,N/A,25.760956,-80.382109,FDOT Traffic Signal Locations TDA,https://services1.arcgis.com/O1JpcwDW8sjYuddV/arcgis/rest/services/Traffic_Signal_Locations_TDA/FeatureServer/0,https://services1.arcgis.com/O1JpcwDW8sjYuddV/arcgis/rest/services/Traffic_Signal_Locations_TDA/FeatureServer/0/query?where=COUNTY%3D%27Miami-Dade%27&outFields=SIGNALID%2CCOUNTY%2CRDWYID%2CDISTRICT%2CMAINTAGC%2CSDESTRET%2CCNTLRDES%2CSIGNALNC&returnGeometry=true&outSR=4326&f=json
2495,87080900,Miami-Dade,6,MIAMI-DADE,NW 6 AVE,N/A,N/A,25.847123,-80.207349,FDOT Traffic Signal Locations TDA,https://services1.arcgis.com/O1JpcwDW8sjYuddV/arcgis/rest/services/Traffic_Signal_Locations_TDA/FeatureServer/0,https://services1.arcgis.com/O1JpcwDW8sjYuddV/arcgis/rest/services/Traffic_Signal_Locations_TDA/FeatureServer/0/query?where=COUNTY%3D%27Miami-Dade%27&outFields=SIGNALID%2CCOUNTY%2CRDWYID%2CDISTRICT%2CMAINTAGC%2CSDESTRET%2CCNTLRDES%2CSIGNALNC&returnGeometry=true&outSR=4326&f=json
2049,87140000,Miami-Dade,6,MIAMI-DADE,SR 25/US 27/NW 36 ST,N/A,02,25.810073,-80.207545,FDOT Traffic Signal Locations TDA,https://services1.arcgis.com/O1JpcwDW8sjYuddV/arcgis/rest/services/Traffic_Signal_Locations_TDA/FeatureServer/0,https://services1.arcgis.com/O1JpcwDW8sjYuddV/arcgis/rest/services/Traffic_Signal_Locations_TDA/FeatureServer/0/query?where=COUNTY%3D%27Miami-Dade%27&outFields=SIGNALID%2CCOUNTY%2CRDWYID%2CDISTRICT%2CMAINTAGC%2CSDESTRET%2CCNTLRDES%2CSIGNALNC&returnGeometry=true&outSR=4326&f=json
3570,87020000,Miami-Dade,6,MIAMI-DADE,NE 2 DR/SW 320 ST,N/A,N/A,25.469835,-80.471372,FDOT Traffic Signal Locations TDA,https://services1.arcgis.com/O1JpcwDW8sjYuddV/arcgis/rest/services/Traffic_Signal_Locations_TDA/FeatureServer/0,https://services1.arcgis.com/O1JpcwDW8sjYuddV/arcgis/rest/services/Traffic_Signal_Locations_TDA/FeatureServer/0/query?where=COUNTY%3D%27Miami-Dade%27&outFields=SIGNALID%2CCOUNTY%2CRDWYID%2CDISTRICT%2CMAINTAGC%2CSDESTRET%2CCNTLRDES%2CSIGNALNC&returnGeometry=true&outSR=4326&f=json
3152,87085000,Miami-Dade,6,MIAMI-DADE,NW 16 ST,N/A,N/A,25.790417,-80.214959,FDOT Traffic Signal Locations TDA,https://services1.arcgis.com/O1JpcwDW8sjYuddV/arcgis/rest/services/Traffic_Signal_Locations_TDA/FeatureServer/0,https://services1.arcgis.com/O1JpcwDW8sjYuddV/arcgis/rest/services/Traffic_Signal_Locations_TDA/FeatureServer/0/query?where=COUNTY%3D%27Miami-Dade%27&outFields=SIGNALID%2CCOUNTY%2CRDWYID%2CDISTRICT%2CMAINTAGC%2CSDESTRET%2CCNTLRDES%2CSIGNALNC&returnGeometry=true&outSR=4326&f=json
3302,87038000,Miami-Dade,6,MIAMI-DADE,NW 22 AV,N/A,N/A,25.868252,-80.234337,FDOT Traffic Signal Locations TDA,https://services1.arcgis.com/O1JpcwDW8sjYuddV/arcgis/rest/services/Traffic_Signal_Locations_TDA/FeatureServer/0,https://services1.arcgis.com/O1JpcwDW8sjYuddV/arcgis/rest/services/Traffic_Signal_Locations_TDA/FeatureServer/0/query?where=COUNTY%3D%27Miami-Dade%27&outFields=SIGNALID%2CCOUNTY%2CRDWYID%2CDISTRICT%2CMAINTAGC%2CSDESTRET%2CCNTLRDES%2CSIGNALNC&returnGeometry=true&outSR=4326&f=json
4214,87030000,Miami-Dade,6,MIAMI-DADE,SE 2 AVE/87030001END,N/A,N/A,25.770911,-80.18992,FDOT Traffic Signal Locations TDA,https://services1.arcgis.com/O1JpcwDW8sjYuddV/arcgis/rest/services/Traffic_Signal_Locations_TDA/FeatureServer/0,https://services1.arcgis.com/O1JpcwDW8sjYuddV/arcgis/rest/services/Traffic_Signal_Locations_TDA/FeatureServer/0/query?where=COUNTY%3D%27Miami-Dade%27&outFields=SIGNALID%2CCOUNTY%2CRDWYID%2CDISTRICT%2CMAINTAGC%2CSDESTRET%2CCNTLRDES%2CSIGNALNC&returnGeometry=true&outSR=4326&f=json
4700,87281000,Miami-Dade,6,MIAMI-DADE,E 43 ST,N/A,N/A,25.861609,-80.266619,FDOT Traffic Signal Locations TDA,https://services1.arcgis.com/O1JpcwDW8sjYuddV/arcgis/rest/services/Traffic_Signal_Locations_TDA/FeatureServer/0,https://services1.arcgis.com/O1JpcwDW8sjYuddV/arcgis/rest/services/Traffic_Signal_Locations_TDA/FeatureServer/0/query?where=COUNTY%3D%27Miami-Dade%27&outFields=SIGNALID%2CCOUNTY%2CRDWYID%2CDISTRICT%2CMAINTAGC%2CSDESTRET%2CCNTLRDES%2CSIGNALNC&returnGeometry=true&outSR=4326&f=json
5209,87008000,Miami-Dade,6,MIAMI-DADE,NW 19 AVE,N/A,N/A,25.897553,-80.231093,FDOT Traffic Signal Locations TDA,https://services1.arcgis.com/O1JpcwDW8sjYuddV/arcgis/rest/services/Traffic_Signal_Locations_TDA/FeatureServer/0,https://services1.arcgis.com/O1JpcwDW8sjYuddV/arcgis/rest/services/Traffic_Signal_Locations_TDA/FeatureServer/0/query?where=COUNTY%3D%27Miami-Dade%27&outFields=SIGNALID%2CCOUNTY%2CRDWYID%2CDISTRICT%2CMAINTAGC%2CSDESTRET%2CCNTLRDES%2CSIGNALNC&returnGeometry=true&outSR=4326&f=json
2483,87240000,Miami-Dade,6,MIAMI-DADE,NW 46 ST,N/A,N/A,25.816404,-80.240421,FDOT Traffic Signal Locations TDA,https://services1.arcgis.com/O1JpcwDW8sjYuddV/arcgis/rest/services/Traffic_Signal_Locations_TDA/FeatureServer/0,https://services1.arcgis.com/O1JpcwDW8sjYuddV/arcgis/rest/services/Traffic_Signal_Locations_TDA/FeatureServer/0/query?where=COUNTY%3D%27Miami-Dade%27&outFields=SIGNALID%2CCOUNTY%2CRDWYID%2CDISTRICT%2CMAINTAGC%2CSDESTRET%2CCNTLRDES%2CSIGNALNC&returnGeometry=true&outSR=4326&f=json
2936,87047000,Miami-Dade,6,MIAMI-DADE,N/A,N/A,N/A,25.660024,-80.334689,FDOT Traffic Signal Locations TDA,https://services1.arcgis.com/O1JpcwDW8sjYuddV/arcgis/rest/services/Traffic_Signal_Locations_TDA/FeatureServer/0,https://services1.arcgis.com/O1JpcwDW8sjYuddV/arcgis/rest/services/Traffic_Signal_Locations_TDA/FeatureServer/0/query?where=COUNTY%3D%27Miami-Dade%27&outFields=SIGNALID%2CCOUNTY%2CRDWYID%2CDISTRICT%2CMAINTAGC%2CSDESTRET%2CCNTLRDES%2CSIGNALNC&returnGeometry=true&outSR=4326&f=json
3872,87020000,Miami-Dade,6,MIAMI-DADE,MARLIN RD,N/A,N/A,25.589097,-80.359441,FDOT Traffic Signal Locations TDA,https://services1.arcgis.com/O1JpcwDW8sjYuddV/arcgis/rest/services/Traffic_Signal_Locations_TDA/FeatureServer/0,https://services1.arcgis.com/O1JpcwDW8sjYuddV/arcgis/rest/services/Traffic_Signal_Locations_TDA/FeatureServer/0/query?where=COUNTY%3D%27Miami-Dade%27&outFields=SIGNALID%2CCOUNTY%2CRDWYID%2CDISTRICT%2CMAINTAGC%2CSDESTRET%2CCNTLRDES%2CSIGNALNC&returnGeometry=true&outSR=4326&f=json
4679,87240000,Miami-Dade,6,MIAMI-DADE,SW 28 LN,N/A,N/A,25.740764,-80.237872,FDOT Traffic Signal Locations TDA,https://services1.arcgis.com/O1JpcwDW8sjYuddV/arcgis/rest/services/Traffic_Signal_Locations_TDA/FeatureServer/0,https://services1.arcgis.com/O1JpcwDW8sjYuddV/arcgis/rest/services/Traffic_Signal_Locations_TDA/FeatureServer/0/query?where=COUNTY%3D%27Miami-Dade%27&outFields=SIGNALID%2CCOUNTY%2CRDWYID%2CDISTRICT%2CMAINTAGC%2CSDESTRET%2CCNTLRDES%2CSIGNALNC&returnGeometry=true&outSR=4326&f=json
2119,87080000,Miami-Dade,6,MIAMI-DADE,US1/SR5/BISCAYNE BLV,N/A,02,25.847857,-80.184624,FDOT Traffic Signal Locations TDA,https://services1.arcgis.com/O1JpcwDW8sjYuddV/arcgis/rest/services/Traffic_Signal_Locations_TDA/FeatureServer/0,https://services1.arcgis.com/O1JpcwDW8sjYuddV/arcgis/rest/services/Traffic_Signal_Locations_TDA/FeatureServer/0/query?where=COUNTY%3D%27Miami-Dade%27&outFields=SIGNALID%2CCOUNTY%2CRDWYID%2CDISTRICT%2CMAINTAGC%2CSDESTRET%2CCNTLRDES%2CSIGNALNC&returnGeometry=true&outSR=4326&f=json
2691,87060000,Miami-Dade,6,MIAMI-DADE,69 ST,N/A,N/A,25.854086,-80.120409,FDOT Traffic Signal Locations TDA,https://services1.arcgis.com/O1JpcwDW8sjYuddV/arcgis/rest/services/Traffic_Signal_Locations_TDA/FeatureServer/0,https://services1.arcgis.com/O1JpcwDW8sjYuddV/arcgis/rest/services/Traffic_Signal_Locations_TDA/FeatureServer/0/query?where=COUNTY%3D%27Miami-Dade%27&outFields=SIGNALID%2CCOUNTY%2CRDWYID%2CDISTRICT%2CMAINTAGC%2CSDESTRET%2CCNTLRDES%2CSIGNALNC&returnGeometry=true&outSR=4326&f=json
3129,87038000,Miami-Dade,6,MIAMI-DADE,W 8 AV/NW 62 AV,N/A,N/A,25.866596,-80.298923,FDOT Traffic Signal Locations TDA,https://services1.arcgis.com/O1JpcwDW8sjYuddV/arcgis/rest/services/Traffic_Signal_Locations_TDA/FeatureServer/0,https://services1.arcgis.com/O1JpcwDW8sjYuddV/arcgis/rest/services/Traffic_Signal_Locations_TDA/FeatureServer/0/query?where=COUNTY%3D%27Miami-Dade%27&outFields=SIGNALID%2CCOUNTY%2CRDWYID%2CDISTRICT%2CMAINTAGC%2CSDESTRET%2CCNTLRDES%2CSIGNALNC&returnGeometry=true&outSR=4326&f=json
5744,87075702,Miami-Dade,6,MIAMI-DADE,W 20 AVE/W 84 ST,N/A,N/A,25.896925,-80.329828,FDOT Traffic Signal Locations TDA,https://services1.arcgis.com/O1JpcwDW8sjYuddV/arcgis/rest/services/Traffic_Signal_Locations_TDA/FeatureServer/0,https://services1.arcgis.com/O1JpcwDW8sjYuddV/arcgis/rest/services/Traffic_Signal_Locations_TDA/FeatureServer/0/query?where=COUNTY%3D%27Miami-Dade%27&outFields=SIGNALID%2CCOUNTY%2CRDWYID%2CDISTRICT%2CMAINTAGC%2CSDESTRET%2CCNTLRDES%2CSIGNALNC&returnGeometry=true&outSR=4326&f=json
2883,87250000,Miami-Dade,6,MIAMI-DADE,NW 37 AVE,N/A,N/A,25.82343,-80.256992,FDOT Traffic Signal Locations TDA,https://services1.arcgis.com/O1JpcwDW8sjYuddV/arcgis/rest/services/Traffic_Signal_Locations_TDA/FeatureServer/0,https://services1.arcgis.com/O1JpcwDW8sjYuddV/arcgis/rest/services/Traffic_Signal_Locations_TDA/FeatureServer/0/query?where=COUNTY%3D%27Miami-Dade%27&outFields=SIGNALID%2CCOUNTY%2CRDWYID%2CDISTRICT%2CMAINTAGC%2CSDESTRET%2CCNTLRDES%2CSIGNALNC&returnGeometry=true&outSR=4326&f=json
3518,87080001,Miami-Dade,6,MIAMI-DADE,N MIAMI AV,N/A,N/A,25.849691,-80.197012,FDOT Traffic Signal Locations TDA,https://services1.arcgis.com/O1JpcwDW8sjYuddV/arcgis/rest/services/Traffic_Signal_Locations_TDA/FeatureServer/0,https://services1.arcgis.com/O1JpcwDW8sjYuddV/arcgis/rest/services/Traffic_Signal_Locations_TDA/FeatureServer/0/query?where=COUNTY%3D%27Miami-Dade%27&outFields=SIGNALID%2CCOUNTY%2CRDWYID%2CDISTRICT%2CMAINTAGC%2CSDESTRET%2CCNTLRDES%2CSIGNALNC&returnGeometry=true&outSR=4326&f=json
5049,87020000,Miami-Dade,6,MIAMI-DADE,SW 232 ST,N/A,N/A,25.550912,-80.396664,FDOT Traffic Signal Locations TDA,https://services1.arcgis.com/O1JpcwDW8sjYuddV/arcgis/rest/services/Traffic_Signal_Locations_TDA/FeatureServer/0,https://services1.arcgis.com/O1JpcwDW8sjYuddV/arcgis/rest/services/Traffic_Signal_Locations_TDA/FeatureServer/0/query?where=COUNTY%3D%27Miami-Dade%27&outFields=SIGNALID%2CCOUNTY%2CRDWYID%2CDISTRICT%2CMAINTAGC%2CSDESTRET%2CCNTLRDES%2CSIGNALNC&returnGeometry=true&outSR=4326&f=json
4781,87080900,Miami-Dade,6,MIAMI-DADE,NW 12 AVE,N/A,N/A,25.846782,-80.217709,FDOT Traffic Signal Locations TDA,https://services1.arcgis.com/O1JpcwDW8sjYuddV/arcgis/rest/services/Traffic_Signal_Locations_TDA/FeatureServer/0,https://services1.arcgis.com/O1JpcwDW8sjYuddV/arcgis/rest/services/Traffic_Signal_Locations_TDA/FeatureServer/0/query?where=COUNTY%3D%27Miami-Dade%27&outFields=SIGNALID%2CCOUNTY%2CRDWYID%2CDISTRICT%2CMAINTAGC%2CSDESTRET%2CCNTLRDES%2CSIGNALNC&returnGeometry=true&outSR=4326&f=json
2535,87190000,Miami-Dade,6,MIAMI-DADE,GRIFFING BLVD,N/A,N/A,25.886897,-80.190629,FDOT Traffic Signal Locations TDA,https://services1.arcgis.com/O1JpcwDW8sjYuddV/arcgis/rest/services/Traffic_Signal_Locations_TDA/FeatureServer/0,https://services1.arcgis.com/O1JpcwDW8sjYuddV/arcgis/rest/services/Traffic_Signal_Locations_TDA/FeatureServer/0/query?where=COUNTY%3D%27Miami-Dade%27&outFields=SIGNALID%2CCOUNTY%2CRDWYID%2CDISTRICT%2CMAINTAGC%2CSDESTRET%2CCNTLRDES%2CSIGNALNC&returnGeometry=true&outSR=4326&f=json
2658,87060000,Miami-Dade,6,MIAMI-DADE,COLLINS AVE,N/A,N/A,25.77455,-80.133016,FDOT Traffic Signal Locations TDA,https://services1.arcgis.com/O1JpcwDW8sjYuddV/arcgis/rest/services/Traffic_Signal_Locations_TDA/FeatureServer/0,https://services1.arcgis.com/O1JpcwDW8sjYuddV/arcgis/rest/services/Traffic_Signal_Locations_TDA/FeatureServer/0/query?where=COUNTY%3D%27Miami-Dade%27&outFields=SIGNALID%2CCOUNTY%2CRDWYID%2CDISTRICT%2CMAINTAGC%2CSDESTRET%2CCNTLRDES%2CSIGNALNC&returnGeometry=true&outSR=4326&f=json
4510,87120000,Miami-Dade,6,MIAMI-DADE,SW 102 AVE,N/A,N/A,25.761394,-80.360434,FDOT Traffic Signal Locations TDA,https://services1.arcgis.com/O1JpcwDW8sjYuddV/arcgis/rest/services/Traffic_Signal_Locations_TDA/FeatureServer/0,https://services1.arcgis.com/O1JpcwDW8sjYuddV/arcgis/rest/services/Traffic_Signal_Locations_TDA/FeatureServer/0/query?where=COUNTY%3D%27Miami-Dade%27&outFields=SIGNALID%2CCOUNTY%2CRDWYID%2CDISTRICT%2CMAINTAGC%2CSDESTRET%2CCNTLRDES%2CSIGNALNC&returnGeometry=true&outSR=4326&f=json
3434,87040102,Miami-Dade,6,MIAMI-DADE,NW 5 ST,N/A,N/A,25.778763,-80.200171,FDOT Traffic Signal Locations TDA,https://services1.arcgis.com/O1JpcwDW8sjYuddV/arcgis/rest/services/Traffic_Signal_Locations_TDA/FeatureServer/0,https://services1.arcgis.com/O1JpcwDW8sjYuddV/arcgis/rest/services/Traffic_Signal_Locations_TDA/FeatureServer/0/query?where=COUNTY%3D%27Miami-Dade%27&outFields=SIGNALID%2CCOUNTY%2CRDWYID%2CDISTRICT%2CMAINTAGC%2CSDESTRET%2CCNTLRDES%2CSIGNALNC&returnGeometry=true&outSR=4326&f=json
2725,87080000,Miami-Dade,6,MIAMI-DADE,DICKENS AVE/INDIAN C,N/A,N/A,25.855996,-80.124936,FDOT Traffic Signal Locations TDA,https://services1.arcgis.com/O1JpcwDW8sjYuddV/arcgis/rest/services/Traffic_Signal_Locations_TDA/FeatureServer/0,https://services1.arcgis.com/O1JpcwDW8sjYuddV/arcgis/rest/services/Traffic_Signal_Locations_TDA/FeatureServer/0/query?where=COUNTY%3D%27Miami-Dade%27&outFields=SIGNALID%2CCOUNTY%2CRDWYID%2CDISTRICT%2CMAINTAGC%2CSDESTRET%2CCNTLRDES%2CSIGNALNC&returnGeometry=true&outSR=4326&f=json
2621,87030000,Miami-Dade,6,MIAMI-DADE,SW 42 AVE/LEJEUNE DR,N/A,02,25.726353,-80.261787,FDOT Traffic Signal Locations TDA,https://services1.arcgis.com/O1JpcwDW8sjYuddV/arcgis/rest/services/Traffic_Signal_Locations_TDA/FeatureServer/0,https://services1.arcgis.com/O1JpcwDW8sjYuddV/arcgis/rest/services/Traffic_Signal_Locations_TDA/FeatureServer/0/query?where=COUNTY%3D%27Miami-Dade%27&outFields=SIGNALID%2CCOUNTY%2CRDWYID%2CDISTRICT%2CMAINTAGC%2CSDESTRET%2CCNTLRDES%2CSIGNALNC&returnGeometry=true&outSR=4326&f=json
5987,87080001,Miami-Dade,6,MIAMI-DADE,NW 13 CT,N/A,N/A,25.846846,-80.220184,FDOT Traffic Signal Locations TDA,https://services1.arcgis.com/O1JpcwDW8sjYuddV/arcgis/rest/services/Traffic_Signal_Locations_TDA/FeatureServer/0,https://services1.arcgis.com/O1JpcwDW8sjYuddV/arcgis/rest/services/Traffic_Signal_Locations_TDA/FeatureServer/0/query?where=COUNTY%3D%27Miami-Dade%27&outFields=SIGNALID%2CCOUNTY%2CRDWYID%2CDISTRICT%2CMAINTAGC%2CSDESTRET%2CCNTLRDES%2CSIGNALNC&returnGeometry=true&outSR=4326&f=json
6970,87240000,Miami-Dade,6,MIAMI DADE,EB ON/OFF SR 836,N/A,N/A,25.784038,-80.239437,FDOT Traffic Signal Locations TDA,https://services1.arcgis.com/O1JpcwDW8sjYuddV/arcgis/rest/services/Traffic_Signal_Locations_TDA/FeatureServer/0,https://services1.arcgis.com/O1JpcwDW8sjYuddV/arcgis/rest/services/Traffic_Signal_Locations_TDA/FeatureServer/0/query?where=COUNTY%3D%27Miami-Dade%27&outFields=SIGNALID%2CCOUNTY%2CRDWYID%2CDISTRICT%2CMAINTAGC%2CSDESTRET%2CCNTLRDES%2CSIGNALNC&returnGeometry=true&outSR=4326&f=json
2620,87030000,Miami-Dade,6,MIAMI-DADE,GRAND AVE,N/A,N/A,25.727502,-80.260099,FDOT Traffic Signal Locations TDA,https://services1.arcgis.com/O1JpcwDW8sjYuddV/arcgis/rest/services/Traffic_Signal_Locations_TDA/FeatureServer/0,https://services1.arcgis.com/O1JpcwDW8sjYuddV/arcgis/rest/services/Traffic_Signal_Locations_TDA/FeatureServer/0/query?where=COUNTY%3D%27Miami-Dade%27&outFields=SIGNALID%2CCOUNTY%2CRDWYID%2CDISTRICT%2CMAINTAGC%2CSDESTRET%2CCNTLRDES%2CSIGNALNC&returnGeometry=true&outSR=4326&f=json
2010,87170000,Miami-Dade,6,MIAMI-DADE,US-1/SR 5/BISCAYNE B,N/A,02,25.926046,-80.153831,FDOT Traffic Signal Locations TDA,https://services1.arcgis.com/O1JpcwDW8sjYuddV/arcgis/rest/services/Traffic_Signal_Locations_TDA/FeatureServer/0,https://services1.arcgis.com/O1JpcwDW8sjYuddV/arcgis/rest/services/Traffic_Signal_Locations_TDA/FeatureServer/0/query?where=COUNTY%3D%27Miami-Dade%27&outFields=SIGNALID%2CCOUNTY%2CRDWYID%2CDISTRICT%2CMAINTAGC%2CSDESTRET%2CCNTLRDES%2CSIGNALNC&returnGeometry=true&outSR=4326&f=json
3280,87038000,Miami-Dade,6,MIAMI-DADE,W 6 AV,N/A,N/A,25.866599,-80.29503,FDOT Traffic Signal Locations TDA,https://services1.arcgis.com/O1JpcwDW8sjYuddV/arcgis/rest/services/Traffic_Signal_Locations_TDA/FeatureServer/0,https://services1.arcgis.com/O1JpcwDW8sjYuddV/arcgis/rest/services/Traffic_Signal_Locations_TDA/FeatureServer/0/query?where=COUNTY%3D%27Miami-Dade%27&outFields=SIGNALID%2CCOUNTY%2CRDWYID%2CDISTRICT%2CMAINTAGC%2CSDESTRET%2CCNTLRDES%2CSIGNALNC&returnGeometry=true&outSR=4326&f=json
5218,87001000,Miami-Dade,6,MIAMI-DADE,SW 147 AVE,N/A,N/A,25.684862,-80.429736,FDOT Traffic Signal Locations TDA,https://services1.arcgis.com/O1JpcwDW8sjYuddV/arcgis/rest/services/Traffic_Signal_Locations_TDA/FeatureServer/0,https://services1.arcgis.com/O1JpcwDW8sjYuddV/arcgis/rest/services/Traffic_Signal_Locations_TDA/FeatureServer/0/query?where=COUNTY%3D%27Miami-Dade%27&outFields=SIGNALID%2CCOUNTY%2CRDWYID%2CDISTRICT%2CMAINTAGC%2CSDESTRET%2CCNTLRDES%2CSIGNALNC&returnGeometry=true&outSR=4326&f=json
2689,87060000,Miami-Dade,6,MIAMI-DADE,SR 907/63 ST,N/A,02,25.844426,-80.120719,FDOT Traffic Signal Locations TDA,https://services1.arcgis.com/O1JpcwDW8sjYuddV/arcgis/rest/services/Traffic_Signal_Locations_TDA/FeatureServer/0,https://services1.arcgis.com/O1JpcwDW8sjYuddV/arcgis/rest/services/Traffic_Signal_Locations_TDA/FeatureServer/0/query?where=COUNTY%3D%27Miami-Dade%27&outFields=SIGNALID%2CCOUNTY%2CRDWYID%2CDISTRICT%2CMAINTAGC%2CSDESTRET%2CCNTLRDES%2CSIGNALNC&returnGeometry=true&outSR=4326&f=json
4655,87210000,Miami-Dade,6,MIAMI-DADE,US-1/BISCAYNE BLVD,N/A,02,25.955023,-80.146928,FDOT Traffic Signal Locations TDA,https://services1.arcgis.com/O1JpcwDW8sjYuddV/arcgis/rest/services/Traffic_Signal_Locations_TDA/FeatureServer/0,https://services1.arcgis.com/O1JpcwDW8sjYuddV/arcgis/rest/services/Traffic_Signal_Locations_TDA/FeatureServer/0/query?where=COUNTY%3D%27Miami-Dade%27&outFields=SIGNALID%2CCOUNTY%2CRDWYID%2CDISTRICT%2CMAINTAGC%2CSDESTRET%2CCNTLRDES%2CSIGNALNC&returnGeometry=true&outSR=4326&f=json
2885,87055000,Miami-Dade,6,MIAMI-DADE,SR 973 / SW 87 AVE,N/A,02,25.702253,-80.334146,FDOT Traffic Signal Locations TDA,https://services1.arcgis.com/O1JpcwDW8sjYuddV/arcgis/rest/services/Traffic_Signal_Locations_TDA/FeatureServer/0,https://services1.arcgis.com/O1JpcwDW8sjYuddV/arcgis/rest/services/Traffic_Signal_Locations_TDA/FeatureServer/0/query?where=COUNTY%3D%27Miami-Dade%27&outFields=SIGNALID%2CCOUNTY%2CRDWYID%2CDISTRICT%2CMAINTAGC%2CSDESTRET%2CCNTLRDES%2CSIGNALNC&returnGeometry=true&outSR=4326&f=json
3523,87044000,Miami-Dade,6,MIAMI-DADE,SR 826 SOUTH,N/A,N/A,25.732836,-80.31902,FDOT Traffic Signal Locations TDA,https://services1.arcgis.com/O1JpcwDW8sjYuddV/arcgis/rest/services/Traffic_Signal_Locations_TDA/FeatureServer/0,https://services1.arcgis.com/O1JpcwDW8sjYuddV/arcgis/rest/services/Traffic_Signal_Locations_TDA/FeatureServer/0/query?where=COUNTY%3D%27Miami-Dade%27&outFields=SIGNALID%2CCOUNTY%2CRDWYID%2CDISTRICT%2CMAINTAGC%2CSDESTRET%2CCNTLRDES%2CSIGNALNC&returnGeometry=true&outSR=4326&f=json
3970,87002000,Miami-Dade,6,MIAMI-DADE,W 71 ST,N/A,N/A,25.887215,-80.29145,FDOT Traffic Signal Locations TDA,https://services1.arcgis.com/O1JpcwDW8sjYuddV/arcgis/rest/services/Traffic_Signal_Locations_TDA/FeatureServer/0,https://services1.arcgis.com/O1JpcwDW8sjYuddV/arcgis/rest/services/Traffic_Signal_Locations_TDA/FeatureServer/0/query?where=COUNTY%3D%27Miami-Dade%27&outFields=SIGNALID%2CCOUNTY%2CRDWYID%2CDISTRICT%2CMAINTAGC%2CSDESTRET%2CCNTLRDES%2CSIGNALNC&returnGeometry=true&outSR=4326&f=json
2782,87016000,Miami-Dade,6,MIAMI-DADE,ROYAL PALM AV,N/A,N/A,25.81384,-80.129304,FDOT Traffic Signal Locations TDA,https://services1.arcgis.com/O1JpcwDW8sjYuddV/arcgis/rest/services/Traffic_Signal_Locations_TDA/FeatureServer/0,https://services1.arcgis.com/O1JpcwDW8sjYuddV/arcgis/rest/services/Traffic_Signal_Locations_TDA/FeatureServer/0/query?where=COUNTY%3D%27Miami-Dade%27&outFields=SIGNALID%2CCOUNTY%2CRDWYID%2CDISTRICT%2CMAINTAGC%2CSDESTRET%2CCNTLRDES%2CSIGNALNC&returnGeometry=true&outSR=4326&f=json
2966,87072000,Miami-Dade,6,MIAMI-DADE,SR 976/ SW 40 ST,N/A,02,25.732259,-80.367774,FDOT Traffic Signal Locations TDA,https://services1.arcgis.com/O1JpcwDW8sjYuddV/arcgis/rest/services/Traffic_Signal_Locations_TDA/FeatureServer/0,https://services1.arcgis.com/O1JpcwDW8sjYuddV/arcgis/rest/services/Traffic_Signal_Locations_TDA/FeatureServer/0/query?where=COUNTY%3D%27Miami-Dade%27&outFields=SIGNALID%2CCOUNTY%2CRDWYID%2CDISTRICT%2CMAINTAGC%2CSDESTRET%2CCNTLRDES%2CSIGNALNC&returnGeometry=true&outSR=4326&f=json
5299,87034000,Miami-Dade,6,MIAMI-DADE,N/A,N/A,N/A,25.906217,-80.187186,FDOT Traffic Signal Locations TDA,https://services1.arcgis.com/O1JpcwDW8sjYuddV/arcgis/rest/services/Traffic_Signal_Locations_TDA/FeatureServer/0,https://services1.arcgis.com/O1JpcwDW8sjYuddV/arcgis/rest/services/Traffic_Signal_Locations_TDA/FeatureServer/0/query?where=COUNTY%3D%27Miami-Dade%27&outFields=SIGNALID%2CCOUNTY%2CRDWYID%2CDISTRICT%2CMAINTAGC%2CSDESTRET%2CCNTLRDES%2CSIGNALNC&returnGeometry=true&outSR=4326&f=json
3026,87020000,Miami-Dade,6,MIAMI-DADE,SE 8 ST / SW 328 ST,N/A,N/A,25.462464,-80.475133,FDOT Traffic Signal Locations TDA,https://services1.arcgis.com/O1JpcwDW8sjYuddV/arcgis/rest/services/Traffic_Signal_Locations_TDA/FeatureServer/0,https://services1.arcgis.com/O1JpcwDW8sjYuddV/arcgis/rest/services/Traffic_Signal_Locations_TDA/FeatureServer/0/query?where=COUNTY%3D%27Miami-Dade%27&outFields=SIGNALID%2CCOUNTY%2CRDWYID%2CDISTRICT%2CMAINTAGC%2CSDESTRET%2CCNTLRDES%2CSIGNALNC&returnGeometry=true&outSR=4326&f=json
3559,87019000,Miami-Dade,6,MIAMI-DADE,NW 151 ST,N/A,N/A,25.911834,-80.244109,FDOT Traffic Signal Locations TDA,https://services1.arcgis.com/O1JpcwDW8sjYuddV/arcgis/rest/services/Traffic_Signal_Locations_TDA/FeatureServer/0,https://services1.arcgis.com/O1JpcwDW8sjYuddV/arcgis/rest/services/Traffic_Signal_Locations_TDA/FeatureServer/0/query?where=COUNTY%3D%27Miami-Dade%27&outFields=SIGNALID%2CCOUNTY%2CRDWYID%2CDISTRICT%2CMAINTAGC%2CSDESTRET%2CCNTLRDES%2CSIGNALNC&returnGeometry=true&outSR=4326&f=json
2675,87060000,Miami-Dade,6,MIAMI-DADE,30 ST,N/A,N/A,25.805765,-80.124625,FDOT Traffic Signal Locations TDA,https://services1.arcgis.com/O1JpcwDW8sjYuddV/arcgis/rest/services/Traffic_Signal_Locations_TDA/FeatureServer/0,https://services1.arcgis.com/O1JpcwDW8sjYuddV/arcgis/rest/services/Traffic_Signal_Locations_TDA/FeatureServer/0/query?where=COUNTY%3D%27Miami-Dade%27&outFields=SIGNALID%2CCOUNTY%2CRDWYID%2CDISTRICT%2CMAINTAGC%2CSDESTRET%2CCNTLRDES%2CSIGNALNC&returnGeometry=true&outSR=4326&f=json
3334,87052000,Miami-Dade,6,MIAMI-DADE,NW 22 AV,N/A,N/A,25.882712,-80.2348,FDOT Traffic Signal Locations TDA,https://services1.arcgis.com/O1JpcwDW8sjYuddV/arcgis/rest/services/Traffic_Signal_Locations_TDA/FeatureServer/0,https://services1.arcgis.com/O1JpcwDW8sjYuddV/arcgis/rest/services/Traffic_Signal_Locations_TDA/FeatureServer/0/query?where=COUNTY%3D%27Miami-Dade%27&outFields=SIGNALID%2CCOUNTY%2CRDWYID%2CDISTRICT%2CMAINTAGC%2CSDESTRET%2CCNTLRDES%2CSIGNALNC&returnGeometry=true&outSR=4326&f=json
3479,87080001,Miami-Dade,6,MIAMI-DADE,N/A,N/A,N/A,25.848739,-80.214242,FDOT Traffic Signal Locations TDA,https://services1.arcgis.com/O1JpcwDW8sjYuddV/arcgis/rest/services/Traffic_Signal_Locations_TDA/FeatureServer/0,https://services1.arcgis.com/O1JpcwDW8sjYuddV/arcgis/rest/services/Traffic_Signal_Locations_TDA/FeatureServer/0/query?where=COUNTY%3D%27Miami-Dade%27&outFields=SIGNALID%2CCOUNTY%2CRDWYID%2CDISTRICT%2CMAINTAGC%2CSDESTRET%2CCNTLRDES%2CSIGNALNC&returnGeometry=true&outSR=4326&f=json
3535,87001000,Miami-Dade,6,MIAMI-DADE,SR 985/SW 107 AVE,N/A,02,25.686894,-80.36586,FDOT Traffic Signal Locations TDA,https://services1.arcgis.com/O1JpcwDW8sjYuddV/arcgis/rest/services/Traffic_Signal_Locations_TDA/FeatureServer/0,https://services1.arcgis.com/O1JpcwDW8sjYuddV/arcgis/rest/services/Traffic_Signal_Locations_TDA/FeatureServer/0/query?where=COUNTY%3D%27Miami-Dade%27&outFields=SIGNALID%2CCOUNTY%2CRDWYID%2CDISTRICT%2CMAINTAGC%2CSDESTRET%2CCNTLRDES%2CSIGNALNC&returnGeometry=true&outSR=4326&f=json
6112,87060000,Miami-Dade,6,MIAMI-DADE,N/A,N/A,N/A,25.807005,-80.124116,FDOT Traffic Signal Locations TDA,https://services1.arcgis.com/O1JpcwDW8sjYuddV/arcgis/rest/services/Traffic_Signal_Locations_TDA/FeatureServer/0,https://services1.arcgis.com/O1JpcwDW8sjYuddV/arcgis/rest/services/Traffic_Signal_Locations_TDA/FeatureServer/0/query?where=COUNTY%3D%27Miami-Dade%27&outFields=SIGNALID%2CCOUNTY%2CRDWYID%2CDISTRICT%2CMAINTAGC%2CSDESTRET%2CCNTLRDES%2CSIGNALNC&returnGeometry=true&outSR=4326&f=json
2673,87060000,Miami-Dade,6,MIAMI-DADE,27 ST,N/A,N/A,25.803764,-80.125607,FDOT Traffic Signal Locations TDA,https://services1.arcgis.com/O1JpcwDW8sjYuddV/arcgis/rest/services/Traffic_Signal_Locations_TDA/FeatureServer/0,https://services1.arcgis.com/O1JpcwDW8sjYuddV/arcgis/rest/services/Traffic_Signal_Locations_TDA/FeatureServer/0/query?where=COUNTY%3D%27Miami-Dade%27&outFields=SIGNALID%2CCOUNTY%2CRDWYID%2CDISTRICT%2CMAINTAGC%2CSDESTRET%2CCNTLRDES%2CSIGNALNC&returnGeometry=true&outSR=4326&f=json
5430,87120000,Miami-Dade,6,MIAMI-DADE,SW 109 AVE,N/A,N/A,25.761154,-80.372306,FDOT Traffic Signal Locations TDA,https://services1.arcgis.com/O1JpcwDW8sjYuddV/arcgis/rest/services/Traffic_Signal_Locations_TDA/FeatureServer/0,https://services1.arcgis.com/O1JpcwDW8sjYuddV/arcgis/rest/services/Traffic_Signal_Locations_TDA/FeatureServer/0/query?where=COUNTY%3D%27Miami-Dade%27&outFields=SIGNALID%2CCOUNTY%2CRDWYID%2CDISTRICT%2CMAINTAGC%2CSDESTRET%2CCNTLRDES%2CSIGNALNC&returnGeometry=true&outSR=4326&f=json
2049,87090000,Miami-Dade,6,MIAMI-DADE,US 441/SR 7/NW 7 AVE,N/A,N/A,25.809964,-80.20717,FDOT Traffic Signal Locations TDA,https://services1.arcgis.com/O1JpcwDW8sjYuddV/arcgis/rest/services/Traffic_Signal_Locations_TDA/FeatureServer/0,https://services1.arcgis.com/O1JpcwDW8sjYuddV/arcgis/rest/services/Traffic_Signal_Locations_TDA/FeatureServer/0/query?where=COUNTY%3D%27Miami-Dade%27&outFields=SIGNALID%2CCOUNTY%2CRDWYID%2CDISTRICT%2CMAINTAGC%2CSDESTRET%2CCNTLRDES%2CSIGNALNC&returnGeometry=true&outSR=4326&f=json
3865,87300000,Miami-Dade,6,MIAMI-DADE,NW 27 PL/EAST RD,N/A,N/A,25.882852,-80.244974,FDOT Traffic Signal Locations TDA,https://services1.arcgis.com/O1JpcwDW8sjYuddV/arcgis/rest/services/Traffic_Signal_Locations_TDA/FeatureServer/0,https://services1.arcgis.com/O1JpcwDW8sjYuddV/arcgis/rest/services/Traffic_Signal_Locations_TDA/FeatureServer/0/query?where=COUNTY%3D%27Miami-Dade%27&outFields=SIGNALID%2CCOUNTY%2CRDWYID%2CDISTRICT%2CMAINTAGC%2CSDESTRET%2CCNTLRDES%2CSIGNALNC&returnGeometry=true&outSR=4326&f=json
7348,87080000,Miami-Dade,6,MIAMI DADE COUNTY,N/A,N/A,N/A,25.848016,-80.178593,FDOT Traffic Signal Locations TDA,https://services1.arcgis.com/O1JpcwDW8sjYuddV/arcgis/rest/services/Traffic_Signal_Locations_TDA/FeatureServer/0,https://services1.arcgis.com/O1JpcwDW8sjYuddV/arcgis/rest/services/Traffic_Signal_Locations_TDA/FeatureServer/0/query?where=COUNTY%3D%27Miami-Dade%27&outFields=SIGNALID%2CCOUNTY%2CRDWYID%2CDISTRICT%2CMAINTAGC%2CSDESTRET%2CCNTLRDES%2CSIGNALNC&returnGeometry=true&outSR=4326&f=json
2510,87038000,Miami-Dade,6,MIAMI-DADE,NW 17 AV,N/A,N/A,25.868557,-80.22617,FDOT Traffic Signal Locations TDA,https://services1.arcgis.com/O1JpcwDW8sjYuddV/arcgis/rest/services/Traffic_Signal_Locations_TDA/FeatureServer/0,https://services1.arcgis.com/O1JpcwDW8sjYuddV/arcgis/rest/services/Traffic_Signal_Locations_TDA/FeatureServer/0/query?where=COUNTY%3D%27Miami-Dade%27&outFields=SIGNALID%2CCOUNTY%2CRDWYID%2CDISTRICT%2CMAINTAGC%2CSDESTRET%2CCNTLRDES%2CSIGNALNC&returnGeometry=true&outSR=4326&f=json
3919,87080000,Miami-Dade,6,MIAMI-DADE,N/A,N/A,N/A,25.848492,-80.156949,FDOT Traffic Signal Locations TDA,https://services1.arcgis.com/O1JpcwDW8sjYuddV/arcgis/rest/services/Traffic_Signal_Locations_TDA/FeatureServer/0,https://services1.arcgis.com/O1JpcwDW8sjYuddV/arcgis/rest/services/Traffic_Signal_Locations_TDA/FeatureServer/0/query?where=COUNTY%3D%27Miami-Dade%27&outFields=SIGNALID%2CCOUNTY%2CRDWYID%2CDISTRICT%2CMAINTAGC%2CSDESTRET%2CCNTLRDES%2CSIGNALNC&returnGeometry=true&outSR=4326&f=json
2232,87030000,Miami-Dade,6,MIAMI-DADE,SE 3 AVE,N/A,N/A,25.770931,-80.188941,FDOT Traffic Signal Locations TDA,https://services1.arcgis.com/O1JpcwDW8sjYuddV/arcgis/rest/services/Traffic_Signal_Locations_TDA/FeatureServer/0,https://services1.arcgis.com/O1JpcwDW8sjYuddV/arcgis/rest/services/Traffic_Signal_Locations_TDA/FeatureServer/0/query?where=COUNTY%3D%27Miami-Dade%27&outFields=SIGNALID%2CCOUNTY%2CRDWYID%2CDISTRICT%2CMAINTAGC%2CSDESTRET%2CCNTLRDES%2CSIGNALNC&returnGeometry=true&outSR=4326&f=json
2509,87140000,Miami-Dade,6,N/A,SR 932/NW 103 ST,N/A,02,25.869076,-80.209918,FDOT Traffic Signal Locations TDA,https://services1.arcgis.com/O1JpcwDW8sjYuddV/arcgis/rest/services/Traffic_Signal_Locations_TDA/FeatureServer/0,https://services1.arcgis.com/O1JpcwDW8sjYuddV/arcgis/rest/services/Traffic_Signal_Locations_TDA/FeatureServer/0/query?where=COUNTY%3D%27Miami-Dade%27&outFields=SIGNALID%2CCOUNTY%2CRDWYID%2CDISTRICT%2CMAINTAGC%2CSDESTRET%2CCNTLRDES%2CSIGNALNC&returnGeometry=true&outSR=4326&f=json
2587,87281000,Miami-Dade,6,MIAMI-DADE,ALHAMBRA CIR,N/A,N/A,25.751812,-80.262803,FDOT Traffic Signal Locations TDA,https://services1.arcgis.com/O1JpcwDW8sjYuddV/arcgis/rest/services/Traffic_Signal_Locations_TDA/FeatureServer/0,https://services1.arcgis.com/O1JpcwDW8sjYuddV/arcgis/rest/services/Traffic_Signal_Locations_TDA/FeatureServer/0/query?where=COUNTY%3D%27Miami-Dade%27&outFields=SIGNALID%2CCOUNTY%2CRDWYID%2CDISTRICT%2CMAINTAGC%2CSDESTRET%2CCNTLRDES%2CSIGNALNC&returnGeometry=true&outSR=4326&f=json
3381,87120001,Miami-Dade,6,MIAMI-DADE,SW 4 AVE,N/A,N/A,25.767172,-80.200803,FDOT Traffic Signal Locations TDA,https://services1.arcgis.com/O1JpcwDW8sjYuddV/arcgis/rest/services/Traffic_Signal_Locations_TDA/FeatureServer/0,https://services1.arcgis.com/O1JpcwDW8sjYuddV/arcgis/rest/services/Traffic_Signal_Locations_TDA/FeatureServer/0/query?where=COUNTY%3D%27Miami-Dade%27&outFields=SIGNALID%2CCOUNTY%2CRDWYID%2CDISTRICT%2CMAINTAGC%2CSDESTRET%2CCNTLRDES%2CSIGNALNC&returnGeometry=true&outSR=4326&f=json
3746,87240000,Miami-Dade,6,MIAMI-DADE,NW 11 ST,N/A,N/A,25.783082,-80.239399,FDOT Traffic Signal Locations TDA,https://services1.arcgis.com/O1JpcwDW8sjYuddV/arcgis/rest/services/Traffic_Signal_Locations_TDA/FeatureServer/0,https://services1.arcgis.com/O1JpcwDW8sjYuddV/arcgis/rest/services/Traffic_Signal_Locations_TDA/FeatureServer/0/query?where=COUNTY%3D%27Miami-Dade%27&outFields=SIGNALID%2CCOUNTY%2CRDWYID%2CDISTRICT%2CMAINTAGC%2CSDESTRET%2CCNTLRDES%2CSIGNALNC&returnGeometry=true&outSR=4326&f=json
2524,87026000,Miami-Dade,6,MIAMI-DADE,NE 26 AV,N/A,N/A,25.947435,-80.148577,FDOT Traffic Signal Locations TDA,https://services1.arcgis.com/O1JpcwDW8sjYuddV/arcgis/rest/services/Traffic_Signal_Locations_TDA/FeatureServer/0,https://services1.arcgis.com/O1JpcwDW8sjYuddV/arcgis/rest/services/Traffic_Signal_Locations_TDA/FeatureServer/0/query?where=COUNTY%3D%27Miami-Dade%27&outFields=SIGNALID%2CCOUNTY%2CRDWYID%2CDISTRICT%2CMAINTAGC%2CSDESTRET%2CCNTLRDES%2CSIGNALNC&returnGeometry=true&outSR=4326&f=json
2885,87047000,Miami-Dade,6,MIAMI-DADE,SR 986/SW 72 ST,N/A,02,25.702105,-80.334064,FDOT Traffic Signal Locations TDA,https://services1.arcgis.com/O1JpcwDW8sjYuddV/arcgis/rest/services/Traffic_Signal_Locations_TDA/FeatureServer/0,https://services1.arcgis.com/O1JpcwDW8sjYuddV/arcgis/rest/services/Traffic_Signal_Locations_TDA/FeatureServer/0/query?where=COUNTY%3D%27Miami-Dade%27&outFields=SIGNALID%2CCOUNTY%2CRDWYID%2CDISTRICT%2CMAINTAGC%2CSDESTRET%2CCNTLRDES%2CSIGNALNC&returnGeometry=true&outSR=4326&f=json
2362,87030000,Miami-Dade,6,MIAMI-DADE,NE 13 ST,N/A,N/A,25.787071,-80.18911,FDOT Traffic Signal Locations TDA,https://services1.arcgis.com/O1JpcwDW8sjYuddV/arcgis/rest/services/Traffic_Signal_Locations_TDA/FeatureServer/0,https://services1.arcgis.com/O1JpcwDW8sjYuddV/arcgis/rest/services/Traffic_Signal_Locations_TDA/FeatureServer/0/query?where=COUNTY%3D%27Miami-Dade%27&outFields=SIGNALID%2CCOUNTY%2CRDWYID%2CDISTRICT%2CMAINTAGC%2CSDESTRET%2CCNTLRDES%2CSIGNALNC&returnGeometry=true&outSR=4326&f=json
2561,87034000,Miami-Dade,6,MIAMI-DADE,US 1/BISCAYNE BLVD,N/A,02,25.856467,-80.184881,FDOT Traffic Signal Locations TDA,https://services1.arcgis.com/O1JpcwDW8sjYuddV/arcgis/rest/services/Traffic_Signal_Locations_TDA/FeatureServer/0,https://services1.arcgis.com/O1JpcwDW8sjYuddV/arcgis/rest/services/Traffic_Signal_Locations_TDA/FeatureServer/0/query?where=COUNTY%3D%27Miami-Dade%27&outFields=SIGNALID%2CCOUNTY%2CRDWYID%2CDISTRICT%2CMAINTAGC%2CSDESTRET%2CCNTLRDES%2CSIGNALNC&returnGeometry=true&outSR=4326&f=json
3347,87008000,Miami-Dade,6,MIAMI-DADE,NE 8 AVE,N/A,N/A,25.899618,-80.182579,FDOT Traffic Signal Locations TDA,https://services1.arcgis.com/O1JpcwDW8sjYuddV/arcgis/rest/services/Traffic_Signal_Locations_TDA/FeatureServer/0,https://services1.arcgis.com/O1JpcwDW8sjYuddV/arcgis/rest/services/Traffic_Signal_Locations_TDA/FeatureServer/0/query?where=COUNTY%3D%27Miami-Dade%27&outFields=SIGNALID%2CCOUNTY%2CRDWYID%2CDISTRICT%2CMAINTAGC%2CSDESTRET%2CCNTLRDES%2CSIGNALNC&returnGeometry=true&outSR=4326&f=json
2663,87060000,Miami-Dade,6,MIAMI-DADE,ESPANOLA WAY,N/A,N/A,25.786866,-80.130579,FDOT Traffic Signal Locations TDA,https://services1.arcgis.com/O1JpcwDW8sjYuddV/arcgis/rest/services/Traffic_Signal_Locations_TDA/FeatureServer/0,https://services1.arcgis.com/O1JpcwDW8sjYuddV/arcgis/rest/services/Traffic_Signal_Locations_TDA/FeatureServer/0/query?where=COUNTY%3D%27Miami-Dade%27&outFields=SIGNALID%2CCOUNTY%2CRDWYID%2CDISTRICT%2CMAINTAGC%2CSDESTRET%2CCNTLRDES%2CSIGNALNC&returnGeometry=true&outSR=4326&f=json
5442,87047000,Miami-Dade,6,MIAMI-DADE,SW 132 ST/SW 87 AVE,N/A,N/A,25.647548,-80.334201,FDOT Traffic Signal Locations TDA,https://services1.arcgis.com/O1JpcwDW8sjYuddV/arcgis/rest/services/Traffic_Signal_Locations_TDA/FeatureServer/0,https://services1.arcgis.com/O1JpcwDW8sjYuddV/arcgis/rest/services/Traffic_Signal_Locations_TDA/FeatureServer/0/query?where=COUNTY%3D%27Miami-Dade%27&outFields=SIGNALID%2CCOUNTY%2CRDWYID%2CDISTRICT%2CMAINTAGC%2CSDESTRET%2CCNTLRDES%2CSIGNALNC&returnGeometry=true&outSR=4326&f=json
3446,87120001,Miami-Dade,6,MIAMI-DADE,SW 22 AVE,N/A,N/A,25.766326,-80.230876,FDOT Traffic Signal Locations TDA,https://services1.arcgis.com/O1JpcwDW8sjYuddV/arcgis/rest/services/Traffic_Signal_Locations_TDA/FeatureServer/0,https://services1.arcgis.com/O1JpcwDW8sjYuddV/arcgis/rest/services/Traffic_Signal_Locations_TDA/FeatureServer/0/query?where=COUNTY%3D%27Miami-Dade%27&outFields=SIGNALID%2CCOUNTY%2CRDWYID%2CDISTRICT%2CMAINTAGC%2CSDESTRET%2CCNTLRDES%2CSIGNALNC&returnGeometry=true&outSR=4326&f=json
4869,87134000,Miami-Dade,6,MIAMI-DADE,SR 90/SW 8 ST,N/A,02,25.760971,-80.416948,FDOT Traffic Signal Locations TDA,https://services1.arcgis.com/O1JpcwDW8sjYuddV/arcgis/rest/services/Traffic_Signal_Locations_TDA/FeatureServer/0,https://services1.arcgis.com/O1JpcwDW8sjYuddV/arcgis/rest/services/Traffic_Signal_Locations_TDA/FeatureServer/0/query?where=COUNTY%3D%27Miami-Dade%27&outFields=SIGNALID%2CCOUNTY%2CRDWYID%2CDISTRICT%2CMAINTAGC%2CSDESTRET%2CCNTLRDES%2CSIGNALNC&returnGeometry=true&outSR=4326&f=json
2262,87054000,Miami-Dade,6,MIAMI-DADE,SR 933/SW 12 AVE,N/A,02,25.751231,-80.214113,FDOT Traffic Signal Locations TDA,https://services1.arcgis.com/O1JpcwDW8sjYuddV/arcgis/rest/services/Traffic_Signal_Locations_TDA/FeatureServer/0,https://services1.arcgis.com/O1JpcwDW8sjYuddV/arcgis/rest/services/Traffic_Signal_Locations_TDA/FeatureServer/0/query?where=COUNTY%3D%27Miami-Dade%27&outFields=SIGNALID%2CCOUNTY%2CRDWYID%2CDISTRICT%2CMAINTAGC%2CSDESTRET%2CCNTLRDES%2CSIGNALNC&returnGeometry=true&outSR=4326&f=json
4891,87026005,Miami-Dade,6,MIAMI-DADE,BOB-O-LINK DR,N/A,N/A,25.942308,-80.309988,FDOT Traffic Signal Locations TDA,https://services1.arcgis.com/O1JpcwDW8sjYuddV/arcgis/rest/services/Traffic_Signal_Locations_TDA/FeatureServer/0,https://services1.arcgis.com/O1JpcwDW8sjYuddV/arcgis/rest/services/Traffic_Signal_Locations_TDA/FeatureServer/0/query?where=COUNTY%3D%27Miami-Dade%27&outFields=SIGNALID%2CCOUNTY%2CRDWYID%2CDISTRICT%2CMAINTAGC%2CSDESTRET%2CCNTLRDES%2CSIGNALNC&returnGeometry=true&outSR=4326&f=json
5253,87060000,Miami-Dade,6,MIAMI-DADE,SR 826 WBND,N/A,N/A,25.930819,-80.121914,FDOT Traffic Signal Locations TDA,https://services1.arcgis.com/O1JpcwDW8sjYuddV/arcgis/rest/services/Traffic_Signal_Locations_TDA/FeatureServer/0,https://services1.arcgis.com/O1JpcwDW8sjYuddV/arcgis/rest/services/Traffic_Signal_Locations_TDA/FeatureServer/0/query?where=COUNTY%3D%27Miami-Dade%27&outFields=SIGNALID%2CCOUNTY%2CRDWYID%2CDISTRICT%2CMAINTAGC%2CSDESTRET%2CCNTLRDES%2CSIGNALNC&returnGeometry=true&outSR=4326&f=json
4320,87008000,Miami-Dade,6,MIAMI-DADE,NW 47 AVE,N/A,N/A,25.896286,-80.275212,FDOT Traffic Signal Locations TDA,https://services1.arcgis.com/O1JpcwDW8sjYuddV/arcgis/rest/services/Traffic_Signal_Locations_TDA/FeatureServer/0,https://services1.arcgis.com/O1JpcwDW8sjYuddV/arcgis/rest/services/Traffic_Signal_Locations_TDA/FeatureServer/0/query?where=COUNTY%3D%27Miami-Dade%27&outFields=SIGNALID%2CCOUNTY%2CRDWYID%2CDISTRICT%2CMAINTAGC%2CSDESTRET%2CCNTLRDES%2CSIGNALNC&returnGeometry=true&outSR=4326&f=json
5994,87090000,Miami-Dade,6,MIAMI-DADE,NW 138 EXT/NW 112 CT,N/A,N/A,25.895944,-80.379067,FDOT Traffic Signal Locations TDA,https://services1.arcgis.com/O1JpcwDW8sjYuddV/arcgis/rest/services/Traffic_Signal_Locations_TDA/FeatureServer/0,https://services1.arcgis.com/O1JpcwDW8sjYuddV/arcgis/rest/services/Traffic_Signal_Locations_TDA/FeatureServer/0/query?where=COUNTY%3D%27Miami-Dade%27&outFields=SIGNALID%2CCOUNTY%2CRDWYID%2CDISTRICT%2CMAINTAGC%2CSDESTRET%2CCNTLRDES%2CSIGNALNC&returnGeometry=true&outSR=4326&f=json
2265,87240000,Miami-Dade,6,MIAMI-DADE,SR 972/SW 22 ST,N/A,02,25.750305,-80.238178,FDOT Traffic Signal Locations TDA,https://services1.arcgis.com/O1JpcwDW8sjYuddV/arcgis/rest/services/Traffic_Signal_Locations_TDA/FeatureServer/0,https://services1.arcgis.com/O1JpcwDW8sjYuddV/arcgis/rest/services/Traffic_Signal_Locations_TDA/FeatureServer/0/query?where=COUNTY%3D%27Miami-Dade%27&outFields=SIGNALID%2CCOUNTY%2CRDWYID%2CDISTRICT%2CMAINTAGC%2CSDESTRET%2CCNTLRDES%2CSIGNALNC&returnGeometry=true&outSR=4326&f=json
6045,87020000,Miami-Dade,6,MIAMI-DADE,SW 132 AVE,N/A,N/A,25.543106,-80.404404,FDOT Traffic Signal Locations TDA,https://services1.arcgis.com/O1JpcwDW8sjYuddV/arcgis/rest/services/Traffic_Signal_Locations_TDA/FeatureServer/0,https://services1.arcgis.com/O1JpcwDW8sjYuddV/arcgis/rest/services/Traffic_Signal_Locations_TDA/FeatureServer/0/query?where=COUNTY%3D%27Miami-Dade%27&outFields=SIGNALID%2CCOUNTY%2CRDWYID%2CDISTRICT%2CMAINTAGC%2CSDESTRET%2CCNTLRDES%2CSIGNALNC&returnGeometry=true&outSR=4326&f=json
2757,87080000,Miami-Dade,6,MIAMI-DADE,TROUVILLE ESPLANADE,N/A,N/A,25.851629,-80.137197,FDOT Traffic Signal Locations TDA,https://services1.arcgis.com/O1JpcwDW8sjYuddV/arcgis/rest/services/Traffic_Signal_Locations_TDA/FeatureServer/0,https://services1.arcgis.com/O1JpcwDW8sjYuddV/arcgis/rest/services/Traffic_Signal_Locations_TDA/FeatureServer/0/query?where=COUNTY%3D%27Miami-Dade%27&outFields=SIGNALID%2CCOUNTY%2CRDWYID%2CDISTRICT%2CMAINTAGC%2CSDESTRET%2CCNTLRDES%2CSIGNALNC&returnGeometry=true&outSR=4326&f=json
2953,87001000,Miami-Dade,6,MIAMI-DADE,US 1/S DIXIE HWY,N/A,02,25.688759,-80.308529,FDOT Traffic Signal Locations TDA,https://services1.arcgis.com/O1JpcwDW8sjYuddV/arcgis/rest/services/Traffic_Signal_Locations_TDA/FeatureServer/0,https://services1.arcgis.com/O1JpcwDW8sjYuddV/arcgis/rest/services/Traffic_Signal_Locations_TDA/FeatureServer/0/query?where=COUNTY%3D%27Miami-Dade%27&outFields=SIGNALID%2CCOUNTY%2CRDWYID%2CDISTRICT%2CMAINTAGC%2CSDESTRET%2CCNTLRDES%2CSIGNALNC&returnGeometry=true&outSR=4326&f=json
2135,87120000,Miami-Dade,6,MIAMI-DADE,N/A,N/A,N/A,25.762604,-80.316731,FDOT Traffic Signal Locations TDA,https://services1.arcgis.com/O1JpcwDW8sjYuddV/arcgis/rest/services/Traffic_Signal_Locations_TDA/FeatureServer/0,https://services1.arcgis.com/O1JpcwDW8sjYuddV/arcgis/rest/services/Traffic_Signal_Locations_TDA/FeatureServer/0/query?where=COUNTY%3D%27Miami-Dade%27&outFields=SIGNALID%2CCOUNTY%2CRDWYID%2CDISTRICT%2CMAINTAGC%2CSDESTRET%2CCNTLRDES%2CSIGNALNC&returnGeometry=true&outSR=4326&f=json
6989,87120000,Miami-Dade,6,MIAMI DADE,SW 89 AVE,N/A,N/A,25.761804,-80.340187,FDOT Traffic Signal Locations TDA,https://services1.arcgis.com/O1JpcwDW8sjYuddV/arcgis/rest/services/Traffic_Signal_Locations_TDA/FeatureServer/0,https://services1.arcgis.com/O1JpcwDW8sjYuddV/arcgis/rest/services/Traffic_Signal_Locations_TDA/FeatureServer/0/query?where=COUNTY%3D%27Miami-Dade%27&outFields=SIGNALID%2CCOUNTY%2CRDWYID%2CDISTRICT%2CMAINTAGC%2CSDESTRET%2CCNTLRDES%2CSIGNALNC&returnGeometry=true&outSR=4326&f=json
3726,87140000,Miami-Dade,6,MIAMI-DADE,NW 67 ST,N/A,N/A,25.835897,-80.208669,FDOT Traffic Signal Locations TDA,https://services1.arcgis.com/O1JpcwDW8sjYuddV/arcgis/rest/services/Traffic_Signal_Locations_TDA/FeatureServer/0,https://services1.arcgis.com/O1JpcwDW8sjYuddV/arcgis/rest/services/Traffic_Signal_Locations_TDA/FeatureServer/0/query?where=COUNTY%3D%27Miami-Dade%27&outFields=SIGNALID%2CCOUNTY%2CRDWYID%2CDISTRICT%2CMAINTAGC%2CSDESTRET%2CCNTLRDES%2CSIGNALNC&returnGeometry=true&outSR=4326&f=json
3055,87052000,Miami-Dade,6,MIAMI-DADE,NW 6 AV,N/A,N/A,25.88383,-80.208476,FDOT Traffic Signal Locations TDA,https://services1.arcgis.com/O1JpcwDW8sjYuddV/arcgis/rest/services/Traffic_Signal_Locations_TDA/FeatureServer/0,https://services1.arcgis.com/O1JpcwDW8sjYuddV/arcgis/rest/services/Traffic_Signal_Locations_TDA/FeatureServer/0/query?where=COUNTY%3D%27Miami-Dade%27&outFields=SIGNALID%2CCOUNTY%2CRDWYID%2CDISTRICT%2CMAINTAGC%2CSDESTRET%2CCNTLRDES%2CSIGNALNC&returnGeometry=true&outSR=4326&f=json
2010,87030000,Miami-Dade,6,MIAMI-DADE,NE 163 ST,N/A,02,25.926095,-80.15374,FDOT Traffic Signal Locations TDA,https://services1.arcgis.com/O1JpcwDW8sjYuddV/arcgis/rest/services/Traffic_Signal_Locations_TDA/FeatureServer/0,https://services1.arcgis.com/O1JpcwDW8sjYuddV/arcgis/rest/services/Traffic_Signal_Locations_TDA/FeatureServer/0/query?where=COUNTY%3D%27Miami-Dade%27&outFields=SIGNALID%2CCOUNTY%2CRDWYID%2CDISTRICT%2CMAINTAGC%2CSDESTRET%2CCNTLRDES%2CSIGNALNC&returnGeometry=true&outSR=4326&f=json
5269,87030000,Miami-Dade,6,MIAMI-DADE,NE 191 ST,N/A,N/A,25.952148,-80.146653,FDOT Traffic Signal Locations TDA,https://services1.arcgis.com/O1JpcwDW8sjYuddV/arcgis/rest/services/Traffic_Signal_Locations_TDA/FeatureServer/0,https://services1.arcgis.com/O1JpcwDW8sjYuddV/arcgis/rest/services/Traffic_Signal_Locations_TDA/FeatureServer/0/query?where=COUNTY%3D%27Miami-Dade%27&outFields=SIGNALID%2CCOUNTY%2CRDWYID%2CDISTRICT%2CMAINTAGC%2CSDESTRET%2CCNTLRDES%2CSIGNALNC&returnGeometry=true&outSR=4326&f=json
6932,87080900,Miami-Dade,6,MIAMI DADE,NW 33 AVENUE,N/A,N/A,25.845615,-80.252368,FDOT Traffic Signal Locations TDA,https://services1.arcgis.com/O1JpcwDW8sjYuddV/arcgis/rest/services/Traffic_Signal_Locations_TDA/FeatureServer/0,https://services1.arcgis.com/O1JpcwDW8sjYuddV/arcgis/rest/services/Traffic_Signal_Locations_TDA/FeatureServer/0/query?where=COUNTY%3D%27Miami-Dade%27&outFields=SIGNALID%2CCOUNTY%2CRDWYID%2CDISTRICT%2CMAINTAGC%2CSDESTRET%2CCNTLRDES%2CSIGNALNC&returnGeometry=true&outSR=4326&f=json
2908,87026000,Miami-Dade,6,MIAMI-DADE,SR 817/NW 27 AV/UNIT,N/A,02,25.940864,-80.245324,FDOT Traffic Signal Locations TDA,https://services1.arcgis.com/O1JpcwDW8sjYuddV/arcgis/rest/services/Traffic_Signal_Locations_TDA/FeatureServer/0,https://services1.arcgis.com/O1JpcwDW8sjYuddV/arcgis/rest/services/Traffic_Signal_Locations_TDA/FeatureServer/0/query?where=COUNTY%3D%27Miami-Dade%27&outFields=SIGNALID%2CCOUNTY%2CRDWYID%2CDISTRICT%2CMAINTAGC%2CSDESTRET%2CCNTLRDES%2CSIGNALNC&returnGeometry=true&outSR=4326&f=json
3895,87026000,Miami-Dade,6,MIAMI-DADE,N MIAMI AV,N/A,N/A,25.94265,-80.200966,FDOT Traffic Signal Locations TDA,https://services1.arcgis.com/O1JpcwDW8sjYuddV/arcgis/rest/services/Traffic_Signal_Locations_TDA/FeatureServer/0,https://services1.arcgis.com/O1JpcwDW8sjYuddV/arcgis/rest/services/Traffic_Signal_Locations_TDA/FeatureServer/0/query?where=COUNTY%3D%27Miami-Dade%27&outFields=SIGNALID%2CCOUNTY%2CRDWYID%2CDISTRICT%2CMAINTAGC%2CSDESTRET%2CCNTLRDES%2CSIGNALNC&returnGeometry=true&outSR=4326&f=json
2721,87037000,Miami-Dade,6,MIAMI-DADE,SR A1A/INDIAN CREEK,N/A,02,25.844465,-80.12167,FDOT Traffic Signal Locations TDA,https://services1.arcgis.com/O1JpcwDW8sjYuddV/arcgis/rest/services/Traffic_Signal_Locations_TDA/FeatureServer/0,https://services1.arcgis.com/O1JpcwDW8sjYuddV/arcgis/rest/services/Traffic_Signal_Locations_TDA/FeatureServer/0/query?where=COUNTY%3D%27Miami-Dade%27&outFields=SIGNALID%2CCOUNTY%2CRDWYID%2CDISTRICT%2CMAINTAGC%2CSDESTRET%2CCNTLRDES%2CSIGNALNC&returnGeometry=true&outSR=4326&f=json
2862,87281000,Miami-Dade,6,MIAMI-DADE,E 9 ST/NW 62 ST,N/A,N/A,25.830396,-80.265509,FDOT Traffic Signal Locations TDA,https://services1.arcgis.com/O1JpcwDW8sjYuddV/arcgis/rest/services/Traffic_Signal_Locations_TDA/FeatureServer/0,https://services1.arcgis.com/O1JpcwDW8sjYuddV/arcgis/rest/services/Traffic_Signal_Locations_TDA/FeatureServer/0/query?where=COUNTY%3D%27Miami-Dade%27&outFields=SIGNALID%2CCOUNTY%2CRDWYID%2CDISTRICT%2CMAINTAGC%2CSDESTRET%2CCNTLRDES%2CSIGNALNC&returnGeometry=true&outSR=4326&f=json
2881,87038000,Miami-Dade,6,MIAMI-DADE,PALM AV/VETERANS WAY,N/A,N/A,25.866843,-80.283062,FDOT Traffic Signal Locations TDA,https://services1.arcgis.com/O1JpcwDW8sjYuddV/arcgis/rest/services/Traffic_Signal_Locations_TDA/FeatureServer/0,https://services1.arcgis.com/O1JpcwDW8sjYuddV/arcgis/rest/services/Traffic_Signal_Locations_TDA/FeatureServer/0/query?where=COUNTY%3D%27Miami-Dade%27&outFields=SIGNALID%2CCOUNTY%2CRDWYID%2CDISTRICT%2CMAINTAGC%2CSDESTRET%2CCNTLRDES%2CSIGNALNC&returnGeometry=true&outSR=4326&f=json
4761,87026000,Miami-Dade,6,MIAMI-DADE,NE 2 CT,N/A,N/A,25.942863,-80.195696,FDOT Traffic Signal Locations TDA,https://services1.arcgis.com/O1JpcwDW8sjYuddV/arcgis/rest/services/Traffic_Signal_Locations_TDA/FeatureServer/0,https://services1.arcgis.com/O1JpcwDW8sjYuddV/arcgis/rest/services/Traffic_Signal_Locations_TDA/FeatureServer/0/query?where=COUNTY%3D%27Miami-Dade%27&outFields=SIGNALID%2CCOUNTY%2CRDWYID%2CDISTRICT%2CMAINTAGC%2CSDESTRET%2CCNTLRDES%2CSIGNALNC&returnGeometry=true&outSR=4326&f=json
3349,87046000,Miami-Dade,6,MIAMI-DADE,SR 973/SW 87 AVE,N/A,02,25.666058,-80.334895,FDOT Traffic Signal Locations TDA,https://services1.arcgis.com/O1JpcwDW8sjYuddV/arcgis/rest/services/Traffic_Signal_Locations_TDA/FeatureServer/0,https://services1.arcgis.com/O1JpcwDW8sjYuddV/arcgis/rest/services/Traffic_Signal_Locations_TDA/FeatureServer/0/query?where=COUNTY%3D%27Miami-Dade%27&outFields=SIGNALID%2CCOUNTY%2CRDWYID%2CDISTRICT%2CMAINTAGC%2CSDESTRET%2CCNTLRDES%2CSIGNALNC&returnGeometry=true&outSR=4326&f=json
3163,87027000,Miami-Dade,6,MIAMI-DADE,SR 948/NW 36 ST,N/A,02,25.809331,-80.31318,FDOT Traffic Signal Locations TDA,https://services1.arcgis.com/O1JpcwDW8sjYuddV/arcgis/rest/services/Traffic_Signal_Locations_TDA/FeatureServer/0,https://services1.arcgis.com/O1JpcwDW8sjYuddV/arcgis/rest/services/Traffic_Signal_Locations_TDA/FeatureServer/0/query?where=COUNTY%3D%27Miami-Dade%27&outFields=SIGNALID%2CCOUNTY%2CRDWYID%2CDISTRICT%2CMAINTAGC%2CSDESTRET%2CCNTLRDES%2CSIGNALNC&returnGeometry=true&outSR=4326&f=json
3866,87060000,Miami-Dade,6,MIAMI-DADE,4900 BLK,N/A,N/A,25.824889,-80.122068,FDOT Traffic Signal Locations TDA,https://services1.arcgis.com/O1JpcwDW8sjYuddV/arcgis/rest/services/Traffic_Signal_Locations_TDA/FeatureServer/0,https://services1.arcgis.com/O1JpcwDW8sjYuddV/arcgis/rest/services/Traffic_Signal_Locations_TDA/FeatureServer/0/query?where=COUNTY%3D%27Miami-Dade%27&outFields=SIGNALID%2CCOUNTY%2CRDWYID%2CDISTRICT%2CMAINTAGC%2CSDESTRET%2CCNTLRDES%2CSIGNALNC&returnGeometry=true&outSR=4326&f=json
5909,87090000,Miami-Dade,6,MIAMI-DADE,NW 79 ST,N/A,N/A,25.855771,-80.324897,FDOT Traffic Signal Locations TDA,https://services1.arcgis.com/O1JpcwDW8sjYuddV/arcgis/rest/services/Traffic_Signal_Locations_TDA/FeatureServer/0,https://services1.arcgis.com/O1JpcwDW8sjYuddV/arcgis/rest/services/Traffic_Signal_Locations_TDA/FeatureServer/0/query?where=COUNTY%3D%27Miami-Dade%27&outFields=SIGNALID%2CCOUNTY%2CRDWYID%2CDISTRICT%2CMAINTAGC%2CSDESTRET%2CCNTLRDES%2CSIGNALNC&returnGeometry=true&outSR=4326&f=json
4356,87120000,Miami-Dade,6,MIAMI-DADE,N/A,N/A,N/A,25.765064,-80.242349,FDOT Traffic Signal Locations TDA,https://services1.arcgis.com/O1JpcwDW8sjYuddV/arcgis/rest/services/Traffic_Signal_Locations_TDA/FeatureServer/0,https://services1.arcgis.com/O1JpcwDW8sjYuddV/arcgis/rest/services/Traffic_Signal_Locations_TDA/FeatureServer/0/query?where=COUNTY%3D%27Miami-Dade%27&outFields=SIGNALID%2CCOUNTY%2CRDWYID%2CDISTRICT%2CMAINTAGC%2CSDESTRET%2CCNTLRDES%2CSIGNALNC&returnGeometry=true&outSR=4326&f=json
2204,87240000,Miami-Dade,6,MIAMI-DADE,SR 968/W FLAGER ST,N/A,01,25.77228,-80.23904,FDOT Traffic Signal Locations TDA,https://services1.arcgis.com/O1JpcwDW8sjYuddV/arcgis/rest/services/Traffic_Signal_Locations_TDA/FeatureServer/0,https://services1.arcgis.com/O1JpcwDW8sjYuddV/arcgis/rest/services/Traffic_Signal_Locations_TDA/FeatureServer/0/query?where=COUNTY%3D%27Miami-Dade%27&outFields=SIGNALID%2CCOUNTY%2CRDWYID%2CDISTRICT%2CMAINTAGC%2CSDESTRET%2CCNTLRDES%2CSIGNALNC&returnGeometry=true&outSR=4326&f=json
5106,87020000,Miami-Dade,6,MIAMI-DADE,SW 272 ST,N/A,N/A,25.513321,-80.432512,FDOT Traffic Signal Locations TDA,https://services1.arcgis.com/O1JpcwDW8sjYuddV/arcgis/rest/services/Traffic_Signal_Locations_TDA/FeatureServer/0,https://services1.arcgis.com/O1JpcwDW8sjYuddV/arcgis/rest/services/Traffic_Signal_Locations_TDA/FeatureServer/0/query?where=COUNTY%3D%27Miami-Dade%27&outFields=SIGNALID%2CCOUNTY%2CRDWYID%2CDISTRICT%2CMAINTAGC%2CSDESTRET%2CCNTLRDES%2CSIGNALNC&returnGeometry=true&outSR=4326&f=json
2019,87190000,Miami-Dade,6,MIAMI-DADE,NE 163 ST,N/A,02,25.926104,-80.155931,FDOT Traffic Signal Locations TDA,https://services1.arcgis.com/O1JpcwDW8sjYuddV/arcgis/rest/services/Traffic_Signal_Locations_TDA/FeatureServer/0,https://services1.arcgis.com/O1JpcwDW8sjYuddV/arcgis/rest/services/Traffic_Signal_Locations_TDA/FeatureServer/0/query?where=COUNTY%3D%27Miami-Dade%27&outFields=SIGNALID%2CCOUNTY%2CRDWYID%2CDISTRICT%2CMAINTAGC%2CSDESTRET%2CCNTLRDES%2CSIGNALNC&returnGeometry=true&outSR=4326&f=json
4935,87281000,Miami-Dade,6,MIAMI-DADE,N/A,N/A,N/A,25.852004,-80.266426,FDOT Traffic Signal Locations TDA,https://services1.arcgis.com/O1JpcwDW8sjYuddV/arcgis/rest/services/Traffic_Signal_Locations_TDA/FeatureServer/0,https://services1.arcgis.com/O1JpcwDW8sjYuddV/arcgis/rest/services/Traffic_Signal_Locations_TDA/FeatureServer/0/query?where=COUNTY%3D%27Miami-Dade%27&outFields=SIGNALID%2CCOUNTY%2CRDWYID%2CDISTRICT%2CMAINTAGC%2CSDESTRET%2CCNTLRDES%2CSIGNALNC&returnGeometry=true&outSR=4326&f=json
4672,87066000,Miami-Dade,6,MIAMI-DADE,NE 14 AVE,N/A,N/A,25.890226,-80.169491,FDOT Traffic Signal Locations TDA,https://services1.arcgis.com/O1JpcwDW8sjYuddV/arcgis/rest/services/Traffic_Signal_Locations_TDA/FeatureServer/0,https://services1.arcgis.com/O1JpcwDW8sjYuddV/arcgis/rest/services/Traffic_Signal_Locations_TDA/FeatureServer/0/query?where=COUNTY%3D%27Miami-Dade%27&outFields=SIGNALID%2CCOUNTY%2CRDWYID%2CDISTRICT%2CMAINTAGC%2CSDESTRET%2CCNTLRDES%2CSIGNALNC&returnGeometry=true&outSR=4326&f=json
3541,87085000,Miami-Dade,6,MIAMI-DADE,NW 2 ST,N/A,N/A,25.775441,-80.214702,FDOT Traffic Signal Locations TDA,https://services1.arcgis.com/O1JpcwDW8sjYuddV/arcgis/rest/services/Traffic_Signal_Locations_TDA/FeatureServer/0,https://services1.arcgis.com/O1JpcwDW8sjYuddV/arcgis/rest/services/Traffic_Signal_Locations_TDA/FeatureServer/0/query?where=COUNTY%3D%27Miami-Dade%27&outFields=SIGNALID%2CCOUNTY%2CRDWYID%2CDISTRICT%2CMAINTAGC%2CSDESTRET%2CCNTLRDES%2CSIGNALNC&returnGeometry=true&outSR=4326&f=json
2642,87037000,Miami-Dade,6,MIAMI-DADE,8 ST,N/A,N/A,25.778154,-80.140822,FDOT Traffic Signal Locations TDA,https://services1.arcgis.com/O1JpcwDW8sjYuddV/arcgis/rest/services/Traffic_Signal_Locations_TDA/FeatureServer/0,https://services1.arcgis.com/O1JpcwDW8sjYuddV/arcgis/rest/services/Traffic_Signal_Locations_TDA/FeatureServer/0/query?where=COUNTY%3D%27Miami-Dade%27&outFields=SIGNALID%2CCOUNTY%2CRDWYID%2CDISTRICT%2CMAINTAGC%2CSDESTRET%2CCNTLRDES%2CSIGNALNC&returnGeometry=true&outSR=4326&f=json
3747,87047000,Miami-Dade,6,MIAMI-DADE,SR 968/W FLAGLER ST,N/A,N/A,25.769369,-80.336369,FDOT Traffic Signal Locations TDA,https://services1.arcgis.com/O1JpcwDW8sjYuddV/arcgis/rest/services/Traffic_Signal_Locations_TDA/FeatureServer/0,https://services1.arcgis.com/O1JpcwDW8sjYuddV/arcgis/rest/services/Traffic_Signal_Locations_TDA/FeatureServer/0/query?where=COUNTY%3D%27Miami-Dade%27&outFields=SIGNALID%2CCOUNTY%2CRDWYID%2CDISTRICT%2CMAINTAGC%2CSDESTRET%2CCNTLRDES%2CSIGNALNC&returnGeometry=true&outSR=4326&f=json
6551,87008000,Miami-Dade,6,MIAMI-DADE,N/A,N/A,N/A,25.896926,-80.252625,FDOT Traffic Signal Locations TDA,https://services1.arcgis.com/O1JpcwDW8sjYuddV/arcgis/rest/services/Traffic_Signal_Locations_TDA/FeatureServer/0,https://services1.arcgis.com/O1JpcwDW8sjYuddV/arcgis/rest/services/Traffic_Signal_Locations_TDA/FeatureServer/0/query?where=COUNTY%3D%27Miami-Dade%27&outFields=SIGNALID%2CCOUNTY%2CRDWYID%2CDISTRICT%2CMAINTAGC%2CSDESTRET%2CCNTLRDES%2CSIGNALNC&returnGeometry=true&outSR=4326&f=json
7672,87250000,Miami-Dade,6,MIAMI-DADE,N/A,N/A,N/A,25.825101,-80.2026,FDOT Traffic Signal Locations TDA,https://services1.arcgis.com/O1JpcwDW8sjYuddV/arcgis/rest/services/Traffic_Signal_Locations_TDA/FeatureServer/0,https://services1.arcgis.com/O1JpcwDW8sjYuddV/arcgis/rest/services/Traffic_Signal_Locations_TDA/FeatureServer/0/query?where=COUNTY%3D%27Miami-Dade%27&outFields=SIGNALID%2CCOUNTY%2CRDWYID%2CDISTRICT%2CMAINTAGC%2CSDESTRET%2CCNTLRDES%2CSIGNALNC&returnGeometry=true&outSR=4326&f=json
2649,87037000,Miami-Dade,6,MIAMI-DADE,CHASE AVE/N BAY RD,N/A,N/A,25.808694,-80.136345,FDOT Traffic Signal Locations TDA,https://services1.arcgis.com/O1JpcwDW8sjYuddV/arcgis/rest/services/Traffic_Signal_Locations_TDA/FeatureServer/0,https://services1.arcgis.com/O1JpcwDW8sjYuddV/arcgis/rest/services/Traffic_Signal_Locations_TDA/FeatureServer/0/query?where=COUNTY%3D%27Miami-Dade%27&outFields=SIGNALID%2CCOUNTY%2CRDWYID%2CDISTRICT%2CMAINTAGC%2CSDESTRET%2CCNTLRDES%2CSIGNALNC&returnGeometry=true&outSR=4326&f=json
3514,87080001,Miami-Dade,6,MIAMI-DADE,SR5/US 1/BISCAYNE BL,N/A,02,25.850153,-80.184689,FDOT Traffic Signal Locations TDA,https://services1.arcgis.com/O1JpcwDW8sjYuddV/arcgis/rest/services/Traffic_Signal_Locations_TDA/FeatureServer/0,https://services1.arcgis.com/O1JpcwDW8sjYuddV/arcgis/rest/services/Traffic_Signal_Locations_TDA/FeatureServer/0/query?where=COUNTY%3D%27Miami-Dade%27&outFields=SIGNALID%2CCOUNTY%2CRDWYID%2CDISTRICT%2CMAINTAGC%2CSDESTRET%2CCNTLRDES%2CSIGNALNC&returnGeometry=true&outSR=4326&f=json
4349,87046000,Miami-Dade,6,MIAMI-DADE,KENDALE BLVD(S),N/A,N/A,25.669965,-80.361777,FDOT Traffic Signal Locations TDA,https://services1.arcgis.com/O1JpcwDW8sjYuddV/arcgis/rest/services/Traffic_Signal_Locations_TDA/FeatureServer/0,https://services1.arcgis.com/O1JpcwDW8sjYuddV/arcgis/rest/services/Traffic_Signal_Locations_TDA/FeatureServer/0/query?where=COUNTY%3D%27Miami-Dade%27&outFields=SIGNALID%2CCOUNTY%2CRDWYID%2CDISTRICT%2CMAINTAGC%2CSDESTRET%2CCNTLRDES%2CSIGNALNC&returnGeometry=true&outSR=4326&f=json
4757,87072000,Miami-Dade,6,MIAMI-DADE,SW 1100 BLK,N/A,N/A,25.758191,-80.368211,FDOT Traffic Signal Locations TDA,https://services1.arcgis.com/O1JpcwDW8sjYuddV/arcgis/rest/services/Traffic_Signal_Locations_TDA/FeatureServer/0,https://services1.arcgis.com/O1JpcwDW8sjYuddV/arcgis/rest/services/Traffic_Signal_Locations_TDA/FeatureServer/0/query?where=COUNTY%3D%27Miami-Dade%27&outFields=SIGNALID%2CCOUNTY%2CRDWYID%2CDISTRICT%2CMAINTAGC%2CSDESTRET%2CCNTLRDES%2CSIGNALNC&returnGeometry=true&outSR=4326&f=json
5751,87091000,Miami-Dade,6,MIAMI-DADE,SW 127 AVE,N/A,N/A,25.580839,-80.397296,FDOT Traffic Signal Locations TDA,https://services1.arcgis.com/O1JpcwDW8sjYuddV/arcgis/rest/services/Traffic_Signal_Locations_TDA/FeatureServer/0,https://services1.arcgis.com/O1JpcwDW8sjYuddV/arcgis/rest/services/Traffic_Signal_Locations_TDA/FeatureServer/0/query?where=COUNTY%3D%27Miami-Dade%27&outFields=SIGNALID%2CCOUNTY%2CRDWYID%2CDISTRICT%2CMAINTAGC%2CSDESTRET%2CCNTLRDES%2CSIGNALNC&returnGeometry=true&outSR=4326&f=json
4562,87047000,Miami-Dade,6,MIAMI-DADE,ON/OFF RAMPS (EAST),N/A,N/A,25.780643,-80.336601,FDOT Traffic Signal Locations TDA,https://services1.arcgis.com/O1JpcwDW8sjYuddV/arcgis/rest/services/Traffic_Signal_Locations_TDA/FeatureServer/0,https://services1.arcgis.com/O1JpcwDW8sjYuddV/arcgis/rest/services/Traffic_Signal_Locations_TDA/FeatureServer/0/query?where=COUNTY%3D%27Miami-Dade%27&outFields=SIGNALID%2CCOUNTY%2CRDWYID%2CDISTRICT%2CMAINTAGC%2CSDESTRET%2CCNTLRDES%2CSIGNALNC&returnGeometry=true&outSR=4326&f=json
5593,87300000,Miami-Dade,6,MIAMI-DADE,NW 30 PL/LAKE RD,N/A,N/A,25.88269,-80.248906,FDOT Traffic Signal Locations TDA,https://services1.arcgis.com/O1JpcwDW8sjYuddV/arcgis/rest/services/Traffic_Signal_Locations_TDA/FeatureServer/0,https://services1.arcgis.com/O1JpcwDW8sjYuddV/arcgis/rest/services/Traffic_Signal_Locations_TDA/FeatureServer/0/query?where=COUNTY%3D%27Miami-Dade%27&outFields=SIGNALID%2CCOUNTY%2CRDWYID%2CDISTRICT%2CMAINTAGC%2CSDESTRET%2CCNTLRDES%2CSIGNALNC&returnGeometry=true&outSR=4326&f=json
2564,87030000,Miami-Dade,6,MIAMI-DADE,NE 96 ST,N/A,N/A,25.863943,-80.179071,FDOT Traffic Signal Locations TDA,https://services1.arcgis.com/O1JpcwDW8sjYuddV/arcgis/rest/services/Traffic_Signal_Locations_TDA/FeatureServer/0,https://services1.arcgis.com/O1JpcwDW8sjYuddV/arcgis/rest/services/Traffic_Signal_Locations_TDA/FeatureServer/0/query?where=COUNTY%3D%27Miami-Dade%27&outFields=SIGNALID%2CCOUNTY%2CRDWYID%2CDISTRICT%2CMAINTAGC%2CSDESTRET%2CCNTLRDES%2CSIGNALNC&returnGeometry=true&outSR=4326&f=json
4338,87047000,Miami-Dade,6,MIAMI-DADE,NW 12 ST,N/A,N/A,25.783432,-80.336593,FDOT Traffic Signal Locations TDA,https://services1.arcgis.com/O1JpcwDW8sjYuddV/arcgis/rest/services/Traffic_Signal_Locations_TDA/FeatureServer/0,https://services1.arcgis.com/O1JpcwDW8sjYuddV/arcgis/rest/services/Traffic_Signal_Locations_TDA/FeatureServer/0/query?where=COUNTY%3D%27Miami-Dade%27&outFields=SIGNALID%2CCOUNTY%2CRDWYID%2CDISTRICT%2CMAINTAGC%2CSDESTRET%2CCNTLRDES%2CSIGNALNC&returnGeometry=true&outSR=4326&f=json
2825,87281000,Miami-Dade,6,MIAMI-DADE,N/A,N/A,N/A,25.853542,-80.266469,FDOT Traffic Signal Locations TDA,https://services1.arcgis.com/O1JpcwDW8sjYuddV/arcgis/rest/services/Traffic_Signal_Locations_TDA/FeatureServer/0,https://services1.arcgis.com/O1JpcwDW8sjYuddV/arcgis/rest/services/Traffic_Signal_Locations_TDA/FeatureServer/0/query?where=COUNTY%3D%27Miami-Dade%27&outFields=SIGNALID%2CCOUNTY%2CRDWYID%2CDISTRICT%2CMAINTAGC%2CSDESTRET%2CCNTLRDES%2CSIGNALNC&returnGeometry=true&outSR=4326&f=json
2736,87060000,Miami-Dade,6,MIAMI-DADE,TERMINAL ISLE,N/A,N/A,25.771861,-80.149473,FDOT Traffic Signal Locations TDA,https://services1.arcgis.com/O1JpcwDW8sjYuddV/arcgis/rest/services/Traffic_Signal_Locations_TDA/FeatureServer/0,https://services1.arcgis.com/O1JpcwDW8sjYuddV/arcgis/rest/services/Traffic_Signal_Locations_TDA/FeatureServer/0/query?where=COUNTY%3D%27Miami-Dade%27&outFields=SIGNALID%2CCOUNTY%2CRDWYID%2CDISTRICT%2CMAINTAGC%2CSDESTRET%2CCNTLRDES%2CSIGNALNC&returnGeometry=true&outSR=4326&f=json
2750,87016000,Miami-Dade,6,MIAMI-DADE,MERIDIAN AV,N/A,N/A,25.813856,-80.133489,FDOT Traffic Signal Locations TDA,https://services1.arcgis.com/O1JpcwDW8sjYuddV/arcgis/rest/services/Traffic_Signal_Locations_TDA/FeatureServer/0,https://services1.arcgis.com/O1JpcwDW8sjYuddV/arcgis/rest/services/Traffic_Signal_Locations_TDA/FeatureServer/0/query?where=COUNTY%3D%27Miami-Dade%27&outFields=SIGNALID%2CCOUNTY%2CRDWYID%2CDISTRICT%2CMAINTAGC%2CSDESTRET%2CCNTLRDES%2CSIGNALNC&returnGeometry=true&outSR=4326&f=json
6162,87019001,Miami-Dade,6,MIAMI-DADE,SR9 SB/BURLINGTON ST,N/A,02,25.90375,-80.243793,FDOT Traffic Signal Locations TDA,https://services1.arcgis.com/O1JpcwDW8sjYuddV/arcgis/rest/services/Traffic_Signal_Locations_TDA/FeatureServer/0,https://services1.arcgis.com/O1JpcwDW8sjYuddV/arcgis/rest/services/Traffic_Signal_Locations_TDA/FeatureServer/0/query?where=COUNTY%3D%27Miami-Dade%27&outFields=SIGNALID%2CCOUNTY%2CRDWYID%2CDISTRICT%2CMAINTAGC%2CSDESTRET%2CCNTLRDES%2CSIGNALNC&returnGeometry=true&outSR=4326&f=json
5297,87034000,Miami-Dade,6,MIAMI-DADE,N/A,N/A,N/A,25.875399,-80.185826,FDOT Traffic Signal Locations TDA,https://services1.arcgis.com/O1JpcwDW8sjYuddV/arcgis/rest/services/Traffic_Signal_Locations_TDA/FeatureServer/0,https://services1.arcgis.com/O1JpcwDW8sjYuddV/arcgis/rest/services/Traffic_Signal_Locations_TDA/FeatureServer/0/query?where=COUNTY%3D%27Miami-Dade%27&outFields=SIGNALID%2CCOUNTY%2CRDWYID%2CDISTRICT%2CMAINTAGC%2CSDESTRET%2CCNTLRDES%2CSIGNALNC&returnGeometry=true&outSR=4326&f=json
3615,87080001,Miami-Dade,6,MIAMI-DADE,NW 6 CT,N/A,N/A,25.848924,-80.208213,FDOT Traffic Signal Locations TDA,https://services1.arcgis.com/O1JpcwDW8sjYuddV/arcgis/rest/services/Traffic_Signal_Locations_TDA/FeatureServer/0,https://services1.arcgis.com/O1JpcwDW8sjYuddV/arcgis/rest/services/Traffic_Signal_Locations_TDA/FeatureServer/0/query?where=COUNTY%3D%27Miami-Dade%27&outFields=SIGNALID%2CCOUNTY%2CRDWYID%2CDISTRICT%2CMAINTAGC%2CSDESTRET%2CCNTLRDES%2CSIGNALNC&returnGeometry=true&outSR=4326&f=json
4057,87044000,Miami-Dade,6,MIAMI-DADE,TURNPIKE SOUTH,N/A,N/A,25.731952,-80.386038,FDOT Traffic Signal Locations TDA,https://services1.arcgis.com/O1JpcwDW8sjYuddV/arcgis/rest/services/Traffic_Signal_Locations_TDA/FeatureServer/0,https://services1.arcgis.com/O1JpcwDW8sjYuddV/arcgis/rest/services/Traffic_Signal_Locations_TDA/FeatureServer/0/query?where=COUNTY%3D%27Miami-Dade%27&outFields=SIGNALID%2CCOUNTY%2CRDWYID%2CDISTRICT%2CMAINTAGC%2CSDESTRET%2CCNTLRDES%2CSIGNALNC&returnGeometry=true&outSR=4326&f=json
7642,87008000,Miami-Dade,6,MIAMI-DADE,N/A,N/A,N/A,25.896825,-80.255229,FDOT Traffic Signal Locations TDA,https://services1.arcgis.com/O1JpcwDW8sjYuddV/arcgis/rest/services/Traffic_Signal_Locations_TDA/FeatureServer/0,https://services1.arcgis.com/O1JpcwDW8sjYuddV/arcgis/rest/services/Traffic_Signal_Locations_TDA/FeatureServer/0/query?where=COUNTY%3D%27Miami-Dade%27&outFields=SIGNALID%2CCOUNTY%2CRDWYID%2CDISTRICT%2CMAINTAGC%2CSDESTRET%2CCNTLRDES%2CSIGNALNC&returnGeometry=true&outSR=4326&f=json
3005,87066000,Miami-Dade,6,MIAMI-DADE,SR A1A/COLLINS AVE,N/A,02,25.887121,-80.122755,FDOT Traffic Signal Locations TDA,https://services1.arcgis.com/O1JpcwDW8sjYuddV/arcgis/rest/services/Traffic_Signal_Locations_TDA/FeatureServer/0,https://services1.arcgis.com/O1JpcwDW8sjYuddV/arcgis/rest/services/Traffic_Signal_Locations_TDA/FeatureServer/0/query?where=COUNTY%3D%27Miami-Dade%27&outFields=SIGNALID%2CCOUNTY%2CRDWYID%2CDISTRICT%2CMAINTAGC%2CSDESTRET%2CCNTLRDES%2CSIGNALNC&returnGeometry=true&outSR=4326&f=json
3617,87053000,Miami-Dade,6,MIAMI-DADE,W 43 AVE,N/A,N/A,25.771639,-80.265431,FDOT Traffic Signal Locations TDA,https://services1.arcgis.com/O1JpcwDW8sjYuddV/arcgis/rest/services/Traffic_Signal_Locations_TDA/FeatureServer/0,https://services1.arcgis.com/O1JpcwDW8sjYuddV/arcgis/rest/services/Traffic_Signal_Locations_TDA/FeatureServer/0/query?where=COUNTY%3D%27Miami-Dade%27&outFields=SIGNALID%2CCOUNTY%2CRDWYID%2CDISTRICT%2CMAINTAGC%2CSDESTRET%2CCNTLRDES%2CSIGNALNC&returnGeometry=true&outSR=4326&f=json
6920,87150000,Miami-Dade,6,MIAMI DADE,SW 136 ST,N/A,N/A,25.63759,-80.479812,FDOT Traffic Signal Locations TDA,https://services1.arcgis.com/O1JpcwDW8sjYuddV/arcgis/rest/services/Traffic_Signal_Locations_TDA/FeatureServer/0,https://services1.arcgis.com/O1JpcwDW8sjYuddV/arcgis/rest/services/Traffic_Signal_Locations_TDA/FeatureServer/0/query?where=COUNTY%3D%27Miami-Dade%27&outFields=SIGNALID%2CCOUNTY%2CRDWYID%2CDISTRICT%2CMAINTAGC%2CSDESTRET%2CCNTLRDES%2CSIGNALNC&returnGeometry=true&outSR=4326&f=json
3147,87020000,Miami-Dade,6,MIAMI-DADE,SW 104 ST,N/A,N/A,25.674089,-80.319997,FDOT Traffic Signal Locations TDA,https://services1.arcgis.com/O1JpcwDW8sjYuddV/arcgis/rest/services/Traffic_Signal_Locations_TDA/FeatureServer/0,https://services1.arcgis.com/O1JpcwDW8sjYuddV/arcgis/rest/services/Traffic_Signal_Locations_TDA/FeatureServer/0/query?where=COUNTY%3D%27Miami-Dade%27&outFields=SIGNALID%2CCOUNTY%2CRDWYID%2CDISTRICT%2CMAINTAGC%2CSDESTRET%2CCNTLRDES%2CSIGNALNC&returnGeometry=true&outSR=4326&f=json
2632,87120000,Miami-Dade,6,MIAMI-DADE,SW 62 AVE,N/A,N/A,25.763324,-80.295914,FDOT Traffic Signal Locations TDA,https://services1.arcgis.com/O1JpcwDW8sjYuddV/arcgis/rest/services/Traffic_Signal_Locations_TDA/FeatureServer/0,https://services1.arcgis.com/O1JpcwDW8sjYuddV/arcgis/rest/services/Traffic_Signal_Locations_TDA/FeatureServer/0/query?where=COUNTY%3D%27Miami-Dade%27&outFields=SIGNALID%2CCOUNTY%2CRDWYID%2CDISTRICT%2CMAINTAGC%2CSDESTRET%2CCNTLRDES%2CSIGNALNC&returnGeometry=true&outSR=4326&f=json
5405,87120000,Miami-Dade,6,MIAMI-DADE,SE 1 AVE,N/A,N/A,25.766426,-80.191969,FDOT Traffic Signal Locations TDA,https://services1.arcgis.com/O1JpcwDW8sjYuddV/arcgis/rest/services/Traffic_Signal_Locations_TDA/FeatureServer/0,https://services1.arcgis.com/O1JpcwDW8sjYuddV/arcgis/rest/services/Traffic_Signal_Locations_TDA/FeatureServer/0/query?where=COUNTY%3D%27Miami-Dade%27&outFields=SIGNALID%2CCOUNTY%2CRDWYID%2CDISTRICT%2CMAINTAGC%2CSDESTRET%2CCNTLRDES%2CSIGNALNC&returnGeometry=true&outSR=4326&f=json
2993,87020000,Miami-Dade,6,MIAMI-DADE,SW 200 ST,N/A,N/A,25.579726,-80.368377,FDOT Traffic Signal Locations TDA,https://services1.arcgis.com/O1JpcwDW8sjYuddV/arcgis/rest/services/Traffic_Signal_Locations_TDA/FeatureServer/0,https://services1.arcgis.com/O1JpcwDW8sjYuddV/arcgis/rest/services/Traffic_Signal_Locations_TDA/FeatureServer/0/query?where=COUNTY%3D%27Miami-Dade%27&outFields=SIGNALID%2CCOUNTY%2CRDWYID%2CDISTRICT%2CMAINTAGC%2CSDESTRET%2CCNTLRDES%2CSIGNALNC&returnGeometry=true&outSR=4326&f=json
5219,87002000,Miami-Dade,6,MIAMI-DADE,W 36 TER/W 37 STREET,N/A,N/A,25.855258,-80.290284,FDOT Traffic Signal Locations TDA,https://services1.arcgis.com/O1JpcwDW8sjYuddV/arcgis/rest/services/Traffic_Signal_Locations_TDA/FeatureServer/0,https://services1.arcgis.com/O1JpcwDW8sjYuddV/arcgis/rest/services/Traffic_Signal_Locations_TDA/FeatureServer/0/query?where=COUNTY%3D%27Miami-Dade%27&outFields=SIGNALID%2CCOUNTY%2CRDWYID%2CDISTRICT%2CMAINTAGC%2CSDESTRET%2CCNTLRDES%2CSIGNALNC&returnGeometry=true&outSR=4326&f=json
5986,87030000,Miami-Dade,6,MIAMI-DADE,NE 8 ST,N/A,N/A,25.782039,-80.189308,FDOT Traffic Signal Locations TDA,https://services1.arcgis.com/O1JpcwDW8sjYuddV/arcgis/rest/services/Traffic_Signal_Locations_TDA/FeatureServer/0,https://services1.arcgis.com/O1JpcwDW8sjYuddV/arcgis/rest/services/Traffic_Signal_Locations_TDA/FeatureServer/0/query?where=COUNTY%3D%27Miami-Dade%27&outFields=SIGNALID%2CCOUNTY%2CRDWYID%2CDISTRICT%2CMAINTAGC%2CSDESTRET%2CCNTLRDES%2CSIGNALNC&returnGeometry=true&outSR=4326&f=json
3164,87260532,Miami-Dade,6,MIAMI-DADE,SR 817/NW 27 AVE,N/A,02,25.926706,-80.244621,FDOT Traffic Signal Locations TDA,https://services1.arcgis.com/O1JpcwDW8sjYuddV/arcgis/rest/services/Traffic_Signal_Locations_TDA/FeatureServer/0,https://services1.arcgis.com/O1JpcwDW8sjYuddV/arcgis/rest/services/Traffic_Signal_Locations_TDA/FeatureServer/0/query?where=COUNTY%3D%27Miami-Dade%27&outFields=SIGNALID%2CCOUNTY%2CRDWYID%2CDISTRICT%2CMAINTAGC%2CSDESTRET%2CCNTLRDES%2CSIGNALNC&returnGeometry=true&outSR=4326&f=json
2151,87053000,Miami-Dade,6,MIAMI-DADE,N/A,N/A,N/A,25.772239,-80.242097,FDOT Traffic Signal Locations TDA,https://services1.arcgis.com/O1JpcwDW8sjYuddV/arcgis/rest/services/Traffic_Signal_Locations_TDA/FeatureServer/0,https://services1.arcgis.com/O1JpcwDW8sjYuddV/arcgis/rest/services/Traffic_Signal_Locations_TDA/FeatureServer/0/query?where=COUNTY%3D%27Miami-Dade%27&outFields=SIGNALID%2CCOUNTY%2CRDWYID%2CDISTRICT%2CMAINTAGC%2CSDESTRET%2CCNTLRDES%2CSIGNALNC&returnGeometry=true&outSR=4326&f=json
3448,87120001,Miami-Dade,6,MIAMI-DADE,BRICKELL AVE/US-1,N/A,02,25.767074,-80.190468,FDOT Traffic Signal Locations TDA,https://services1.arcgis.com/O1JpcwDW8sjYuddV/arcgis/rest/services/Traffic_Signal_Locations_TDA/FeatureServer/0,https://services1.arcgis.com/O1JpcwDW8sjYuddV/arcgis/rest/services/Traffic_Signal_Locations_TDA/FeatureServer/0/query?where=COUNTY%3D%27Miami-Dade%27&outFields=SIGNALID%2CCOUNTY%2CRDWYID%2CDISTRICT%2CMAINTAGC%2CSDESTRET%2CCNTLRDES%2CSIGNALNC&returnGeometry=true&outSR=4326&f=json
3157,87034000,Miami-Dade,6,MIAMI-DADE,NE 149 ST,N/A,N/A,25.912138,-80.187485,FDOT Traffic Signal Locations TDA,https://services1.arcgis.com/O1JpcwDW8sjYuddV/arcgis/rest/services/Traffic_Signal_Locations_TDA/FeatureServer/0,https://services1.arcgis.com/O1JpcwDW8sjYuddV/arcgis/rest/services/Traffic_Signal_Locations_TDA/FeatureServer/0/query?where=COUNTY%3D%27Miami-Dade%27&outFields=SIGNALID%2CCOUNTY%2CRDWYID%2CDISTRICT%2CMAINTAGC%2CSDESTRET%2CCNTLRDES%2CSIGNALNC&returnGeometry=true&outSR=4326&f=json
2375,87140000,Miami-Dade,6,MIAMI-DADE,NW 14 ST/TORNADO WAY,N/A,N/A,25.787857,-80.206927,FDOT Traffic Signal Locations TDA,https://services1.arcgis.com/O1JpcwDW8sjYuddV/arcgis/rest/services/Traffic_Signal_Locations_TDA/FeatureServer/0,https://services1.arcgis.com/O1JpcwDW8sjYuddV/arcgis/rest/services/Traffic_Signal_Locations_TDA/FeatureServer/0/query?where=COUNTY%3D%27Miami-Dade%27&outFields=SIGNALID%2CCOUNTY%2CRDWYID%2CDISTRICT%2CMAINTAGC%2CSDESTRET%2CCNTLRDES%2CSIGNALNC&returnGeometry=true&outSR=4326&f=json
2752,87060000,Miami-Dade,6,MIAMI-DADE,MICHIGAN AVE,N/A,N/A,25.774329,-80.138214,FDOT Traffic Signal Locations TDA,https://services1.arcgis.com/O1JpcwDW8sjYuddV/arcgis/rest/services/Traffic_Signal_Locations_TDA/FeatureServer/0,https://services1.arcgis.com/O1JpcwDW8sjYuddV/arcgis/rest/services/Traffic_Signal_Locations_TDA/FeatureServer/0/query?where=COUNTY%3D%27Miami-Dade%27&outFields=SIGNALID%2CCOUNTY%2CRDWYID%2CDISTRICT%2CMAINTAGC%2CSDESTRET%2CCNTLRDES%2CSIGNALNC&returnGeometry=true&outSR=4326&f=json
3022,87220000,Miami-Dade,6,MIAMI-DADE,ROYAL POINCIANA BLVD,N/A,N/A,25.808371,-80.263095,FDOT Traffic Signal Locations TDA,https://services1.arcgis.com/O1JpcwDW8sjYuddV/arcgis/rest/services/Traffic_Signal_Locations_TDA/FeatureServer/0,https://services1.arcgis.com/O1JpcwDW8sjYuddV/arcgis/rest/services/Traffic_Signal_Locations_TDA/FeatureServer/0/query?where=COUNTY%3D%27Miami-Dade%27&outFields=SIGNALID%2CCOUNTY%2CRDWYID%2CDISTRICT%2CMAINTAGC%2CSDESTRET%2CCNTLRDES%2CSIGNALNC&returnGeometry=true&outSR=4326&f=json
3602,87026000,Miami-Dade,6,MIAMI-DADE,NW 32 AV,N/A,N/A,25.940573,-80.253343,FDOT Traffic Signal Locations TDA,https://services1.arcgis.com/O1JpcwDW8sjYuddV/arcgis/rest/services/Traffic_Signal_Locations_TDA/FeatureServer/0,https://services1.arcgis.com/O1JpcwDW8sjYuddV/arcgis/rest/services/Traffic_Signal_Locations_TDA/FeatureServer/0/query?where=COUNTY%3D%27Miami-Dade%27&outFields=SIGNALID%2CCOUNTY%2CRDWYID%2CDISTRICT%2CMAINTAGC%2CSDESTRET%2CCNTLRDES%2CSIGNALNC&returnGeometry=true&outSR=4326&f=json
4631,87037000,Miami-Dade,6,MIAMI-DADE,12 ST,N/A,N/A,25.782726,-80.140977,FDOT Traffic Signal Locations TDA,https://services1.arcgis.com/O1JpcwDW8sjYuddV/arcgis/rest/services/Traffic_Signal_Locations_TDA/FeatureServer/0,https://services1.arcgis.com/O1JpcwDW8sjYuddV/arcgis/rest/services/Traffic_Signal_Locations_TDA/FeatureServer/0/query?where=COUNTY%3D%27Miami-Dade%27&outFields=SIGNALID%2CCOUNTY%2CRDWYID%2CDISTRICT%2CMAINTAGC%2CSDESTRET%2CCNTLRDES%2CSIGNALNC&returnGeometry=true&outSR=4326&f=json
5744,87075704,Miami-Dade,6,MIAMI-DADE,NW 138 ST/W 23 AVE,N/A,02,25.896925,-80.329828,FDOT Traffic Signal Locations TDA,https://services1.arcgis.com/O1JpcwDW8sjYuddV/arcgis/rest/services/Traffic_Signal_Locations_TDA/FeatureServer/0,https://services1.arcgis.com/O1JpcwDW8sjYuddV/arcgis/rest/services/Traffic_Signal_Locations_TDA/FeatureServer/0/query?where=COUNTY%3D%27Miami-Dade%27&outFields=SIGNALID%2CCOUNTY%2CRDWYID%2CDISTRICT%2CMAINTAGC%2CSDESTRET%2CCNTLRDES%2CSIGNALNC&returnGeometry=true&outSR=4326&f=json
3441,87060001,Miami-Dade,6,MIAMI-DADE,N/A,N/A,N/A,25.886037,-80.123617,FDOT Traffic Signal Locations TDA,https://services1.arcgis.com/O1JpcwDW8sjYuddV/arcgis/rest/services/Traffic_Signal_Locations_TDA/FeatureServer/0,https://services1.arcgis.com/O1JpcwDW8sjYuddV/arcgis/rest/services/Traffic_Signal_Locations_TDA/FeatureServer/0/query?where=COUNTY%3D%27Miami-Dade%27&outFields=SIGNALID%2CCOUNTY%2CRDWYID%2CDISTRICT%2CMAINTAGC%2CSDESTRET%2CCNTLRDES%2CSIGNALNC&returnGeometry=true&outSR=4326&f=json
6053,87020000,Miami-Dade,6,MIAMI-DADE,SW 244 ST,N/A,N/A,25.539566,-80.407879,FDOT Traffic Signal Locations TDA,https://services1.arcgis.com/O1JpcwDW8sjYuddV/arcgis/rest/services/Traffic_Signal_Locations_TDA/FeatureServer/0,https://services1.arcgis.com/O1JpcwDW8sjYuddV/arcgis/rest/services/Traffic_Signal_Locations_TDA/FeatureServer/0/query?where=COUNTY%3D%27Miami-Dade%27&outFields=SIGNALID%2CCOUNTY%2CRDWYID%2CDISTRICT%2CMAINTAGC%2CSDESTRET%2CCNTLRDES%2CSIGNALNC&returnGeometry=true&outSR=4326&f=json
5557,87047000,Miami-Dade,6,MIAMI-DADE,BUSWAY,N/A,N/A,25.647013,-80.332964,FDOT Traffic Signal Locations TDA,https://services1.arcgis.com/O1JpcwDW8sjYuddV/arcgis/rest/services/Traffic_Signal_Locations_TDA/FeatureServer/0,https://services1.arcgis.com/O1JpcwDW8sjYuddV/arcgis/rest/services/Traffic_Signal_Locations_TDA/FeatureServer/0/query?where=COUNTY%3D%27Miami-Dade%27&outFields=SIGNALID%2CCOUNTY%2CRDWYID%2CDISTRICT%2CMAINTAGC%2CSDESTRET%2CCNTLRDES%2CSIGNALNC&returnGeometry=true&outSR=4326&f=json
4325,87091000,Miami-Dade,6,MIAMI-DADE,ON RAMP 87471601,N/A,N/A,25.595426,-80.371657,FDOT Traffic Signal Locations TDA,https://services1.arcgis.com/O1JpcwDW8sjYuddV/arcgis/rest/services/Traffic_Signal_Locations_TDA/FeatureServer/0,https://services1.arcgis.com/O1JpcwDW8sjYuddV/arcgis/rest/services/Traffic_Signal_Locations_TDA/FeatureServer/0/query?where=COUNTY%3D%27Miami-Dade%27&outFields=SIGNALID%2CCOUNTY%2CRDWYID%2CDISTRICT%2CMAINTAGC%2CSDESTRET%2CCNTLRDES%2CSIGNALNC&returnGeometry=true&outSR=4326&f=json
7315,87085000,Miami-Dade,6,MIAMI DADE,N/A,N/A,N/A,25.778433,-80.214784,FDOT Traffic Signal Locations TDA,https://services1.arcgis.com/O1JpcwDW8sjYuddV/arcgis/rest/services/Traffic_Signal_Locations_TDA/FeatureServer/0,https://services1.arcgis.com/O1JpcwDW8sjYuddV/arcgis/rest/services/Traffic_Signal_Locations_TDA/FeatureServer/0/query?where=COUNTY%3D%27Miami-Dade%27&outFields=SIGNALID%2CCOUNTY%2CRDWYID%2CDISTRICT%2CMAINTAGC%2CSDESTRET%2CCNTLRDES%2CSIGNALNC&returnGeometry=true&outSR=4326&f=json
2900,87220000,Miami-Dade,6,MIAMI-DADE,SHERIDAN DR,N/A,N/A,25.808246,-80.267684,FDOT Traffic Signal Locations TDA,https://services1.arcgis.com/O1JpcwDW8sjYuddV/arcgis/rest/services/Traffic_Signal_Locations_TDA/FeatureServer/0,https://services1.arcgis.com/O1JpcwDW8sjYuddV/arcgis/rest/services/Traffic_Signal_Locations_TDA/FeatureServer/0/query?where=COUNTY%3D%27Miami-Dade%27&outFields=SIGNALID%2CCOUNTY%2CRDWYID%2CDISTRICT%2CMAINTAGC%2CSDESTRET%2CCNTLRDES%2CSIGNALNC&returnGeometry=true&outSR=4326&f=json
5334,87072000,Miami-Dade,6,MIAMI-DADE,SW 16 ST,N/A,N/A,25.754229,-80.368055,FDOT Traffic Signal Locations TDA,https://services1.arcgis.com/O1JpcwDW8sjYuddV/arcgis/rest/services/Traffic_Signal_Locations_TDA/FeatureServer/0,https://services1.arcgis.com/O1JpcwDW8sjYuddV/arcgis/rest/services/Traffic_Signal_Locations_TDA/FeatureServer/0/query?where=COUNTY%3D%27Miami-Dade%27&outFields=SIGNALID%2CCOUNTY%2CRDWYID%2CDISTRICT%2CMAINTAGC%2CSDESTRET%2CCNTLRDES%2CSIGNALNC&returnGeometry=true&outSR=4326&f=json
5799,87060001,Miami-Dade,6,MIAMI-DADE,5800 BLK,N/A,N/A,25.841354,-80.121494,FDOT Traffic Signal Locations TDA,https://services1.arcgis.com/O1JpcwDW8sjYuddV/arcgis/rest/services/Traffic_Signal_Locations_TDA/FeatureServer/0,https://services1.arcgis.com/O1JpcwDW8sjYuddV/arcgis/rest/services/Traffic_Signal_Locations_TDA/FeatureServer/0/query?where=COUNTY%3D%27Miami-Dade%27&outFields=SIGNALID%2CCOUNTY%2CRDWYID%2CDISTRICT%2CMAINTAGC%2CSDESTRET%2CCNTLRDES%2CSIGNALNC&returnGeometry=true&outSR=4326&f=json
6956,87001000,Miami-Dade,6,MIAMI DADE COUNTY,SW 172 AVE,N/A,N/A,25.68662,-80.471828,FDOT Traffic Signal Locations TDA,https://services1.arcgis.com/O1JpcwDW8sjYuddV/arcgis/rest/services/Traffic_Signal_Locations_TDA/FeatureServer/0,https://services1.arcgis.com/O1JpcwDW8sjYuddV/arcgis/rest/services/Traffic_Signal_Locations_TDA/FeatureServer/0/query?where=COUNTY%3D%27Miami-Dade%27&outFields=SIGNALID%2CCOUNTY%2CRDWYID%2CDISTRICT%2CMAINTAGC%2CSDESTRET%2CCNTLRDES%2CSIGNALNC&returnGeometry=true&outSR=4326&f=json
2250,87120000,Miami-Dade,6,MIAMI-DADE,SW 19 AVE,N/A,N/A,25.765528,-80.22655,FDOT Traffic Signal Locations TDA,https://services1.arcgis.com/O1JpcwDW8sjYuddV/arcgis/rest/services/Traffic_Signal_Locations_TDA/FeatureServer/0,https://services1.arcgis.com/O1JpcwDW8sjYuddV/arcgis/rest/services/Traffic_Signal_Locations_TDA/FeatureServer/0/query?where=COUNTY%3D%27Miami-Dade%27&outFields=SIGNALID%2CCOUNTY%2CRDWYID%2CDISTRICT%2CMAINTAGC%2CSDESTRET%2CCNTLRDES%2CSIGNALNC&returnGeometry=true&outSR=4326&f=json
2650,87037001,Miami-Dade,6,MIAMI-DADE,SR112/GODFREY RD,N/A,02,25.812931,-80.135795,FDOT Traffic Signal Locations TDA,https://services1.arcgis.com/O1JpcwDW8sjYuddV/arcgis/rest/services/Traffic_Signal_Locations_TDA/FeatureServer/0,https://services1.arcgis.com/O1JpcwDW8sjYuddV/arcgis/rest/services/Traffic_Signal_Locations_TDA/FeatureServer/0/query?where=COUNTY%3D%27Miami-Dade%27&outFields=SIGNALID%2CCOUNTY%2CRDWYID%2CDISTRICT%2CMAINTAGC%2CSDESTRET%2CCNTLRDES%2CSIGNALNC&returnGeometry=true&outSR=4326&f=json
4824,87015000,Miami-Dade,6,MIAMI-DADE,SW 248 ST,N/A,N/A,25.537192,-80.372066,FDOT Traffic Signal Locations TDA,https://services1.arcgis.com/O1JpcwDW8sjYuddV/arcgis/rest/services/Traffic_Signal_Locations_TDA/FeatureServer/0,https://services1.arcgis.com/O1JpcwDW8sjYuddV/arcgis/rest/services/Traffic_Signal_Locations_TDA/FeatureServer/0/query?where=COUNTY%3D%27Miami-Dade%27&outFields=SIGNALID%2CCOUNTY%2CRDWYID%2CDISTRICT%2CMAINTAGC%2CSDESTRET%2CCNTLRDES%2CSIGNALNC&returnGeometry=true&outSR=4326&f=json
4344,87066000,Miami-Dade,6,MIAMI-DADE,500 BLK,N/A,N/A,25.886843,-80.126298,FDOT Traffic Signal Locations TDA,https://services1.arcgis.com/O1JpcwDW8sjYuddV/arcgis/rest/services/Traffic_Signal_Locations_TDA/FeatureServer/0,https://services1.arcgis.com/O1JpcwDW8sjYuddV/arcgis/rest/services/Traffic_Signal_Locations_TDA/FeatureServer/0/query?where=COUNTY%3D%27Miami-Dade%27&outFields=SIGNALID%2CCOUNTY%2CRDWYID%2CDISTRICT%2CMAINTAGC%2CSDESTRET%2CCNTLRDES%2CSIGNALNC&returnGeometry=true&outSR=4326&f=json
4657,87120000,Miami-Dade,6,MIAMI-DADE,N/A,N/A,N/A,25.763391,-80.293685,FDOT Traffic Signal Locations TDA,https://services1.arcgis.com/O1JpcwDW8sjYuddV/arcgis/rest/services/Traffic_Signal_Locations_TDA/FeatureServer/0,https://services1.arcgis.com/O1JpcwDW8sjYuddV/arcgis/rest/services/Traffic_Signal_Locations_TDA/FeatureServer/0/query?where=COUNTY%3D%27Miami-Dade%27&outFields=SIGNALID%2CCOUNTY%2CRDWYID%2CDISTRICT%2CMAINTAGC%2CSDESTRET%2CCNTLRDES%2CSIGNALNC&returnGeometry=true&outSR=4326&f=json
6162,87019000,Miami-Dade,6,MIAMI-DADE,SR9 SB/BURLINGTON ST,N/A,02,25.90375,-80.243793,FDOT Traffic Signal Locations TDA,https://services1.arcgis.com/O1JpcwDW8sjYuddV/arcgis/rest/services/Traffic_Signal_Locations_TDA/FeatureServer/0,https://services1.arcgis.com/O1JpcwDW8sjYuddV/arcgis/rest/services/Traffic_Signal_Locations_TDA/FeatureServer/0/query?where=COUNTY%3D%27Miami-Dade%27&outFields=SIGNALID%2CCOUNTY%2CRDWYID%2CDISTRICT%2CMAINTAGC%2CSDESTRET%2CCNTLRDES%2CSIGNALNC&returnGeometry=true&outSR=4326&f=json
2220,87085000,Miami-Dade,6,MIAMI-DADE,SW 1 ST,N/A,N/A,25.772521,-80.214629,FDOT Traffic Signal Locations TDA,https://services1.arcgis.com/O1JpcwDW8sjYuddV/arcgis/rest/services/Traffic_Signal_Locations_TDA/FeatureServer/0,https://services1.arcgis.com/O1JpcwDW8sjYuddV/arcgis/rest/services/Traffic_Signal_Locations_TDA/FeatureServer/0/query?where=COUNTY%3D%27Miami-Dade%27&outFields=SIGNALID%2CCOUNTY%2CRDWYID%2CDISTRICT%2CMAINTAGC%2CSDESTRET%2CCNTLRDES%2CSIGNALNC&returnGeometry=true&outSR=4326&f=json
5305,87044000,Miami-Dade,6,MIAMI-DADE,N/A,N/A,N/A,25.732586,-80.354633,FDOT Traffic Signal Locations TDA,https://services1.arcgis.com/O1JpcwDW8sjYuddV/arcgis/rest/services/Traffic_Signal_Locations_TDA/FeatureServer/0,https://services1.arcgis.com/O1JpcwDW8sjYuddV/arcgis/rest/services/Traffic_Signal_Locations_TDA/FeatureServer/0/query?where=COUNTY%3D%27Miami-Dade%27&outFields=SIGNALID%2CCOUNTY%2CRDWYID%2CDISTRICT%2CMAINTAGC%2CSDESTRET%2CCNTLRDES%2CSIGNALNC&returnGeometry=true&outSR=4326&f=json
2361,87000172,Miami-Dade,6,MIAMI-DADE,N BAYSHORE DR,N/A,N/A,25.78705,-80.187997,FDOT Traffic Signal Locations TDA,https://services1.arcgis.com/O1JpcwDW8sjYuddV/arcgis/rest/services/Traffic_Signal_Locations_TDA/FeatureServer/0,https://services1.arcgis.com/O1JpcwDW8sjYuddV/arcgis/rest/services/Traffic_Signal_Locations_TDA/FeatureServer/0/query?where=COUNTY%3D%27Miami-Dade%27&outFields=SIGNALID%2CCOUNTY%2CRDWYID%2CDISTRICT%2CMAINTAGC%2CSDESTRET%2CCNTLRDES%2CSIGNALNC&returnGeometry=true&outSR=4326&f=json
3581,87001000,Miami-Dade,6,MIAMI-DADE,SW 97 AVE,N/A,N/A,25.687446,-80.34952,FDOT Traffic Signal Locations TDA,https://services1.arcgis.com/O1JpcwDW8sjYuddV/arcgis/rest/services/Traffic_Signal_Locations_TDA/FeatureServer/0,https://services1.arcgis.com/O1JpcwDW8sjYuddV/arcgis/rest/services/Traffic_Signal_Locations_TDA/FeatureServer/0/query?where=COUNTY%3D%27Miami-Dade%27&outFields=SIGNALID%2CCOUNTY%2CRDWYID%2CDISTRICT%2CMAINTAGC%2CSDESTRET%2CCNTLRDES%2CSIGNALNC&returnGeometry=true&outSR=4326&f=json
5983,87091000,Miami-Dade,6,MIAMI-DADE,N/A,N/A,N/A,25.585999,-80.387315,FDOT Traffic Signal Locations TDA,https://services1.arcgis.com/O1JpcwDW8sjYuddV/arcgis/rest/services/Traffic_Signal_Locations_TDA/FeatureServer/0,https://services1.arcgis.com/O1JpcwDW8sjYuddV/arcgis/rest/services/Traffic_Signal_Locations_TDA/FeatureServer/0/query?where=COUNTY%3D%27Miami-Dade%27&outFields=SIGNALID%2CCOUNTY%2CRDWYID%2CDISTRICT%2CMAINTAGC%2CSDESTRET%2CCNTLRDES%2CSIGNALNC&returnGeometry=true&outSR=4326&f=json
3809,87034000,Miami-Dade,6,MIAMI-DADE,NE 177 ST,N/A,N/A,25.937542,-80.188637,FDOT Traffic Signal Locations TDA,https://services1.arcgis.com/O1JpcwDW8sjYuddV/arcgis/rest/services/Traffic_Signal_Locations_TDA/FeatureServer/0,https://services1.arcgis.com/O1JpcwDW8sjYuddV/arcgis/rest/services/Traffic_Signal_Locations_TDA/FeatureServer/0/query?where=COUNTY%3D%27Miami-Dade%27&outFields=SIGNALID%2CCOUNTY%2CRDWYID%2CDISTRICT%2CMAINTAGC%2CSDESTRET%2CCNTLRDES%2CSIGNALNC&returnGeometry=true&outSR=4326&f=json
3198,87090000,Miami-Dade,6,MIAMI-DADE,W 9 ST/NW 62 ST,N/A,N/A,25.829499,-80.289662,FDOT Traffic Signal Locations TDA,https://services1.arcgis.com/O1JpcwDW8sjYuddV/arcgis/rest/services/Traffic_Signal_Locations_TDA/FeatureServer/0,https://services1.arcgis.com/O1JpcwDW8sjYuddV/arcgis/rest/services/Traffic_Signal_Locations_TDA/FeatureServer/0/query?where=COUNTY%3D%27Miami-Dade%27&outFields=SIGNALID%2CCOUNTY%2CRDWYID%2CDISTRICT%2CMAINTAGC%2CSDESTRET%2CCNTLRDES%2CSIGNALNC&returnGeometry=true&outSR=4326&f=json
2584,87281000,Miami-Dade,6,MIAMI-DADE,ANDALUSIA AVE,N/A,N/A,25.748417,-80.262687,FDOT Traffic Signal Locations TDA,https://services1.arcgis.com/O1JpcwDW8sjYuddV/arcgis/rest/services/Traffic_Signal_Locations_TDA/FeatureServer/0,https://services1.arcgis.com/O1JpcwDW8sjYuddV/arcgis/rest/services/Traffic_Signal_Locations_TDA/FeatureServer/0/query?where=COUNTY%3D%27Miami-Dade%27&outFields=SIGNALID%2CCOUNTY%2CRDWYID%2CDISTRICT%2CMAINTAGC%2CSDESTRET%2CCNTLRDES%2CSIGNALNC&returnGeometry=true&outSR=4326&f=json
2094,87080900,Miami-Dade,6,MIAMI-DADE,NW 2 AVE,N/A,N/A,25.847297,-80.201462,FDOT Traffic Signal Locations TDA,https://services1.arcgis.com/O1JpcwDW8sjYuddV/arcgis/rest/services/Traffic_Signal_Locations_TDA/FeatureServer/0,https://services1.arcgis.com/O1JpcwDW8sjYuddV/arcgis/rest/services/Traffic_Signal_Locations_TDA/FeatureServer/0/query?where=COUNTY%3D%27Miami-Dade%27&outFields=SIGNALID%2CCOUNTY%2CRDWYID%2CDISTRICT%2CMAINTAGC%2CSDESTRET%2CCNTLRDES%2CSIGNALNC&returnGeometry=true&outSR=4326&f=json
2112,87030000,Miami-Dade,6,MIAMI-DADE,N/A,N/A,N/A,25.837197,-80.184205,FDOT Traffic Signal Locations TDA,https://services1.arcgis.com/O1JpcwDW8sjYuddV/arcgis/rest/services/Traffic_Signal_Locations_TDA/FeatureServer/0,https://services1.arcgis.com/O1JpcwDW8sjYuddV/arcgis/rest/services/Traffic_Signal_Locations_TDA/FeatureServer/0/query?where=COUNTY%3D%27Miami-Dade%27&outFields=SIGNALID%2CCOUNTY%2CRDWYID%2CDISTRICT%2CMAINTAGC%2CSDESTRET%2CCNTLRDES%2CSIGNALNC&returnGeometry=true&outSR=4326&f=json
5223,87030000,Miami-Dade,6,MIAMI-DADE,SW 5700 BLOCK,N/A,N/A,25.706577,-80.286668,FDOT Traffic Signal Locations TDA,https://services1.arcgis.com/O1JpcwDW8sjYuddV/arcgis/rest/services/Traffic_Signal_Locations_TDA/FeatureServer/0,https://services1.arcgis.com/O1JpcwDW8sjYuddV/arcgis/rest/services/Traffic_Signal_Locations_TDA/FeatureServer/0/query?where=COUNTY%3D%27Miami-Dade%27&outFields=SIGNALID%2CCOUNTY%2CRDWYID%2CDISTRICT%2CMAINTAGC%2CSDESTRET%2CCNTLRDES%2CSIGNALNC&returnGeometry=true&outSR=4326&f=json
4860,87053000,Miami-Dade,6,MIAMI-DADE,W 84 AVE,N/A,N/A,25.769613,-80.332341,FDOT Traffic Signal Locations TDA,https://services1.arcgis.com/O1JpcwDW8sjYuddV/arcgis/rest/services/Traffic_Signal_Locations_TDA/FeatureServer/0,https://services1.arcgis.com/O1JpcwDW8sjYuddV/arcgis/rest/services/Traffic_Signal_Locations_TDA/FeatureServer/0/query?where=COUNTY%3D%27Miami-Dade%27&outFields=SIGNALID%2CCOUNTY%2CRDWYID%2CDISTRICT%2CMAINTAGC%2CSDESTRET%2CCNTLRDES%2CSIGNALNC&returnGeometry=true&outSR=4326&f=json
4157,87260530,Miami-Dade,6,MIAMI-DADE,NW 47 AVE,N/A,02,25.92551,-80.276717,FDOT Traffic Signal Locations TDA,https://services1.arcgis.com/O1JpcwDW8sjYuddV/arcgis/rest/services/Traffic_Signal_Locations_TDA/FeatureServer/0,https://services1.arcgis.com/O1JpcwDW8sjYuddV/arcgis/rest/services/Traffic_Signal_Locations_TDA/FeatureServer/0/query?where=COUNTY%3D%27Miami-Dade%27&outFields=SIGNALID%2CCOUNTY%2CRDWYID%2CDISTRICT%2CMAINTAGC%2CSDESTRET%2CCNTLRDES%2CSIGNALNC&returnGeometry=true&outSR=4326&f=json
4114,87012000,Miami-Dade,6,MIAMI-DADE,NW 191 ST,N/A,N/A,25.946949,-80.277796,FDOT Traffic Signal Locations TDA,https://services1.arcgis.com/O1JpcwDW8sjYuddV/arcgis/rest/services/Traffic_Signal_Locations_TDA/FeatureServer/0,https://services1.arcgis.com/O1JpcwDW8sjYuddV/arcgis/rest/services/Traffic_Signal_Locations_TDA/FeatureServer/0/query?where=COUNTY%3D%27Miami-Dade%27&outFields=SIGNALID%2CCOUNTY%2CRDWYID%2CDISTRICT%2CMAINTAGC%2CSDESTRET%2CCNTLRDES%2CSIGNALNC&returnGeometry=true&outSR=4326&f=json
3753,87002000,Miami-Dade,6,MIAMI-DADE,W 68 ST / NW 122 ST,N/A,N/A,25.884514,-80.29132,FDOT Traffic Signal Locations TDA,https://services1.arcgis.com/O1JpcwDW8sjYuddV/arcgis/rest/services/Traffic_Signal_Locations_TDA/FeatureServer/0,https://services1.arcgis.com/O1JpcwDW8sjYuddV/arcgis/rest/services/Traffic_Signal_Locations_TDA/FeatureServer/0/query?where=COUNTY%3D%27Miami-Dade%27&outFields=SIGNALID%2CCOUNTY%2CRDWYID%2CDISTRICT%2CMAINTAGC%2CSDESTRET%2CCNTLRDES%2CSIGNALNC&returnGeometry=true&outSR=4326&f=json
4710,87170000,Miami-Dade,6,MIAMI-DADE,NE 26 AV,N/A,N/A,25.926008,-80.147252,FDOT Traffic Signal Locations TDA,https://services1.arcgis.com/O1JpcwDW8sjYuddV/arcgis/rest/services/Traffic_Signal_Locations_TDA/FeatureServer/0,https://services1.arcgis.com/O1JpcwDW8sjYuddV/arcgis/rest/services/Traffic_Signal_Locations_TDA/FeatureServer/0/query?where=COUNTY%3D%27Miami-Dade%27&outFields=SIGNALID%2CCOUNTY%2CRDWYID%2CDISTRICT%2CMAINTAGC%2CSDESTRET%2CCNTLRDES%2CSIGNALNC&returnGeometry=true&outSR=4326&f=json
2197,87053003,Miami-Dade,6,MIAMI-DADE,SR 7/US-441/W 8 AVE,N/A,02,25.773735,-80.207718,FDOT Traffic Signal Locations TDA,https://services1.arcgis.com/O1JpcwDW8sjYuddV/arcgis/rest/services/Traffic_Signal_Locations_TDA/FeatureServer/0,https://services1.arcgis.com/O1JpcwDW8sjYuddV/arcgis/rest/services/Traffic_Signal_Locations_TDA/FeatureServer/0/query?where=COUNTY%3D%27Miami-Dade%27&outFields=SIGNALID%2CCOUNTY%2CRDWYID%2CDISTRICT%2CMAINTAGC%2CSDESTRET%2CCNTLRDES%2CSIGNALNC&returnGeometry=true&outSR=4326&f=json
2897,87027000,Miami-Dade,6,MIAMI-DADE,NW 25 ST,N/A,N/A,25.797151,-80.312867,FDOT Traffic Signal Locations TDA,https://services1.arcgis.com/O1JpcwDW8sjYuddV/arcgis/rest/services/Traffic_Signal_Locations_TDA/FeatureServer/0,https://services1.arcgis.com/O1JpcwDW8sjYuddV/arcgis/rest/services/Traffic_Signal_Locations_TDA/FeatureServer/0/query?where=COUNTY%3D%27Miami-Dade%27&outFields=SIGNALID%2CCOUNTY%2CRDWYID%2CDISTRICT%2CMAINTAGC%2CSDESTRET%2CCNTLRDES%2CSIGNALNC&returnGeometry=true&outSR=4326&f=json
4410,87002000,Miami-Dade,6,MIAMI-DADE,W 53 ST / W 53 TER,N/A,N/A,25.870872,-80.290768,FDOT Traffic Signal Locations TDA,https://services1.arcgis.com/O1JpcwDW8sjYuddV/arcgis/rest/services/Traffic_Signal_Locations_TDA/FeatureServer/0,https://services1.arcgis.com/O1JpcwDW8sjYuddV/arcgis/rest/services/Traffic_Signal_Locations_TDA/FeatureServer/0/query?where=COUNTY%3D%27Miami-Dade%27&outFields=SIGNALID%2CCOUNTY%2CRDWYID%2CDISTRICT%2CMAINTAGC%2CSDESTRET%2CCNTLRDES%2CSIGNALNC&returnGeometry=true&outSR=4326&f=json
4158,87260529,Miami-Dade,6,MIAMI-DADE,NW 47 AVE,N/A,02,25.924879,-80.276703,FDOT Traffic Signal Locations TDA,https://services1.arcgis.com/O1JpcwDW8sjYuddV/arcgis/rest/services/Traffic_Signal_Locations_TDA/FeatureServer/0,https://services1.arcgis.com/O1JpcwDW8sjYuddV/arcgis/rest/services/Traffic_Signal_Locations_TDA/FeatureServer/0/query?where=COUNTY%3D%27Miami-Dade%27&outFields=SIGNALID%2CCOUNTY%2CRDWYID%2CDISTRICT%2CMAINTAGC%2CSDESTRET%2CCNTLRDES%2CSIGNALNC&returnGeometry=true&outSR=4326&f=json
2655,87016000,Miami-Dade,6,MIAMI-DADE,CHASE AV,N/A,N/A,25.813858,-80.131695,FDOT Traffic Signal Locations TDA,https://services1.arcgis.com/O1JpcwDW8sjYuddV/arcgis/rest/services/Traffic_Signal_Locations_TDA/FeatureServer/0,https://services1.arcgis.com/O1JpcwDW8sjYuddV/arcgis/rest/services/Traffic_Signal_Locations_TDA/FeatureServer/0/query?where=COUNTY%3D%27Miami-Dade%27&outFields=SIGNALID%2CCOUNTY%2CRDWYID%2CDISTRICT%2CMAINTAGC%2CSDESTRET%2CCNTLRDES%2CSIGNALNC&returnGeometry=true&outSR=4326&f=json
2696,87060000,Miami-Dade,6,MIAMI-DADE,81 ST,N/A,N/A,25.865907,-80.121142,FDOT Traffic Signal Locations TDA,https://services1.arcgis.com/O1JpcwDW8sjYuddV/arcgis/rest/services/Traffic_Signal_Locations_TDA/FeatureServer/0,https://services1.arcgis.com/O1JpcwDW8sjYuddV/arcgis/rest/services/Traffic_Signal_Locations_TDA/FeatureServer/0/query?where=COUNTY%3D%27Miami-Dade%27&outFields=SIGNALID%2CCOUNTY%2CRDWYID%2CDISTRICT%2CMAINTAGC%2CSDESTRET%2CCNTLRDES%2CSIGNALNC&returnGeometry=true&outSR=4326&f=json
3172,87140000,Miami-Dade,6,MIAMI-DADE,SR 934/NW 81 ST,N/A,02,25.848766,-80.209212,FDOT Traffic Signal Locations TDA,https://services1.arcgis.com/O1JpcwDW8sjYuddV/arcgis/rest/services/Traffic_Signal_Locations_TDA/FeatureServer/0,https://services1.arcgis.com/O1JpcwDW8sjYuddV/arcgis/rest/services/Traffic_Signal_Locations_TDA/FeatureServer/0/query?where=COUNTY%3D%27Miami-Dade%27&outFields=SIGNALID%2CCOUNTY%2CRDWYID%2CDISTRICT%2CMAINTAGC%2CSDESTRET%2CCNTLRDES%2CSIGNALNC&returnGeometry=true&outSR=4326&f=json
2692,87060000,Miami-Dade,6,MIAMI-DADE,SR 934/71 ST,N/A,N/A,25.855931,-80.120485,FDOT Traffic Signal Locations TDA,https://services1.arcgis.com/O1JpcwDW8sjYuddV/arcgis/rest/services/Traffic_Signal_Locations_TDA/FeatureServer/0,https://services1.arcgis.com/O1JpcwDW8sjYuddV/arcgis/rest/services/Traffic_Signal_Locations_TDA/FeatureServer/0/query?where=COUNTY%3D%27Miami-Dade%27&outFields=SIGNALID%2CCOUNTY%2CRDWYID%2CDISTRICT%2CMAINTAGC%2CSDESTRET%2CCNTLRDES%2CSIGNALNC&returnGeometry=true&outSR=4326&f=json
3966,87055000,Miami-Dade,6,MIAMI-DADE,SR 985 / SW 107 AVE,N/A,02,25.701034,-80.366185,FDOT Traffic Signal Locations TDA,https://services1.arcgis.com/O1JpcwDW8sjYuddV/arcgis/rest/services/Traffic_Signal_Locations_TDA/FeatureServer/0,https://services1.arcgis.com/O1JpcwDW8sjYuddV/arcgis/rest/services/Traffic_Signal_Locations_TDA/FeatureServer/0/query?where=COUNTY%3D%27Miami-Dade%27&outFields=SIGNALID%2CCOUNTY%2CRDWYID%2CDISTRICT%2CMAINTAGC%2CSDESTRET%2CCNTLRDES%2CSIGNALNC&returnGeometry=true&outSR=4326&f=json
4064,87008000,Miami-Dade,6,MIAMI-DADE,NW 2 AVE,N/A,N/A,25.898602,-80.20288,FDOT Traffic Signal Locations TDA,https://services1.arcgis.com/O1JpcwDW8sjYuddV/arcgis/rest/services/Traffic_Signal_Locations_TDA/FeatureServer/0,https://services1.arcgis.com/O1JpcwDW8sjYuddV/arcgis/rest/services/Traffic_Signal_Locations_TDA/FeatureServer/0/query?where=COUNTY%3D%27Miami-Dade%27&outFields=SIGNALID%2CCOUNTY%2CRDWYID%2CDISTRICT%2CMAINTAGC%2CSDESTRET%2CCNTLRDES%2CSIGNALNC&returnGeometry=true&outSR=4326&f=json
2512,87240000,Miami-Dade,6,MIAMI-DADE,SR 932/NW 103 ST,N/A,N/A,25.867962,-80.242509,FDOT Traffic Signal Locations TDA,https://services1.arcgis.com/O1JpcwDW8sjYuddV/arcgis/rest/services/Traffic_Signal_Locations_TDA/FeatureServer/0,https://services1.arcgis.com/O1JpcwDW8sjYuddV/arcgis/rest/services/Traffic_Signal_Locations_TDA/FeatureServer/0/query?where=COUNTY%3D%27Miami-Dade%27&outFields=SIGNALID%2CCOUNTY%2CRDWYID%2CDISTRICT%2CMAINTAGC%2CSDESTRET%2CCNTLRDES%2CSIGNALNC&returnGeometry=true&outSR=4326&f=json
2845,87090000,Miami-Dade,6,MIAMI-DADE,SE 1ST AVE,N/A,N/A,25.821883,-80.279257,FDOT Traffic Signal Locations TDA,https://services1.arcgis.com/O1JpcwDW8sjYuddV/arcgis/rest/services/Traffic_Signal_Locations_TDA/FeatureServer/0,https://services1.arcgis.com/O1JpcwDW8sjYuddV/arcgis/rest/services/Traffic_Signal_Locations_TDA/FeatureServer/0/query?where=COUNTY%3D%27Miami-Dade%27&outFields=SIGNALID%2CCOUNTY%2CRDWYID%2CDISTRICT%2CMAINTAGC%2CSDESTRET%2CCNTLRDES%2CSIGNALNC&returnGeometry=true&outSR=4326&f=json
3830,87220000,Miami-Dade,6,MIAMI-DADE,NW 7100 BLOCK,N/A,N/A,25.809295,-80.312091,FDOT Traffic Signal Locations TDA,https://services1.arcgis.com/O1JpcwDW8sjYuddV/arcgis/rest/services/Traffic_Signal_Locations_TDA/FeatureServer/0,https://services1.arcgis.com/O1JpcwDW8sjYuddV/arcgis/rest/services/Traffic_Signal_Locations_TDA/FeatureServer/0/query?where=COUNTY%3D%27Miami-Dade%27&outFields=SIGNALID%2CCOUNTY%2CRDWYID%2CDISTRICT%2CMAINTAGC%2CSDESTRET%2CCNTLRDES%2CSIGNALNC&returnGeometry=true&outSR=4326&f=json
3591,87044000,Miami-Dade,6,MIAMI-DADE,SW 102 AV,N/A,N/A,25.732462,-80.359766,FDOT Traffic Signal Locations TDA,https://services1.arcgis.com/O1JpcwDW8sjYuddV/arcgis/rest/services/Traffic_Signal_Locations_TDA/FeatureServer/0,https://services1.arcgis.com/O1JpcwDW8sjYuddV/arcgis/rest/services/Traffic_Signal_Locations_TDA/FeatureServer/0/query?where=COUNTY%3D%27Miami-Dade%27&outFields=SIGNALID%2CCOUNTY%2CRDWYID%2CDISTRICT%2CMAINTAGC%2CSDESTRET%2CCNTLRDES%2CSIGNALNC&returnGeometry=true&outSR=4326&f=json
2551,87190000,Miami-Dade,6,MIAMI-DADE,NE 128 ST/NE 7 AVE,N/A,N/A,25.892913,-80.184505,FDOT Traffic Signal Locations TDA,https://services1.arcgis.com/O1JpcwDW8sjYuddV/arcgis/rest/services/Traffic_Signal_Locations_TDA/FeatureServer/0,https://services1.arcgis.com/O1JpcwDW8sjYuddV/arcgis/rest/services/Traffic_Signal_Locations_TDA/FeatureServer/0/query?where=COUNTY%3D%27Miami-Dade%27&outFields=SIGNALID%2CCOUNTY%2CRDWYID%2CDISTRICT%2CMAINTAGC%2CSDESTRET%2CCNTLRDES%2CSIGNALNC&returnGeometry=true&outSR=4326&f=json
3997,87001000,Miami-Dade,6,MIAMI-DADE,DADELAND BLVD,N/A,N/A,25.688593,-80.313307,FDOT Traffic Signal Locations TDA,https://services1.arcgis.com/O1JpcwDW8sjYuddV/arcgis/rest/services/Traffic_Signal_Locations_TDA/FeatureServer/0,https://services1.arcgis.com/O1JpcwDW8sjYuddV/arcgis/rest/services/Traffic_Signal_Locations_TDA/FeatureServer/0/query?where=COUNTY%3D%27Miami-Dade%27&outFields=SIGNALID%2CCOUNTY%2CRDWYID%2CDISTRICT%2CMAINTAGC%2CSDESTRET%2CCNTLRDES%2CSIGNALNC&returnGeometry=true&outSR=4326&f=json
7219,87120000,Miami-Dade,6,MIAMI-DADE,N/A,N/A,N/A,25.765258,-80.236158,FDOT Traffic Signal Locations TDA,https://services1.arcgis.com/O1JpcwDW8sjYuddV/arcgis/rest/services/Traffic_Signal_Locations_TDA/FeatureServer/0,https://services1.arcgis.com/O1JpcwDW8sjYuddV/arcgis/rest/services/Traffic_Signal_Locations_TDA/FeatureServer/0/query?where=COUNTY%3D%27Miami-Dade%27&outFields=SIGNALID%2CCOUNTY%2CRDWYID%2CDISTRICT%2CMAINTAGC%2CSDESTRET%2CCNTLRDES%2CSIGNALNC&returnGeometry=true&outSR=4326&f=json
2109,87030000,Miami-Dade,6,MIAMI-DADE,NE 61 ST,N/A,N/A,25.832607,-80.184038,FDOT Traffic Signal Locations TDA,https://services1.arcgis.com/O1JpcwDW8sjYuddV/arcgis/rest/services/Traffic_Signal_Locations_TDA/FeatureServer/0,https://services1.arcgis.com/O1JpcwDW8sjYuddV/arcgis/rest/services/Traffic_Signal_Locations_TDA/FeatureServer/0/query?where=COUNTY%3D%27Miami-Dade%27&outFields=SIGNALID%2CCOUNTY%2CRDWYID%2CDISTRICT%2CMAINTAGC%2CSDESTRET%2CCNTLRDES%2CSIGNALNC&returnGeometry=true&outSR=4326&f=json
5726,87150000,Miami-Dade,6,MIAMI-DADE,SR 94/SW 88 ST,N/A,02,25.688522,-80.478332,FDOT Traffic Signal Locations TDA,https://services1.arcgis.com/O1JpcwDW8sjYuddV/arcgis/rest/services/Traffic_Signal_Locations_TDA/FeatureServer/0,https://services1.arcgis.com/O1JpcwDW8sjYuddV/arcgis/rest/services/Traffic_Signal_Locations_TDA/FeatureServer/0/query?where=COUNTY%3D%27Miami-Dade%27&outFields=SIGNALID%2CCOUNTY%2CRDWYID%2CDISTRICT%2CMAINTAGC%2CSDESTRET%2CCNTLRDES%2CSIGNALNC&returnGeometry=true&outSR=4326&f=json
2105,87250000,Miami-Dade,6,MIAMI-DADE,NE 4 CT/FEDERAL HWY,N/A,N/A,25.825515,-80.187363,FDOT Traffic Signal Locations TDA,https://services1.arcgis.com/O1JpcwDW8sjYuddV/arcgis/rest/services/Traffic_Signal_Locations_TDA/FeatureServer/0,https://services1.arcgis.com/O1JpcwDW8sjYuddV/arcgis/rest/services/Traffic_Signal_Locations_TDA/FeatureServer/0/query?where=COUNTY%3D%27Miami-Dade%27&outFields=SIGNALID%2CCOUNTY%2CRDWYID%2CDISTRICT%2CMAINTAGC%2CSDESTRET%2CCNTLRDES%2CSIGNALNC&returnGeometry=true&outSR=4326&f=json
3099,87038000,Miami-Dade,6,MIAMI-DADE,NW 32 AV,N/A,N/A,25.86776,-80.250787,FDOT Traffic Signal Locations TDA,https://services1.arcgis.com/O1JpcwDW8sjYuddV/arcgis/rest/services/Traffic_Signal_Locations_TDA/FeatureServer/0,https://services1.arcgis.com/O1JpcwDW8sjYuddV/arcgis/rest/services/Traffic_Signal_Locations_TDA/FeatureServer/0/query?where=COUNTY%3D%27Miami-Dade%27&outFields=SIGNALID%2CCOUNTY%2CRDWYID%2CDISTRICT%2CMAINTAGC%2CSDESTRET%2CCNTLRDES%2CSIGNALNC&returnGeometry=true&outSR=4326&f=json
5913,87260521,Miami-Dade,6,MIAMI-DADE,W 60 ST,N/A,N/A,25.877112,-80.323857,FDOT Traffic Signal Locations TDA,https://services1.arcgis.com/O1JpcwDW8sjYuddV/arcgis/rest/services/Traffic_Signal_Locations_TDA/FeatureServer/0,https://services1.arcgis.com/O1JpcwDW8sjYuddV/arcgis/rest/services/Traffic_Signal_Locations_TDA/FeatureServer/0/query?where=COUNTY%3D%27Miami-Dade%27&outFields=SIGNALID%2CCOUNTY%2CRDWYID%2CDISTRICT%2CMAINTAGC%2CSDESTRET%2CCNTLRDES%2CSIGNALNC&returnGeometry=true&outSR=4326&f=json
3423,87040101,Miami-Dade,6,MIAMI-DADE,NW 3 ST,N/A,N/A,25.776849,-80.199476,FDOT Traffic Signal Locations TDA,https://services1.arcgis.com/O1JpcwDW8sjYuddV/arcgis/rest/services/Traffic_Signal_Locations_TDA/FeatureServer/0,https://services1.arcgis.com/O1JpcwDW8sjYuddV/arcgis/rest/services/Traffic_Signal_Locations_TDA/FeatureServer/0/query?where=COUNTY%3D%27Miami-Dade%27&outFields=SIGNALID%2CCOUNTY%2CRDWYID%2CDISTRICT%2CMAINTAGC%2CSDESTRET%2CCNTLRDES%2CSIGNALNC&returnGeometry=true&outSR=4326&f=json
2566,87034000,Miami-Dade,6,MIAMI-DADE,SHORELAND BLVD/NE 96,N/A,N/A,25.863873,-80.185303,FDOT Traffic Signal Locations TDA,https://services1.arcgis.com/O1JpcwDW8sjYuddV/arcgis/rest/services/Traffic_Signal_Locations_TDA/FeatureServer/0,https://services1.arcgis.com/O1JpcwDW8sjYuddV/arcgis/rest/services/Traffic_Signal_Locations_TDA/FeatureServer/0/query?where=COUNTY%3D%27Miami-Dade%27&outFields=SIGNALID%2CCOUNTY%2CRDWYID%2CDISTRICT%2CMAINTAGC%2CSDESTRET%2CCNTLRDES%2CSIGNALNC&returnGeometry=true&outSR=4326&f=json
4783,87150000,Miami-Dade,6,MIAMI-DADE,SW 184 ST/EUREKA DR,N/A,N/A,25.594169,-80.478475,FDOT Traffic Signal Locations TDA,https://services1.arcgis.com/O1JpcwDW8sjYuddV/arcgis/rest/services/Traffic_Signal_Locations_TDA/FeatureServer/0,https://services1.arcgis.com/O1JpcwDW8sjYuddV/arcgis/rest/services/Traffic_Signal_Locations_TDA/FeatureServer/0/query?where=COUNTY%3D%27Miami-Dade%27&outFields=SIGNALID%2CCOUNTY%2CRDWYID%2CDISTRICT%2CMAINTAGC%2CSDESTRET%2CCNTLRDES%2CSIGNALNC&returnGeometry=true&outSR=4326&f=json
2999,87030000,Miami-Dade,6,MIAMI-DADE,SW 62 AVE,N/A,N/A,25.70113,-80.293449,FDOT Traffic Signal Locations TDA,https://services1.arcgis.com/O1JpcwDW8sjYuddV/arcgis/rest/services/Traffic_Signal_Locations_TDA/FeatureServer/0,https://services1.arcgis.com/O1JpcwDW8sjYuddV/arcgis/rest/services/Traffic_Signal_Locations_TDA/FeatureServer/0/query?where=COUNTY%3D%27Miami-Dade%27&outFields=SIGNALID%2CCOUNTY%2CRDWYID%2CDISTRICT%2CMAINTAGC%2CSDESTRET%2CCNTLRDES%2CSIGNALNC&returnGeometry=true&outSR=4326&f=json
5261,87020000,Miami-Dade,6,MIAMI-DADE,SW 157 AVE,N/A,N/A,25.500507,-80.445018,FDOT Traffic Signal Locations TDA,https://services1.arcgis.com/O1JpcwDW8sjYuddV/arcgis/rest/services/Traffic_Signal_Locations_TDA/FeatureServer/0,https://services1.arcgis.com/O1JpcwDW8sjYuddV/arcgis/rest/services/Traffic_Signal_Locations_TDA/FeatureServer/0/query?where=COUNTY%3D%27Miami-Dade%27&outFields=SIGNALID%2CCOUNTY%2CRDWYID%2CDISTRICT%2CMAINTAGC%2CSDESTRET%2CCNTLRDES%2CSIGNALNC&returnGeometry=true&outSR=4326&f=json
3786,87281000,Miami-Dade,6,MIAMI-DADE,MINORCA AVE,N/A,N/A,25.753465,-80.262858,FDOT Traffic Signal Locations TDA,https://services1.arcgis.com/O1JpcwDW8sjYuddV/arcgis/rest/services/Traffic_Signal_Locations_TDA/FeatureServer/0,https://services1.arcgis.com/O1JpcwDW8sjYuddV/arcgis/rest/services/Traffic_Signal_Locations_TDA/FeatureServer/0/query?where=COUNTY%3D%27Miami-Dade%27&outFields=SIGNALID%2CCOUNTY%2CRDWYID%2CDISTRICT%2CMAINTAGC%2CSDESTRET%2CCNTLRDES%2CSIGNALNC&returnGeometry=true&outSR=4326&f=json
5236,87080347,Miami-Dade,6,MIAMI-DADE,N/A,N/A,N/A,25.855532,-80.131432,FDOT Traffic Signal Locations TDA,https://services1.arcgis.com/O1JpcwDW8sjYuddV/arcgis/rest/services/Traffic_Signal_Locations_TDA/FeatureServer/0,https://services1.arcgis.com/O1JpcwDW8sjYuddV/arcgis/rest/services/Traffic_Signal_Locations_TDA/FeatureServer/0/query?where=COUNTY%3D%27Miami-Dade%27&outFields=SIGNALID%2CCOUNTY%2CRDWYID%2CDISTRICT%2CMAINTAGC%2CSDESTRET%2CCNTLRDES%2CSIGNALNC&returnGeometry=true&outSR=4326&f=json
2139,87053000,Miami-Dade,6,MIAMI-DADE,W 67 AVE,N/A,N/A,25.770508,-80.304243,FDOT Traffic Signal Locations TDA,https://services1.arcgis.com/O1JpcwDW8sjYuddV/arcgis/rest/services/Traffic_Signal_Locations_TDA/FeatureServer/0,https://services1.arcgis.com/O1JpcwDW8sjYuddV/arcgis/rest/services/Traffic_Signal_Locations_TDA/FeatureServer/0/query?where=COUNTY%3D%27Miami-Dade%27&outFields=SIGNALID%2CCOUNTY%2CRDWYID%2CDISTRICT%2CMAINTAGC%2CSDESTRET%2CCNTLRDES%2CSIGNALNC&returnGeometry=true&outSR=4326&f=json
4511,87026005,Miami-Dade,6,MIAMI-DADE,NW 67 AV,N/A,N/A,25.942305,-80.306696,FDOT Traffic Signal Locations TDA,https://services1.arcgis.com/O1JpcwDW8sjYuddV/arcgis/rest/services/Traffic_Signal_Locations_TDA/FeatureServer/0,https://services1.arcgis.com/O1JpcwDW8sjYuddV/arcgis/rest/services/Traffic_Signal_Locations_TDA/FeatureServer/0/query?where=COUNTY%3D%27Miami-Dade%27&outFields=SIGNALID%2CCOUNTY%2CRDWYID%2CDISTRICT%2CMAINTAGC%2CSDESTRET%2CCNTLRDES%2CSIGNALNC&returnGeometry=true&outSR=4326&f=json
3821,87240000,Miami-Dade,6,MIAMI-DADE,N/A,N/A,N/A,25.87014,-80.242518,FDOT Traffic Signal Locations TDA,https://services1.arcgis.com/O1JpcwDW8sjYuddV/arcgis/rest/services/Traffic_Signal_Locations_TDA/FeatureServer/0,https://services1.arcgis.com/O1JpcwDW8sjYuddV/arcgis/rest/services/Traffic_Signal_Locations_TDA/FeatureServer/0/query?where=COUNTY%3D%27Miami-Dade%27&outFields=SIGNALID%2CCOUNTY%2CRDWYID%2CDISTRICT%2CMAINTAGC%2CSDESTRET%2CCNTLRDES%2CSIGNALNC&returnGeometry=true&outSR=4326&f=json
2077,87140000,Miami-Dade,6,MIAMI-DADE,NW 58 ST,N/A,N/A,25.828535,-80.20832,FDOT Traffic Signal Locations TDA,https://services1.arcgis.com/O1JpcwDW8sjYuddV/arcgis/rest/services/Traffic_Signal_Locations_TDA/FeatureServer/0,https://services1.arcgis.com/O1JpcwDW8sjYuddV/arcgis/rest/services/Traffic_Signal_Locations_TDA/FeatureServer/0/query?where=COUNTY%3D%27Miami-Dade%27&outFields=SIGNALID%2CCOUNTY%2CRDWYID%2CDISTRICT%2CMAINTAGC%2CSDESTRET%2CCNTLRDES%2CSIGNALNC&returnGeometry=true&outSR=4326&f=json
2955,87039000,Miami-Dade,6,MIAMI-DADE,SR5/US-1/SO DIXIE HW,N/A,02,25.628921,-80.341071,FDOT Traffic Signal Locations TDA,https://services1.arcgis.com/O1JpcwDW8sjYuddV/arcgis/rest/services/Traffic_Signal_Locations_TDA/FeatureServer/0,https://services1.arcgis.com/O1JpcwDW8sjYuddV/arcgis/rest/services/Traffic_Signal_Locations_TDA/FeatureServer/0/query?where=COUNTY%3D%27Miami-Dade%27&outFields=SIGNALID%2CCOUNTY%2CRDWYID%2CDISTRICT%2CMAINTAGC%2CSDESTRET%2CCNTLRDES%2CSIGNALNC&returnGeometry=true&outSR=4326&f=json
5656,87008000,Miami-Dade,6,MIAMI-DADE,N/A,N/A,N/A,25.899497,-80.18565,FDOT Traffic Signal Locations TDA,https://services1.arcgis.com/O1JpcwDW8sjYuddV/arcgis/rest/services/Traffic_Signal_Locations_TDA/FeatureServer/0,https://services1.arcgis.com/O1JpcwDW8sjYuddV/arcgis/rest/services/Traffic_Signal_Locations_TDA/FeatureServer/0/query?where=COUNTY%3D%27Miami-Dade%27&outFields=SIGNALID%2CCOUNTY%2CRDWYID%2CDISTRICT%2CMAINTAGC%2CSDESTRET%2CCNTLRDES%2CSIGNALNC&returnGeometry=true&outSR=4326&f=json
3144,87030000,Miami-Dade,6,MIAMI-DADE,SR 916/ NE 135 ST,N/A,02,25.899907,-80.160496,FDOT Traffic Signal Locations TDA,https://services1.arcgis.com/O1JpcwDW8sjYuddV/arcgis/rest/services/Traffic_Signal_Locations_TDA/FeatureServer/0,https://services1.arcgis.com/O1JpcwDW8sjYuddV/arcgis/rest/services/Traffic_Signal_Locations_TDA/FeatureServer/0/query?where=COUNTY%3D%27Miami-Dade%27&outFields=SIGNALID%2CCOUNTY%2CRDWYID%2CDISTRICT%2CMAINTAGC%2CSDESTRET%2CCNTLRDES%2CSIGNALNC&returnGeometry=true&outSR=4326&f=json
4722,87085000,Miami-Dade,6,MIAMI-DADE,NW 33 ST,N/A,N/A,25.807339,-80.215623,FDOT Traffic Signal Locations TDA,https://services1.arcgis.com/O1JpcwDW8sjYuddV/arcgis/rest/services/Traffic_Signal_Locations_TDA/FeatureServer/0,https://services1.arcgis.com/O1JpcwDW8sjYuddV/arcgis/rest/services/Traffic_Signal_Locations_TDA/FeatureServer/0/query?where=COUNTY%3D%27Miami-Dade%27&outFields=SIGNALID%2CCOUNTY%2CRDWYID%2CDISTRICT%2CMAINTAGC%2CSDESTRET%2CCNTLRDES%2CSIGNALNC&returnGeometry=true&outSR=4326&f=json
6924,87054000,Miami-Dade,6,MIAMI DADE,SW 34 AVE,N/A,N/A,25.749963,-80.249524,FDOT Traffic Signal Locations TDA,https://services1.arcgis.com/O1JpcwDW8sjYuddV/arcgis/rest/services/Traffic_Signal_Locations_TDA/FeatureServer/0,https://services1.arcgis.com/O1JpcwDW8sjYuddV/arcgis/rest/services/Traffic_Signal_Locations_TDA/FeatureServer/0/query?where=COUNTY%3D%27Miami-Dade%27&outFields=SIGNALID%2CCOUNTY%2CRDWYID%2CDISTRICT%2CMAINTAGC%2CSDESTRET%2CCNTLRDES%2CSIGNALNC&returnGeometry=true&outSR=4326&f=json
3531,87020000,Miami-Dade,6,MIAMI-DADE,SW 136 ST,N/A,N/A,25.644052,-80.33395,FDOT Traffic Signal Locations TDA,https://services1.arcgis.com/O1JpcwDW8sjYuddV/arcgis/rest/services/Traffic_Signal_Locations_TDA/FeatureServer/0,https://services1.arcgis.com/O1JpcwDW8sjYuddV/arcgis/rest/services/Traffic_Signal_Locations_TDA/FeatureServer/0/query?where=COUNTY%3D%27Miami-Dade%27&outFields=SIGNALID%2CCOUNTY%2CRDWYID%2CDISTRICT%2CMAINTAGC%2CSDESTRET%2CCNTLRDES%2CSIGNALNC&returnGeometry=true&outSR=4326&f=json
2740,87060000,Miami-Dade,6,MIAMI-DADE,MERIDIAN AVE,N/A,N/A,25.77438,-80.136048,FDOT Traffic Signal Locations TDA,https://services1.arcgis.com/O1JpcwDW8sjYuddV/arcgis/rest/services/Traffic_Signal_Locations_TDA/FeatureServer/0,https://services1.arcgis.com/O1JpcwDW8sjYuddV/arcgis/rest/services/Traffic_Signal_Locations_TDA/FeatureServer/0/query?where=COUNTY%3D%27Miami-Dade%27&outFields=SIGNALID%2CCOUNTY%2CRDWYID%2CDISTRICT%2CMAINTAGC%2CSDESTRET%2CCNTLRDES%2CSIGNALNC&returnGeometry=true&outSR=4326&f=json
3254,87085000,Miami-Dade,6,MIAMI-DADE,N/A,N/A,N/A,25.804638,-80.215515,FDOT Traffic Signal Locations TDA,https://services1.arcgis.com/O1JpcwDW8sjYuddV/arcgis/rest/services/Traffic_Signal_Locations_TDA/FeatureServer/0,https://services1.arcgis.com/O1JpcwDW8sjYuddV/arcgis/rest/services/Traffic_Signal_Locations_TDA/FeatureServer/0/query?where=COUNTY%3D%27Miami-Dade%27&outFields=SIGNALID%2CCOUNTY%2CRDWYID%2CDISTRICT%2CMAINTAGC%2CSDESTRET%2CCNTLRDES%2CSIGNALNC&returnGeometry=true&outSR=4326&f=json
3903,87220000,Miami-Dade,6,MIAMI-DADE,NW 66 AV,N/A,N/A,25.807133,-80.303373,FDOT Traffic Signal Locations TDA,https://services1.arcgis.com/O1JpcwDW8sjYuddV/arcgis/rest/services/Traffic_Signal_Locations_TDA/FeatureServer/0,https://services1.arcgis.com/O1JpcwDW8sjYuddV/arcgis/rest/services/Traffic_Signal_Locations_TDA/FeatureServer/0/query?where=COUNTY%3D%27Miami-Dade%27&outFields=SIGNALID%2CCOUNTY%2CRDWYID%2CDISTRICT%2CMAINTAGC%2CSDESTRET%2CCNTLRDES%2CSIGNALNC&returnGeometry=true&outSR=4326&f=json
3718,87026000,Miami-Dade,6,MIAMI-DADE,NW 52 AV,N/A,N/A,25.939456,-80.285706,FDOT Traffic Signal Locations TDA,https://services1.arcgis.com/O1JpcwDW8sjYuddV/arcgis/rest/services/Traffic_Signal_Locations_TDA/FeatureServer/0,https://services1.arcgis.com/O1JpcwDW8sjYuddV/arcgis/rest/services/Traffic_Signal_Locations_TDA/FeatureServer/0/query?where=COUNTY%3D%27Miami-Dade%27&outFields=SIGNALID%2CCOUNTY%2CRDWYID%2CDISTRICT%2CMAINTAGC%2CSDESTRET%2CCNTLRDES%2CSIGNALNC&returnGeometry=true&outSR=4326&f=json
4003,87072000,Miami-Dade,6,MIAMI-DADE,SR 990/ SW 104 ST,N/A,02,25.672359,-80.367712,FDOT Traffic Signal Locations TDA,https://services1.arcgis.com/O1JpcwDW8sjYuddV/arcgis/rest/services/Traffic_Signal_Locations_TDA/FeatureServer/0,https://services1.arcgis.com/O1JpcwDW8sjYuddV/arcgis/rest/services/Traffic_Signal_Locations_TDA/FeatureServer/0/query?where=COUNTY%3D%27Miami-Dade%27&outFields=SIGNALID%2CCOUNTY%2CRDWYID%2CDISTRICT%2CMAINTAGC%2CSDESTRET%2CCNTLRDES%2CSIGNALNC&returnGeometry=true&outSR=4326&f=json
2737,87060000,Miami-Dade,6,MIAMI-DADE,FOUNTAIN ST,N/A,N/A,25.777386,-80.163804,FDOT Traffic Signal Locations TDA,https://services1.arcgis.com/O1JpcwDW8sjYuddV/arcgis/rest/services/Traffic_Signal_Locations_TDA/FeatureServer/0,https://services1.arcgis.com/O1JpcwDW8sjYuddV/arcgis/rest/services/Traffic_Signal_Locations_TDA/FeatureServer/0/query?where=COUNTY%3D%27Miami-Dade%27&outFields=SIGNALID%2CCOUNTY%2CRDWYID%2CDISTRICT%2CMAINTAGC%2CSDESTRET%2CCNTLRDES%2CSIGNALNC&returnGeometry=true&outSR=4326&f=json
3409,87016000,Miami-Dade,6,MIAMI-DADE,GARDEN AV,N/A,N/A,25.813328,-80.134966,FDOT Traffic Signal Locations TDA,https://services1.arcgis.com/O1JpcwDW8sjYuddV/arcgis/rest/services/Traffic_Signal_Locations_TDA/FeatureServer/0,https://services1.arcgis.com/O1JpcwDW8sjYuddV/arcgis/rest/services/Traffic_Signal_Locations_TDA/FeatureServer/0/query?where=COUNTY%3D%27Miami-Dade%27&outFields=SIGNALID%2CCOUNTY%2CRDWYID%2CDISTRICT%2CMAINTAGC%2CSDESTRET%2CCNTLRDES%2CSIGNALNC&returnGeometry=true&outSR=4326&f=json
2056,87240000,Miami-Dade,6,MIAMI-DADE,SR 25/US 27/NW 36 ST,N/A,01,25.809156,-80.240177,FDOT Traffic Signal Locations TDA,https://services1.arcgis.com/O1JpcwDW8sjYuddV/arcgis/rest/services/Traffic_Signal_Locations_TDA/FeatureServer/0,https://services1.arcgis.com/O1JpcwDW8sjYuddV/arcgis/rest/services/Traffic_Signal_Locations_TDA/FeatureServer/0/query?where=COUNTY%3D%27Miami-Dade%27&outFields=SIGNALID%2CCOUNTY%2CRDWYID%2CDISTRICT%2CMAINTAGC%2CSDESTRET%2CCNTLRDES%2CSIGNALNC&returnGeometry=true&outSR=4326&f=json
4563,87120000,Miami-Dade,6,MIAMI-DADE,SW 94 AVE,N/A,N/A,25.761637,-80.348305,FDOT Traffic Signal Locations TDA,https://services1.arcgis.com/O1JpcwDW8sjYuddV/arcgis/rest/services/Traffic_Signal_Locations_TDA/FeatureServer/0,https://services1.arcgis.com/O1JpcwDW8sjYuddV/arcgis/rest/services/Traffic_Signal_Locations_TDA/FeatureServer/0/query?where=COUNTY%3D%27Miami-Dade%27&outFields=SIGNALID%2CCOUNTY%2CRDWYID%2CDISTRICT%2CMAINTAGC%2CSDESTRET%2CCNTLRDES%2CSIGNALNC&returnGeometry=true&outSR=4326&f=json
3047,87060000,Miami-Dade,6,N/A,COUNTY LINE RD,N/A,N/A,25.975194,-80.119463,FDOT Traffic Signal Locations TDA,https://services1.arcgis.com/O1JpcwDW8sjYuddV/arcgis/rest/services/Traffic_Signal_Locations_TDA/FeatureServer/0,https://services1.arcgis.com/O1JpcwDW8sjYuddV/arcgis/rest/services/Traffic_Signal_Locations_TDA/FeatureServer/0/query?where=COUNTY%3D%27Miami-Dade%27&outFields=SIGNALID%2CCOUNTY%2CRDWYID%2CDISTRICT%2CMAINTAGC%2CSDESTRET%2CCNTLRDES%2CSIGNALNC&returnGeometry=true&outSR=4326&f=json
2019,87170000,Miami-Dade,6,MIAMI-DADE,W DIXIE HWY/NE 22 AV,N/A,N/A,25.926051,-80.155871,FDOT Traffic Signal Locations TDA,https://services1.arcgis.com/O1JpcwDW8sjYuddV/arcgis/rest/services/Traffic_Signal_Locations_TDA/FeatureServer/0,https://services1.arcgis.com/O1JpcwDW8sjYuddV/arcgis/rest/services/Traffic_Signal_Locations_TDA/FeatureServer/0/query?where=COUNTY%3D%27Miami-Dade%27&outFields=SIGNALID%2CCOUNTY%2CRDWYID%2CDISTRICT%2CMAINTAGC%2CSDESTRET%2CCNTLRDES%2CSIGNALNC&returnGeometry=true&outSR=4326&f=json
3808,87026000,Miami-Dade,6,MIAMI-DADE,NE 2 AV,N/A,N/A,25.942822,-80.196708,FDOT Traffic Signal Locations TDA,https://services1.arcgis.com/O1JpcwDW8sjYuddV/arcgis/rest/services/Traffic_Signal_Locations_TDA/FeatureServer/0,https://services1.arcgis.com/O1JpcwDW8sjYuddV/arcgis/rest/services/Traffic_Signal_Locations_TDA/FeatureServer/0/query?where=COUNTY%3D%27Miami-Dade%27&outFields=SIGNALID%2CCOUNTY%2CRDWYID%2CDISTRICT%2CMAINTAGC%2CSDESTRET%2CCNTLRDES%2CSIGNALNC&returnGeometry=true&outSR=4326&f=json
5061,87053000,Miami-Dade,6,MIAMI-DADE,N/A,N/A,N/A,25.769755,-80.323972,FDOT Traffic Signal Locations TDA,https://services1.arcgis.com/O1JpcwDW8sjYuddV/arcgis/rest/services/Traffic_Signal_Locations_TDA/FeatureServer/0,https://services1.arcgis.com/O1JpcwDW8sjYuddV/arcgis/rest/services/Traffic_Signal_Locations_TDA/FeatureServer/0/query?where=COUNTY%3D%27Miami-Dade%27&outFields=SIGNALID%2CCOUNTY%2CRDWYID%2CDISTRICT%2CMAINTAGC%2CSDESTRET%2CCNTLRDES%2CSIGNALNC&returnGeometry=true&outSR=4326&f=json
5248,87133000,Miami-Dade,6,MIAMI-DADE,SW 128 ST,N/A,N/A,25.648303,-80.415505,FDOT Traffic Signal Locations TDA,https://services1.arcgis.com/O1JpcwDW8sjYuddV/arcgis/rest/services/Traffic_Signal_Locations_TDA/FeatureServer/0,https://services1.arcgis.com/O1JpcwDW8sjYuddV/arcgis/rest/services/Traffic_Signal_Locations_TDA/FeatureServer/0/query?where=COUNTY%3D%27Miami-Dade%27&outFields=SIGNALID%2CCOUNTY%2CRDWYID%2CDISTRICT%2CMAINTAGC%2CSDESTRET%2CCNTLRDES%2CSIGNALNC&returnGeometry=true&outSR=4326&f=json
3421,87006000,Miami-Dade,6,MIAMI-DADE,SE 2 AV,N/A,02,25.771691,-80.190142,FDOT Traffic Signal Locations TDA,https://services1.arcgis.com/O1JpcwDW8sjYuddV/arcgis/rest/services/Traffic_Signal_Locations_TDA/FeatureServer/0,https://services1.arcgis.com/O1JpcwDW8sjYuddV/arcgis/rest/services/Traffic_Signal_Locations_TDA/FeatureServer/0/query?where=COUNTY%3D%27Miami-Dade%27&outFields=SIGNALID%2CCOUNTY%2CRDWYID%2CDISTRICT%2CMAINTAGC%2CSDESTRET%2CCNTLRDES%2CSIGNALNC&returnGeometry=true&outSR=4326&f=json
2847,87250000,Miami-Dade,6,MIAMI-DADE,SR 25/OKEECHOBEE RD,N/A,02,25.822681,-80.280216,FDOT Traffic Signal Locations TDA,https://services1.arcgis.com/O1JpcwDW8sjYuddV/arcgis/rest/services/Traffic_Signal_Locations_TDA/FeatureServer/0,https://services1.arcgis.com/O1JpcwDW8sjYuddV/arcgis/rest/services/Traffic_Signal_Locations_TDA/FeatureServer/0/query?where=COUNTY%3D%27Miami-Dade%27&outFields=SIGNALID%2CCOUNTY%2CRDWYID%2CDISTRICT%2CMAINTAGC%2CSDESTRET%2CCNTLRDES%2CSIGNALNC&returnGeometry=true&outSR=4326&f=json
3046,87020000,Miami-Dade,6,MIAMI-DADE,SW 288 ST,N/A,N/A,25.499264,-80.446227,FDOT Traffic Signal Locations TDA,https://services1.arcgis.com/O1JpcwDW8sjYuddV/arcgis/rest/services/Traffic_Signal_Locations_TDA/FeatureServer/0,https://services1.arcgis.com/O1JpcwDW8sjYuddV/arcgis/rest/services/Traffic_Signal_Locations_TDA/FeatureServer/0/query?where=COUNTY%3D%27Miami-Dade%27&outFields=SIGNALID%2CCOUNTY%2CRDWYID%2CDISTRICT%2CMAINTAGC%2CSDESTRET%2CCNTLRDES%2CSIGNALNC&returnGeometry=true&outSR=4326&f=json
2545,87034000,Miami-Dade,6,MIAMI-DADE,NE 125 ST/N MIAMI BL,N/A,N/A,25.890306,-80.186464,FDOT Traffic Signal Locations TDA,https://services1.arcgis.com/O1JpcwDW8sjYuddV/arcgis/rest/services/Traffic_Signal_Locations_TDA/FeatureServer/0,https://services1.arcgis.com/O1JpcwDW8sjYuddV/arcgis/rest/services/Traffic_Signal_Locations_TDA/FeatureServer/0/query?where=COUNTY%3D%27Miami-Dade%27&outFields=SIGNALID%2CCOUNTY%2CRDWYID%2CDISTRICT%2CMAINTAGC%2CSDESTRET%2CCNTLRDES%2CSIGNALNC&returnGeometry=true&outSR=4326&f=json
4504,87037000,Miami-Dade,6,MIAMI-DADE,LAGORCE DR,N/A,N/A,25.843648,-80.126801,FDOT Traffic Signal Locations TDA,https://services1.arcgis.com/O1JpcwDW8sjYuddV/arcgis/rest/services/Traffic_Signal_Locations_TDA/FeatureServer/0,https://services1.arcgis.com/O1JpcwDW8sjYuddV/arcgis/rest/services/Traffic_Signal_Locations_TDA/FeatureServer/0/query?where=COUNTY%3D%27Miami-Dade%27&outFields=SIGNALID%2CCOUNTY%2CRDWYID%2CDISTRICT%2CMAINTAGC%2CSDESTRET%2CCNTLRDES%2CSIGNALNC&returnGeometry=true&outSR=4326&f=json
5062,87053000,Miami-Dade,6,MIAMI-DADE,N/A,N/A,N/A,25.769769,-80.321336,FDOT Traffic Signal Locations TDA,https://services1.arcgis.com/O1JpcwDW8sjYuddV/arcgis/rest/services/Traffic_Signal_Locations_TDA/FeatureServer/0,https://services1.arcgis.com/O1JpcwDW8sjYuddV/arcgis/rest/services/Traffic_Signal_Locations_TDA/FeatureServer/0/query?where=COUNTY%3D%27Miami-Dade%27&outFields=SIGNALID%2CCOUNTY%2CRDWYID%2CDISTRICT%2CMAINTAGC%2CSDESTRET%2CCNTLRDES%2CSIGNALNC&returnGeometry=true&outSR=4326&f=json
3215,87140000,Miami-Dade,6,MIAMI-DADE,NW 7 AVE  EXT,N/A,N/A,25.934458,-80.204879,FDOT Traffic Signal Locations TDA,https://services1.arcgis.com/O1JpcwDW8sjYuddV/arcgis/rest/services/Traffic_Signal_Locations_TDA/FeatureServer/0,https://services1.arcgis.com/O1JpcwDW8sjYuddV/arcgis/rest/services/Traffic_Signal_Locations_TDA/FeatureServer/0/query?where=COUNTY%3D%27Miami-Dade%27&outFields=SIGNALID%2CCOUNTY%2CRDWYID%2CDISTRICT%2CMAINTAGC%2CSDESTRET%2CCNTLRDES%2CSIGNALNC&returnGeometry=true&outSR=4326&f=json
4784,87091000,Miami-Dade,6,MIAMI-DADE,SR 997/KROME AVE,N/A,02,25.579703,-80.478346,FDOT Traffic Signal Locations TDA,https://services1.arcgis.com/O1JpcwDW8sjYuddV/arcgis/rest/services/Traffic_Signal_Locations_TDA/FeatureServer/0,https://services1.arcgis.com/O1JpcwDW8sjYuddV/arcgis/rest/services/Traffic_Signal_Locations_TDA/FeatureServer/0/query?where=COUNTY%3D%27Miami-Dade%27&outFields=SIGNALID%2CCOUNTY%2CRDWYID%2CDISTRICT%2CMAINTAGC%2CSDESTRET%2CCNTLRDES%2CSIGNALNC&returnGeometry=true&outSR=4326&f=json
4800,87170000,Miami-Dade,6,MIAMI-DADE,NE 28 AV,N/A,N/A,25.926135,-80.144074,FDOT Traffic Signal Locations TDA,https://services1.arcgis.com/O1JpcwDW8sjYuddV/arcgis/rest/services/Traffic_Signal_Locations_TDA/FeatureServer/0,https://services1.arcgis.com/O1JpcwDW8sjYuddV/arcgis/rest/services/Traffic_Signal_Locations_TDA/FeatureServer/0/query?where=COUNTY%3D%27Miami-Dade%27&outFields=SIGNALID%2CCOUNTY%2CRDWYID%2CDISTRICT%2CMAINTAGC%2CSDESTRET%2CCNTLRDES%2CSIGNALNC&returnGeometry=true&outSR=4326&f=json
2963,87044000,Miami-Dade,6,MIAMI-DADE,SW 67 AV,N/A,N/A,25.733354,-80.302914,FDOT Traffic Signal Locations TDA,https://services1.arcgis.com/O1JpcwDW8sjYuddV/arcgis/rest/services/Traffic_Signal_Locations_TDA/FeatureServer/0,https://services1.arcgis.com/O1JpcwDW8sjYuddV/arcgis/rest/services/Traffic_Signal_Locations_TDA/FeatureServer/0/query?where=COUNTY%3D%27Miami-Dade%27&outFields=SIGNALID%2CCOUNTY%2CRDWYID%2CDISTRICT%2CMAINTAGC%2CSDESTRET%2CCNTLRDES%2CSIGNALNC&returnGeometry=true&outSR=4326&f=json
3238,87026000,Miami-Dade,6,MIAMI-DADE,SR 915/NE 6 AV,N/A,N/A,25.941391,-80.188558,FDOT Traffic Signal Locations TDA,https://services1.arcgis.com/O1JpcwDW8sjYuddV/arcgis/rest/services/Traffic_Signal_Locations_TDA/FeatureServer/0,https://services1.arcgis.com/O1JpcwDW8sjYuddV/arcgis/rest/services/Traffic_Signal_Locations_TDA/FeatureServer/0/query?where=COUNTY%3D%27Miami-Dade%27&outFields=SIGNALID%2CCOUNTY%2CRDWYID%2CDISTRICT%2CMAINTAGC%2CSDESTRET%2CCNTLRDES%2CSIGNALNC&returnGeometry=true&outSR=4326&f=json
3102,87008001,Miami-Dade,6,MIAMI-DADE,NW 6 AV,N/A,N/A,25.899798,-80.209466,FDOT Traffic Signal Locations TDA,https://services1.arcgis.com/O1JpcwDW8sjYuddV/arcgis/rest/services/Traffic_Signal_Locations_TDA/FeatureServer/0,https://services1.arcgis.com/O1JpcwDW8sjYuddV/arcgis/rest/services/Traffic_Signal_Locations_TDA/FeatureServer/0/query?where=COUNTY%3D%27Miami-Dade%27&outFields=SIGNALID%2CCOUNTY%2CRDWYID%2CDISTRICT%2CMAINTAGC%2CSDESTRET%2CCNTLRDES%2CSIGNALNC&returnGeometry=true&outSR=4326&f=json
2547,87066000,Miami-Dade,6,MIAMI-DADE,N MIAMI AV,N/A,N/A,25.889724,-80.198653,FDOT Traffic Signal Locations TDA,https://services1.arcgis.com/O1JpcwDW8sjYuddV/arcgis/rest/services/Traffic_Signal_Locations_TDA/FeatureServer/0,https://services1.arcgis.com/O1JpcwDW8sjYuddV/arcgis/rest/services/Traffic_Signal_Locations_TDA/FeatureServer/0/query?where=COUNTY%3D%27Miami-Dade%27&outFields=SIGNALID%2CCOUNTY%2CRDWYID%2CDISTRICT%2CMAINTAGC%2CSDESTRET%2CCNTLRDES%2CSIGNALNC&returnGeometry=true&outSR=4326&f=json
2634,87120000,Miami-Dade,6,MIAMI-DADE,SW 74 AVE,N/A,N/A,25.762655,-80.31577,FDOT Traffic Signal Locations TDA,https://services1.arcgis.com/O1JpcwDW8sjYuddV/arcgis/rest/services/Traffic_Signal_Locations_TDA/FeatureServer/0,https://services1.arcgis.com/O1JpcwDW8sjYuddV/arcgis/rest/services/Traffic_Signal_Locations_TDA/FeatureServer/0/query?where=COUNTY%3D%27Miami-Dade%27&outFields=SIGNALID%2CCOUNTY%2CRDWYID%2CDISTRICT%2CMAINTAGC%2CSDESTRET%2CCNTLRDES%2CSIGNALNC&returnGeometry=true&outSR=4326&f=json
3743,87120000,Miami-Dade,6,MIAMI-DADE,SW 97 AVE,N/A,N/A,25.761558,-80.352397,FDOT Traffic Signal Locations TDA,https://services1.arcgis.com/O1JpcwDW8sjYuddV/arcgis/rest/services/Traffic_Signal_Locations_TDA/FeatureServer/0,https://services1.arcgis.com/O1JpcwDW8sjYuddV/arcgis/rest/services/Traffic_Signal_Locations_TDA/FeatureServer/0/query?where=COUNTY%3D%27Miami-Dade%27&outFields=SIGNALID%2CCOUNTY%2CRDWYID%2CDISTRICT%2CMAINTAGC%2CSDESTRET%2CCNTLRDES%2CSIGNALNC&returnGeometry=true&outSR=4326&f=json
4370,87044000,Miami-Dade,6,MIAMI-DADE,SW 79 AV,N/A,N/A,25.733064,-80.323524,FDOT Traffic Signal Locations TDA,https://services1.arcgis.com/O1JpcwDW8sjYuddV/arcgis/rest/services/Traffic_Signal_Locations_TDA/FeatureServer/0,https://services1.arcgis.com/O1JpcwDW8sjYuddV/arcgis/rest/services/Traffic_Signal_Locations_TDA/FeatureServer/0/query?where=COUNTY%3D%27Miami-Dade%27&outFields=SIGNALID%2CCOUNTY%2CRDWYID%2CDISTRICT%2CMAINTAGC%2CSDESTRET%2CCNTLRDES%2CSIGNALNC&returnGeometry=true&outSR=4326&f=json
5009,87140000,Miami-Dade,6,MIAMI-DADE,N/A,N/A,N/A,25.778457,-80.206736,FDOT Traffic Signal Locations TDA,https://services1.arcgis.com/O1JpcwDW8sjYuddV/arcgis/rest/services/Traffic_Signal_Locations_TDA/FeatureServer/0,https://services1.arcgis.com/O1JpcwDW8sjYuddV/arcgis/rest/services/Traffic_Signal_Locations_TDA/FeatureServer/0/query?where=COUNTY%3D%27Miami-Dade%27&outFields=SIGNALID%2CCOUNTY%2CRDWYID%2CDISTRICT%2CMAINTAGC%2CSDESTRET%2CCNTLRDES%2CSIGNALNC&returnGeometry=true&outSR=4326&f=json
4398,87133000,Miami-Dade,6,MIAMI-DADE,SW 104 ST,N/A,N/A,25.670828,-80.41631,FDOT Traffic Signal Locations TDA,https://services1.arcgis.com/O1JpcwDW8sjYuddV/arcgis/rest/services/Traffic_Signal_Locations_TDA/FeatureServer/0,https://services1.arcgis.com/O1JpcwDW8sjYuddV/arcgis/rest/services/Traffic_Signal_Locations_TDA/FeatureServer/0/query?where=COUNTY%3D%27Miami-Dade%27&outFields=SIGNALID%2CCOUNTY%2CRDWYID%2CDISTRICT%2CMAINTAGC%2CSDESTRET%2CCNTLRDES%2CSIGNALNC&returnGeometry=true&outSR=4326&f=json
4195,87020000,Miami-Dade,6,MIAMI-DADE,SW 98 ST/JOHNSON DR,N/A,N/A,25.679455,-80.317009,FDOT Traffic Signal Locations TDA,https://services1.arcgis.com/O1JpcwDW8sjYuddV/arcgis/rest/services/Traffic_Signal_Locations_TDA/FeatureServer/0,https://services1.arcgis.com/O1JpcwDW8sjYuddV/arcgis/rest/services/Traffic_Signal_Locations_TDA/FeatureServer/0/query?where=COUNTY%3D%27Miami-Dade%27&outFields=SIGNALID%2CCOUNTY%2CRDWYID%2CDISTRICT%2CMAINTAGC%2CSDESTRET%2CCNTLRDES%2CSIGNALNC&returnGeometry=true&outSR=4326&f=json
3245,87052000,Miami-Dade,6,MIAMI-DADE,SR 909/W DIXIE HWY,N/A,02,25.884306,-80.193095,FDOT Traffic Signal Locations TDA,https://services1.arcgis.com/O1JpcwDW8sjYuddV/arcgis/rest/services/Traffic_Signal_Locations_TDA/FeatureServer/0,https://services1.arcgis.com/O1JpcwDW8sjYuddV/arcgis/rest/services/Traffic_Signal_Locations_TDA/FeatureServer/0/query?where=COUNTY%3D%27Miami-Dade%27&outFields=SIGNALID%2CCOUNTY%2CRDWYID%2CDISTRICT%2CMAINTAGC%2CSDESTRET%2CCNTLRDES%2CSIGNALNC&returnGeometry=true&outSR=4326&f=json
4287,87026005,Miami-Dade,6,MIAMI-DADE,NW 68 AV,N/A,N/A,25.942057,-80.313176,FDOT Traffic Signal Locations TDA,https://services1.arcgis.com/O1JpcwDW8sjYuddV/arcgis/rest/services/Traffic_Signal_Locations_TDA/FeatureServer/0,https://services1.arcgis.com/O1JpcwDW8sjYuddV/arcgis/rest/services/Traffic_Signal_Locations_TDA/FeatureServer/0/query?where=COUNTY%3D%27Miami-Dade%27&outFields=SIGNALID%2CCOUNTY%2CRDWYID%2CDISTRICT%2CMAINTAGC%2CSDESTRET%2CCNTLRDES%2CSIGNALNC&returnGeometry=true&outSR=4326&f=json
2631,87120000,Miami-Dade,6,MIAMI-DADE,SW 37 AVE,N/A,N/A,25.764692,-80.255165,FDOT Traffic Signal Locations TDA,https://services1.arcgis.com/O1JpcwDW8sjYuddV/arcgis/rest/services/Traffic_Signal_Locations_TDA/FeatureServer/0,https://services1.arcgis.com/O1JpcwDW8sjYuddV/arcgis/rest/services/Traffic_Signal_Locations_TDA/FeatureServer/0/query?where=COUNTY%3D%27Miami-Dade%27&outFields=SIGNALID%2CCOUNTY%2CRDWYID%2CDISTRICT%2CMAINTAGC%2CSDESTRET%2CCNTLRDES%2CSIGNALNC&returnGeometry=true&outSR=4326&f=json
3974,87002000,Miami-Dade,6,MIAMI-DADE,NW 159 ST,N/A,N/A,25.917927,-80.29286,FDOT Traffic Signal Locations TDA,https://services1.arcgis.com/O1JpcwDW8sjYuddV/arcgis/rest/services/Traffic_Signal_Locations_TDA/FeatureServer/0,https://services1.arcgis.com/O1JpcwDW8sjYuddV/arcgis/rest/services/Traffic_Signal_Locations_TDA/FeatureServer/0/query?where=COUNTY%3D%27Miami-Dade%27&outFields=SIGNALID%2CCOUNTY%2CRDWYID%2CDISTRICT%2CMAINTAGC%2CSDESTRET%2CCNTLRDES%2CSIGNALNC&returnGeometry=true&outSR=4326&f=json
3645,87000652,Miami-Dade,6,MIAMI-DADE,SR-5/BISCAYNE BLVD,N/A,02,25.785477,-80.189271,FDOT Traffic Signal Locations TDA,https://services1.arcgis.com/O1JpcwDW8sjYuddV/arcgis/rest/services/Traffic_Signal_Locations_TDA/FeatureServer/0,https://services1.arcgis.com/O1JpcwDW8sjYuddV/arcgis/rest/services/Traffic_Signal_Locations_TDA/FeatureServer/0/query?where=COUNTY%3D%27Miami-Dade%27&outFields=SIGNALID%2CCOUNTY%2CRDWYID%2CDISTRICT%2CMAINTAGC%2CSDESTRET%2CCNTLRDES%2CSIGNALNC&returnGeometry=true&outSR=4326&f=json
3241,87030000,Miami-Dade,6,MIAMI-DADE,NE 6 ST,N/A,02,25.780123,-80.188934,FDOT Traffic Signal Locations TDA,https://services1.arcgis.com/O1JpcwDW8sjYuddV/arcgis/rest/services/Traffic_Signal_Locations_TDA/FeatureServer/0,https://services1.arcgis.com/O1JpcwDW8sjYuddV/arcgis/rest/services/Traffic_Signal_Locations_TDA/FeatureServer/0/query?where=COUNTY%3D%27Miami-Dade%27&outFields=SIGNALID%2CCOUNTY%2CRDWYID%2CDISTRICT%2CMAINTAGC%2CSDESTRET%2CCNTLRDES%2CSIGNALNC&returnGeometry=true&outSR=4326&f=json
5571,87001000,Miami-Dade,6,MIAMI-DADE,SW 9100 BLK,N/A,N/A,25.687716,-80.341469,FDOT Traffic Signal Locations TDA,https://services1.arcgis.com/O1JpcwDW8sjYuddV/arcgis/rest/services/Traffic_Signal_Locations_TDA/FeatureServer/0,https://services1.arcgis.com/O1JpcwDW8sjYuddV/arcgis/rest/services/Traffic_Signal_Locations_TDA/FeatureServer/0/query?where=COUNTY%3D%27Miami-Dade%27&outFields=SIGNALID%2CCOUNTY%2CRDWYID%2CDISTRICT%2CMAINTAGC%2CSDESTRET%2CCNTLRDES%2CSIGNALNC&returnGeometry=true&outSR=4326&f=json
5303,87250000,Miami-Dade,6,MIAMI-DADE,N/A,N/A,N/A,25.824163,-80.233098,FDOT Traffic Signal Locations TDA,https://services1.arcgis.com/O1JpcwDW8sjYuddV/arcgis/rest/services/Traffic_Signal_Locations_TDA/FeatureServer/0,https://services1.arcgis.com/O1JpcwDW8sjYuddV/arcgis/rest/services/Traffic_Signal_Locations_TDA/FeatureServer/0/query?where=COUNTY%3D%27Miami-Dade%27&outFields=SIGNALID%2CCOUNTY%2CRDWYID%2CDISTRICT%2CMAINTAGC%2CSDESTRET%2CCNTLRDES%2CSIGNALNC&returnGeometry=true&outSR=4326&f=json
8050,87190000,Miami-Dade,6,MIAMI-DADE,N/A,N/A,N/A,25.885015,-80.192357,FDOT Traffic Signal Locations TDA,https://services1.arcgis.com/O1JpcwDW8sjYuddV/arcgis/rest/services/Traffic_Signal_Locations_TDA/FeatureServer/0,https://services1.arcgis.com/O1JpcwDW8sjYuddV/arcgis/rest/services/Traffic_Signal_Locations_TDA/FeatureServer/0/query?where=COUNTY%3D%27Miami-Dade%27&outFields=SIGNALID%2CCOUNTY%2CRDWYID%2CDISTRICT%2CMAINTAGC%2CSDESTRET%2CCNTLRDES%2CSIGNALNC&returnGeometry=true&outSR=4326&f=json
3618,87053000,Miami-Dade,6,MIAMI-DADE,SR 969/W 72 AVE,N/A,02,25.770128,-80.312337,FDOT Traffic Signal Locations TDA,https://services1.arcgis.com/O1JpcwDW8sjYuddV/arcgis/rest/services/Traffic_Signal_Locations_TDA/FeatureServer/0,https://services1.arcgis.com/O1JpcwDW8sjYuddV/arcgis/rest/services/Traffic_Signal_Locations_TDA/FeatureServer/0/query?where=COUNTY%3D%27Miami-Dade%27&outFields=SIGNALID%2CCOUNTY%2CRDWYID%2CDISTRICT%2CMAINTAGC%2CSDESTRET%2CCNTLRDES%2CSIGNALNC&returnGeometry=true&outSR=4326&f=json
6690,87160000,Miami-Dade,6,MIAMI-DADE,N/A,N/A,N/A,25.447818,-80.489129,FDOT Traffic Signal Locations TDA,https://services1.arcgis.com/O1JpcwDW8sjYuddV/arcgis/rest/services/Traffic_Signal_Locations_TDA/FeatureServer/0,https://services1.arcgis.com/O1JpcwDW8sjYuddV/arcgis/rest/services/Traffic_Signal_Locations_TDA/FeatureServer/0/query?where=COUNTY%3D%27Miami-Dade%27&outFields=SIGNALID%2CCOUNTY%2CRDWYID%2CDISTRICT%2CMAINTAGC%2CSDESTRET%2CCNTLRDES%2CSIGNALNC&returnGeometry=true&outSR=4326&f=json
16.970,87120000,Miami-Dade,6,MIAMI-DADE,N/A,N/A,N/A,25.765953,-80.209128,FDOT Traffic Signal Locations TDA,https://services1.arcgis.com/O1JpcwDW8sjYuddV/arcgis/rest/services/Traffic_Signal_Locations_TDA/FeatureServer/0,https://services1.arcgis.com/O1JpcwDW8sjYuddV/arcgis/rest/services/Traffic_Signal_Locations_TDA/FeatureServer/0/query?where=COUNTY%3D%27Miami-Dade%27&outFields=SIGNALID%2CCOUNTY%2CRDWYID%2CDISTRICT%2CMAINTAGC%2CSDESTRET%2CCNTLRDES%2CSIGNALNC&returnGeometry=true&outSR=4326&f=json
3201,87080900,Miami-Dade,6,MIAMI-DADE,NW 37 AVE,N/A,N/A,25.845426,-80.258334,FDOT Traffic Signal Locations TDA,https://services1.arcgis.com/O1JpcwDW8sjYuddV/arcgis/rest/services/Traffic_Signal_Locations_TDA/FeatureServer/0,https://services1.arcgis.com/O1JpcwDW8sjYuddV/arcgis/rest/services/Traffic_Signal_Locations_TDA/FeatureServer/0/query?where=COUNTY%3D%27Miami-Dade%27&outFields=SIGNALID%2CCOUNTY%2CRDWYID%2CDISTRICT%2CMAINTAGC%2CSDESTRET%2CCNTLRDES%2CSIGNALNC&returnGeometry=true&outSR=4326&f=json
6355,87030000,Miami-Dade,6,MIAMI-DADE,NE 4 ST,N/A,N/A,25.778223,-80.1881,FDOT Traffic Signal Locations TDA,https://services1.arcgis.com/O1JpcwDW8sjYuddV/arcgis/rest/services/Traffic_Signal_Locations_TDA/FeatureServer/0,https://services1.arcgis.com/O1JpcwDW8sjYuddV/arcgis/rest/services/Traffic_Signal_Locations_TDA/FeatureServer/0/query?where=COUNTY%3D%27Miami-Dade%27&outFields=SIGNALID%2CCOUNTY%2CRDWYID%2CDISTRICT%2CMAINTAGC%2CSDESTRET%2CCNTLRDES%2CSIGNALNC&returnGeometry=true&outSR=4326&f=json
3637,87030000,Miami-Dade,6,MIAMI-DADE,NE 87 ST,N/A,N/A,25.855219,-80.184918,FDOT Traffic Signal Locations TDA,https://services1.arcgis.com/O1JpcwDW8sjYuddV/arcgis/rest/services/Traffic_Signal_Locations_TDA/FeatureServer/0,https://services1.arcgis.com/O1JpcwDW8sjYuddV/arcgis/rest/services/Traffic_Signal_Locations_TDA/FeatureServer/0/query?where=COUNTY%3D%27Miami-Dade%27&outFields=SIGNALID%2CCOUNTY%2CRDWYID%2CDISTRICT%2CMAINTAGC%2CSDESTRET%2CCNTLRDES%2CSIGNALNC&returnGeometry=true&outSR=4326&f=json
4950,87062000,Miami-Dade,6,MIAMI-DADE,N/A,N/A,N/A,25.730473,-80.286351,FDOT Traffic Signal Locations TDA,https://services1.arcgis.com/O1JpcwDW8sjYuddV/arcgis/rest/services/Traffic_Signal_Locations_TDA/FeatureServer/0,https://services1.arcgis.com/O1JpcwDW8sjYuddV/arcgis/rest/services/Traffic_Signal_Locations_TDA/FeatureServer/0/query?where=COUNTY%3D%27Miami-Dade%27&outFields=SIGNALID%2CCOUNTY%2CRDWYID%2CDISTRICT%2CMAINTAGC%2CSDESTRET%2CCNTLRDES%2CSIGNALNC&returnGeometry=true&outSR=4326&f=json
4715,87001000,Miami-Dade,6,MIAMI-DADE,MILLS DRIVE,N/A,N/A,25.68627,-80.385538,FDOT Traffic Signal Locations TDA,https://services1.arcgis.com/O1JpcwDW8sjYuddV/arcgis/rest/services/Traffic_Signal_Locations_TDA/FeatureServer/0,https://services1.arcgis.com/O1JpcwDW8sjYuddV/arcgis/rest/services/Traffic_Signal_Locations_TDA/FeatureServer/0/query?where=COUNTY%3D%27Miami-Dade%27&outFields=SIGNALID%2CCOUNTY%2CRDWYID%2CDISTRICT%2CMAINTAGC%2CSDESTRET%2CCNTLRDES%2CSIGNALNC&returnGeometry=true&outSR=4326&f=json
6939,87060000,Miami-Dade,6,MIAMI DADE COUNTY,N/A,N/A,N/A,25.853795,-80.120401,FDOT Traffic Signal Locations TDA,https://services1.arcgis.com/O1JpcwDW8sjYuddV/arcgis/rest/services/Traffic_Signal_Locations_TDA/FeatureServer/0,https://services1.arcgis.com/O1JpcwDW8sjYuddV/arcgis/rest/services/Traffic_Signal_Locations_TDA/FeatureServer/0/query?where=COUNTY%3D%27Miami-Dade%27&outFields=SIGNALID%2CCOUNTY%2CRDWYID%2CDISTRICT%2CMAINTAGC%2CSDESTRET%2CCNTLRDES%2CSIGNALNC&returnGeometry=true&outSR=4326&f=json
4109,87038000,Miami-Dade,6,MIAMI-DADE,W 18 CT,N/A,N/A,25.866532,-80.320419,FDOT Traffic Signal Locations TDA,https://services1.arcgis.com/O1JpcwDW8sjYuddV/arcgis/rest/services/Traffic_Signal_Locations_TDA/FeatureServer/0,https://services1.arcgis.com/O1JpcwDW8sjYuddV/arcgis/rest/services/Traffic_Signal_Locations_TDA/FeatureServer/0/query?where=COUNTY%3D%27Miami-Dade%27&outFields=SIGNALID%2CCOUNTY%2CRDWYID%2CDISTRICT%2CMAINTAGC%2CSDESTRET%2CCNTLRDES%2CSIGNALNC&returnGeometry=true&outSR=4326&f=json
3330,87008001,Miami-Dade,6,MIAMI-DADE,NW 17 AV,N/A,N/A,25.899112,-80.227093,FDOT Traffic Signal Locations TDA,https://services1.arcgis.com/O1JpcwDW8sjYuddV/arcgis/rest/services/Traffic_Signal_Locations_TDA/FeatureServer/0,https://services1.arcgis.com/O1JpcwDW8sjYuddV/arcgis/rest/services/Traffic_Signal_Locations_TDA/FeatureServer/0/query?where=COUNTY%3D%27Miami-Dade%27&outFields=SIGNALID%2CCOUNTY%2CRDWYID%2CDISTRICT%2CMAINTAGC%2CSDESTRET%2CCNTLRDES%2CSIGNALNC&returnGeometry=true&outSR=4326&f=json
2103,87250000,Miami-Dade,6,MIAMI-DADE,US-1/SR 5,N/A,02,25.825522,-80.186914,FDOT Traffic Signal Locations TDA,https://services1.arcgis.com/O1JpcwDW8sjYuddV/arcgis/rest/services/Traffic_Signal_Locations_TDA/FeatureServer/0,https://services1.arcgis.com/O1JpcwDW8sjYuddV/arcgis/rest/services/Traffic_Signal_Locations_TDA/FeatureServer/0/query?where=COUNTY%3D%27Miami-Dade%27&outFields=SIGNALID%2CCOUNTY%2CRDWYID%2CDISTRICT%2CMAINTAGC%2CSDESTRET%2CCNTLRDES%2CSIGNALNC&returnGeometry=true&outSR=4326&f=json
4966,87018000,Miami-Dade,6,MIAMI-DADE,NW 13 CT/SW 68 LA,N/A,N/A,25.972311,-80.22498,FDOT Traffic Signal Locations TDA,https://services1.arcgis.com/O1JpcwDW8sjYuddV/arcgis/rest/services/Traffic_Signal_Locations_TDA/FeatureServer/0,https://services1.arcgis.com/O1JpcwDW8sjYuddV/arcgis/rest/services/Traffic_Signal_Locations_TDA/FeatureServer/0/query?where=COUNTY%3D%27Miami-Dade%27&outFields=SIGNALID%2CCOUNTY%2CRDWYID%2CDISTRICT%2CMAINTAGC%2CSDESTRET%2CCNTLRDES%2CSIGNALNC&returnGeometry=true&outSR=4326&f=json
2367,87030000,Miami-Dade,6,MIAMI-DADE,NE 14 ST,N/A,N/A,25.788334,-80.189151,FDOT Traffic Signal Locations TDA,https://services1.arcgis.com/O1JpcwDW8sjYuddV/arcgis/rest/services/Traffic_Signal_Locations_TDA/FeatureServer/0,https://services1.arcgis.com/O1JpcwDW8sjYuddV/arcgis/rest/services/Traffic_Signal_Locations_TDA/FeatureServer/0/query?where=COUNTY%3D%27Miami-Dade%27&outFields=SIGNALID%2CCOUNTY%2CRDWYID%2CDISTRICT%2CMAINTAGC%2CSDESTRET%2CCNTLRDES%2CSIGNALNC&returnGeometry=true&outSR=4326&f=json
2689,87037000,Miami-Dade,6,MIAMI-DADE,SR A1A/COLLINS AVE,N/A,02,25.844572,-80.120852,FDOT Traffic Signal Locations TDA,https://services1.arcgis.com/O1JpcwDW8sjYuddV/arcgis/rest/services/Traffic_Signal_Locations_TDA/FeatureServer/0,https://services1.arcgis.com/O1JpcwDW8sjYuddV/arcgis/rest/services/Traffic_Signal_Locations_TDA/FeatureServer/0/query?where=COUNTY%3D%27Miami-Dade%27&outFields=SIGNALID%2CCOUNTY%2CRDWYID%2CDISTRICT%2CMAINTAGC%2CSDESTRET%2CCNTLRDES%2CSIGNALNC&returnGeometry=true&outSR=4326&f=json
2879,87038000,Miami-Dade,6,MIAMI-DADE,SR 953/E 8 AV/LE JEU,N/A,02,25.867264,-80.266803,FDOT Traffic Signal Locations TDA,https://services1.arcgis.com/O1JpcwDW8sjYuddV/arcgis/rest/services/Traffic_Signal_Locations_TDA/FeatureServer/0,https://services1.arcgis.com/O1JpcwDW8sjYuddV/arcgis/rest/services/Traffic_Signal_Locations_TDA/FeatureServer/0/query?where=COUNTY%3D%27Miami-Dade%27&outFields=SIGNALID%2CCOUNTY%2CRDWYID%2CDISTRICT%2CMAINTAGC%2CSDESTRET%2CCNTLRDES%2CSIGNALNC&returnGeometry=true&outSR=4326&f=json
5447,87075703,Miami-Dade,6,MIAMI-DADE,HIALEAH GARDENS BLVD,N/A,N/A,25.896795,-80.351404,FDOT Traffic Signal Locations TDA,https://services1.arcgis.com/O1JpcwDW8sjYuddV/arcgis/rest/services/Traffic_Signal_Locations_TDA/FeatureServer/0,https://services1.arcgis.com/O1JpcwDW8sjYuddV/arcgis/rest/services/Traffic_Signal_Locations_TDA/FeatureServer/0/query?where=COUNTY%3D%27Miami-Dade%27&outFields=SIGNALID%2CCOUNTY%2CRDWYID%2CDISTRICT%2CMAINTAGC%2CSDESTRET%2CCNTLRDES%2CSIGNALNC&returnGeometry=true&outSR=4326&f=json
4391,87260532,Miami-Dade,6,MIAMI-DADE,NW 32 AVE,N/A,02,25.92642,-80.252648,FDOT Traffic Signal Locations TDA,https://services1.arcgis.com/O1JpcwDW8sjYuddV/arcgis/rest/services/Traffic_Signal_Locations_TDA/FeatureServer/0,https://services1.arcgis.com/O1JpcwDW8sjYuddV/arcgis/rest/services/Traffic_Signal_Locations_TDA/FeatureServer/0/query?where=COUNTY%3D%27Miami-Dade%27&outFields=SIGNALID%2CCOUNTY%2CRDWYID%2CDISTRICT%2CMAINTAGC%2CSDESTRET%2CCNTLRDES%2CSIGNALNC&returnGeometry=true&outSR=4326&f=json
3845,87260529,Miami-Dade,6,MIAMI-DADE,SR 823/NW 57 AVE,N/A,02,25.924777,-80.293219,FDOT Traffic Signal Locations TDA,https://services1.arcgis.com/O1JpcwDW8sjYuddV/arcgis/rest/services/Traffic_Signal_Locations_TDA/FeatureServer/0,https://services1.arcgis.com/O1JpcwDW8sjYuddV/arcgis/rest/services/Traffic_Signal_Locations_TDA/FeatureServer/0/query?where=COUNTY%3D%27Miami-Dade%27&outFields=SIGNALID%2CCOUNTY%2CRDWYID%2CDISTRICT%2CMAINTAGC%2CSDESTRET%2CCNTLRDES%2CSIGNALNC&returnGeometry=true&outSR=4326&f=json
3878,87039000,Miami-Dade,6,MIAMI-DADE,SW 102 AVE,N/A,N/A,25.628322,-80.357872,FDOT Traffic Signal Locations TDA,https://services1.arcgis.com/O1JpcwDW8sjYuddV/arcgis/rest/services/Traffic_Signal_Locations_TDA/FeatureServer/0,https://services1.arcgis.com/O1JpcwDW8sjYuddV/arcgis/rest/services/Traffic_Signal_Locations_TDA/FeatureServer/0/query?where=COUNTY%3D%27Miami-Dade%27&outFields=SIGNALID%2CCOUNTY%2CRDWYID%2CDISTRICT%2CMAINTAGC%2CSDESTRET%2CCNTLRDES%2CSIGNALNC&returnGeometry=true&outSR=4326&f=json
5657,87008000,Miami-Dade,6,MIAMI-DADE,N/A,N/A,N/A,25.899735,-80.179622,FDOT Traffic Signal Locations TDA,https://services1.arcgis.com/O1JpcwDW8sjYuddV/arcgis/rest/services/Traffic_Signal_Locations_TDA/FeatureServer/0,https://services1.arcgis.com/O1JpcwDW8sjYuddV/arcgis/rest/services/Traffic_Signal_Locations_TDA/FeatureServer/0/query?where=COUNTY%3D%27Miami-Dade%27&outFields=SIGNALID%2CCOUNTY%2CRDWYID%2CDISTRICT%2CMAINTAGC%2CSDESTRET%2CCNTLRDES%2CSIGNALNC&returnGeometry=true&outSR=4326&f=json
2694,87060000,Miami-Dade,6,MIAMI-DADE,74 ST,N/A,N/A,25.859383,-80.12096,FDOT Traffic Signal Locations TDA,https://services1.arcgis.com/O1JpcwDW8sjYuddV/arcgis/rest/services/Traffic_Signal_Locations_TDA/FeatureServer/0,https://services1.arcgis.com/O1JpcwDW8sjYuddV/arcgis/rest/services/Traffic_Signal_Locations_TDA/FeatureServer/0/query?where=COUNTY%3D%27Miami-Dade%27&outFields=SIGNALID%2CCOUNTY%2CRDWYID%2CDISTRICT%2CMAINTAGC%2CSDESTRET%2CCNTLRDES%2CSIGNALNC&returnGeometry=true&outSR=4326&f=json
3185,87060001,Miami-Dade,6,MIAMI-DADE,93 ST,N/A,N/A,25.881651,-80.123188,FDOT Traffic Signal Locations TDA,https://services1.arcgis.com/O1JpcwDW8sjYuddV/arcgis/rest/services/Traffic_Signal_Locations_TDA/FeatureServer/0,https://services1.arcgis.com/O1JpcwDW8sjYuddV/arcgis/rest/services/Traffic_Signal_Locations_TDA/FeatureServer/0/query?where=COUNTY%3D%27Miami-Dade%27&outFields=SIGNALID%2CCOUNTY%2CRDWYID%2CDISTRICT%2CMAINTAGC%2CSDESTRET%2CCNTLRDES%2CSIGNALNC&returnGeometry=true&outSR=4326&f=json
2234,87140000,Miami-Dade,6,MIAMI-DADE,SW 6 ST,N/A,N/A,25.767934,-80.207509,FDOT Traffic Signal Locations TDA,https://services1.arcgis.com/O1JpcwDW8sjYuddV/arcgis/rest/services/Traffic_Signal_Locations_TDA/FeatureServer/0,https://services1.arcgis.com/O1JpcwDW8sjYuddV/arcgis/rest/services/Traffic_Signal_Locations_TDA/FeatureServer/0/query?where=COUNTY%3D%27Miami-Dade%27&outFields=SIGNALID%2CCOUNTY%2CRDWYID%2CDISTRICT%2CMAINTAGC%2CSDESTRET%2CCNTLRDES%2CSIGNALNC&returnGeometry=true&outSR=4326&f=json
2256,87054000,Miami-Dade,6,MIAMI-DADE,S MIAMI AV,N/A,N/A,25.761599,-80.1934,FDOT Traffic Signal Locations TDA,https://services1.arcgis.com/O1JpcwDW8sjYuddV/arcgis/rest/services/Traffic_Signal_Locations_TDA/FeatureServer/0,https://services1.arcgis.com/O1JpcwDW8sjYuddV/arcgis/rest/services/Traffic_Signal_Locations_TDA/FeatureServer/0/query?where=COUNTY%3D%27Miami-Dade%27&outFields=SIGNALID%2CCOUNTY%2CRDWYID%2CDISTRICT%2CMAINTAGC%2CSDESTRET%2CCNTLRDES%2CSIGNALNC&returnGeometry=true&outSR=4326&f=json
7602,87120000,Miami-Dade,6,MIAMI-DADE,N/A,N/A,N/A,25.765812,-80.216252,FDOT Traffic Signal Locations TDA,https://services1.arcgis.com/O1JpcwDW8sjYuddV/arcgis/rest/services/Traffic_Signal_Locations_TDA/FeatureServer/0,https://services1.arcgis.com/O1JpcwDW8sjYuddV/arcgis/rest/services/Traffic_Signal_Locations_TDA/FeatureServer/0/query?where=COUNTY%3D%27Miami-Dade%27&outFields=SIGNALID%2CCOUNTY%2CRDWYID%2CDISTRICT%2CMAINTAGC%2CSDESTRET%2CCNTLRDES%2CSIGNALNC&returnGeometry=true&outSR=4326&f=json
3501,87060000,Miami-Dade,6,MIAMI-DADE,172 ST,N/A,N/A,25.935317,-80.12162,FDOT Traffic Signal Locations TDA,https://services1.arcgis.com/O1JpcwDW8sjYuddV/arcgis/rest/services/Traffic_Signal_Locations_TDA/FeatureServer/0,https://services1.arcgis.com/O1JpcwDW8sjYuddV/arcgis/rest/services/Traffic_Signal_Locations_TDA/FeatureServer/0/query?where=COUNTY%3D%27Miami-Dade%27&outFields=SIGNALID%2CCOUNTY%2CRDWYID%2CDISTRICT%2CMAINTAGC%2CSDESTRET%2CCNTLRDES%2CSIGNALNC&returnGeometry=true&outSR=4326&f=json
2625,87120000,Miami-Dade,6,MIAMI-DADE,PONCE DE LEON BLVD,N/A,N/A,25.764563,-80.259142,FDOT Traffic Signal Locations TDA,https://services1.arcgis.com/O1JpcwDW8sjYuddV/arcgis/rest/services/Traffic_Signal_Locations_TDA/FeatureServer/0,https://services1.arcgis.com/O1JpcwDW8sjYuddV/arcgis/rest/services/Traffic_Signal_Locations_TDA/FeatureServer/0/query?where=COUNTY%3D%27Miami-Dade%27&outFields=SIGNALID%2CCOUNTY%2CRDWYID%2CDISTRICT%2CMAINTAGC%2CSDESTRET%2CCNTLRDES%2CSIGNALNC&returnGeometry=true&outSR=4326&f=json
2058,87090000,Miami-Dade,6,MIAMI-DADE,NW 37 AV/DOUGLAS RD,N/A,N/A,25.808609,-80.256229,FDOT Traffic Signal Locations TDA,https://services1.arcgis.com/O1JpcwDW8sjYuddV/arcgis/rest/services/Traffic_Signal_Locations_TDA/FeatureServer/0,https://services1.arcgis.com/O1JpcwDW8sjYuddV/arcgis/rest/services/Traffic_Signal_Locations_TDA/FeatureServer/0/query?where=COUNTY%3D%27Miami-Dade%27&outFields=SIGNALID%2CCOUNTY%2CRDWYID%2CDISTRICT%2CMAINTAGC%2CSDESTRET%2CCNTLRDES%2CSIGNALNC&returnGeometry=true&outSR=4326&f=json
5311,87034000,Miami-Dade,6,MIAMI-DADE,N/A,N/A,N/A,25.931734,-80.188407,FDOT Traffic Signal Locations TDA,https://services1.arcgis.com/O1JpcwDW8sjYuddV/arcgis/rest/services/Traffic_Signal_Locations_TDA/FeatureServer/0,https://services1.arcgis.com/O1JpcwDW8sjYuddV/arcgis/rest/services/Traffic_Signal_Locations_TDA/FeatureServer/0/query?where=COUNTY%3D%27Miami-Dade%27&outFields=SIGNALID%2CCOUNTY%2CRDWYID%2CDISTRICT%2CMAINTAGC%2CSDESTRET%2CCNTLRDES%2CSIGNALNC&returnGeometry=true&outSR=4326&f=json
4723,87080900,Miami-Dade,6,MIAMI-DADE,E 2 AVE,N/A,N/A,25.84096,-80.278096,FDOT Traffic Signal Locations TDA,https://services1.arcgis.com/O1JpcwDW8sjYuddV/arcgis/rest/services/Traffic_Signal_Locations_TDA/FeatureServer/0,https://services1.arcgis.com/O1JpcwDW8sjYuddV/arcgis/rest/services/Traffic_Signal_Locations_TDA/FeatureServer/0/query?where=COUNTY%3D%27Miami-Dade%27&outFields=SIGNALID%2CCOUNTY%2CRDWYID%2CDISTRICT%2CMAINTAGC%2CSDESTRET%2CCNTLRDES%2CSIGNALNC&returnGeometry=true&outSR=4326&f=json
2219,87140000,Miami-Dade,6,MIAMI-DADE,SR 968/SW 1 ST,N/A,02,25.772742,-80.207692,FDOT Traffic Signal Locations TDA,https://services1.arcgis.com/O1JpcwDW8sjYuddV/arcgis/rest/services/Traffic_Signal_Locations_TDA/FeatureServer/0,https://services1.arcgis.com/O1JpcwDW8sjYuddV/arcgis/rest/services/Traffic_Signal_Locations_TDA/FeatureServer/0/query?where=COUNTY%3D%27Miami-Dade%27&outFields=SIGNALID%2CCOUNTY%2CRDWYID%2CDISTRICT%2CMAINTAGC%2CSDESTRET%2CCNTLRDES%2CSIGNALNC&returnGeometry=true&outSR=4326&f=json
2377,87085000,Miami-Dade,6,MIAMI-DADE,NW 14 ST,N/A,N/A,25.787584,-80.214931,FDOT Traffic Signal Locations TDA,https://services1.arcgis.com/O1JpcwDW8sjYuddV/arcgis/rest/services/Traffic_Signal_Locations_TDA/FeatureServer/0,https://services1.arcgis.com/O1JpcwDW8sjYuddV/arcgis/rest/services/Traffic_Signal_Locations_TDA/FeatureServer/0/query?where=COUNTY%3D%27Miami-Dade%27&outFields=SIGNALID%2CCOUNTY%2CRDWYID%2CDISTRICT%2CMAINTAGC%2CSDESTRET%2CCNTLRDES%2CSIGNALNC&returnGeometry=true&outSR=4326&f=json
2878,87038000,Miami-Dade,6,MIAMI-DADE,E 4 AV,N/A,N/A,25.867105,-80.274782,FDOT Traffic Signal Locations TDA,https://services1.arcgis.com/O1JpcwDW8sjYuddV/arcgis/rest/services/Traffic_Signal_Locations_TDA/FeatureServer/0,https://services1.arcgis.com/O1JpcwDW8sjYuddV/arcgis/rest/services/Traffic_Signal_Locations_TDA/FeatureServer/0/query?where=COUNTY%3D%27Miami-Dade%27&outFields=SIGNALID%2CCOUNTY%2CRDWYID%2CDISTRICT%2CMAINTAGC%2CSDESTRET%2CCNTLRDES%2CSIGNALNC&returnGeometry=true&outSR=4326&f=json
5182,87047000,Miami-Dade,6,MIAMI-DADE,SW 94 ST,N/A,N/A,25.682591,-80.335443,FDOT Traffic Signal Locations TDA,https://services1.arcgis.com/O1JpcwDW8sjYuddV/arcgis/rest/services/Traffic_Signal_Locations_TDA/FeatureServer/0,https://services1.arcgis.com/O1JpcwDW8sjYuddV/arcgis/rest/services/Traffic_Signal_Locations_TDA/FeatureServer/0/query?where=COUNTY%3D%27Miami-Dade%27&outFields=SIGNALID%2CCOUNTY%2CRDWYID%2CDISTRICT%2CMAINTAGC%2CSDESTRET%2CCNTLRDES%2CSIGNALNC&returnGeometry=true&outSR=4326&f=json
3327,87270160,Miami-Dade,6,MIAMI-DADE,SW 8 ST/TAMIAMI TRAI,N/A,02,25.766198,-80.200735,FDOT Traffic Signal Locations TDA,https://services1.arcgis.com/O1JpcwDW8sjYuddV/arcgis/rest/services/Traffic_Signal_Locations_TDA/FeatureServer/0,https://services1.arcgis.com/O1JpcwDW8sjYuddV/arcgis/rest/services/Traffic_Signal_Locations_TDA/FeatureServer/0/query?where=COUNTY%3D%27Miami-Dade%27&outFields=SIGNALID%2CCOUNTY%2CRDWYID%2CDISTRICT%2CMAINTAGC%2CSDESTRET%2CCNTLRDES%2CSIGNALNC&returnGeometry=true&outSR=4326&f=json
3465,87020000,Miami-Dade,6,MIAMI-DADE,SW 248 ST,N/A,N/A,25.536561,-80.410813,FDOT Traffic Signal Locations TDA,https://services1.arcgis.com/O1JpcwDW8sjYuddV/arcgis/rest/services/Traffic_Signal_Locations_TDA/FeatureServer/0,https://services1.arcgis.com/O1JpcwDW8sjYuddV/arcgis/rest/services/Traffic_Signal_Locations_TDA/FeatureServer/0/query?where=COUNTY%3D%27Miami-Dade%27&outFields=SIGNALID%2CCOUNTY%2CRDWYID%2CDISTRICT%2CMAINTAGC%2CSDESTRET%2CCNTLRDES%2CSIGNALNC&returnGeometry=true&outSR=4326&f=json
2759,87080000,Miami-Dade,6,MIAMI-DADE,BAY DR,N/A,N/A,25.855907,-80.127789,FDOT Traffic Signal Locations TDA,https://services1.arcgis.com/O1JpcwDW8sjYuddV/arcgis/rest/services/Traffic_Signal_Locations_TDA/FeatureServer/0,https://services1.arcgis.com/O1JpcwDW8sjYuddV/arcgis/rest/services/Traffic_Signal_Locations_TDA/FeatureServer/0/query?where=COUNTY%3D%27Miami-Dade%27&outFields=SIGNALID%2CCOUNTY%2CRDWYID%2CDISTRICT%2CMAINTAGC%2CSDESTRET%2CCNTLRDES%2CSIGNALNC&returnGeometry=true&outSR=4326&f=json
2378,87240000,Miami-Dade,6,MIAMI-DADE,NW 14 ST,N/A,N/A,25.786778,-80.239524,FDOT Traffic Signal Locations TDA,https://services1.arcgis.com/O1JpcwDW8sjYuddV/arcgis/rest/services/Traffic_Signal_Locations_TDA/FeatureServer/0,https://services1.arcgis.com/O1JpcwDW8sjYuddV/arcgis/rest/services/Traffic_Signal_Locations_TDA/FeatureServer/0/query?where=COUNTY%3D%27Miami-Dade%27&outFields=SIGNALID%2CCOUNTY%2CRDWYID%2CDISTRICT%2CMAINTAGC%2CSDESTRET%2CCNTLRDES%2CSIGNALNC&returnGeometry=true&outSR=4326&f=json
4670,87030000,Miami-Dade,6,MIAMI-DADE,NE 196 ST,N/A,N/A,25.958205,-80.146838,FDOT Traffic Signal Locations TDA,https://services1.arcgis.com/O1JpcwDW8sjYuddV/arcgis/rest/services/Traffic_Signal_Locations_TDA/FeatureServer/0,https://services1.arcgis.com/O1JpcwDW8sjYuddV/arcgis/rest/services/Traffic_Signal_Locations_TDA/FeatureServer/0/query?where=COUNTY%3D%27Miami-Dade%27&outFields=SIGNALID%2CCOUNTY%2CRDWYID%2CDISTRICT%2CMAINTAGC%2CSDESTRET%2CCNTLRDES%2CSIGNALNC&returnGeometry=true&outSR=4326&f=json
3068,87002000,Miami-Dade,6,MIAMI-DADE,NW 167 ST WB/FROAD,N/A,N/A,25.925555,-80.293137,FDOT Traffic Signal Locations TDA,https://services1.arcgis.com/O1JpcwDW8sjYuddV/arcgis/rest/services/Traffic_Signal_Locations_TDA/FeatureServer/0,https://services1.arcgis.com/O1JpcwDW8sjYuddV/arcgis/rest/services/Traffic_Signal_Locations_TDA/FeatureServer/0/query?where=COUNTY%3D%27Miami-Dade%27&outFields=SIGNALID%2CCOUNTY%2CRDWYID%2CDISTRICT%2CMAINTAGC%2CSDESTRET%2CCNTLRDES%2CSIGNALNC&returnGeometry=true&outSR=4326&f=json
3845,87002000,Miami-Dade,6,MIAMI-DADE,NW 167 ST EB/FROAD,N/A,N/A,25.924916,-80.293137,FDOT Traffic Signal Locations TDA,https://services1.arcgis.com/O1JpcwDW8sjYuddV/arcgis/rest/services/Traffic_Signal_Locations_TDA/FeatureServer/0,https://services1.arcgis.com/O1JpcwDW8sjYuddV/arcgis/rest/services/Traffic_Signal_Locations_TDA/FeatureServer/0/query?where=COUNTY%3D%27Miami-Dade%27&outFields=SIGNALID%2CCOUNTY%2CRDWYID%2CDISTRICT%2CMAINTAGC%2CSDESTRET%2CCNTLRDES%2CSIGNALNC&returnGeometry=true&outSR=4326&f=json
4990,87170000,Miami-Dade,6,MIAMI-DADE,N/A,N/A,N/A,25.929778,-80.12508,FDOT Traffic Signal Locations TDA,https://services1.arcgis.com/O1JpcwDW8sjYuddV/arcgis/rest/services/Traffic_Signal_Locations_TDA/FeatureServer/0,https://services1.arcgis.com/O1JpcwDW8sjYuddV/arcgis/rest/services/Traffic_Signal_Locations_TDA/FeatureServer/0/query?where=COUNTY%3D%27Miami-Dade%27&outFields=SIGNALID%2CCOUNTY%2CRDWYID%2CDISTRICT%2CMAINTAGC%2CSDESTRET%2CCNTLRDES%2CSIGNALNC&returnGeometry=true&outSR=4326&f=json
4869,87120000,Miami-Dade,6,MIAMI-DADE,SW 137 AVE,N/A,N/A,25.760901,-80.417061,FDOT Traffic Signal Locations TDA,https://services1.arcgis.com/O1JpcwDW8sjYuddV/arcgis/rest/services/Traffic_Signal_Locations_TDA/FeatureServer/0,https://services1.arcgis.com/O1JpcwDW8sjYuddV/arcgis/rest/services/Traffic_Signal_Locations_TDA/FeatureServer/0/query?where=COUNTY%3D%27Miami-Dade%27&outFields=SIGNALID%2CCOUNTY%2CRDWYID%2CDISTRICT%2CMAINTAGC%2CSDESTRET%2CCNTLRDES%2CSIGNALNC&returnGeometry=true&outSR=4326&f=json
3955,87047000,Miami-Dade,6,MIAMI-DADE,SW 48 ST,N/A,N/A,25.723726,-80.335204,FDOT Traffic Signal Locations TDA,https://services1.arcgis.com/O1JpcwDW8sjYuddV/arcgis/rest/services/Traffic_Signal_Locations_TDA/FeatureServer/0,https://services1.arcgis.com/O1JpcwDW8sjYuddV/arcgis/rest/services/Traffic_Signal_Locations_TDA/FeatureServer/0/query?where=COUNTY%3D%27Miami-Dade%27&outFields=SIGNALID%2CCOUNTY%2CRDWYID%2CDISTRICT%2CMAINTAGC%2CSDESTRET%2CCNTLRDES%2CSIGNALNC&returnGeometry=true&outSR=4326&f=json
2317,87085000,Miami-Dade,6,MIAMI-DADE,NW 4 ST,N/A,N/A,25.777358,-80.214754,FDOT Traffic Signal Locations TDA,https://services1.arcgis.com/O1JpcwDW8sjYuddV/arcgis/rest/services/Traffic_Signal_Locations_TDA/FeatureServer/0,https://services1.arcgis.com/O1JpcwDW8sjYuddV/arcgis/rest/services/Traffic_Signal_Locations_TDA/FeatureServer/0/query?where=COUNTY%3D%27Miami-Dade%27&outFields=SIGNALID%2CCOUNTY%2CRDWYID%2CDISTRICT%2CMAINTAGC%2CSDESTRET%2CCNTLRDES%2CSIGNALNC&returnGeometry=true&outSR=4326&f=json
4301,87030000,Miami-Dade,6,MIAMI-DADE,NE 209 ST,N/A,N/A,25.969013,-80.144462,FDOT Traffic Signal Locations TDA,https://services1.arcgis.com/O1JpcwDW8sjYuddV/arcgis/rest/services/Traffic_Signal_Locations_TDA/FeatureServer/0,https://services1.arcgis.com/O1JpcwDW8sjYuddV/arcgis/rest/services/Traffic_Signal_Locations_TDA/FeatureServer/0/query?where=COUNTY%3D%27Miami-Dade%27&outFields=SIGNALID%2CCOUNTY%2CRDWYID%2CDISTRICT%2CMAINTAGC%2CSDESTRET%2CCNTLRDES%2CSIGNALNC&returnGeometry=true&outSR=4326&f=json
5661,87030000,Miami-Dade,6,MIAMI-DADE,SW 84 ST,N/A,N/A,25.692411,-80.303945,FDOT Traffic Signal Locations TDA,https://services1.arcgis.com/O1JpcwDW8sjYuddV/arcgis/rest/services/Traffic_Signal_Locations_TDA/FeatureServer/0,https://services1.arcgis.com/O1JpcwDW8sjYuddV/arcgis/rest/services/Traffic_Signal_Locations_TDA/FeatureServer/0/query?where=COUNTY%3D%27Miami-Dade%27&outFields=SIGNALID%2CCOUNTY%2CRDWYID%2CDISTRICT%2CMAINTAGC%2CSDESTRET%2CCNTLRDES%2CSIGNALNC&returnGeometry=true&outSR=4326&f=json
3683,87260298,Miami-Dade,6,MIAMI-DADE,NW 103 ST/W 49 ST,N/A,N/A,25.866648,-80.322555,FDOT Traffic Signal Locations TDA,https://services1.arcgis.com/O1JpcwDW8sjYuddV/arcgis/rest/services/Traffic_Signal_Locations_TDA/FeatureServer/0,https://services1.arcgis.com/O1JpcwDW8sjYuddV/arcgis/rest/services/Traffic_Signal_Locations_TDA/FeatureServer/0/query?where=COUNTY%3D%27Miami-Dade%27&outFields=SIGNALID%2CCOUNTY%2CRDWYID%2CDISTRICT%2CMAINTAGC%2CSDESTRET%2CCNTLRDES%2CSIGNALNC&returnGeometry=true&outSR=4326&f=json
2141,87281000,Miami-Dade,6,MIAMI-DADE,NW 7 ST,N/A,N/A,25.778693,-80.263967,FDOT Traffic Signal Locations TDA,https://services1.arcgis.com/O1JpcwDW8sjYuddV/arcgis/rest/services/Traffic_Signal_Locations_TDA/FeatureServer/0,https://services1.arcgis.com/O1JpcwDW8sjYuddV/arcgis/rest/services/Traffic_Signal_Locations_TDA/FeatureServer/0/query?where=COUNTY%3D%27Miami-Dade%27&outFields=SIGNALID%2CCOUNTY%2CRDWYID%2CDISTRICT%2CMAINTAGC%2CSDESTRET%2CCNTLRDES%2CSIGNALNC&returnGeometry=true&outSR=4326&f=json
2184,87030000,Miami-Dade,6,MIAMI-DADE,SW 32 AVE,N/A,N/A,25.736988,-80.245795,FDOT Traffic Signal Locations TDA,https://services1.arcgis.com/O1JpcwDW8sjYuddV/arcgis/rest/services/Traffic_Signal_Locations_TDA/FeatureServer/0,https://services1.arcgis.com/O1JpcwDW8sjYuddV/arcgis/rest/services/Traffic_Signal_Locations_TDA/FeatureServer/0/query?where=COUNTY%3D%27Miami-Dade%27&outFields=SIGNALID%2CCOUNTY%2CRDWYID%2CDISTRICT%2CMAINTAGC%2CSDESTRET%2CCNTLRDES%2CSIGNALNC&returnGeometry=true&outSR=4326&f=json
3975,87080900,Miami-Dade,6,MIAMI-DADE,SR 969/NW 72 AVE,N/A,02,25.839879,-80.314075,FDOT Traffic Signal Locations TDA,https://services1.arcgis.com/O1JpcwDW8sjYuddV/arcgis/rest/services/Traffic_Signal_Locations_TDA/FeatureServer/0,https://services1.arcgis.com/O1JpcwDW8sjYuddV/arcgis/rest/services/Traffic_Signal_Locations_TDA/FeatureServer/0/query?where=COUNTY%3D%27Miami-Dade%27&outFields=SIGNALID%2CCOUNTY%2CRDWYID%2CDISTRICT%2CMAINTAGC%2CSDESTRET%2CCNTLRDES%2CSIGNALNC&returnGeometry=true&outSR=4326&f=json
2144,87281000,Miami-Dade,6,MIAMI-DADE,SR90/SW 8 ST/TAMIAMI,N/A,N/A,25.764444,-80.263301,FDOT Traffic Signal Locations TDA,https://services1.arcgis.com/O1JpcwDW8sjYuddV/arcgis/rest/services/Traffic_Signal_Locations_TDA/FeatureServer/0,https://services1.arcgis.com/O1JpcwDW8sjYuddV/arcgis/rest/services/Traffic_Signal_Locations_TDA/FeatureServer/0/query?where=COUNTY%3D%27Miami-Dade%27&outFields=SIGNALID%2CCOUNTY%2CRDWYID%2CDISTRICT%2CMAINTAGC%2CSDESTRET%2CCNTLRDES%2CSIGNALNC&returnGeometry=true&outSR=4326&f=json
3709,87072000,Miami-Dade,6,MIAMI-DADE,SR 90/ SW 8 ST,N/A,02,25.761282,-80.368341,FDOT Traffic Signal Locations TDA,https://services1.arcgis.com/O1JpcwDW8sjYuddV/arcgis/rest/services/Traffic_Signal_Locations_TDA/FeatureServer/0,https://services1.arcgis.com/O1JpcwDW8sjYuddV/arcgis/rest/services/Traffic_Signal_Locations_TDA/FeatureServer/0/query?where=COUNTY%3D%27Miami-Dade%27&outFields=SIGNALID%2CCOUNTY%2CRDWYID%2CDISTRICT%2CMAINTAGC%2CSDESTRET%2CCNTLRDES%2CSIGNALNC&returnGeometry=true&outSR=4326&f=json
2204,87053000,Miami-Dade,6,MIAMI-DADE,SR 9/W 27 AVE,N/A,02,25.772337,-80.238933,FDOT Traffic Signal Locations TDA,https://services1.arcgis.com/O1JpcwDW8sjYuddV/arcgis/rest/services/Traffic_Signal_Locations_TDA/FeatureServer/0,https://services1.arcgis.com/O1JpcwDW8sjYuddV/arcgis/rest/services/Traffic_Signal_Locations_TDA/FeatureServer/0/query?where=COUNTY%3D%27Miami-Dade%27&outFields=SIGNALID%2CCOUNTY%2CRDWYID%2CDISTRICT%2CMAINTAGC%2CSDESTRET%2CCNTLRDES%2CSIGNALNC&returnGeometry=true&outSR=4326&f=json
4789,87150000,Miami-Dade,6,MIAMI-DADE,SW 264 ST,N/A,N/A,25.521151,-80.477889,FDOT Traffic Signal Locations TDA,https://services1.arcgis.com/O1JpcwDW8sjYuddV/arcgis/rest/services/Traffic_Signal_Locations_TDA/FeatureServer/0,https://services1.arcgis.com/O1JpcwDW8sjYuddV/arcgis/rest/services/Traffic_Signal_Locations_TDA/FeatureServer/0/query?where=COUNTY%3D%27Miami-Dade%27&outFields=SIGNALID%2CCOUNTY%2CRDWYID%2CDISTRICT%2CMAINTAGC%2CSDESTRET%2CCNTLRDES%2CSIGNALNC&returnGeometry=true&outSR=4326&f=json
3023,87220000,Miami-Dade,6,MIAMI-DADE,NW 42 AV/LE JEUNE RD,N/A,02,25.808345,-80.264539,FDOT Traffic Signal Locations TDA,https://services1.arcgis.com/O1JpcwDW8sjYuddV/arcgis/rest/services/Traffic_Signal_Locations_TDA/FeatureServer/0,https://services1.arcgis.com/O1JpcwDW8sjYuddV/arcgis/rest/services/Traffic_Signal_Locations_TDA/FeatureServer/0/query?where=COUNTY%3D%27Miami-Dade%27&outFields=SIGNALID%2CCOUNTY%2CRDWYID%2CDISTRICT%2CMAINTAGC%2CSDESTRET%2CCNTLRDES%2CSIGNALNC&returnGeometry=true&outSR=4326&f=json
2104,87250000,Miami-Dade,6,MIAMI-DADE,NE 2 AVE,N/A,N/A,25.825392,-80.19187,FDOT Traffic Signal Locations TDA,https://services1.arcgis.com/O1JpcwDW8sjYuddV/arcgis/rest/services/Traffic_Signal_Locations_TDA/FeatureServer/0,https://services1.arcgis.com/O1JpcwDW8sjYuddV/arcgis/rest/services/Traffic_Signal_Locations_TDA/FeatureServer/0/query?where=COUNTY%3D%27Miami-Dade%27&outFields=SIGNALID%2CCOUNTY%2CRDWYID%2CDISTRICT%2CMAINTAGC%2CSDESTRET%2CCNTLRDES%2CSIGNALNC&returnGeometry=true&outSR=4326&f=json
2478,87240000,Miami-Dade,6,MIAMI-DADE,NW 38 ST,N/A,N/A,25.810866,-80.240242,FDOT Traffic Signal Locations TDA,https://services1.arcgis.com/O1JpcwDW8sjYuddV/arcgis/rest/services/Traffic_Signal_Locations_TDA/FeatureServer/0,https://services1.arcgis.com/O1JpcwDW8sjYuddV/arcgis/rest/services/Traffic_Signal_Locations_TDA/FeatureServer/0/query?where=COUNTY%3D%27Miami-Dade%27&outFields=SIGNALID%2CCOUNTY%2CRDWYID%2CDISTRICT%2CMAINTAGC%2CSDESTRET%2CCNTLRDES%2CSIGNALNC&returnGeometry=true&outSR=4326&f=json
3673,87038000,Miami-Dade,6,MIAMI-DADE,SR 915/NE 6 AV,N/A,02,25.870004,-80.185581,FDOT Traffic Signal Locations TDA,https://services1.arcgis.com/O1JpcwDW8sjYuddV/arcgis/rest/services/Traffic_Signal_Locations_TDA/FeatureServer/0,https://services1.arcgis.com/O1JpcwDW8sjYuddV/arcgis/rest/services/Traffic_Signal_Locations_TDA/FeatureServer/0/query?where=COUNTY%3D%27Miami-Dade%27&outFields=SIGNALID%2CCOUNTY%2CRDWYID%2CDISTRICT%2CMAINTAGC%2CSDESTRET%2CCNTLRDES%2CSIGNALNC&returnGeometry=true&outSR=4326&f=json
2517,87052000,Miami-Dade,6,MIAMI-DADE,SR 7/NW 7 AV,N/A,02,25.883689,-80.210568,FDOT Traffic Signal Locations TDA,https://services1.arcgis.com/O1JpcwDW8sjYuddV/arcgis/rest/services/Traffic_Signal_Locations_TDA/FeatureServer/0,https://services1.arcgis.com/O1JpcwDW8sjYuddV/arcgis/rest/services/Traffic_Signal_Locations_TDA/FeatureServer/0/query?where=COUNTY%3D%27Miami-Dade%27&outFields=SIGNALID%2CCOUNTY%2CRDWYID%2CDISTRICT%2CMAINTAGC%2CSDESTRET%2CCNTLRDES%2CSIGNALNC&returnGeometry=true&outSR=4326&f=json
3832,87008000,Miami-Dade,6,MIAMI-DADE,NW 60 AVE,N/A,N/A,25.898679,-80.29817,FDOT Traffic Signal Locations TDA,https://services1.arcgis.com/O1JpcwDW8sjYuddV/arcgis/rest/services/Traffic_Signal_Locations_TDA/FeatureServer/0,https://services1.arcgis.com/O1JpcwDW8sjYuddV/arcgis/rest/services/Traffic_Signal_Locations_TDA/FeatureServer/0/query?where=COUNTY%3D%27Miami-Dade%27&outFields=SIGNALID%2CCOUNTY%2CRDWYID%2CDISTRICT%2CMAINTAGC%2CSDESTRET%2CCNTLRDES%2CSIGNALNC&returnGeometry=true&outSR=4326&f=json
4600,87072000,Miami-Dade,6,MIAMI-DADE,SW 84 ST,N/A,N/A,25.690488,-80.365937,FDOT Traffic Signal Locations TDA,https://services1.arcgis.com/O1JpcwDW8sjYuddV/arcgis/rest/services/Traffic_Signal_Locations_TDA/FeatureServer/0,https://services1.arcgis.com/O1JpcwDW8sjYuddV/arcgis/rest/services/Traffic_Signal_Locations_TDA/FeatureServer/0/query?where=COUNTY%3D%27Miami-Dade%27&outFields=SIGNALID%2CCOUNTY%2CRDWYID%2CDISTRICT%2CMAINTAGC%2CSDESTRET%2CCNTLRDES%2CSIGNALNC&returnGeometry=true&outSR=4326&f=json
2537,87066000,Miami-Dade,6,MIAMI-DADE,US 1/BISCAYNE BLVD,N/A,N/A,25.889409,-80.163656,FDOT Traffic Signal Locations TDA,https://services1.arcgis.com/O1JpcwDW8sjYuddV/arcgis/rest/services/Traffic_Signal_Locations_TDA/FeatureServer/0,https://services1.arcgis.com/O1JpcwDW8sjYuddV/arcgis/rest/services/Traffic_Signal_Locations_TDA/FeatureServer/0/query?where=COUNTY%3D%27Miami-Dade%27&outFields=SIGNALID%2CCOUNTY%2CRDWYID%2CDISTRICT%2CMAINTAGC%2CSDESTRET%2CCNTLRDES%2CSIGNALNC&returnGeometry=true&outSR=4326&f=json
2901,87220000,Miami-Dade,6,MIAMI-DADE,SOUTH DR,N/A,N/A,25.807877,-80.279878,FDOT Traffic Signal Locations TDA,https://services1.arcgis.com/O1JpcwDW8sjYuddV/arcgis/rest/services/Traffic_Signal_Locations_TDA/FeatureServer/0,https://services1.arcgis.com/O1JpcwDW8sjYuddV/arcgis/rest/services/Traffic_Signal_Locations_TDA/FeatureServer/0/query?where=COUNTY%3D%27Miami-Dade%27&outFields=SIGNALID%2CCOUNTY%2CRDWYID%2CDISTRICT%2CMAINTAGC%2CSDESTRET%2CCNTLRDES%2CSIGNALNC&returnGeometry=true&outSR=4326&f=json
2977,87019000,Miami-Dade,6,MIAMI-DADE,ALI BABA AV/VETERANS,N/A,N/A,25.905042,-80.243842,FDOT Traffic Signal Locations TDA,https://services1.arcgis.com/O1JpcwDW8sjYuddV/arcgis/rest/services/Traffic_Signal_Locations_TDA/FeatureServer/0,https://services1.arcgis.com/O1JpcwDW8sjYuddV/arcgis/rest/services/Traffic_Signal_Locations_TDA/FeatureServer/0/query?where=COUNTY%3D%27Miami-Dade%27&outFields=SIGNALID%2CCOUNTY%2CRDWYID%2CDISTRICT%2CMAINTAGC%2CSDESTRET%2CCNTLRDES%2CSIGNALNC&returnGeometry=true&outSR=4326&f=json
3952,87053000,Miami-Dade,6,MIAMI-DADE,W 62 AVE,N/A,N/A,25.770654,-80.295987,FDOT Traffic Signal Locations TDA,https://services1.arcgis.com/O1JpcwDW8sjYuddV/arcgis/rest/services/Traffic_Signal_Locations_TDA/FeatureServer/0,https://services1.arcgis.com/O1JpcwDW8sjYuddV/arcgis/rest/services/Traffic_Signal_Locations_TDA/FeatureServer/0/query?where=COUNTY%3D%27Miami-Dade%27&outFields=SIGNALID%2CCOUNTY%2CRDWYID%2CDISTRICT%2CMAINTAGC%2CSDESTRET%2CCNTLRDES%2CSIGNALNC&returnGeometry=true&outSR=4326&f=json
6923,87060000,Miami-Dade,6,MIAMI-DADE,77 ST,N/A,N/A,25.862056,-80.121062,FDOT Traffic Signal Locations TDA,https://services1.arcgis.com/O1JpcwDW8sjYuddV/arcgis/rest/services/Traffic_Signal_Locations_TDA/FeatureServer/0,https://services1.arcgis.com/O1JpcwDW8sjYuddV/arcgis/rest/services/Traffic_Signal_Locations_TDA/FeatureServer/0/query?where=COUNTY%3D%27Miami-Dade%27&outFields=SIGNALID%2CCOUNTY%2CRDWYID%2CDISTRICT%2CMAINTAGC%2CSDESTRET%2CCNTLRDES%2CSIGNALNC&returnGeometry=true&outSR=4326&f=json
2555,87190000,Miami-Dade,6,MIAMI-DADE,SR 916/NE 135 ST,N/A,N/A,25.899802,-80.178779,FDOT Traffic Signal Locations TDA,https://services1.arcgis.com/O1JpcwDW8sjYuddV/arcgis/rest/services/Traffic_Signal_Locations_TDA/FeatureServer/0,https://services1.arcgis.com/O1JpcwDW8sjYuddV/arcgis/rest/services/Traffic_Signal_Locations_TDA/FeatureServer/0/query?where=COUNTY%3D%27Miami-Dade%27&outFields=SIGNALID%2CCOUNTY%2CRDWYID%2CDISTRICT%2CMAINTAGC%2CSDESTRET%2CCNTLRDES%2CSIGNALNC&returnGeometry=true&outSR=4326&f=json
3993,87060000,Miami-Dade,6,MIAMI-DADE,158 ST,N/A,N/A,25.922241,-80.122351,FDOT Traffic Signal Locations TDA,https://services1.arcgis.com/O1JpcwDW8sjYuddV/arcgis/rest/services/Traffic_Signal_Locations_TDA/FeatureServer/0,https://services1.arcgis.com/O1JpcwDW8sjYuddV/arcgis/rest/services/Traffic_Signal_Locations_TDA/FeatureServer/0/query?where=COUNTY%3D%27Miami-Dade%27&outFields=SIGNALID%2CCOUNTY%2CRDWYID%2CDISTRICT%2CMAINTAGC%2CSDESTRET%2CCNTLRDES%2CSIGNALNC&returnGeometry=true&outSR=4326&f=json
4202,87120000,Miami-Dade,6,MIAMI-DADE,N/A,N/A,N/A,25.76523,-80.237104,FDOT Traffic Signal Locations TDA,https://services1.arcgis.com/O1JpcwDW8sjYuddV/arcgis/rest/services/Traffic_Signal_Locations_TDA/FeatureServer/0,https://services1.arcgis.com/O1JpcwDW8sjYuddV/arcgis/rest/services/Traffic_Signal_Locations_TDA/FeatureServer/0/query?where=COUNTY%3D%27Miami-Dade%27&outFields=SIGNALID%2CCOUNTY%2CRDWYID%2CDISTRICT%2CMAINTAGC%2CSDESTRET%2CCNTLRDES%2CSIGNALNC&returnGeometry=true&outSR=4326&f=json
2424,87085000,Miami-Dade,6,MIAMI-DADE,NW 29 ST,N/A,N/A,25.80336,-80.215464,FDOT Traffic Signal Locations TDA,https://services1.arcgis.com/O1JpcwDW8sjYuddV/arcgis/rest/services/Traffic_Signal_Locations_TDA/FeatureServer/0,https://services1.arcgis.com/O1JpcwDW8sjYuddV/arcgis/rest/services/Traffic_Signal_Locations_TDA/FeatureServer/0/query?where=COUNTY%3D%27Miami-Dade%27&outFields=SIGNALID%2CCOUNTY%2CRDWYID%2CDISTRICT%2CMAINTAGC%2CSDESTRET%2CCNTLRDES%2CSIGNALNC&returnGeometry=true&outSR=4326&f=json
3517,87080001,Miami-Dade,6,MIAMI-DADE,NE 2 AV,N/A,N/A,25.849833,-80.192828,FDOT Traffic Signal Locations TDA,https://services1.arcgis.com/O1JpcwDW8sjYuddV/arcgis/rest/services/Traffic_Signal_Locations_TDA/FeatureServer/0,https://services1.arcgis.com/O1JpcwDW8sjYuddV/arcgis/rest/services/Traffic_Signal_Locations_TDA/FeatureServer/0/query?where=COUNTY%3D%27Miami-Dade%27&outFields=SIGNALID%2CCOUNTY%2CRDWYID%2CDISTRICT%2CMAINTAGC%2CSDESTRET%2CCNTLRDES%2CSIGNALNC&returnGeometry=true&outSR=4326&f=json
3636,87030000,Miami-Dade,6,MIAMI-DADE,NE 76 ST,N/A,N/A,25.844923,-80.184512,FDOT Traffic Signal Locations TDA,https://services1.arcgis.com/O1JpcwDW8sjYuddV/arcgis/rest/services/Traffic_Signal_Locations_TDA/FeatureServer/0,https://services1.arcgis.com/O1JpcwDW8sjYuddV/arcgis/rest/services/Traffic_Signal_Locations_TDA/FeatureServer/0/query?where=COUNTY%3D%27Miami-Dade%27&outFields=SIGNALID%2CCOUNTY%2CRDWYID%2CDISTRICT%2CMAINTAGC%2CSDESTRET%2CCNTLRDES%2CSIGNALNC&returnGeometry=true&outSR=4326&f=json
3444,87120001,Miami-Dade,6,MIAMI-DADE,SW 17 AVE,N/A,N/A,25.766502,-80.222682,FDOT Traffic Signal Locations TDA,https://services1.arcgis.com/O1JpcwDW8sjYuddV/arcgis/rest/services/Traffic_Signal_Locations_TDA/FeatureServer/0,https://services1.arcgis.com/O1JpcwDW8sjYuddV/arcgis/rest/services/Traffic_Signal_Locations_TDA/FeatureServer/0/query?where=COUNTY%3D%27Miami-Dade%27&outFields=SIGNALID%2CCOUNTY%2CRDWYID%2CDISTRICT%2CMAINTAGC%2CSDESTRET%2CCNTLRDES%2CSIGNALNC&returnGeometry=true&outSR=4326&f=json
6358,87030000,Miami-Dade,6,MIAMI-DADE,SE 1 ST,N/A,N/A,25.773572,-80.187099,FDOT Traffic Signal Locations TDA,https://services1.arcgis.com/O1JpcwDW8sjYuddV/arcgis/rest/services/Traffic_Signal_Locations_TDA/FeatureServer/0,https://services1.arcgis.com/O1JpcwDW8sjYuddV/arcgis/rest/services/Traffic_Signal_Locations_TDA/FeatureServer/0/query?where=COUNTY%3D%27Miami-Dade%27&outFields=SIGNALID%2CCOUNTY%2CRDWYID%2CDISTRICT%2CMAINTAGC%2CSDESTRET%2CCNTLRDES%2CSIGNALNC&returnGeometry=true&outSR=4326&f=json
4147,87030000,Miami-Dade,6,MIAMI-DADE,NE 156 ST,N/A,N/A,25.919303,-80.155751,FDOT Traffic Signal Locations TDA,https://services1.arcgis.com/O1JpcwDW8sjYuddV/arcgis/rest/services/Traffic_Signal_Locations_TDA/FeatureServer/0,https://services1.arcgis.com/O1JpcwDW8sjYuddV/arcgis/rest/services/Traffic_Signal_Locations_TDA/FeatureServer/0/query?where=COUNTY%3D%27Miami-Dade%27&outFields=SIGNALID%2CCOUNTY%2CRDWYID%2CDISTRICT%2CMAINTAGC%2CSDESTRET%2CCNTLRDES%2CSIGNALNC&returnGeometry=true&outSR=4326&f=json
4802,87170000,Miami-Dade,6,MIAMI-DADE,NE 34 AV,N/A,N/A,25.928,-80.136098,FDOT Traffic Signal Locations TDA,https://services1.arcgis.com/O1JpcwDW8sjYuddV/arcgis/rest/services/Traffic_Signal_Locations_TDA/FeatureServer/0,https://services1.arcgis.com/O1JpcwDW8sjYuddV/arcgis/rest/services/Traffic_Signal_Locations_TDA/FeatureServer/0/query?where=COUNTY%3D%27Miami-Dade%27&outFields=SIGNALID%2CCOUNTY%2CRDWYID%2CDISTRICT%2CMAINTAGC%2CSDESTRET%2CCNTLRDES%2CSIGNALNC&returnGeometry=true&outSR=4326&f=json
2520,87052000,Miami-Dade,6,MIAMI-DADE,SR 9/NW 27 AV,N/A,02,25.882767,-80.243091,FDOT Traffic Signal Locations TDA,https://services1.arcgis.com/O1JpcwDW8sjYuddV/arcgis/rest/services/Traffic_Signal_Locations_TDA/FeatureServer/0,https://services1.arcgis.com/O1JpcwDW8sjYuddV/arcgis/rest/services/Traffic_Signal_Locations_TDA/FeatureServer/0/query?where=COUNTY%3D%27Miami-Dade%27&outFields=SIGNALID%2CCOUNTY%2CRDWYID%2CDISTRICT%2CMAINTAGC%2CSDESTRET%2CCNTLRDES%2CSIGNALNC&returnGeometry=true&outSR=4326&f=json
4559,87250000,Miami-Dade,6,MIAMI-DADE,N/A,N/A,N/A,25.823754,-80.246552,FDOT Traffic Signal Locations TDA,https://services1.arcgis.com/O1JpcwDW8sjYuddV/arcgis/rest/services/Traffic_Signal_Locations_TDA/FeatureServer/0,https://services1.arcgis.com/O1JpcwDW8sjYuddV/arcgis/rest/services/Traffic_Signal_Locations_TDA/FeatureServer/0/query?where=COUNTY%3D%27Miami-Dade%27&outFields=SIGNALID%2CCOUNTY%2CRDWYID%2CDISTRICT%2CMAINTAGC%2CSDESTRET%2CCNTLRDES%2CSIGNALNC&returnGeometry=true&outSR=4326&f=json
3841,87030000,Miami-Dade,6,MIAMI-DADE,NE 199 ST,N/A,N/A,25.959847,-80.146885,FDOT Traffic Signal Locations TDA,https://services1.arcgis.com/O1JpcwDW8sjYuddV/arcgis/rest/services/Traffic_Signal_Locations_TDA/FeatureServer/0,https://services1.arcgis.com/O1JpcwDW8sjYuddV/arcgis/rest/services/Traffic_Signal_Locations_TDA/FeatureServer/0/query?where=COUNTY%3D%27Miami-Dade%27&outFields=SIGNALID%2CCOUNTY%2CRDWYID%2CDISTRICT%2CMAINTAGC%2CSDESTRET%2CCNTLRDES%2CSIGNALNC&returnGeometry=true&outSR=4326&f=json
2390,87030000,Miami-Dade,6,MIAMI-DADE,NE 19 ST,N/A,N/A,25.794782,-80.189006,FDOT Traffic Signal Locations TDA,https://services1.arcgis.com/O1JpcwDW8sjYuddV/arcgis/rest/services/Traffic_Signal_Locations_TDA/FeatureServer/0,https://services1.arcgis.com/O1JpcwDW8sjYuddV/arcgis/rest/services/Traffic_Signal_Locations_TDA/FeatureServer/0/query?where=COUNTY%3D%27Miami-Dade%27&outFields=SIGNALID%2CCOUNTY%2CRDWYID%2CDISTRICT%2CMAINTAGC%2CSDESTRET%2CCNTLRDES%2CSIGNALNC&returnGeometry=true&outSR=4326&f=json
2882,87038000,Miami-Dade,6,MIAMI-DADE,SR 823/W 4 AV/NW 57,N/A,02,25.866602,-80.290879,FDOT Traffic Signal Locations TDA,https://services1.arcgis.com/O1JpcwDW8sjYuddV/arcgis/rest/services/Traffic_Signal_Locations_TDA/FeatureServer/0,https://services1.arcgis.com/O1JpcwDW8sjYuddV/arcgis/rest/services/Traffic_Signal_Locations_TDA/FeatureServer/0/query?where=COUNTY%3D%27Miami-Dade%27&outFields=SIGNALID%2CCOUNTY%2CRDWYID%2CDISTRICT%2CMAINTAGC%2CSDESTRET%2CCNTLRDES%2CSIGNALNC&returnGeometry=true&outSR=4326&f=json
2364,87000172,Miami-Dade,6,MIAMI-DADE,NE 1 AVE,N/A,N/A,25.786949,-80.192367,FDOT Traffic Signal Locations TDA,https://services1.arcgis.com/O1JpcwDW8sjYuddV/arcgis/rest/services/Traffic_Signal_Locations_TDA/FeatureServer/0,https://services1.arcgis.com/O1JpcwDW8sjYuddV/arcgis/rest/services/Traffic_Signal_Locations_TDA/FeatureServer/0/query?where=COUNTY%3D%27Miami-Dade%27&outFields=SIGNALID%2CCOUNTY%2CRDWYID%2CDISTRICT%2CMAINTAGC%2CSDESTRET%2CCNTLRDES%2CSIGNALNC&returnGeometry=true&outSR=4326&f=json
6081,87060000,Miami-Dade,6,MIAMI-DADE,N/A,N/A,N/A,25.939527,-80.121366,FDOT Traffic Signal Locations TDA,https://services1.arcgis.com/O1JpcwDW8sjYuddV/arcgis/rest/services/Traffic_Signal_Locations_TDA/FeatureServer/0,https://services1.arcgis.com/O1JpcwDW8sjYuddV/arcgis/rest/services/Traffic_Signal_Locations_TDA/FeatureServer/0/query?where=COUNTY%3D%27Miami-Dade%27&outFields=SIGNALID%2CCOUNTY%2CRDWYID%2CDISTRICT%2CMAINTAGC%2CSDESTRET%2CCNTLRDES%2CSIGNALNC&returnGeometry=true&outSR=4326&f=json
3651,87047000,Miami-Dade,6,MIAMI-DADE,US 1/SR 5,N/A,02,25.646887,-80.33264,FDOT Traffic Signal Locations TDA,https://services1.arcgis.com/O1JpcwDW8sjYuddV/arcgis/rest/services/Traffic_Signal_Locations_TDA/FeatureServer/0,https://services1.arcgis.com/O1JpcwDW8sjYuddV/arcgis/rest/services/Traffic_Signal_Locations_TDA/FeatureServer/0/query?where=COUNTY%3D%27Miami-Dade%27&outFields=SIGNALID%2CCOUNTY%2CRDWYID%2CDISTRICT%2CMAINTAGC%2CSDESTRET%2CCNTLRDES%2CSIGNALNC&returnGeometry=true&outSR=4326&f=json
6550,87008000,Miami-Dade,6,MIAMI-DADE,N/A,N/A,N/A,25.896802,-80.25584,FDOT Traffic Signal Locations TDA,https://services1.arcgis.com/O1JpcwDW8sjYuddV/arcgis/rest/services/Traffic_Signal_Locations_TDA/FeatureServer/0,https://services1.arcgis.com/O1JpcwDW8sjYuddV/arcgis/rest/services/Traffic_Signal_Locations_TDA/FeatureServer/0/query?where=COUNTY%3D%27Miami-Dade%27&outFields=SIGNALID%2CCOUNTY%2CRDWYID%2CDISTRICT%2CMAINTAGC%2CSDESTRET%2CCNTLRDES%2CSIGNALNC&returnGeometry=true&outSR=4326&f=json
3840,87240000,Miami-Dade,6,MIAMI-DADE,NW 115 ST,N/A,N/A,25.878808,-80.242841,FDOT Traffic Signal Locations TDA,https://services1.arcgis.com/O1JpcwDW8sjYuddV/arcgis/rest/services/Traffic_Signal_Locations_TDA/FeatureServer/0,https://services1.arcgis.com/O1JpcwDW8sjYuddV/arcgis/rest/services/Traffic_Signal_Locations_TDA/FeatureServer/0/query?where=COUNTY%3D%27Miami-Dade%27&outFields=SIGNALID%2CCOUNTY%2CRDWYID%2CDISTRICT%2CMAINTAGC%2CSDESTRET%2CCNTLRDES%2CSIGNALNC&returnGeometry=true&outSR=4326&f=json
6097,87072000,Miami-Dade,6,MIAMI-DADE,OFF RAMP SR 836 WB,N/A,N/A,25.781516,-80.368731,FDOT Traffic Signal Locations TDA,https://services1.arcgis.com/O1JpcwDW8sjYuddV/arcgis/rest/services/Traffic_Signal_Locations_TDA/FeatureServer/0,https://services1.arcgis.com/O1JpcwDW8sjYuddV/arcgis/rest/services/Traffic_Signal_Locations_TDA/FeatureServer/0/query?where=COUNTY%3D%27Miami-Dade%27&outFields=SIGNALID%2CCOUNTY%2CRDWYID%2CDISTRICT%2CMAINTAGC%2CSDESTRET%2CCNTLRDES%2CSIGNALNC&returnGeometry=true&outSR=4326&f=json
6894,87020000,Miami-Dade,6,MIAMI-DADE,SW 120 ST,N/A,N/A,25.65916,-80.326938,FDOT Traffic Signal Locations TDA,https://services1.arcgis.com/O1JpcwDW8sjYuddV/arcgis/rest/services/Traffic_Signal_Locations_TDA/FeatureServer/0,https://services1.arcgis.com/O1JpcwDW8sjYuddV/arcgis/rest/services/Traffic_Signal_Locations_TDA/FeatureServer/0/query?where=COUNTY%3D%27Miami-Dade%27&outFields=SIGNALID%2CCOUNTY%2CRDWYID%2CDISTRICT%2CMAINTAGC%2CSDESTRET%2CCNTLRDES%2CSIGNALNC&returnGeometry=true&outSR=4326&f=json
2916,87060001,Miami-Dade,6,MIAMI-DADE,91 ST,N/A,N/A,25.87802,-80.122814,FDOT Traffic Signal Locations TDA,https://services1.arcgis.com/O1JpcwDW8sjYuddV/arcgis/rest/services/Traffic_Signal_Locations_TDA/FeatureServer/0,https://services1.arcgis.com/O1JpcwDW8sjYuddV/arcgis/rest/services/Traffic_Signal_Locations_TDA/FeatureServer/0/query?where=COUNTY%3D%27Miami-Dade%27&outFields=SIGNALID%2CCOUNTY%2CRDWYID%2CDISTRICT%2CMAINTAGC%2CSDESTRET%2CCNTLRDES%2CSIGNALNC&returnGeometry=true&outSR=4326&f=json
3048,87220000,Miami-Dade,6,MIAMI-DADE,SR 25/OKEECHOBEE RD,N/A,02,25.808518,-80.260022,FDOT Traffic Signal Locations TDA,https://services1.arcgis.com/O1JpcwDW8sjYuddV/arcgis/rest/services/Traffic_Signal_Locations_TDA/FeatureServer/0,https://services1.arcgis.com/O1JpcwDW8sjYuddV/arcgis/rest/services/Traffic_Signal_Locations_TDA/FeatureServer/0/query?where=COUNTY%3D%27Miami-Dade%27&outFields=SIGNALID%2CCOUNTY%2CRDWYID%2CDISTRICT%2CMAINTAGC%2CSDESTRET%2CCNTLRDES%2CSIGNALNC&returnGeometry=true&outSR=4326&f=json
5527,87066000,Miami-Dade,6,MIAMI-DADE,N/A,N/A,N/A,25.886841,-80.128709,FDOT Traffic Signal Locations TDA,https://services1.arcgis.com/O1JpcwDW8sjYuddV/arcgis/rest/services/Traffic_Signal_Locations_TDA/FeatureServer/0,https://services1.arcgis.com/O1JpcwDW8sjYuddV/arcgis/rest/services/Traffic_Signal_Locations_TDA/FeatureServer/0/query?where=COUNTY%3D%27Miami-Dade%27&outFields=SIGNALID%2CCOUNTY%2CRDWYID%2CDISTRICT%2CMAINTAGC%2CSDESTRET%2CCNTLRDES%2CSIGNALNC&returnGeometry=true&outSR=4326&f=json
4934,87026000,Miami-Dade,6,MIAMI-DADE,N/A,N/A,N/A,25.939441,-80.286285,FDOT Traffic Signal Locations TDA,https://services1.arcgis.com/O1JpcwDW8sjYuddV/arcgis/rest/services/Traffic_Signal_Locations_TDA/FeatureServer/0,https://services1.arcgis.com/O1JpcwDW8sjYuddV/arcgis/rest/services/Traffic_Signal_Locations_TDA/FeatureServer/0/query?where=COUNTY%3D%27Miami-Dade%27&outFields=SIGNALID%2CCOUNTY%2CRDWYID%2CDISTRICT%2CMAINTAGC%2CSDESTRET%2CCNTLRDES%2CSIGNALNC&returnGeometry=true&outSR=4326&f=json
2509,87038000,Miami-Dade,6,MIAMI-DADE,SR 7/US-441/NW 7 AVE,N/A,02,25.869173,-80.209869,FDOT Traffic Signal Locations TDA,https://services1.arcgis.com/O1JpcwDW8sjYuddV/arcgis/rest/services/Traffic_Signal_Locations_TDA/FeatureServer/0,https://services1.arcgis.com/O1JpcwDW8sjYuddV/arcgis/rest/services/Traffic_Signal_Locations_TDA/FeatureServer/0/query?where=COUNTY%3D%27Miami-Dade%27&outFields=SIGNALID%2CCOUNTY%2CRDWYID%2CDISTRICT%2CMAINTAGC%2CSDESTRET%2CCNTLRDES%2CSIGNALNC&returnGeometry=true&outSR=4326&f=json
3149,87250000,Miami-Dade,6,MIAMI-DADE,E 10 AVE,N/A,N/A,25.823299,-80.26116,FDOT Traffic Signal Locations TDA,https://services1.arcgis.com/O1JpcwDW8sjYuddV/arcgis/rest/services/Traffic_Signal_Locations_TDA/FeatureServer/0,https://services1.arcgis.com/O1JpcwDW8sjYuddV/arcgis/rest/services/Traffic_Signal_Locations_TDA/FeatureServer/0/query?where=COUNTY%3D%27Miami-Dade%27&outFields=SIGNALID%2CCOUNTY%2CRDWYID%2CDISTRICT%2CMAINTAGC%2CSDESTRET%2CCNTLRDES%2CSIGNALNC&returnGeometry=true&outSR=4326&f=json
5789,87039000,Miami-Dade,6,MIAMI-DADE,SW 99 CT,N/A,N/A,25.628504,-80.354437,FDOT Traffic Signal Locations TDA,https://services1.arcgis.com/O1JpcwDW8sjYuddV/arcgis/rest/services/Traffic_Signal_Locations_TDA/FeatureServer/0,https://services1.arcgis.com/O1JpcwDW8sjYuddV/arcgis/rest/services/Traffic_Signal_Locations_TDA/FeatureServer/0/query?where=COUNTY%3D%27Miami-Dade%27&outFields=SIGNALID%2CCOUNTY%2CRDWYID%2CDISTRICT%2CMAINTAGC%2CSDESTRET%2CCNTLRDES%2CSIGNALNC&returnGeometry=true&outSR=4326&f=json
5039,87085000,Miami-Dade,6,MIAMI-DADE,NW 39 ST,N/A,N/A,25.812102,-80.215801,FDOT Traffic Signal Locations TDA,https://services1.arcgis.com/O1JpcwDW8sjYuddV/arcgis/rest/services/Traffic_Signal_Locations_TDA/FeatureServer/0,https://services1.arcgis.com/O1JpcwDW8sjYuddV/arcgis/rest/services/Traffic_Signal_Locations_TDA/FeatureServer/0/query?where=COUNTY%3D%27Miami-Dade%27&outFields=SIGNALID%2CCOUNTY%2CRDWYID%2CDISTRICT%2CMAINTAGC%2CSDESTRET%2CCNTLRDES%2CSIGNALNC&returnGeometry=true&outSR=4326&f=json
4943,87047000,Miami-Dade,6,MIAMI-DADE,N/A,N/A,N/A,25.739734,-80.335664,FDOT Traffic Signal Locations TDA,https://services1.arcgis.com/O1JpcwDW8sjYuddV/arcgis/rest/services/Traffic_Signal_Locations_TDA/FeatureServer/0,https://services1.arcgis.com/O1JpcwDW8sjYuddV/arcgis/rest/services/Traffic_Signal_Locations_TDA/FeatureServer/0/query?where=COUNTY%3D%27Miami-Dade%27&outFields=SIGNALID%2CCOUNTY%2CRDWYID%2CDISTRICT%2CMAINTAGC%2CSDESTRET%2CCNTLRDES%2CSIGNALNC&returnGeometry=true&outSR=4326&f=json
4815,87066000,Miami-Dade,6,MIAMI-DADE,N/A,N/A,N/A,25.890878,-80.171668,FDOT Traffic Signal Locations TDA,https://services1.arcgis.com/O1JpcwDW8sjYuddV/arcgis/rest/services/Traffic_Signal_Locations_TDA/FeatureServer/0,https://services1.arcgis.com/O1JpcwDW8sjYuddV/arcgis/rest/services/Traffic_Signal_Locations_TDA/FeatureServer/0/query?where=COUNTY%3D%27Miami-Dade%27&outFields=SIGNALID%2CCOUNTY%2CRDWYID%2CDISTRICT%2CMAINTAGC%2CSDESTRET%2CCNTLRDES%2CSIGNALNC&returnGeometry=true&outSR=4326&f=json
4310,87060000,Miami-Dade,6,MIAMI-DADE,88 ST,N/A,N/A,25.873061,-80.1214,FDOT Traffic Signal Locations TDA,https://services1.arcgis.com/O1JpcwDW8sjYuddV/arcgis/rest/services/Traffic_Signal_Locations_TDA/FeatureServer/0,https://services1.arcgis.com/O1JpcwDW8sjYuddV/arcgis/rest/services/Traffic_Signal_Locations_TDA/FeatureServer/0/query?where=COUNTY%3D%27Miami-Dade%27&outFields=SIGNALID%2CCOUNTY%2CRDWYID%2CDISTRICT%2CMAINTAGC%2CSDESTRET%2CCNTLRDES%2CSIGNALNC&returnGeometry=true&outSR=4326&f=json
3198,87002000,Miami-Dade,6,MIAMI-DADE,SR 25/US-27/OKEECHOB,N/A,N/A,25.829766,-80.289728,FDOT Traffic Signal Locations TDA,https://services1.arcgis.com/O1JpcwDW8sjYuddV/arcgis/rest/services/Traffic_Signal_Locations_TDA/FeatureServer/0,https://services1.arcgis.com/O1JpcwDW8sjYuddV/arcgis/rest/services/Traffic_Signal_Locations_TDA/FeatureServer/0/query?where=COUNTY%3D%27Miami-Dade%27&outFields=SIGNALID%2CCOUNTY%2CRDWYID%2CDISTRICT%2CMAINTAGC%2CSDESTRET%2CCNTLRDES%2CSIGNALNC&returnGeometry=true&outSR=4326&f=json
3352,87044000,Miami-Dade,6,MIAMI-DADE,SW 92 AV,N/A,N/A,25.732851,-80.343826,FDOT Traffic Signal Locations TDA,https://services1.arcgis.com/O1JpcwDW8sjYuddV/arcgis/rest/services/Traffic_Signal_Locations_TDA/FeatureServer/0,https://services1.arcgis.com/O1JpcwDW8sjYuddV/arcgis/rest/services/Traffic_Signal_Locations_TDA/FeatureServer/0/query?where=COUNTY%3D%27Miami-Dade%27&outFields=SIGNALID%2CCOUNTY%2CRDWYID%2CDISTRICT%2CMAINTAGC%2CSDESTRET%2CCNTLRDES%2CSIGNALNC&returnGeometry=true&outSR=4326&f=json
7652,87052000,Miami-Dade,6,MIAMI-DADE,NW 24 AVE,N/A,N/A,25.882694,-80.238778,FDOT Traffic Signal Locations TDA,https://services1.arcgis.com/O1JpcwDW8sjYuddV/arcgis/rest/services/Traffic_Signal_Locations_TDA/FeatureServer/0,https://services1.arcgis.com/O1JpcwDW8sjYuddV/arcgis/rest/services/Traffic_Signal_Locations_TDA/FeatureServer/0/query?where=COUNTY%3D%27Miami-Dade%27&outFields=SIGNALID%2CCOUNTY%2CRDWYID%2CDISTRICT%2CMAINTAGC%2CSDESTRET%2CCNTLRDES%2CSIGNALNC&returnGeometry=true&outSR=4326&f=json
2697,87060000,Miami-Dade,6,MIAMI-DADE,85 ST,N/A,N/A,25.869814,-80.121328,FDOT Traffic Signal Locations TDA,https://services1.arcgis.com/O1JpcwDW8sjYuddV/arcgis/rest/services/Traffic_Signal_Locations_TDA/FeatureServer/0,https://services1.arcgis.com/O1JpcwDW8sjYuddV/arcgis/rest/services/Traffic_Signal_Locations_TDA/FeatureServer/0/query?where=COUNTY%3D%27Miami-Dade%27&outFields=SIGNALID%2CCOUNTY%2CRDWYID%2CDISTRICT%2CMAINTAGC%2CSDESTRET%2CCNTLRDES%2CSIGNALNC&returnGeometry=true&outSR=4326&f=json
4598,87001000,Miami-Dade,6,MIAMI-DADE,SW 133 AVE,N/A,N/A,25.685542,-80.408472,FDOT Traffic Signal Locations TDA,https://services1.arcgis.com/O1JpcwDW8sjYuddV/arcgis/rest/services/Traffic_Signal_Locations_TDA/FeatureServer/0,https://services1.arcgis.com/O1JpcwDW8sjYuddV/arcgis/rest/services/Traffic_Signal_Locations_TDA/FeatureServer/0/query?where=COUNTY%3D%27Miami-Dade%27&outFields=SIGNALID%2CCOUNTY%2CRDWYID%2CDISTRICT%2CMAINTAGC%2CSDESTRET%2CCNTLRDES%2CSIGNALNC&returnGeometry=true&outSR=4326&f=json
4335,87120000,Miami-Dade,6,MIAMI-DADE,GALIANO ST,N/A,N/A,25.764626,-80.257202,FDOT Traffic Signal Locations TDA,https://services1.arcgis.com/O1JpcwDW8sjYuddV/arcgis/rest/services/Traffic_Signal_Locations_TDA/FeatureServer/0,https://services1.arcgis.com/O1JpcwDW8sjYuddV/arcgis/rest/services/Traffic_Signal_Locations_TDA/FeatureServer/0/query?where=COUNTY%3D%27Miami-Dade%27&outFields=SIGNALID%2CCOUNTY%2CRDWYID%2CDISTRICT%2CMAINTAGC%2CSDESTRET%2CCNTLRDES%2CSIGNALNC&returnGeometry=true&outSR=4326&f=json
3977,87080900,Miami-Dade,6,MIAMI-DADE,W 8 AVE/NW 62 AVE,N/A,N/A,25.841157,-80.298012,FDOT Traffic Signal Locations TDA,https://services1.arcgis.com/O1JpcwDW8sjYuddV/arcgis/rest/services/Traffic_Signal_Locations_TDA/FeatureServer/0,https://services1.arcgis.com/O1JpcwDW8sjYuddV/arcgis/rest/services/Traffic_Signal_Locations_TDA/FeatureServer/0/query?where=COUNTY%3D%27Miami-Dade%27&outFields=SIGNALID%2CCOUNTY%2CRDWYID%2CDISTRICT%2CMAINTAGC%2CSDESTRET%2CCNTLRDES%2CSIGNALNC&returnGeometry=true&outSR=4326&f=json
4492,87038000,Miami-Dade,6,MIAMI-DADE,NW 12 AV,N/A,N/A,25.868867,-80.217842,FDOT Traffic Signal Locations TDA,https://services1.arcgis.com/O1JpcwDW8sjYuddV/arcgis/rest/services/Traffic_Signal_Locations_TDA/FeatureServer/0,https://services1.arcgis.com/O1JpcwDW8sjYuddV/arcgis/rest/services/Traffic_Signal_Locations_TDA/FeatureServer/0/query?where=COUNTY%3D%27Miami-Dade%27&outFields=SIGNALID%2CCOUNTY%2CRDWYID%2CDISTRICT%2CMAINTAGC%2CSDESTRET%2CCNTLRDES%2CSIGNALNC&returnGeometry=true&outSR=4326&f=json
2870,87080900,Miami-Dade,6,MIAMI-DADE,E 10 AVE,N/A,N/A,25.845301,-80.2622,FDOT Traffic Signal Locations TDA,https://services1.arcgis.com/O1JpcwDW8sjYuddV/arcgis/rest/services/Traffic_Signal_Locations_TDA/FeatureServer/0,https://services1.arcgis.com/O1JpcwDW8sjYuddV/arcgis/rest/services/Traffic_Signal_Locations_TDA/FeatureServer/0/query?where=COUNTY%3D%27Miami-Dade%27&outFields=SIGNALID%2CCOUNTY%2CRDWYID%2CDISTRICT%2CMAINTAGC%2CSDESTRET%2CCNTLRDES%2CSIGNALNC&returnGeometry=true&outSR=4326&f=json
6058,87030000,Miami-Dade,6,MIAMI-DADE,NE 203 ST,N/A,N/A,25.963589,-80.146846,FDOT Traffic Signal Locations TDA,https://services1.arcgis.com/O1JpcwDW8sjYuddV/arcgis/rest/services/Traffic_Signal_Locations_TDA/FeatureServer/0,https://services1.arcgis.com/O1JpcwDW8sjYuddV/arcgis/rest/services/Traffic_Signal_Locations_TDA/FeatureServer/0/query?where=COUNTY%3D%27Miami-Dade%27&outFields=SIGNALID%2CCOUNTY%2CRDWYID%2CDISTRICT%2CMAINTAGC%2CSDESTRET%2CCNTLRDES%2CSIGNALNC&returnGeometry=true&outSR=4326&f=json
3650,87030000,Miami-Dade,6,MIAMI-DADE,SW 67 AVE,N/A,N/A,25.694615,-80.301237,FDOT Traffic Signal Locations TDA,https://services1.arcgis.com/O1JpcwDW8sjYuddV/arcgis/rest/services/Traffic_Signal_Locations_TDA/FeatureServer/0,https://services1.arcgis.com/O1JpcwDW8sjYuddV/arcgis/rest/services/Traffic_Signal_Locations_TDA/FeatureServer/0/query?where=COUNTY%3D%27Miami-Dade%27&outFields=SIGNALID%2CCOUNTY%2CRDWYID%2CDISTRICT%2CMAINTAGC%2CSDESTRET%2CCNTLRDES%2CSIGNALNC&returnGeometry=true&outSR=4326&f=json
2549,87030000,Miami-Dade,6,MIAMI-DADE,NE 126 ST,N/A,N/A,25.892551,-80.162728,FDOT Traffic Signal Locations TDA,https://services1.arcgis.com/O1JpcwDW8sjYuddV/arcgis/rest/services/Traffic_Signal_Locations_TDA/FeatureServer/0,https://services1.arcgis.com/O1JpcwDW8sjYuddV/arcgis/rest/services/Traffic_Signal_Locations_TDA/FeatureServer/0/query?where=COUNTY%3D%27Miami-Dade%27&outFields=SIGNALID%2CCOUNTY%2CRDWYID%2CDISTRICT%2CMAINTAGC%2CSDESTRET%2CCNTLRDES%2CSIGNALNC&returnGeometry=true&outSR=4326&f=json
6405,87281000,Miami-Dade,6,MIAMI-DADE,NW 28 ST,N/A,N/A,25.800953,-80.264372,FDOT Traffic Signal Locations TDA,https://services1.arcgis.com/O1JpcwDW8sjYuddV/arcgis/rest/services/Traffic_Signal_Locations_TDA/FeatureServer/0,https://services1.arcgis.com/O1JpcwDW8sjYuddV/arcgis/rest/services/Traffic_Signal_Locations_TDA/FeatureServer/0/query?where=COUNTY%3D%27Miami-Dade%27&outFields=SIGNALID%2CCOUNTY%2CRDWYID%2CDISTRICT%2CMAINTAGC%2CSDESTRET%2CCNTLRDES%2CSIGNALNC&returnGeometry=true&outSR=4326&f=json
5250,87133000,Miami-Dade,6,MIAMI-DADE,SW  112 ST,N/A,N/A,25.663534,-80.416012,FDOT Traffic Signal Locations TDA,https://services1.arcgis.com/O1JpcwDW8sjYuddV/arcgis/rest/services/Traffic_Signal_Locations_TDA/FeatureServer/0,https://services1.arcgis.com/O1JpcwDW8sjYuddV/arcgis/rest/services/Traffic_Signal_Locations_TDA/FeatureServer/0/query?where=COUNTY%3D%27Miami-Dade%27&outFields=SIGNALID%2CCOUNTY%2CRDWYID%2CDISTRICT%2CMAINTAGC%2CSDESTRET%2CCNTLRDES%2CSIGNALNC&returnGeometry=true&outSR=4326&f=json
4165,87260533,Miami-Dade,6,MIAMI-DADE,NW 37 AVE/DOUGLAS RD,N/A,02,25.925453,-80.260636,FDOT Traffic Signal Locations TDA,https://services1.arcgis.com/O1JpcwDW8sjYuddV/arcgis/rest/services/Traffic_Signal_Locations_TDA/FeatureServer/0,https://services1.arcgis.com/O1JpcwDW8sjYuddV/arcgis/rest/services/Traffic_Signal_Locations_TDA/FeatureServer/0/query?where=COUNTY%3D%27Miami-Dade%27&outFields=SIGNALID%2CCOUNTY%2CRDWYID%2CDISTRICT%2CMAINTAGC%2CSDESTRET%2CCNTLRDES%2CSIGNALNC&returnGeometry=true&outSR=4326&f=json
2128,87053000,Miami-Dade,6,MIAMI-DADE,N/A,N/A,N/A,25.771084,-80.280908,FDOT Traffic Signal Locations TDA,https://services1.arcgis.com/O1JpcwDW8sjYuddV/arcgis/rest/services/Traffic_Signal_Locations_TDA/FeatureServer/0,https://services1.arcgis.com/O1JpcwDW8sjYuddV/arcgis/rest/services/Traffic_Signal_Locations_TDA/FeatureServer/0/query?where=COUNTY%3D%27Miami-Dade%27&outFields=SIGNALID%2CCOUNTY%2CRDWYID%2CDISTRICT%2CMAINTAGC%2CSDESTRET%2CCNTLRDES%2CSIGNALNC&returnGeometry=true&outSR=4326&f=json
4651,87008000,Miami-Dade,6,MIAMI-DADE,NW 32 AVE,N/A,N/A,25.896971,-80.251452,FDOT Traffic Signal Locations TDA,https://services1.arcgis.com/O1JpcwDW8sjYuddV/arcgis/rest/services/Traffic_Signal_Locations_TDA/FeatureServer/0,https://services1.arcgis.com/O1JpcwDW8sjYuddV/arcgis/rest/services/Traffic_Signal_Locations_TDA/FeatureServer/0/query?where=COUNTY%3D%27Miami-Dade%27&outFields=SIGNALID%2CCOUNTY%2CRDWYID%2CDISTRICT%2CMAINTAGC%2CSDESTRET%2CCNTLRDES%2CSIGNALNC&returnGeometry=true&outSR=4326&f=json
2224,87030000,Miami-Dade,6,MIAMI DADE,SE 2 ST/BEG 87030001,N/A,N/A,25.772622,-80.187155,FDOT Traffic Signal Locations TDA,https://services1.arcgis.com/O1JpcwDW8sjYuddV/arcgis/rest/services/Traffic_Signal_Locations_TDA/FeatureServer/0,https://services1.arcgis.com/O1JpcwDW8sjYuddV/arcgis/rest/services/Traffic_Signal_Locations_TDA/FeatureServer/0/query?where=COUNTY%3D%27Miami-Dade%27&outFields=SIGNALID%2CCOUNTY%2CRDWYID%2CDISTRICT%2CMAINTAGC%2CSDESTRET%2CCNTLRDES%2CSIGNALNC&returnGeometry=true&outSR=4326&f=json
2592,87281000,Miami-Dade,6,MIAMI-DADE,ARAGON AVE,N/A,N/A,25.750303,-80.262756,FDOT Traffic Signal Locations TDA,https://services1.arcgis.com/O1JpcwDW8sjYuddV/arcgis/rest/services/Traffic_Signal_Locations_TDA/FeatureServer/0,https://services1.arcgis.com/O1JpcwDW8sjYuddV/arcgis/rest/services/Traffic_Signal_Locations_TDA/FeatureServer/0/query?where=COUNTY%3D%27Miami-Dade%27&outFields=SIGNALID%2CCOUNTY%2CRDWYID%2CDISTRICT%2CMAINTAGC%2CSDESTRET%2CCNTLRDES%2CSIGNALNC&returnGeometry=true&outSR=4326&f=json
4519,87038000,Miami-Dade,6,MIAMI-DADE,OFF/ON RAMP I-95,N/A,N/A,25.869261,-80.208833,FDOT Traffic Signal Locations TDA,https://services1.arcgis.com/O1JpcwDW8sjYuddV/arcgis/rest/services/Traffic_Signal_Locations_TDA/FeatureServer/0,https://services1.arcgis.com/O1JpcwDW8sjYuddV/arcgis/rest/services/Traffic_Signal_Locations_TDA/FeatureServer/0/query?where=COUNTY%3D%27Miami-Dade%27&outFields=SIGNALID%2CCOUNTY%2CRDWYID%2CDISTRICT%2CMAINTAGC%2CSDESTRET%2CCNTLRDES%2CSIGNALNC&returnGeometry=true&outSR=4326&f=json
4497,87015000,Miami-Dade,6,MIAMI-DADE,PLAZA ENTRANCE,N/A,N/A,25.573771,-80.37234,FDOT Traffic Signal Locations TDA,https://services1.arcgis.com/O1JpcwDW8sjYuddV/arcgis/rest/services/Traffic_Signal_Locations_TDA/FeatureServer/0,https://services1.arcgis.com/O1JpcwDW8sjYuddV/arcgis/rest/services/Traffic_Signal_Locations_TDA/FeatureServer/0/query?where=COUNTY%3D%27Miami-Dade%27&outFields=SIGNALID%2CCOUNTY%2CRDWYID%2CDISTRICT%2CMAINTAGC%2CSDESTRET%2CCNTLRDES%2CSIGNALNC&returnGeometry=true&outSR=4326&f=json
2594,87044000,Miami-Dade,6,MIAMI-DADE,PONCE DE LEON,N/A,N/A,25.734845,-80.258818,FDOT Traffic Signal Locations TDA,https://services1.arcgis.com/O1JpcwDW8sjYuddV/arcgis/rest/services/Traffic_Signal_Locations_TDA/FeatureServer/0,https://services1.arcgis.com/O1JpcwDW8sjYuddV/arcgis/rest/services/Traffic_Signal_Locations_TDA/FeatureServer/0/query?where=COUNTY%3D%27Miami-Dade%27&outFields=SIGNALID%2CCOUNTY%2CRDWYID%2CDISTRICT%2CMAINTAGC%2CSDESTRET%2CCNTLRDES%2CSIGNALNC&returnGeometry=true&outSR=4326&f=json
6479,87134000,Miami-Dade,6,MIAMI-DADE,NW 6 ST,N/A,N/A,25.772658,-80.417245,FDOT Traffic Signal Locations TDA,https://services1.arcgis.com/O1JpcwDW8sjYuddV/arcgis/rest/services/Traffic_Signal_Locations_TDA/FeatureServer/0,https://services1.arcgis.com/O1JpcwDW8sjYuddV/arcgis/rest/services/Traffic_Signal_Locations_TDA/FeatureServer/0/query?where=COUNTY%3D%27Miami-Dade%27&outFields=SIGNALID%2CCOUNTY%2CRDWYID%2CDISTRICT%2CMAINTAGC%2CSDESTRET%2CCNTLRDES%2CSIGNALNC&returnGeometry=true&outSR=4326&f=json
2057,87090000,Miami-Dade,6,MIAMI-DADE,NW 32 AV/BILL SEIDLE,N/A,N/A,25.808853,-80.248103,FDOT Traffic Signal Locations TDA,https://services1.arcgis.com/O1JpcwDW8sjYuddV/arcgis/rest/services/Traffic_Signal_Locations_TDA/FeatureServer/0,https://services1.arcgis.com/O1JpcwDW8sjYuddV/arcgis/rest/services/Traffic_Signal_Locations_TDA/FeatureServer/0/query?where=COUNTY%3D%27Miami-Dade%27&outFields=SIGNALID%2CCOUNTY%2CRDWYID%2CDISTRICT%2CMAINTAGC%2CSDESTRET%2CCNTLRDES%2CSIGNALNC&returnGeometry=true&outSR=4326&f=json
4608,87072000,Miami-Dade,6,MIAMI-DADE,OFF RAMP SR 836 EB,N/A,N/A,25.777843,-80.369241,FDOT Traffic Signal Locations TDA,https://services1.arcgis.com/O1JpcwDW8sjYuddV/arcgis/rest/services/Traffic_Signal_Locations_TDA/FeatureServer/0,https://services1.arcgis.com/O1JpcwDW8sjYuddV/arcgis/rest/services/Traffic_Signal_Locations_TDA/FeatureServer/0/query?where=COUNTY%3D%27Miami-Dade%27&outFields=SIGNALID%2CCOUNTY%2CRDWYID%2CDISTRICT%2CMAINTAGC%2CSDESTRET%2CCNTLRDES%2CSIGNALNC&returnGeometry=true&outSR=4326&f=json
7619,87019000,Miami-Dade,6,MIAMI-DADE,N/A,N/A,N/A,25.930661,-80.244747,FDOT Traffic Signal Locations TDA,https://services1.arcgis.com/O1JpcwDW8sjYuddV/arcgis/rest/services/Traffic_Signal_Locations_TDA/FeatureServer/0,https://services1.arcgis.com/O1JpcwDW8sjYuddV/arcgis/rest/services/Traffic_Signal_Locations_TDA/FeatureServer/0/query?where=COUNTY%3D%27Miami-Dade%27&outFields=SIGNALID%2CCOUNTY%2CRDWYID%2CDISTRICT%2CMAINTAGC%2CSDESTRET%2CCNTLRDES%2CSIGNALNC&returnGeometry=true&outSR=4326&f=json
4994,87060002,Miami-Dade,6,MIAMI-DADE,N/A,N/A,N/A,25.812262,-80.124342,FDOT Traffic Signal Locations TDA,https://services1.arcgis.com/O1JpcwDW8sjYuddV/arcgis/rest/services/Traffic_Signal_Locations_TDA/FeatureServer/0,https://services1.arcgis.com/O1JpcwDW8sjYuddV/arcgis/rest/services/Traffic_Signal_Locations_TDA/FeatureServer/0/query?where=COUNTY%3D%27Miami-Dade%27&outFields=SIGNALID%2CCOUNTY%2CRDWYID%2CDISTRICT%2CMAINTAGC%2CSDESTRET%2CCNTLRDES%2CSIGNALNC&returnGeometry=true&outSR=4326&f=json
4728,87090000,Miami-Dade,6,MIAMI-DADE,W 19 ST,N/A,N/A,25.838457,-80.3017,FDOT Traffic Signal Locations TDA,https://services1.arcgis.com/O1JpcwDW8sjYuddV/arcgis/rest/services/Traffic_Signal_Locations_TDA/FeatureServer/0,https://services1.arcgis.com/O1JpcwDW8sjYuddV/arcgis/rest/services/Traffic_Signal_Locations_TDA/FeatureServer/0/query?where=COUNTY%3D%27Miami-Dade%27&outFields=SIGNALID%2CCOUNTY%2CRDWYID%2CDISTRICT%2CMAINTAGC%2CSDESTRET%2CCNTLRDES%2CSIGNALNC&returnGeometry=true&outSR=4326&f=json
7680,87250000,Miami-Dade,6,MIAMI-DADE,N/A,N/A,N/A,25.825464,-80.18924,FDOT Traffic Signal Locations TDA,https://services1.arcgis.com/O1JpcwDW8sjYuddV/arcgis/rest/services/Traffic_Signal_Locations_TDA/FeatureServer/0,https://services1.arcgis.com/O1JpcwDW8sjYuddV/arcgis/rest/services/Traffic_Signal_Locations_TDA/FeatureServer/0/query?where=COUNTY%3D%27Miami-Dade%27&outFields=SIGNALID%2CCOUNTY%2CRDWYID%2CDISTRICT%2CMAINTAGC%2CSDESTRET%2CCNTLRDES%2CSIGNALNC&returnGeometry=true&outSR=4326&f=json
3649,87020000,Miami-Dade,6,MIAMI-DADE,SR 989 / SW 112 AVE,N/A,N/A,25.575605,-80.372414,FDOT Traffic Signal Locations TDA,https://services1.arcgis.com/O1JpcwDW8sjYuddV/arcgis/rest/services/Traffic_Signal_Locations_TDA/FeatureServer/0,https://services1.arcgis.com/O1JpcwDW8sjYuddV/arcgis/rest/services/Traffic_Signal_Locations_TDA/FeatureServer/0/query?where=COUNTY%3D%27Miami-Dade%27&outFields=SIGNALID%2CCOUNTY%2CRDWYID%2CDISTRICT%2CMAINTAGC%2CSDESTRET%2CCNTLRDES%2CSIGNALNC&returnGeometry=true&outSR=4326&f=json
3881,87060000,Miami-Dade,6,MIAMI-DADE,174 ST,N/A,N/A,25.937496,-80.121496,FDOT Traffic Signal Locations TDA,https://services1.arcgis.com/O1JpcwDW8sjYuddV/arcgis/rest/services/Traffic_Signal_Locations_TDA/FeatureServer/0,https://services1.arcgis.com/O1JpcwDW8sjYuddV/arcgis/rest/services/Traffic_Signal_Locations_TDA/FeatureServer/0/query?where=COUNTY%3D%27Miami-Dade%27&outFields=SIGNALID%2CCOUNTY%2CRDWYID%2CDISTRICT%2CMAINTAGC%2CSDESTRET%2CCNTLRDES%2CSIGNALNC&returnGeometry=true&outSR=4326&f=json
2198,87085000,Miami-Dade,6,MIAMI-DADE,SR 968/W FLAGLER ST,N/A,N/A,25.773479,-80.214649,FDOT Traffic Signal Locations TDA,https://services1.arcgis.com/O1JpcwDW8sjYuddV/arcgis/rest/services/Traffic_Signal_Locations_TDA/FeatureServer/0,https://services1.arcgis.com/O1JpcwDW8sjYuddV/arcgis/rest/services/Traffic_Signal_Locations_TDA/FeatureServer/0/query?where=COUNTY%3D%27Miami-Dade%27&outFields=SIGNALID%2CCOUNTY%2CRDWYID%2CDISTRICT%2CMAINTAGC%2CSDESTRET%2CCNTLRDES%2CSIGNALNC&returnGeometry=true&outSR=4326&f=json
3877,87030000,Miami-Dade,6,MIAMI-DADE,NE 64 ST,N/A,N/A,25.834945,-80.18412,FDOT Traffic Signal Locations TDA,https://services1.arcgis.com/O1JpcwDW8sjYuddV/arcgis/rest/services/Traffic_Signal_Locations_TDA/FeatureServer/0,https://services1.arcgis.com/O1JpcwDW8sjYuddV/arcgis/rest/services/Traffic_Signal_Locations_TDA/FeatureServer/0/query?where=COUNTY%3D%27Miami-Dade%27&outFields=SIGNALID%2CCOUNTY%2CRDWYID%2CDISTRICT%2CMAINTAGC%2CSDESTRET%2CCNTLRDES%2CSIGNALNC&returnGeometry=true&outSR=4326&f=json
6507,87091000,Miami-Dade,6,MIAMI-DADE,SW 137 AVE,N/A,N/A,25.580719,-80.413523,FDOT Traffic Signal Locations TDA,https://services1.arcgis.com/O1JpcwDW8sjYuddV/arcgis/rest/services/Traffic_Signal_Locations_TDA/FeatureServer/0,https://services1.arcgis.com/O1JpcwDW8sjYuddV/arcgis/rest/services/Traffic_Signal_Locations_TDA/FeatureServer/0/query?where=COUNTY%3D%27Miami-Dade%27&outFields=SIGNALID%2CCOUNTY%2CRDWYID%2CDISTRICT%2CMAINTAGC%2CSDESTRET%2CCNTLRDES%2CSIGNALNC&returnGeometry=true&outSR=4326&f=json
7600,87120000,Miami-Dade,6,MIAMI-DADE,N/A,N/A,N/A,25.766039,-80.206145,FDOT Traffic Signal Locations TDA,https://services1.arcgis.com/O1JpcwDW8sjYuddV/arcgis/rest/services/Traffic_Signal_Locations_TDA/FeatureServer/0,https://services1.arcgis.com/O1JpcwDW8sjYuddV/arcgis/rest/services/Traffic_Signal_Locations_TDA/FeatureServer/0/query?where=COUNTY%3D%27Miami-Dade%27&outFields=SIGNALID%2CCOUNTY%2CRDWYID%2CDISTRICT%2CMAINTAGC%2CSDESTRET%2CCNTLRDES%2CSIGNALNC&returnGeometry=true&outSR=4326&f=json
2093,87080900,Miami-Dade,6,MIAMI-DADE,NORTH  MIAMI AVE,N/A,N/A,25.847422,-80.197373,FDOT Traffic Signal Locations TDA,https://services1.arcgis.com/O1JpcwDW8sjYuddV/arcgis/rest/services/Traffic_Signal_Locations_TDA/FeatureServer/0,https://services1.arcgis.com/O1JpcwDW8sjYuddV/arcgis/rest/services/Traffic_Signal_Locations_TDA/FeatureServer/0/query?where=COUNTY%3D%27Miami-Dade%27&outFields=SIGNALID%2CCOUNTY%2CRDWYID%2CDISTRICT%2CMAINTAGC%2CSDESTRET%2CCNTLRDES%2CSIGNALNC&returnGeometry=true&outSR=4326&f=json
6475,87020000,Miami-Dade,6,MIAMI-DADE,SW 336 ST,N/A,N/A,25.455165,-80.475087,FDOT Traffic Signal Locations TDA,https://services1.arcgis.com/O1JpcwDW8sjYuddV/arcgis/rest/services/Traffic_Signal_Locations_TDA/FeatureServer/0,https://services1.arcgis.com/O1JpcwDW8sjYuddV/arcgis/rest/services/Traffic_Signal_Locations_TDA/FeatureServer/0/query?where=COUNTY%3D%27Miami-Dade%27&outFields=SIGNALID%2CCOUNTY%2CRDWYID%2CDISTRICT%2CMAINTAGC%2CSDESTRET%2CCNTLRDES%2CSIGNALNC&returnGeometry=true&outSR=4326&f=json
2181,87030000,Miami-Dade,6,MIAMI-DADE,SW 22 AVE,N/A,N/A,25.742809,-80.22984,FDOT Traffic Signal Locations TDA,https://services1.arcgis.com/O1JpcwDW8sjYuddV/arcgis/rest/services/Traffic_Signal_Locations_TDA/FeatureServer/0,https://services1.arcgis.com/O1JpcwDW8sjYuddV/arcgis/rest/services/Traffic_Signal_Locations_TDA/FeatureServer/0/query?where=COUNTY%3D%27Miami-Dade%27&outFields=SIGNALID%2CCOUNTY%2CRDWYID%2CDISTRICT%2CMAINTAGC%2CSDESTRET%2CCNTLRDES%2CSIGNALNC&returnGeometry=true&outSR=4326&f=json
2414,87085000,Miami-Dade,6,MIAMI-DADE,NW 28 ST,N/A,N/A,25.802358,-80.215431,FDOT Traffic Signal Locations TDA,https://services1.arcgis.com/O1JpcwDW8sjYuddV/arcgis/rest/services/Traffic_Signal_Locations_TDA/FeatureServer/0,https://services1.arcgis.com/O1JpcwDW8sjYuddV/arcgis/rest/services/Traffic_Signal_Locations_TDA/FeatureServer/0/query?where=COUNTY%3D%27Miami-Dade%27&outFields=SIGNALID%2CCOUNTY%2CRDWYID%2CDISTRICT%2CMAINTAGC%2CSDESTRET%2CCNTLRDES%2CSIGNALNC&returnGeometry=true&outSR=4326&f=json
6726,87015000,Miami-Dade,6,MIAMI-DADE,N/A,N/A,N/A,25.549714,-80.37208,FDOT Traffic Signal Locations TDA,https://services1.arcgis.com/O1JpcwDW8sjYuddV/arcgis/rest/services/Traffic_Signal_Locations_TDA/FeatureServer/0,https://services1.arcgis.com/O1JpcwDW8sjYuddV/arcgis/rest/services/Traffic_Signal_Locations_TDA/FeatureServer/0/query?where=COUNTY%3D%27Miami-Dade%27&outFields=SIGNALID%2CCOUNTY%2CRDWYID%2CDISTRICT%2CMAINTAGC%2CSDESTRET%2CCNTLRDES%2CSIGNALNC&returnGeometry=true&outSR=4326&f=json
2145,87120000,Miami-Dade,6,MIAMI-DADE,SR 959/SW 57 AVE,N/A,N/A,25.763567,-80.287894,FDOT Traffic Signal Locations TDA,https://services1.arcgis.com/O1JpcwDW8sjYuddV/arcgis/rest/services/Traffic_Signal_Locations_TDA/FeatureServer/0,https://services1.arcgis.com/O1JpcwDW8sjYuddV/arcgis/rest/services/Traffic_Signal_Locations_TDA/FeatureServer/0/query?where=COUNTY%3D%27Miami-Dade%27&outFields=SIGNALID%2CCOUNTY%2CRDWYID%2CDISTRICT%2CMAINTAGC%2CSDESTRET%2CCNTLRDES%2CSIGNALNC&returnGeometry=true&outSR=4326&f=json
2651,87037000,Miami-Dade,6,MIAMI-DADE,43 ST,N/A,N/A,25.814925,-80.137826,FDOT Traffic Signal Locations TDA,https://services1.arcgis.com/O1JpcwDW8sjYuddV/arcgis/rest/services/Traffic_Signal_Locations_TDA/FeatureServer/0,https://services1.arcgis.com/O1JpcwDW8sjYuddV/arcgis/rest/services/Traffic_Signal_Locations_TDA/FeatureServer/0/query?where=COUNTY%3D%27Miami-Dade%27&outFields=SIGNALID%2CCOUNTY%2CRDWYID%2CDISTRICT%2CMAINTAGC%2CSDESTRET%2CCNTLRDES%2CSIGNALNC&returnGeometry=true&outSR=4326&f=json
2843,87090000,Miami-Dade,6,MIAMI-DADE,SR 953/LEJEUNE RD,N/A,02,25.81058,-80.264281,FDOT Traffic Signal Locations TDA,https://services1.arcgis.com/O1JpcwDW8sjYuddV/arcgis/rest/services/Traffic_Signal_Locations_TDA/FeatureServer/0,https://services1.arcgis.com/O1JpcwDW8sjYuddV/arcgis/rest/services/Traffic_Signal_Locations_TDA/FeatureServer/0/query?where=COUNTY%3D%27Miami-Dade%27&outFields=SIGNALID%2CCOUNTY%2CRDWYID%2CDISTRICT%2CMAINTAGC%2CSDESTRET%2CCNTLRDES%2CSIGNALNC&returnGeometry=true&outSR=4326&f=json
3467,87140000,Miami-Dade,6,MIAMI-DADE,NW 207 ST,N/A,N/A,25.965441,-80.205859,FDOT Traffic Signal Locations TDA,https://services1.arcgis.com/O1JpcwDW8sjYuddV/arcgis/rest/services/Traffic_Signal_Locations_TDA/FeatureServer/0,https://services1.arcgis.com/O1JpcwDW8sjYuddV/arcgis/rest/services/Traffic_Signal_Locations_TDA/FeatureServer/0/query?where=COUNTY%3D%27Miami-Dade%27&outFields=SIGNALID%2CCOUNTY%2CRDWYID%2CDISTRICT%2CMAINTAGC%2CSDESTRET%2CCNTLRDES%2CSIGNALNC&returnGeometry=true&outSR=4326&f=json
4122,87072000,Miami-Dade,6,MIAMI-DADE,SW 93 ST,N/A,N/A,25.682649,-80.368048,FDOT Traffic Signal Locations TDA,https://services1.arcgis.com/O1JpcwDW8sjYuddV/arcgis/rest/services/Traffic_Signal_Locations_TDA/FeatureServer/0,https://services1.arcgis.com/O1JpcwDW8sjYuddV/arcgis/rest/services/Traffic_Signal_Locations_TDA/FeatureServer/0/query?where=COUNTY%3D%27Miami-Dade%27&outFields=SIGNALID%2CCOUNTY%2CRDWYID%2CDISTRICT%2CMAINTAGC%2CSDESTRET%2CCNTLRDES%2CSIGNALNC&returnGeometry=true&outSR=4326&f=json
4621,87027000,Miami-Dade,6,MIAMI-DADE,NW 16 ST,N/A,N/A,25.789688,-80.314435,FDOT Traffic Signal Locations TDA,https://services1.arcgis.com/O1JpcwDW8sjYuddV/arcgis/rest/services/Traffic_Signal_Locations_TDA/FeatureServer/0,https://services1.arcgis.com/O1JpcwDW8sjYuddV/arcgis/rest/services/Traffic_Signal_Locations_TDA/FeatureServer/0/query?where=COUNTY%3D%27Miami-Dade%27&outFields=SIGNALID%2CCOUNTY%2CRDWYID%2CDISTRICT%2CMAINTAGC%2CSDESTRET%2CCNTLRDES%2CSIGNALNC&returnGeometry=true&outSR=4326&f=json
4412,87055000,Miami-Dade,6,MIAMI-DADE,SW 102 AVE,N/A,N/A,25.701313,-80.358174,FDOT Traffic Signal Locations TDA,https://services1.arcgis.com/O1JpcwDW8sjYuddV/arcgis/rest/services/Traffic_Signal_Locations_TDA/FeatureServer/0,https://services1.arcgis.com/O1JpcwDW8sjYuddV/arcgis/rest/services/Traffic_Signal_Locations_TDA/FeatureServer/0/query?where=COUNTY%3D%27Miami-Dade%27&outFields=SIGNALID%2CCOUNTY%2CRDWYID%2CDISTRICT%2CMAINTAGC%2CSDESTRET%2CCNTLRDES%2CSIGNALNC&returnGeometry=true&outSR=4326&f=json
2020,87170000,Miami-Dade,6,MIAMI-DADE,NW 2 AV,N/A,N/A,25.927646,-80.204429,FDOT Traffic Signal Locations TDA,https://services1.arcgis.com/O1JpcwDW8sjYuddV/arcgis/rest/services/Traffic_Signal_Locations_TDA/FeatureServer/0,https://services1.arcgis.com/O1JpcwDW8sjYuddV/arcgis/rest/services/Traffic_Signal_Locations_TDA/FeatureServer/0/query?where=COUNTY%3D%27Miami-Dade%27&outFields=SIGNALID%2CCOUNTY%2CRDWYID%2CDISTRICT%2CMAINTAGC%2CSDESTRET%2CCNTLRDES%2CSIGNALNC&returnGeometry=true&outSR=4326&f=json
5429,87220000,Miami-Dade,6,MIAMI-DADE,OFF RAMP 87260248,N/A,N/A,25.809254,-80.323314,FDOT Traffic Signal Locations TDA,https://services1.arcgis.com/O1JpcwDW8sjYuddV/arcgis/rest/services/Traffic_Signal_Locations_TDA/FeatureServer/0,https://services1.arcgis.com/O1JpcwDW8sjYuddV/arcgis/rest/services/Traffic_Signal_Locations_TDA/FeatureServer/0/query?where=COUNTY%3D%27Miami-Dade%27&outFields=SIGNALID%2CCOUNTY%2CRDWYID%2CDISTRICT%2CMAINTAGC%2CSDESTRET%2CCNTLRDES%2CSIGNALNC&returnGeometry=true&outSR=4326&f=json
2024,87026000,Miami-Dade,6,MIAMI-DADE,NE 19 AV,N/A,N/A,25.946022,-80.162729,FDOT Traffic Signal Locations TDA,https://services1.arcgis.com/O1JpcwDW8sjYuddV/arcgis/rest/services/Traffic_Signal_Locations_TDA/FeatureServer/0,https://services1.arcgis.com/O1JpcwDW8sjYuddV/arcgis/rest/services/Traffic_Signal_Locations_TDA/FeatureServer/0/query?where=COUNTY%3D%27Miami-Dade%27&outFields=SIGNALID%2CCOUNTY%2CRDWYID%2CDISTRICT%2CMAINTAGC%2CSDESTRET%2CCNTLRDES%2CSIGNALNC&returnGeometry=true&outSR=4326&f=json
4851,87002000,Miami-Dade,6,MIAMI-DADE,RAMP GRATIGNY PKWY,N/A,N/A,25.897028,-80.29184,FDOT Traffic Signal Locations TDA,https://services1.arcgis.com/O1JpcwDW8sjYuddV/arcgis/rest/services/Traffic_Signal_Locations_TDA/FeatureServer/0,https://services1.arcgis.com/O1JpcwDW8sjYuddV/arcgis/rest/services/Traffic_Signal_Locations_TDA/FeatureServer/0/query?where=COUNTY%3D%27Miami-Dade%27&outFields=SIGNALID%2CCOUNTY%2CRDWYID%2CDISTRICT%2CMAINTAGC%2CSDESTRET%2CCNTLRDES%2CSIGNALNC&returnGeometry=true&outSR=4326&f=json
4949,87062000,Miami-Dade,6,MIAMI-DADE,N/A,N/A,N/A,25.72895,-80.286292,FDOT Traffic Signal Locations TDA,https://services1.arcgis.com/O1JpcwDW8sjYuddV/arcgis/rest/services/Traffic_Signal_Locations_TDA/FeatureServer/0,https://services1.arcgis.com/O1JpcwDW8sjYuddV/arcgis/rest/services/Traffic_Signal_Locations_TDA/FeatureServer/0/query?where=COUNTY%3D%27Miami-Dade%27&outFields=SIGNALID%2CCOUNTY%2CRDWYID%2CDISTRICT%2CMAINTAGC%2CSDESTRET%2CCNTLRDES%2CSIGNALNC&returnGeometry=true&outSR=4326&f=json
3400,87040101,Miami-Dade,6,MIAMI-DADE,NW 2 ST,N/A,N/A,25.775867,-80.199314,FDOT Traffic Signal Locations TDA,https://services1.arcgis.com/O1JpcwDW8sjYuddV/arcgis/rest/services/Traffic_Signal_Locations_TDA/FeatureServer/0,https://services1.arcgis.com/O1JpcwDW8sjYuddV/arcgis/rest/services/Traffic_Signal_Locations_TDA/FeatureServer/0/query?where=COUNTY%3D%27Miami-Dade%27&outFields=SIGNALID%2CCOUNTY%2CRDWYID%2CDISTRICT%2CMAINTAGC%2CSDESTRET%2CCNTLRDES%2CSIGNALNC&returnGeometry=true&outSR=4326&f=json
2995,87170001,Miami-Dade,6,MIAMI-DADE,SR A1A/COLLINS AVE,N/A,02,25.930907,-80.122178,FDOT Traffic Signal Locations TDA,https://services1.arcgis.com/O1JpcwDW8sjYuddV/arcgis/rest/services/Traffic_Signal_Locations_TDA/FeatureServer/0,https://services1.arcgis.com/O1JpcwDW8sjYuddV/arcgis/rest/services/Traffic_Signal_Locations_TDA/FeatureServer/0/query?where=COUNTY%3D%27Miami-Dade%27&outFields=SIGNALID%2CCOUNTY%2CRDWYID%2CDISTRICT%2CMAINTAGC%2CSDESTRET%2CCNTLRDES%2CSIGNALNC&returnGeometry=true&outSR=4326&f=json
4327,87026000,Miami-Dade,6,MIAMI-DADE,NE 1300 BLK,N/A,N/A,25.945324,-80.17562,FDOT Traffic Signal Locations TDA,https://services1.arcgis.com/O1JpcwDW8sjYuddV/arcgis/rest/services/Traffic_Signal_Locations_TDA/FeatureServer/0,https://services1.arcgis.com/O1JpcwDW8sjYuddV/arcgis/rest/services/Traffic_Signal_Locations_TDA/FeatureServer/0/query?where=COUNTY%3D%27Miami-Dade%27&outFields=SIGNALID%2CCOUNTY%2CRDWYID%2CDISTRICT%2CMAINTAGC%2CSDESTRET%2CCNTLRDES%2CSIGNALNC&returnGeometry=true&outSR=4326&f=json
2199,87053003,Miami-Dade,6,MIAMI-DADE,W 13 AVE,N/A,N/A,25.773462,-80.216327,FDOT Traffic Signal Locations TDA,https://services1.arcgis.com/O1JpcwDW8sjYuddV/arcgis/rest/services/Traffic_Signal_Locations_TDA/FeatureServer/0,https://services1.arcgis.com/O1JpcwDW8sjYuddV/arcgis/rest/services/Traffic_Signal_Locations_TDA/FeatureServer/0/query?where=COUNTY%3D%27Miami-Dade%27&outFields=SIGNALID%2CCOUNTY%2CRDWYID%2CDISTRICT%2CMAINTAGC%2CSDESTRET%2CCNTLRDES%2CSIGNALNC&returnGeometry=true&outSR=4326&f=json
3876,87018000,Miami-Dade,6,MIAMI-DADE,US 441/SR 7/NW 2 AV,N/A,N/A,25.972701,-80.206102,FDOT Traffic Signal Locations TDA,https://services1.arcgis.com/O1JpcwDW8sjYuddV/arcgis/rest/services/Traffic_Signal_Locations_TDA/FeatureServer/0,https://services1.arcgis.com/O1JpcwDW8sjYuddV/arcgis/rest/services/Traffic_Signal_Locations_TDA/FeatureServer/0/query?where=COUNTY%3D%27Miami-Dade%27&outFields=SIGNALID%2CCOUNTY%2CRDWYID%2CDISTRICT%2CMAINTAGC%2CSDESTRET%2CCNTLRDES%2CSIGNALNC&returnGeometry=true&outSR=4326&f=json
2994,87020000,Miami-Dade,6,MIAMI-DADE,SR 994 / SW 186 ST,N/A,N/A,25.596118,-80.355256,FDOT Traffic Signal Locations TDA,https://services1.arcgis.com/O1JpcwDW8sjYuddV/arcgis/rest/services/Traffic_Signal_Locations_TDA/FeatureServer/0,https://services1.arcgis.com/O1JpcwDW8sjYuddV/arcgis/rest/services/Traffic_Signal_Locations_TDA/FeatureServer/0/query?where=COUNTY%3D%27Miami-Dade%27&outFields=SIGNALID%2CCOUNTY%2CRDWYID%2CDISTRICT%2CMAINTAGC%2CSDESTRET%2CCNTLRDES%2CSIGNALNC&returnGeometry=true&outSR=4326&f=json
2911,87060000,Miami-Dade,6,MIAMI-DADE,93 ST,N/A,N/A,25.881532,-80.122198,FDOT Traffic Signal Locations TDA,https://services1.arcgis.com/O1JpcwDW8sjYuddV/arcgis/rest/services/Traffic_Signal_Locations_TDA/FeatureServer/0,https://services1.arcgis.com/O1JpcwDW8sjYuddV/arcgis/rest/services/Traffic_Signal_Locations_TDA/FeatureServer/0/query?where=COUNTY%3D%27Miami-Dade%27&outFields=SIGNALID%2CCOUNTY%2CRDWYID%2CDISTRICT%2CMAINTAGC%2CSDESTRET%2CCNTLRDES%2CSIGNALNC&returnGeometry=true&outSR=4326&f=json
5161,87090000,Miami-Dade,6,MIAMI-DADE,NW 118 AV,N/A,N/A,25.902065,-80.387343,FDOT Traffic Signal Locations TDA,https://services1.arcgis.com/O1JpcwDW8sjYuddV/arcgis/rest/services/Traffic_Signal_Locations_TDA/FeatureServer/0,https://services1.arcgis.com/O1JpcwDW8sjYuddV/arcgis/rest/services/Traffic_Signal_Locations_TDA/FeatureServer/0/query?where=COUNTY%3D%27Miami-Dade%27&outFields=SIGNALID%2CCOUNTY%2CRDWYID%2CDISTRICT%2CMAINTAGC%2CSDESTRET%2CCNTLRDES%2CSIGNALNC&returnGeometry=true&outSR=4326&f=json
2546,87066000,Miami-Dade,6,MIAMI-DADE,NE 2 AV,N/A,N/A,25.889909,-80.194555,FDOT Traffic Signal Locations TDA,https://services1.arcgis.com/O1JpcwDW8sjYuddV/arcgis/rest/services/Traffic_Signal_Locations_TDA/FeatureServer/0,https://services1.arcgis.com/O1JpcwDW8sjYuddV/arcgis/rest/services/Traffic_Signal_Locations_TDA/FeatureServer/0/query?where=COUNTY%3D%27Miami-Dade%27&outFields=SIGNALID%2CCOUNTY%2CRDWYID%2CDISTRICT%2CMAINTAGC%2CSDESTRET%2CCNTLRDES%2CSIGNALNC&returnGeometry=true&outSR=4326&f=json
2081,87140000,Miami-Dade,6,MIAMI-DADE,NW 62 ST,N/A,N/A,25.83215,-80.20849,FDOT Traffic Signal Locations TDA,https://services1.arcgis.com/O1JpcwDW8sjYuddV/arcgis/rest/services/Traffic_Signal_Locations_TDA/FeatureServer/0,https://services1.arcgis.com/O1JpcwDW8sjYuddV/arcgis/rest/services/Traffic_Signal_Locations_TDA/FeatureServer/0/query?where=COUNTY%3D%27Miami-Dade%27&outFields=SIGNALID%2CCOUNTY%2CRDWYID%2CDISTRICT%2CMAINTAGC%2CSDESTRET%2CCNTLRDES%2CSIGNALNC&returnGeometry=true&outSR=4326&f=json
3125,87281000,Miami-Dade,6,MIAMI-DADE,NW 31 ST,N/A,N/A,25.803245,-80.264412,FDOT Traffic Signal Locations TDA,https://services1.arcgis.com/O1JpcwDW8sjYuddV/arcgis/rest/services/Traffic_Signal_Locations_TDA/FeatureServer/0,https://services1.arcgis.com/O1JpcwDW8sjYuddV/arcgis/rest/services/Traffic_Signal_Locations_TDA/FeatureServer/0/query?where=COUNTY%3D%27Miami-Dade%27&outFields=SIGNALID%2CCOUNTY%2CRDWYID%2CDISTRICT%2CMAINTAGC%2CSDESTRET%2CCNTLRDES%2CSIGNALNC&returnGeometry=true&outSR=4326&f=json
3921,87047000,Miami-Dade,6,MIAMI-DADE,SW 82 ST,N/A,N/A,25.693512,-80.333678,FDOT Traffic Signal Locations TDA,https://services1.arcgis.com/O1JpcwDW8sjYuddV/arcgis/rest/services/Traffic_Signal_Locations_TDA/FeatureServer/0,https://services1.arcgis.com/O1JpcwDW8sjYuddV/arcgis/rest/services/Traffic_Signal_Locations_TDA/FeatureServer/0/query?where=COUNTY%3D%27Miami-Dade%27&outFields=SIGNALID%2CCOUNTY%2CRDWYID%2CDISTRICT%2CMAINTAGC%2CSDESTRET%2CCNTLRDES%2CSIGNALNC&returnGeometry=true&outSR=4326&f=json
4655,87030000,Miami-Dade,6,MIAMI-DADE,SR 856/W LEHMAN CSWY,N/A,02,25.954007,-80.146717,FDOT Traffic Signal Locations TDA,https://services1.arcgis.com/O1JpcwDW8sjYuddV/arcgis/rest/services/Traffic_Signal_Locations_TDA/FeatureServer/0,https://services1.arcgis.com/O1JpcwDW8sjYuddV/arcgis/rest/services/Traffic_Signal_Locations_TDA/FeatureServer/0/query?where=COUNTY%3D%27Miami-Dade%27&outFields=SIGNALID%2CCOUNTY%2CRDWYID%2CDISTRICT%2CMAINTAGC%2CSDESTRET%2CCNTLRDES%2CSIGNALNC&returnGeometry=true&outSR=4326&f=json
7641,87120000,Miami-Dade,6,MIAMI-DADE,N/A,N/A,N/A,25.765785,-80.217214,FDOT Traffic Signal Locations TDA,https://services1.arcgis.com/O1JpcwDW8sjYuddV/arcgis/rest/services/Traffic_Signal_Locations_TDA/FeatureServer/0,https://services1.arcgis.com/O1JpcwDW8sjYuddV/arcgis/rest/services/Traffic_Signal_Locations_TDA/FeatureServer/0/query?where=COUNTY%3D%27Miami-Dade%27&outFields=SIGNALID%2CCOUNTY%2CRDWYID%2CDISTRICT%2CMAINTAGC%2CSDESTRET%2CCNTLRDES%2CSIGNALNC&returnGeometry=true&outSR=4326&f=json
3813,87002000,Miami-Dade,6,MIAMI-DADE,W 32 ST,N/A,N/A,25.85097,-80.290162,FDOT Traffic Signal Locations TDA,https://services1.arcgis.com/O1JpcwDW8sjYuddV/arcgis/rest/services/Traffic_Signal_Locations_TDA/FeatureServer/0,https://services1.arcgis.com/O1JpcwDW8sjYuddV/arcgis/rest/services/Traffic_Signal_Locations_TDA/FeatureServer/0/query?where=COUNTY%3D%27Miami-Dade%27&outFields=SIGNALID%2CCOUNTY%2CRDWYID%2CDISTRICT%2CMAINTAGC%2CSDESTRET%2CCNTLRDES%2CSIGNALNC&returnGeometry=true&outSR=4326&f=json
4214,87030001,Miami-Dade,6,MIAMI DADE,SE 2 AVE,N/A,02,25.770898,-80.190062,FDOT Traffic Signal Locations TDA,https://services1.arcgis.com/O1JpcwDW8sjYuddV/arcgis/rest/services/Traffic_Signal_Locations_TDA/FeatureServer/0,https://services1.arcgis.com/O1JpcwDW8sjYuddV/arcgis/rest/services/Traffic_Signal_Locations_TDA/FeatureServer/0/query?where=COUNTY%3D%27Miami-Dade%27&outFields=SIGNALID%2CCOUNTY%2CRDWYID%2CDISTRICT%2CMAINTAGC%2CSDESTRET%2CCNTLRDES%2CSIGNALNC&returnGeometry=true&outSR=4326&f=json
2185,87030000,Miami-Dade,6,MIAMI-DADE,SW 40 ST,N/A,02,25.735128,-80.250722,FDOT Traffic Signal Locations TDA,https://services1.arcgis.com/O1JpcwDW8sjYuddV/arcgis/rest/services/Traffic_Signal_Locations_TDA/FeatureServer/0,https://services1.arcgis.com/O1JpcwDW8sjYuddV/arcgis/rest/services/Traffic_Signal_Locations_TDA/FeatureServer/0/query?where=COUNTY%3D%27Miami-Dade%27&outFields=SIGNALID%2CCOUNTY%2CRDWYID%2CDISTRICT%2CMAINTAGC%2CSDESTRET%2CCNTLRDES%2CSIGNALNC&returnGeometry=true&outSR=4326&f=json
4478,87047000,Miami-Dade,6,MIAMI-DADE,SW 6000 BLK,N/A,N/A,25.711985,-80.334623,FDOT Traffic Signal Locations TDA,https://services1.arcgis.com/O1JpcwDW8sjYuddV/arcgis/rest/services/Traffic_Signal_Locations_TDA/FeatureServer/0,https://services1.arcgis.com/O1JpcwDW8sjYuddV/arcgis/rest/services/Traffic_Signal_Locations_TDA/FeatureServer/0/query?where=COUNTY%3D%27Miami-Dade%27&outFields=SIGNALID%2CCOUNTY%2CRDWYID%2CDISTRICT%2CMAINTAGC%2CSDESTRET%2CCNTLRDES%2CSIGNALNC&returnGeometry=true&outSR=4326&f=json
2340,87140000,Miami-Dade,6,MIAMI-DADE,NW 8 ST/NW 8 ST RD,N/A,N/A,25.781435,-80.206719,FDOT Traffic Signal Locations TDA,https://services1.arcgis.com/O1JpcwDW8sjYuddV/arcgis/rest/services/Traffic_Signal_Locations_TDA/FeatureServer/0,https://services1.arcgis.com/O1JpcwDW8sjYuddV/arcgis/rest/services/Traffic_Signal_Locations_TDA/FeatureServer/0/query?where=COUNTY%3D%27Miami-Dade%27&outFields=SIGNALID%2CCOUNTY%2CRDWYID%2CDISTRICT%2CMAINTAGC%2CSDESTRET%2CCNTLRDES%2CSIGNALNC&returnGeometry=true&outSR=4326&f=json
2203,87053000,Miami-Dade,6,MIAMI-DADE,W 24 AVE,N/A,N/A,25.77248,-80.234765,FDOT Traffic Signal Locations TDA,https://services1.arcgis.com/O1JpcwDW8sjYuddV/arcgis/rest/services/Traffic_Signal_Locations_TDA/FeatureServer/0,https://services1.arcgis.com/O1JpcwDW8sjYuddV/arcgis/rest/services/Traffic_Signal_Locations_TDA/FeatureServer/0/query?where=COUNTY%3D%27Miami-Dade%27&outFields=SIGNALID%2CCOUNTY%2CRDWYID%2CDISTRICT%2CMAINTAGC%2CSDESTRET%2CCNTLRDES%2CSIGNALNC&returnGeometry=true&outSR=4326&f=json
2779,87016000,Miami-Dade,6,MIAMI-DADE,PRAIRE AV,N/A,N/A,25.813847,-80.130531,FDOT Traffic Signal Locations TDA,https://services1.arcgis.com/O1JpcwDW8sjYuddV/arcgis/rest/services/Traffic_Signal_Locations_TDA/FeatureServer/0,https://services1.arcgis.com/O1JpcwDW8sjYuddV/arcgis/rest/services/Traffic_Signal_Locations_TDA/FeatureServer/0/query?where=COUNTY%3D%27Miami-Dade%27&outFields=SIGNALID%2CCOUNTY%2CRDWYID%2CDISTRICT%2CMAINTAGC%2CSDESTRET%2CCNTLRDES%2CSIGNALNC&returnGeometry=true&outSR=4326&f=json
3215,87260000,Miami-Dade,6,MIAMI-DADE,US-441/SR 7/NW 2 AVE,N/A,02,25.934552,-80.204957,FDOT Traffic Signal Locations TDA,https://services1.arcgis.com/O1JpcwDW8sjYuddV/arcgis/rest/services/Traffic_Signal_Locations_TDA/FeatureServer/0,https://services1.arcgis.com/O1JpcwDW8sjYuddV/arcgis/rest/services/Traffic_Signal_Locations_TDA/FeatureServer/0/query?where=COUNTY%3D%27Miami-Dade%27&outFields=SIGNALID%2CCOUNTY%2CRDWYID%2CDISTRICT%2CMAINTAGC%2CSDESTRET%2CCNTLRDES%2CSIGNALNC&returnGeometry=true&outSR=4326&f=json
3090,87020000,Miami-Dade,6,MIAMI-DADE,SW 124 ST,N/A,N/A,25.655339,-80.328711,FDOT Traffic Signal Locations TDA,https://services1.arcgis.com/O1JpcwDW8sjYuddV/arcgis/rest/services/Traffic_Signal_Locations_TDA/FeatureServer/0,https://services1.arcgis.com/O1JpcwDW8sjYuddV/arcgis/rest/services/Traffic_Signal_Locations_TDA/FeatureServer/0/query?where=COUNTY%3D%27Miami-Dade%27&outFields=SIGNALID%2CCOUNTY%2CRDWYID%2CDISTRICT%2CMAINTAGC%2CSDESTRET%2CCNTLRDES%2CSIGNALNC&returnGeometry=true&outSR=4326&f=json
2486,87240000,Miami-Dade,6,MIAMI-DADE,SR 944/NW 54 ST,N/A,N/A,25.823812,-80.240688,FDOT Traffic Signal Locations TDA,https://services1.arcgis.com/O1JpcwDW8sjYuddV/arcgis/rest/services/Traffic_Signal_Locations_TDA/FeatureServer/0,https://services1.arcgis.com/O1JpcwDW8sjYuddV/arcgis/rest/services/Traffic_Signal_Locations_TDA/FeatureServer/0/query?where=COUNTY%3D%27Miami-Dade%27&outFields=SIGNALID%2CCOUNTY%2CRDWYID%2CDISTRICT%2CMAINTAGC%2CSDESTRET%2CCNTLRDES%2CSIGNALNC&returnGeometry=true&outSR=4326&f=json
4498,87062000,Miami-Dade,6,MIAMI-DADE,LEVANTE AVE,N/A,N/A,25.709426,-80.285592,FDOT Traffic Signal Locations TDA,https://services1.arcgis.com/O1JpcwDW8sjYuddV/arcgis/rest/services/Traffic_Signal_Locations_TDA/FeatureServer/0,https://services1.arcgis.com/O1JpcwDW8sjYuddV/arcgis/rest/services/Traffic_Signal_Locations_TDA/FeatureServer/0/query?where=COUNTY%3D%27Miami-Dade%27&outFields=SIGNALID%2CCOUNTY%2CRDWYID%2CDISTRICT%2CMAINTAGC%2CSDESTRET%2CCNTLRDES%2CSIGNALNC&returnGeometry=true&outSR=4326&f=json
4129,87281000,Miami-Dade,6,MIAMI-DADE,NW 11 ST,N/A,N/A,25.782408,-80.264007,FDOT Traffic Signal Locations TDA,https://services1.arcgis.com/O1JpcwDW8sjYuddV/arcgis/rest/services/Traffic_Signal_Locations_TDA/FeatureServer/0,https://services1.arcgis.com/O1JpcwDW8sjYuddV/arcgis/rest/services/Traffic_Signal_Locations_TDA/FeatureServer/0/query?where=COUNTY%3D%27Miami-Dade%27&outFields=SIGNALID%2CCOUNTY%2CRDWYID%2CDISTRICT%2CMAINTAGC%2CSDESTRET%2CCNTLRDES%2CSIGNALNC&returnGeometry=true&outSR=4326&f=json
5437,87091000,Miami-Dade,6,MIAMI-DADE,SW 147 AVE,N/A,N/A,25.580559,-80.429718,FDOT Traffic Signal Locations TDA,https://services1.arcgis.com/O1JpcwDW8sjYuddV/arcgis/rest/services/Traffic_Signal_Locations_TDA/FeatureServer/0,https://services1.arcgis.com/O1JpcwDW8sjYuddV/arcgis/rest/services/Traffic_Signal_Locations_TDA/FeatureServer/0/query?where=COUNTY%3D%27Miami-Dade%27&outFields=SIGNALID%2CCOUNTY%2CRDWYID%2CDISTRICT%2CMAINTAGC%2CSDESTRET%2CCNTLRDES%2CSIGNALNC&returnGeometry=true&outSR=4326&f=json
5241,87018000,Miami-Dade,6,MIAMI-DADE,SR 817/NW 27 AVE,N/A,N/A,25.971699,-80.246826,FDOT Traffic Signal Locations TDA,https://services1.arcgis.com/O1JpcwDW8sjYuddV/arcgis/rest/services/Traffic_Signal_Locations_TDA/FeatureServer/0,https://services1.arcgis.com/O1JpcwDW8sjYuddV/arcgis/rest/services/Traffic_Signal_Locations_TDA/FeatureServer/0/query?where=COUNTY%3D%27Miami-Dade%27&outFields=SIGNALID%2CCOUNTY%2CRDWYID%2CDISTRICT%2CMAINTAGC%2CSDESTRET%2CCNTLRDES%2CSIGNALNC&returnGeometry=true&outSR=4326&f=json
4590,87072000,Miami-Dade,6,MIAMI-DADE,SW 32 ST,N/A,N/A,25.739519,-80.367749,FDOT Traffic Signal Locations TDA,https://services1.arcgis.com/O1JpcwDW8sjYuddV/arcgis/rest/services/Traffic_Signal_Locations_TDA/FeatureServer/0,https://services1.arcgis.com/O1JpcwDW8sjYuddV/arcgis/rest/services/Traffic_Signal_Locations_TDA/FeatureServer/0/query?where=COUNTY%3D%27Miami-Dade%27&outFields=SIGNALID%2CCOUNTY%2CRDWYID%2CDISTRICT%2CMAINTAGC%2CSDESTRET%2CCNTLRDES%2CSIGNALNC&returnGeometry=true&outSR=4326&f=json
2759,87080347,Miami-Dade,6,MIAMI-DADE,BAY DR E,N/A,02,25.855888,-80.127944,FDOT Traffic Signal Locations TDA,https://services1.arcgis.com/O1JpcwDW8sjYuddV/arcgis/rest/services/Traffic_Signal_Locations_TDA/FeatureServer/0,https://services1.arcgis.com/O1JpcwDW8sjYuddV/arcgis/rest/services/Traffic_Signal_Locations_TDA/FeatureServer/0/query?where=COUNTY%3D%27Miami-Dade%27&outFields=SIGNALID%2CCOUNTY%2CRDWYID%2CDISTRICT%2CMAINTAGC%2CSDESTRET%2CCNTLRDES%2CSIGNALNC&returnGeometry=true&outSR=4326&f=json
3620,87053000,Miami-Dade,6,MIAMI-DADE,SR 826 ON OFF RAMPS,N/A,N/A,25.769852,-80.318885,FDOT Traffic Signal Locations TDA,https://services1.arcgis.com/O1JpcwDW8sjYuddV/arcgis/rest/services/Traffic_Signal_Locations_TDA/FeatureServer/0,https://services1.arcgis.com/O1JpcwDW8sjYuddV/arcgis/rest/services/Traffic_Signal_Locations_TDA/FeatureServer/0/query?where=COUNTY%3D%27Miami-Dade%27&outFields=SIGNALID%2CCOUNTY%2CRDWYID%2CDISTRICT%2CMAINTAGC%2CSDESTRET%2CCNTLRDES%2CSIGNALNC&returnGeometry=true&outSR=4326&f=json
4283,87055000,Miami-Dade,6,MIAMI-DADE,SW 77 CT,N/A,N/A,25.702894,-80.318867,FDOT Traffic Signal Locations TDA,https://services1.arcgis.com/O1JpcwDW8sjYuddV/arcgis/rest/services/Traffic_Signal_Locations_TDA/FeatureServer/0,https://services1.arcgis.com/O1JpcwDW8sjYuddV/arcgis/rest/services/Traffic_Signal_Locations_TDA/FeatureServer/0/query?where=COUNTY%3D%27Miami-Dade%27&outFields=SIGNALID%2CCOUNTY%2CRDWYID%2CDISTRICT%2CMAINTAGC%2CSDESTRET%2CCNTLRDES%2CSIGNALNC&returnGeometry=true&outSR=4326&f=json
4895,87038000,Miami-Dade,6,MIAMI-DADE,NW 80 AV,N/A,N/A,25.868054,-80.327105,FDOT Traffic Signal Locations TDA,https://services1.arcgis.com/O1JpcwDW8sjYuddV/arcgis/rest/services/Traffic_Signal_Locations_TDA/FeatureServer/0,https://services1.arcgis.com/O1JpcwDW8sjYuddV/arcgis/rest/services/Traffic_Signal_Locations_TDA/FeatureServer/0/query?where=COUNTY%3D%27Miami-Dade%27&outFields=SIGNALID%2CCOUNTY%2CRDWYID%2CDISTRICT%2CMAINTAGC%2CSDESTRET%2CCNTLRDES%2CSIGNALNC&returnGeometry=true&outSR=4326&f=json
3318,87030000,Miami-Dade,6,MIAMI-DADE,N/A,N/A,N/A,25.769347,-80.189955,FDOT Traffic Signal Locations TDA,https://services1.arcgis.com/O1JpcwDW8sjYuddV/arcgis/rest/services/Traffic_Signal_Locations_TDA/FeatureServer/0,https://services1.arcgis.com/O1JpcwDW8sjYuddV/arcgis/rest/services/Traffic_Signal_Locations_TDA/FeatureServer/0/query?where=COUNTY%3D%27Miami-Dade%27&outFields=SIGNALID%2CCOUNTY%2CRDWYID%2CDISTRICT%2CMAINTAGC%2CSDESTRET%2CCNTLRDES%2CSIGNALNC&returnGeometry=true&outSR=4326&f=json
5272,87080001,Miami-Dade,6,MIAMI-DADE,N/A,N/A,N/A,25.848821,-80.211501,FDOT Traffic Signal Locations TDA,https://services1.arcgis.com/O1JpcwDW8sjYuddV/arcgis/rest/services/Traffic_Signal_Locations_TDA/FeatureServer/0,https://services1.arcgis.com/O1JpcwDW8sjYuddV/arcgis/rest/services/Traffic_Signal_Locations_TDA/FeatureServer/0/query?where=COUNTY%3D%27Miami-Dade%27&outFields=SIGNALID%2CCOUNTY%2CRDWYID%2CDISTRICT%2CMAINTAGC%2CSDESTRET%2CCNTLRDES%2CSIGNALNC&returnGeometry=true&outSR=4326&f=json
6811,87281000,Miami-Dade,6,MIAMI-DADE,SEVILLA AVE,N/A,N/A,25.746111,-80.262589,FDOT Traffic Signal Locations TDA,https://services1.arcgis.com/O1JpcwDW8sjYuddV/arcgis/rest/services/Traffic_Signal_Locations_TDA/FeatureServer/0,https://services1.arcgis.com/O1JpcwDW8sjYuddV/arcgis/rest/services/Traffic_Signal_Locations_TDA/FeatureServer/0/query?where=COUNTY%3D%27Miami-Dade%27&outFields=SIGNALID%2CCOUNTY%2CRDWYID%2CDISTRICT%2CMAINTAGC%2CSDESTRET%2CCNTLRDES%2CSIGNALNC&returnGeometry=true&outSR=4326&f=json
2843,87281000,Miami-Dade,6,MIAMI-DADE,SR25/OKEECHOBEE RD,N/A,02,25.810571,-80.264415,FDOT Traffic Signal Locations TDA,https://services1.arcgis.com/O1JpcwDW8sjYuddV/arcgis/rest/services/Traffic_Signal_Locations_TDA/FeatureServer/0,https://services1.arcgis.com/O1JpcwDW8sjYuddV/arcgis/rest/services/Traffic_Signal_Locations_TDA/FeatureServer/0/query?where=COUNTY%3D%27Miami-Dade%27&outFields=SIGNALID%2CCOUNTY%2CRDWYID%2CDISTRICT%2CMAINTAGC%2CSDESTRET%2CCNTLRDES%2CSIGNALNC&returnGeometry=true&outSR=4326&f=json
2119,87030000,Miami-Dade,6,MIAMI-DADE,NE 79 ST,N/A,02,25.847784,-80.184622,FDOT Traffic Signal Locations TDA,https://services1.arcgis.com/O1JpcwDW8sjYuddV/arcgis/rest/services/Traffic_Signal_Locations_TDA/FeatureServer/0,https://services1.arcgis.com/O1JpcwDW8sjYuddV/arcgis/rest/services/Traffic_Signal_Locations_TDA/FeatureServer/0/query?where=COUNTY%3D%27Miami-Dade%27&outFields=SIGNALID%2CCOUNTY%2CRDWYID%2CDISTRICT%2CMAINTAGC%2CSDESTRET%2CCNTLRDES%2CSIGNALNC&returnGeometry=true&outSR=4326&f=json
3217,87008000,Miami-Dade,6,MIAMI-DADE,NE 12 AVE,N/A,N/A,25.899949,-80.174592,FDOT Traffic Signal Locations TDA,https://services1.arcgis.com/O1JpcwDW8sjYuddV/arcgis/rest/services/Traffic_Signal_Locations_TDA/FeatureServer/0,https://services1.arcgis.com/O1JpcwDW8sjYuddV/arcgis/rest/services/Traffic_Signal_Locations_TDA/FeatureServer/0/query?where=COUNTY%3D%27Miami-Dade%27&outFields=SIGNALID%2CCOUNTY%2CRDWYID%2CDISTRICT%2CMAINTAGC%2CSDESTRET%2CCNTLRDES%2CSIGNALNC&returnGeometry=true&outSR=4326&f=json
2677,87060000,Miami-Dade,6,MIAMI-DADE,SR 112/41 ST,N/A,02,25.812985,-80.123015,FDOT Traffic Signal Locations TDA,https://services1.arcgis.com/O1JpcwDW8sjYuddV/arcgis/rest/services/Traffic_Signal_Locations_TDA/FeatureServer/0,https://services1.arcgis.com/O1JpcwDW8sjYuddV/arcgis/rest/services/Traffic_Signal_Locations_TDA/FeatureServer/0/query?where=COUNTY%3D%27Miami-Dade%27&outFields=SIGNALID%2CCOUNTY%2CRDWYID%2CDISTRICT%2CMAINTAGC%2CSDESTRET%2CCNTLRDES%2CSIGNALNC&returnGeometry=true&outSR=4326&f=json
2472,87008001,Miami-Dade,6,MIAMI-DADE,N/A,N/A,N/A,25.899607,-80.214491,FDOT Traffic Signal Locations TDA,https://services1.arcgis.com/O1JpcwDW8sjYuddV/arcgis/rest/services/Traffic_Signal_Locations_TDA/FeatureServer/0,https://services1.arcgis.com/O1JpcwDW8sjYuddV/arcgis/rest/services/Traffic_Signal_Locations_TDA/FeatureServer/0/query?where=COUNTY%3D%27Miami-Dade%27&outFields=SIGNALID%2CCOUNTY%2CRDWYID%2CDISTRICT%2CMAINTAGC%2CSDESTRET%2CCNTLRDES%2CSIGNALNC&returnGeometry=true&outSR=4326&f=json
2533,87066000,Miami-Dade,6,MIAMI-DADE,N/A,N/A,N/A,25.89083,-80.172761,FDOT Traffic Signal Locations TDA,https://services1.arcgis.com/O1JpcwDW8sjYuddV/arcgis/rest/services/Traffic_Signal_Locations_TDA/FeatureServer/0,https://services1.arcgis.com/O1JpcwDW8sjYuddV/arcgis/rest/services/Traffic_Signal_Locations_TDA/FeatureServer/0/query?where=COUNTY%3D%27Miami-Dade%27&outFields=SIGNALID%2CCOUNTY%2CRDWYID%2CDISTRICT%2CMAINTAGC%2CSDESTRET%2CCNTLRDES%2CSIGNALNC&returnGeometry=true&outSR=4326&f=json
2514,87140000,Miami-Dade,6,N/A,NW 111 ST,N/A,N/A,25.876366,-80.210244,FDOT Traffic Signal Locations TDA,https://services1.arcgis.com/O1JpcwDW8sjYuddV/arcgis/rest/services/Traffic_Signal_Locations_TDA/FeatureServer/0,https://services1.arcgis.com/O1JpcwDW8sjYuddV/arcgis/rest/services/Traffic_Signal_Locations_TDA/FeatureServer/0/query?where=COUNTY%3D%27Miami-Dade%27&outFields=SIGNALID%2CCOUNTY%2CRDWYID%2CDISTRICT%2CMAINTAGC%2CSDESTRET%2CCNTLRDES%2CSIGNALNC&returnGeometry=true&outSR=4326&f=json
3904,87140000,Miami-Dade,6,MIAMI-DADE,NW 188 ST,N/A,N/A,25.946857,-80.205289,FDOT Traffic Signal Locations TDA,https://services1.arcgis.com/O1JpcwDW8sjYuddV/arcgis/rest/services/Traffic_Signal_Locations_TDA/FeatureServer/0,https://services1.arcgis.com/O1JpcwDW8sjYuddV/arcgis/rest/services/Traffic_Signal_Locations_TDA/FeatureServer/0/query?where=COUNTY%3D%27Miami-Dade%27&outFields=SIGNALID%2CCOUNTY%2CRDWYID%2CDISTRICT%2CMAINTAGC%2CSDESTRET%2CCNTLRDES%2CSIGNALNC&returnGeometry=true&outSR=4326&f=json
2526,87026000,Miami-Dade,6,MIAMI-DADE,NE 22 AV,N/A,N/A,25.947127,-80.156579,FDOT Traffic Signal Locations TDA,https://services1.arcgis.com/O1JpcwDW8sjYuddV/arcgis/rest/services/Traffic_Signal_Locations_TDA/FeatureServer/0,https://services1.arcgis.com/O1JpcwDW8sjYuddV/arcgis/rest/services/Traffic_Signal_Locations_TDA/FeatureServer/0/query?where=COUNTY%3D%27Miami-Dade%27&outFields=SIGNALID%2CCOUNTY%2CRDWYID%2CDISTRICT%2CMAINTAGC%2CSDESTRET%2CCNTLRDES%2CSIGNALNC&returnGeometry=true&outSR=4326&f=json
2918,87060001,Miami-Dade,6,MIAMI-DADE,95 ST,N/A,N/A,25.885269,-80.123549,FDOT Traffic Signal Locations TDA,https://services1.arcgis.com/O1JpcwDW8sjYuddV/arcgis/rest/services/Traffic_Signal_Locations_TDA/FeatureServer/0,https://services1.arcgis.com/O1JpcwDW8sjYuddV/arcgis/rest/services/Traffic_Signal_Locations_TDA/FeatureServer/0/query?where=COUNTY%3D%27Miami-Dade%27&outFields=SIGNALID%2CCOUNTY%2CRDWYID%2CDISTRICT%2CMAINTAGC%2CSDESTRET%2CCNTLRDES%2CSIGNALNC&returnGeometry=true&outSR=4326&f=json
6677,87120000,Miami-Dade,6,MIAMI-DADE,SW 24 AVE,N/A,N/A,25.765302,-80.234698,FDOT Traffic Signal Locations TDA,https://services1.arcgis.com/O1JpcwDW8sjYuddV/arcgis/rest/services/Traffic_Signal_Locations_TDA/FeatureServer/0,https://services1.arcgis.com/O1JpcwDW8sjYuddV/arcgis/rest/services/Traffic_Signal_Locations_TDA/FeatureServer/0/query?where=COUNTY%3D%27Miami-Dade%27&outFields=SIGNALID%2CCOUNTY%2CRDWYID%2CDISTRICT%2CMAINTAGC%2CSDESTRET%2CCNTLRDES%2CSIGNALNC&returnGeometry=true&outSR=4326&f=json
3405,87120000,Miami-Dade,6,MIAMI-DADE,N/A,N/A,N/A,25.764837,-80.250288,FDOT Traffic Signal Locations TDA,https://services1.arcgis.com/O1JpcwDW8sjYuddV/arcgis/rest/services/Traffic_Signal_Locations_TDA/FeatureServer/0,https://services1.arcgis.com/O1JpcwDW8sjYuddV/arcgis/rest/services/Traffic_Signal_Locations_TDA/FeatureServer/0/query?where=COUNTY%3D%27Miami-Dade%27&outFields=SIGNALID%2CCOUNTY%2CRDWYID%2CDISTRICT%2CMAINTAGC%2CSDESTRET%2CCNTLRDES%2CSIGNALNC&returnGeometry=true&outSR=4326&f=json
5871,87090000,Miami-Dade,6,MIAMI-DADE,NW 30 AV,N/A,N/A,25.808989,-80.244008,FDOT Traffic Signal Locations TDA,https://services1.arcgis.com/O1JpcwDW8sjYuddV/arcgis/rest/services/Traffic_Signal_Locations_TDA/FeatureServer/0,https://services1.arcgis.com/O1JpcwDW8sjYuddV/arcgis/rest/services/Traffic_Signal_Locations_TDA/FeatureServer/0/query?where=COUNTY%3D%27Miami-Dade%27&outFields=SIGNALID%2CCOUNTY%2CRDWYID%2CDISTRICT%2CMAINTAGC%2CSDESTRET%2CCNTLRDES%2CSIGNALNC&returnGeometry=true&outSR=4326&f=json
5124,87090000,Miami-Dade,6,MIAMI-DADE,W 18 AV/WESTLAND PRO,N/A,N/A,25.852026,-80.319895,FDOT Traffic Signal Locations TDA,https://services1.arcgis.com/O1JpcwDW8sjYuddV/arcgis/rest/services/Traffic_Signal_Locations_TDA/FeatureServer/0,https://services1.arcgis.com/O1JpcwDW8sjYuddV/arcgis/rest/services/Traffic_Signal_Locations_TDA/FeatureServer/0/query?where=COUNTY%3D%27Miami-Dade%27&outFields=SIGNALID%2CCOUNTY%2CRDWYID%2CDISTRICT%2CMAINTAGC%2CSDESTRET%2CCNTLRDES%2CSIGNALNC&returnGeometry=true&outSR=4326&f=json
5247,87133000,Miami-Dade,6,MIAMI-DADE,SW 120 ST,N/A,N/A,25.656342,-80.415717,FDOT Traffic Signal Locations TDA,https://services1.arcgis.com/O1JpcwDW8sjYuddV/arcgis/rest/services/Traffic_Signal_Locations_TDA/FeatureServer/0,https://services1.arcgis.com/O1JpcwDW8sjYuddV/arcgis/rest/services/Traffic_Signal_Locations_TDA/FeatureServer/0/query?where=COUNTY%3D%27Miami-Dade%27&outFields=SIGNALID%2CCOUNTY%2CRDWYID%2CDISTRICT%2CMAINTAGC%2CSDESTRET%2CCNTLRDES%2CSIGNALNC&returnGeometry=true&outSR=4326&f=json
7692,87019000,Miami-Dade,6,MIAMI-DADE,NW 180 TER,N/A,N/A,25.938771,-80.245152,FDOT Traffic Signal Locations TDA,https://services1.arcgis.com/O1JpcwDW8sjYuddV/arcgis/rest/services/Traffic_Signal_Locations_TDA/FeatureServer/0,https://services1.arcgis.com/O1JpcwDW8sjYuddV/arcgis/rest/services/Traffic_Signal_Locations_TDA/FeatureServer/0/query?where=COUNTY%3D%27Miami-Dade%27&outFields=SIGNALID%2CCOUNTY%2CRDWYID%2CDISTRICT%2CMAINTAGC%2CSDESTRET%2CCNTLRDES%2CSIGNALNC&returnGeometry=true&outSR=4326&f=json
3961,87002000,Miami-Dade,6,MIAMI-DADE,NW 142 ST,N/A,N/A,25.902635,-80.292116,FDOT Traffic Signal Locations TDA,https://services1.arcgis.com/O1JpcwDW8sjYuddV/arcgis/rest/services/Traffic_Signal_Locations_TDA/FeatureServer/0,https://services1.arcgis.com/O1JpcwDW8sjYuddV/arcgis/rest/services/Traffic_Signal_Locations_TDA/FeatureServer/0/query?where=COUNTY%3D%27Miami-Dade%27&outFields=SIGNALID%2CCOUNTY%2CRDWYID%2CDISTRICT%2CMAINTAGC%2CSDESTRET%2CCNTLRDES%2CSIGNALNC&returnGeometry=true&outSR=4326&f=json
2604,87281000,Miami-Dade,6,MIAMI-DADE,CORAL WAY,N/A,N/A,25.749258,-80.262723,FDOT Traffic Signal Locations TDA,https://services1.arcgis.com/O1JpcwDW8sjYuddV/arcgis/rest/services/Traffic_Signal_Locations_TDA/FeatureServer/0,https://services1.arcgis.com/O1JpcwDW8sjYuddV/arcgis/rest/services/Traffic_Signal_Locations_TDA/FeatureServer/0/query?where=COUNTY%3D%27Miami-Dade%27&outFields=SIGNALID%2CCOUNTY%2CRDWYID%2CDISTRICT%2CMAINTAGC%2CSDESTRET%2CCNTLRDES%2CSIGNALNC&returnGeometry=true&outSR=4326&f=json
5055,87008000,Miami-Dade,6,MIAMI-DADE,DOUGLAS RD/NW 37 AV,N/A,N/A,25.896652,-80.259715,FDOT Traffic Signal Locations TDA,https://services1.arcgis.com/O1JpcwDW8sjYuddV/arcgis/rest/services/Traffic_Signal_Locations_TDA/FeatureServer/0,https://services1.arcgis.com/O1JpcwDW8sjYuddV/arcgis/rest/services/Traffic_Signal_Locations_TDA/FeatureServer/0/query?where=COUNTY%3D%27Miami-Dade%27&outFields=SIGNALID%2CCOUNTY%2CRDWYID%2CDISTRICT%2CMAINTAGC%2CSDESTRET%2CCNTLRDES%2CSIGNALNC&returnGeometry=true&outSR=4326&f=json
4141,87001000,Miami-Dade,6,MIAMI-DADE,SR 874 ON RAMP,N/A,N/A,25.687475,-80.348637,FDOT Traffic Signal Locations TDA,https://services1.arcgis.com/O1JpcwDW8sjYuddV/arcgis/rest/services/Traffic_Signal_Locations_TDA/FeatureServer/0,https://services1.arcgis.com/O1JpcwDW8sjYuddV/arcgis/rest/services/Traffic_Signal_Locations_TDA/FeatureServer/0/query?where=COUNTY%3D%27Miami-Dade%27&outFields=SIGNALID%2CCOUNTY%2CRDWYID%2CDISTRICT%2CMAINTAGC%2CSDESTRET%2CCNTLRDES%2CSIGNALNC&returnGeometry=true&outSR=4326&f=json
4264,87002000,Miami-Dade,6,MIAMI-DADE,SR 860/NW 183 ST,N/A,N/A,25.939309,-80.293773,FDOT Traffic Signal Locations TDA,https://services1.arcgis.com/O1JpcwDW8sjYuddV/arcgis/rest/services/Traffic_Signal_Locations_TDA/FeatureServer/0,https://services1.arcgis.com/O1JpcwDW8sjYuddV/arcgis/rest/services/Traffic_Signal_Locations_TDA/FeatureServer/0/query?where=COUNTY%3D%27Miami-Dade%27&outFields=SIGNALID%2CCOUNTY%2CRDWYID%2CDISTRICT%2CMAINTAGC%2CSDESTRET%2CCNTLRDES%2CSIGNALNC&returnGeometry=true&outSR=4326&f=json
3426,87040102,Miami-Dade,6,MIAMI-DADE,NW 6 ST,N/A,N/A,25.77971,-80.20024,FDOT Traffic Signal Locations TDA,https://services1.arcgis.com/O1JpcwDW8sjYuddV/arcgis/rest/services/Traffic_Signal_Locations_TDA/FeatureServer/0,https://services1.arcgis.com/O1JpcwDW8sjYuddV/arcgis/rest/services/Traffic_Signal_Locations_TDA/FeatureServer/0/query?where=COUNTY%3D%27Miami-Dade%27&outFields=SIGNALID%2CCOUNTY%2CRDWYID%2CDISTRICT%2CMAINTAGC%2CSDESTRET%2CCNTLRDES%2CSIGNALNC&returnGeometry=true&outSR=4326&f=json
4314,87066000,Miami-Dade,6,MIAMI-DADE,SANS SOUCI BLVD,N/A,N/A,25.889406,-80.157036,FDOT Traffic Signal Locations TDA,https://services1.arcgis.com/O1JpcwDW8sjYuddV/arcgis/rest/services/Traffic_Signal_Locations_TDA/FeatureServer/0,https://services1.arcgis.com/O1JpcwDW8sjYuddV/arcgis/rest/services/Traffic_Signal_Locations_TDA/FeatureServer/0/query?where=COUNTY%3D%27Miami-Dade%27&outFields=SIGNALID%2CCOUNTY%2CRDWYID%2CDISTRICT%2CMAINTAGC%2CSDESTRET%2CCNTLRDES%2CSIGNALNC&returnGeometry=true&outSR=4326&f=json
2636,87060001,Miami-Dade,6,MIAMI-DADE,69 ST,N/A,N/A,25.854228,-80.122263,FDOT Traffic Signal Locations TDA,https://services1.arcgis.com/O1JpcwDW8sjYuddV/arcgis/rest/services/Traffic_Signal_Locations_TDA/FeatureServer/0,https://services1.arcgis.com/O1JpcwDW8sjYuddV/arcgis/rest/services/Traffic_Signal_Locations_TDA/FeatureServer/0/query?where=COUNTY%3D%27Miami-Dade%27&outFields=SIGNALID%2CCOUNTY%2CRDWYID%2CDISTRICT%2CMAINTAGC%2CSDESTRET%2CCNTLRDES%2CSIGNALNC&returnGeometry=true&outSR=4326&f=json
2122,87080900,Miami-Dade,6,MIAMI-DADE,NE 4 AV,N/A,N/A,25.84768,-80.189451,FDOT Traffic Signal Locations TDA,https://services1.arcgis.com/O1JpcwDW8sjYuddV/arcgis/rest/services/Traffic_Signal_Locations_TDA/FeatureServer/0,https://services1.arcgis.com/O1JpcwDW8sjYuddV/arcgis/rest/services/Traffic_Signal_Locations_TDA/FeatureServer/0/query?where=COUNTY%3D%27Miami-Dade%27&outFields=SIGNALID%2CCOUNTY%2CRDWYID%2CDISTRICT%2CMAINTAGC%2CSDESTRET%2CCNTLRDES%2CSIGNALNC&returnGeometry=true&outSR=4326&f=json
4976,87080001,Miami-Dade,6,MIAMI-DADE,N/A,N/A,N/A,25.849111,-80.205455,FDOT Traffic Signal Locations TDA,https://services1.arcgis.com/O1JpcwDW8sjYuddV/arcgis/rest/services/Traffic_Signal_Locations_TDA/FeatureServer/0,https://services1.arcgis.com/O1JpcwDW8sjYuddV/arcgis/rest/services/Traffic_Signal_Locations_TDA/FeatureServer/0/query?where=COUNTY%3D%27Miami-Dade%27&outFields=SIGNALID%2CCOUNTY%2CRDWYID%2CDISTRICT%2CMAINTAGC%2CSDESTRET%2CCNTLRDES%2CSIGNALNC&returnGeometry=true&outSR=4326&f=json
3913,87008000,Miami-Dade,6,MIAMI-DADE,NE 14 AVE,N/A,N/A,25.900111,-80.17051,FDOT Traffic Signal Locations TDA,https://services1.arcgis.com/O1JpcwDW8sjYuddV/arcgis/rest/services/Traffic_Signal_Locations_TDA/FeatureServer/0,https://services1.arcgis.com/O1JpcwDW8sjYuddV/arcgis/rest/services/Traffic_Signal_Locations_TDA/FeatureServer/0/query?where=COUNTY%3D%27Miami-Dade%27&outFields=SIGNALID%2CCOUNTY%2CRDWYID%2CDISTRICT%2CMAINTAGC%2CSDESTRET%2CCNTLRDES%2CSIGNALNC&returnGeometry=true&outSR=4326&f=json
2520,87240000,Miami-Dade,6,MIAMI-DADE,SR 924/NW 119 ST,N/A,N/A,25.882706,-80.243027,FDOT Traffic Signal Locations TDA,https://services1.arcgis.com/O1JpcwDW8sjYuddV/arcgis/rest/services/Traffic_Signal_Locations_TDA/FeatureServer/0,https://services1.arcgis.com/O1JpcwDW8sjYuddV/arcgis/rest/services/Traffic_Signal_Locations_TDA/FeatureServer/0/query?where=COUNTY%3D%27Miami-Dade%27&outFields=SIGNALID%2CCOUNTY%2CRDWYID%2CDISTRICT%2CMAINTAGC%2CSDESTRET%2CCNTLRDES%2CSIGNALNC&returnGeometry=true&outSR=4326&f=json
2645,87037000,Miami-Dade,6,MIAMI-DADE,16 ST,N/A,N/A,25.788881,-80.14117,FDOT Traffic Signal Locations TDA,https://services1.arcgis.com/O1JpcwDW8sjYuddV/arcgis/rest/services/Traffic_Signal_Locations_TDA/FeatureServer/0,https://services1.arcgis.com/O1JpcwDW8sjYuddV/arcgis/rest/services/Traffic_Signal_Locations_TDA/FeatureServer/0/query?where=COUNTY%3D%27Miami-Dade%27&outFields=SIGNALID%2CCOUNTY%2CRDWYID%2CDISTRICT%2CMAINTAGC%2CSDESTRET%2CCNTLRDES%2CSIGNALNC&returnGeometry=true&outSR=4326&f=json
2868,87080900,Miami-Dade,6,MIAMI-DADE,E 25 ST,N/A,N/A,25.844675,-80.274225,FDOT Traffic Signal Locations TDA,https://services1.arcgis.com/O1JpcwDW8sjYuddV/arcgis/rest/services/Traffic_Signal_Locations_TDA/FeatureServer/0,https://services1.arcgis.com/O1JpcwDW8sjYuddV/arcgis/rest/services/Traffic_Signal_Locations_TDA/FeatureServer/0/query?where=COUNTY%3D%27Miami-Dade%27&outFields=SIGNALID%2CCOUNTY%2CRDWYID%2CDISTRICT%2CMAINTAGC%2CSDESTRET%2CCNTLRDES%2CSIGNALNC&returnGeometry=true&outSR=4326&f=json
6338,87047000,Miami-Dade,6,MIAMI-DADE,MALL ENTRANCE,N/A,N/A,25.748724,-80.335661,FDOT Traffic Signal Locations TDA,https://services1.arcgis.com/O1JpcwDW8sjYuddV/arcgis/rest/services/Traffic_Signal_Locations_TDA/FeatureServer/0,https://services1.arcgis.com/O1JpcwDW8sjYuddV/arcgis/rest/services/Traffic_Signal_Locations_TDA/FeatureServer/0/query?where=COUNTY%3D%27Miami-Dade%27&outFields=SIGNALID%2CCOUNTY%2CRDWYID%2CDISTRICT%2CMAINTAGC%2CSDESTRET%2CCNTLRDES%2CSIGNALNC&returnGeometry=true&outSR=4326&f=json
3439,87060000,Miami-Dade,6,MIAMI-DADE,5445 ENT,N/A,N/A,25.833558,-80.121129,FDOT Traffic Signal Locations TDA,https://services1.arcgis.com/O1JpcwDW8sjYuddV/arcgis/rest/services/Traffic_Signal_Locations_TDA/FeatureServer/0,https://services1.arcgis.com/O1JpcwDW8sjYuddV/arcgis/rest/services/Traffic_Signal_Locations_TDA/FeatureServer/0/query?where=COUNTY%3D%27Miami-Dade%27&outFields=SIGNALID%2CCOUNTY%2CRDWYID%2CDISTRICT%2CMAINTAGC%2CSDESTRET%2CCNTLRDES%2CSIGNALNC&returnGeometry=true&outSR=4326&f=json
3271,87026000,Miami-Dade,6,MIAMI-DADE,NW 17 AV,N/A,N/A,25.941506,-80.229242,FDOT Traffic Signal Locations TDA,https://services1.arcgis.com/O1JpcwDW8sjYuddV/arcgis/rest/services/Traffic_Signal_Locations_TDA/FeatureServer/0,https://services1.arcgis.com/O1JpcwDW8sjYuddV/arcgis/rest/services/Traffic_Signal_Locations_TDA/FeatureServer/0/query?where=COUNTY%3D%27Miami-Dade%27&outFields=SIGNALID%2CCOUNTY%2CRDWYID%2CDISTRICT%2CMAINTAGC%2CSDESTRET%2CCNTLRDES%2CSIGNALNC&returnGeometry=true&outSR=4326&f=json
3833,87008000,Miami-Dade,6,MIAMI-DADE,NW 62 AVE/NW 8 AVE,N/A,N/A,25.898673,-80.299972,FDOT Traffic Signal Locations TDA,https://services1.arcgis.com/O1JpcwDW8sjYuddV/arcgis/rest/services/Traffic_Signal_Locations_TDA/FeatureServer/0,https://services1.arcgis.com/O1JpcwDW8sjYuddV/arcgis/rest/services/Traffic_Signal_Locations_TDA/FeatureServer/0/query?where=COUNTY%3D%27Miami-Dade%27&outFields=SIGNALID%2CCOUNTY%2CRDWYID%2CDISTRICT%2CMAINTAGC%2CSDESTRET%2CCNTLRDES%2CSIGNALNC&returnGeometry=true&outSR=4326&f=json
5454,87066000,Miami-Dade,6,MIAMI-DADE,NW 2 AV,N/A,N/A,25.889548,-80.202751,FDOT Traffic Signal Locations TDA,https://services1.arcgis.com/O1JpcwDW8sjYuddV/arcgis/rest/services/Traffic_Signal_Locations_TDA/FeatureServer/0,https://services1.arcgis.com/O1JpcwDW8sjYuddV/arcgis/rest/services/Traffic_Signal_Locations_TDA/FeatureServer/0/query?where=COUNTY%3D%27Miami-Dade%27&outFields=SIGNALID%2CCOUNTY%2CRDWYID%2CDISTRICT%2CMAINTAGC%2CSDESTRET%2CCNTLRDES%2CSIGNALNC&returnGeometry=true&outSR=4326&f=json
5331,87008000,Miami-Dade,6,MIAMI-DADE,W 16 AVE,N/A,N/A,25.898537,-80.316237,FDOT Traffic Signal Locations TDA,https://services1.arcgis.com/O1JpcwDW8sjYuddV/arcgis/rest/services/Traffic_Signal_Locations_TDA/FeatureServer/0,https://services1.arcgis.com/O1JpcwDW8sjYuddV/arcgis/rest/services/Traffic_Signal_Locations_TDA/FeatureServer/0/query?where=COUNTY%3D%27Miami-Dade%27&outFields=SIGNALID%2CCOUNTY%2CRDWYID%2CDISTRICT%2CMAINTAGC%2CSDESTRET%2CCNTLRDES%2CSIGNALNC&returnGeometry=true&outSR=4326&f=json
5104,87072000,Miami-Dade,6,MIAMI-DADE,N/A,N/A,N/A,25.767248,-80.368838,FDOT Traffic Signal Locations TDA,https://services1.arcgis.com/O1JpcwDW8sjYuddV/arcgis/rest/services/Traffic_Signal_Locations_TDA/FeatureServer/0,https://services1.arcgis.com/O1JpcwDW8sjYuddV/arcgis/rest/services/Traffic_Signal_Locations_TDA/FeatureServer/0/query?where=COUNTY%3D%27Miami-Dade%27&outFields=SIGNALID%2CCOUNTY%2CRDWYID%2CDISTRICT%2CMAINTAGC%2CSDESTRET%2CCNTLRDES%2CSIGNALNC&returnGeometry=true&outSR=4326&f=json
2964,87044000,Miami-Dade,6,MIAMI-DADE,SR 973/SW 87 AV,N/A,02,25.733032,-80.335943,FDOT Traffic Signal Locations TDA,https://services1.arcgis.com/O1JpcwDW8sjYuddV/arcgis/rest/services/Traffic_Signal_Locations_TDA/FeatureServer/0,https://services1.arcgis.com/O1JpcwDW8sjYuddV/arcgis/rest/services/Traffic_Signal_Locations_TDA/FeatureServer/0/query?where=COUNTY%3D%27Miami-Dade%27&outFields=SIGNALID%2CCOUNTY%2CRDWYID%2CDISTRICT%2CMAINTAGC%2CSDESTRET%2CCNTLRDES%2CSIGNALNC&returnGeometry=true&outSR=4326&f=json
3738,87055000,Miami-Dade,6,MIAMI-DADE,SW 97 AVE,N/A,N/A,25.701581,-80.350274,FDOT Traffic Signal Locations TDA,https://services1.arcgis.com/O1JpcwDW8sjYuddV/arcgis/rest/services/Traffic_Signal_Locations_TDA/FeatureServer/0,https://services1.arcgis.com/O1JpcwDW8sjYuddV/arcgis/rest/services/Traffic_Signal_Locations_TDA/FeatureServer/0/query?where=COUNTY%3D%27Miami-Dade%27&outFields=SIGNALID%2CCOUNTY%2CRDWYID%2CDISTRICT%2CMAINTAGC%2CSDESTRET%2CCNTLRDES%2CSIGNALNC&returnGeometry=true&outSR=4326&f=json
3657,87260600,Miami-Dade,6,MIAMI-DADE,NW 17 AVE,N/A,02,25.926645,-80.228463,FDOT Traffic Signal Locations TDA,https://services1.arcgis.com/O1JpcwDW8sjYuddV/arcgis/rest/services/Traffic_Signal_Locations_TDA/FeatureServer/0,https://services1.arcgis.com/O1JpcwDW8sjYuddV/arcgis/rest/services/Traffic_Signal_Locations_TDA/FeatureServer/0/query?where=COUNTY%3D%27Miami-Dade%27&outFields=SIGNALID%2CCOUNTY%2CRDWYID%2CDISTRICT%2CMAINTAGC%2CSDESTRET%2CCNTLRDES%2CSIGNALNC&returnGeometry=true&outSR=4326&f=json
4420,87034000,Miami-Dade,6,MIAMI-DADE,SOMMERS DR/NE 107 ST,N/A,N/A,25.873729,-80.18575,FDOT Traffic Signal Locations TDA,https://services1.arcgis.com/O1JpcwDW8sjYuddV/arcgis/rest/services/Traffic_Signal_Locations_TDA/FeatureServer/0,https://services1.arcgis.com/O1JpcwDW8sjYuddV/arcgis/rest/services/Traffic_Signal_Locations_TDA/FeatureServer/0/query?where=COUNTY%3D%27Miami-Dade%27&outFields=SIGNALID%2CCOUNTY%2CRDWYID%2CDISTRICT%2CMAINTAGC%2CSDESTRET%2CCNTLRDES%2CSIGNALNC&returnGeometry=true&outSR=4326&f=json
2243,87030000,Miami-Dade,6,MIAMI DADE COUNTY,SE 8 ST,N/A,N/A,25.766242,-80.190603,FDOT Traffic Signal Locations TDA,https://services1.arcgis.com/O1JpcwDW8sjYuddV/arcgis/rest/services/Traffic_Signal_Locations_TDA/FeatureServer/0,https://services1.arcgis.com/O1JpcwDW8sjYuddV/arcgis/rest/services/Traffic_Signal_Locations_TDA/FeatureServer/0/query?where=COUNTY%3D%27Miami-Dade%27&outFields=SIGNALID%2CCOUNTY%2CRDWYID%2CDISTRICT%2CMAINTAGC%2CSDESTRET%2CCNTLRDES%2CSIGNALNC&returnGeometry=true&outSR=4326&f=json
3085,87027000,Miami-Dade,6,MIAMI-DADE,NW 12 ST,N/A,N/A,25.782599,-80.3126,FDOT Traffic Signal Locations TDA,https://services1.arcgis.com/O1JpcwDW8sjYuddV/arcgis/rest/services/Traffic_Signal_Locations_TDA/FeatureServer/0,https://services1.arcgis.com/O1JpcwDW8sjYuddV/arcgis/rest/services/Traffic_Signal_Locations_TDA/FeatureServer/0/query?where=COUNTY%3D%27Miami-Dade%27&outFields=SIGNALID%2CCOUNTY%2CRDWYID%2CDISTRICT%2CMAINTAGC%2CSDESTRET%2CCNTLRDES%2CSIGNALNC&returnGeometry=true&outSR=4326&f=json
5170,87075703,Miami-Dade,6,MIAMI-DADE,NW 87 AVE/W 28 AVE,N/A,N/A,25.894927,-80.340135,FDOT Traffic Signal Locations TDA,https://services1.arcgis.com/O1JpcwDW8sjYuddV/arcgis/rest/services/Traffic_Signal_Locations_TDA/FeatureServer/0,https://services1.arcgis.com/O1JpcwDW8sjYuddV/arcgis/rest/services/Traffic_Signal_Locations_TDA/FeatureServer/0/query?where=COUNTY%3D%27Miami-Dade%27&outFields=SIGNALID%2CCOUNTY%2CRDWYID%2CDISTRICT%2CMAINTAGC%2CSDESTRET%2CCNTLRDES%2CSIGNALNC&returnGeometry=true&outSR=4326&f=json
2672,87060002,Miami-Dade,6,MIAMI-DADE,SR A1A/26 ST,N/A,N/A,25.802352,-80.126299,FDOT Traffic Signal Locations TDA,https://services1.arcgis.com/O1JpcwDW8sjYuddV/arcgis/rest/services/Traffic_Signal_Locations_TDA/FeatureServer/0,https://services1.arcgis.com/O1JpcwDW8sjYuddV/arcgis/rest/services/Traffic_Signal_Locations_TDA/FeatureServer/0/query?where=COUNTY%3D%27Miami-Dade%27&outFields=SIGNALID%2CCOUNTY%2CRDWYID%2CDISTRICT%2CMAINTAGC%2CSDESTRET%2CCNTLRDES%2CSIGNALNC&returnGeometry=true&outSR=4326&f=json
2850,87250000,Miami-Dade,6,MIAMI-DADE,E 1 AVE,N/A,N/A,25.822718,-80.2794,FDOT Traffic Signal Locations TDA,https://services1.arcgis.com/O1JpcwDW8sjYuddV/arcgis/rest/services/Traffic_Signal_Locations_TDA/FeatureServer/0,https://services1.arcgis.com/O1JpcwDW8sjYuddV/arcgis/rest/services/Traffic_Signal_Locations_TDA/FeatureServer/0/query?where=COUNTY%3D%27Miami-Dade%27&outFields=SIGNALID%2CCOUNTY%2CRDWYID%2CDISTRICT%2CMAINTAGC%2CSDESTRET%2CCNTLRDES%2CSIGNALNC&returnGeometry=true&outSR=4326&f=json
3317,87044000,Miami-Dade,6,MIAMI-DADE,SW 82 AV,N/A,N/A,25.733163,-80.325487,FDOT Traffic Signal Locations TDA,https://services1.arcgis.com/O1JpcwDW8sjYuddV/arcgis/rest/services/Traffic_Signal_Locations_TDA/FeatureServer/0,https://services1.arcgis.com/O1JpcwDW8sjYuddV/arcgis/rest/services/Traffic_Signal_Locations_TDA/FeatureServer/0/query?where=COUNTY%3D%27Miami-Dade%27&outFields=SIGNALID%2CCOUNTY%2CRDWYID%2CDISTRICT%2CMAINTAGC%2CSDESTRET%2CCNTLRDES%2CSIGNALNC&returnGeometry=true&outSR=4326&f=json
3626,87030000,Miami-Dade,6,MIAMI-DADE,SW 80 ST,N/A,N/A,25.696487,-80.299064,FDOT Traffic Signal Locations TDA,https://services1.arcgis.com/O1JpcwDW8sjYuddV/arcgis/rest/services/Traffic_Signal_Locations_TDA/FeatureServer/0,https://services1.arcgis.com/O1JpcwDW8sjYuddV/arcgis/rest/services/Traffic_Signal_Locations_TDA/FeatureServer/0/query?where=COUNTY%3D%27Miami-Dade%27&outFields=SIGNALID%2CCOUNTY%2CRDWYID%2CDISTRICT%2CMAINTAGC%2CSDESTRET%2CCNTLRDES%2CSIGNALNC&returnGeometry=true&outSR=4326&f=json
3973,87140000,Miami-Dade,6,MIAMI-DADE,LITTLE RIVER DR,N/A,N/A,25.855143,-80.209447,FDOT Traffic Signal Locations TDA,https://services1.arcgis.com/O1JpcwDW8sjYuddV/arcgis/rest/services/Traffic_Signal_Locations_TDA/FeatureServer/0,https://services1.arcgis.com/O1JpcwDW8sjYuddV/arcgis/rest/services/Traffic_Signal_Locations_TDA/FeatureServer/0/query?where=COUNTY%3D%27Miami-Dade%27&outFields=SIGNALID%2CCOUNTY%2CRDWYID%2CDISTRICT%2CMAINTAGC%2CSDESTRET%2CCNTLRDES%2CSIGNALNC&returnGeometry=true&outSR=4326&f=json
5646,87085000,Miami-Dade,6,MIAMI-DADE,N/A,N/A,N/A,25.761205,-80.214281,FDOT Traffic Signal Locations TDA,https://services1.arcgis.com/O1JpcwDW8sjYuddV/arcgis/rest/services/Traffic_Signal_Locations_TDA/FeatureServer/0,https://services1.arcgis.com/O1JpcwDW8sjYuddV/arcgis/rest/services/Traffic_Signal_Locations_TDA/FeatureServer/0/query?where=COUNTY%3D%27Miami-Dade%27&outFields=SIGNALID%2CCOUNTY%2CRDWYID%2CDISTRICT%2CMAINTAGC%2CSDESTRET%2CCNTLRDES%2CSIGNALNC&returnGeometry=true&outSR=4326&f=json
3601,87190000,Miami-Dade,6,MIAMI-DADE,NE 151 ST/NE 18 AVE,N/A,N/A,25.914764,-80.163453,FDOT Traffic Signal Locations TDA,https://services1.arcgis.com/O1JpcwDW8sjYuddV/arcgis/rest/services/Traffic_Signal_Locations_TDA/FeatureServer/0,https://services1.arcgis.com/O1JpcwDW8sjYuddV/arcgis/rest/services/Traffic_Signal_Locations_TDA/FeatureServer/0/query?where=COUNTY%3D%27Miami-Dade%27&outFields=SIGNALID%2CCOUNTY%2CRDWYID%2CDISTRICT%2CMAINTAGC%2CSDESTRET%2CCNTLRDES%2CSIGNALNC&returnGeometry=true&outSR=4326&f=json
2095,87140000,Miami-Dade,6,MIAMI-DADE,SR 934/NW 79 ST,N/A,02,25.846964,-80.209156,FDOT Traffic Signal Locations TDA,https://services1.arcgis.com/O1JpcwDW8sjYuddV/arcgis/rest/services/Traffic_Signal_Locations_TDA/FeatureServer/0,https://services1.arcgis.com/O1JpcwDW8sjYuddV/arcgis/rest/services/Traffic_Signal_Locations_TDA/FeatureServer/0/query?where=COUNTY%3D%27Miami-Dade%27&outFields=SIGNALID%2CCOUNTY%2CRDWYID%2CDISTRICT%2CMAINTAGC%2CSDESTRET%2CCNTLRDES%2CSIGNALNC&returnGeometry=true&outSR=4326&f=json
3333,87038000,Miami-Dade,6,MIAMI-DADE,E 3 AV,N/A,N/A,25.867041,-80.276808,FDOT Traffic Signal Locations TDA,https://services1.arcgis.com/O1JpcwDW8sjYuddV/arcgis/rest/services/Traffic_Signal_Locations_TDA/FeatureServer/0,https://services1.arcgis.com/O1JpcwDW8sjYuddV/arcgis/rest/services/Traffic_Signal_Locations_TDA/FeatureServer/0/query?where=COUNTY%3D%27Miami-Dade%27&outFields=SIGNALID%2CCOUNTY%2CRDWYID%2CDISTRICT%2CMAINTAGC%2CSDESTRET%2CCNTLRDES%2CSIGNALNC&returnGeometry=true&outSR=4326&f=json
2561,87030000,Miami-Dade,6,MIAMI DADE,SR 915/NE 6 AVE,N/A,02,25.856395,-80.184892,FDOT Traffic Signal Locations TDA,https://services1.arcgis.com/O1JpcwDW8sjYuddV/arcgis/rest/services/Traffic_Signal_Locations_TDA/FeatureServer/0,https://services1.arcgis.com/O1JpcwDW8sjYuddV/arcgis/rest/services/Traffic_Signal_Locations_TDA/FeatureServer/0/query?where=COUNTY%3D%27Miami-Dade%27&outFields=SIGNALID%2CCOUNTY%2CRDWYID%2CDISTRICT%2CMAINTAGC%2CSDESTRET%2CCNTLRDES%2CSIGNALNC&returnGeometry=true&outSR=4326&f=json
4392,87260533,Miami-Dade,6,MIAMI-DADE,NW 32 AVE,N/A,02,25.925736,-80.252666,FDOT Traffic Signal Locations TDA,https://services1.arcgis.com/O1JpcwDW8sjYuddV/arcgis/rest/services/Traffic_Signal_Locations_TDA/FeatureServer/0,https://services1.arcgis.com/O1JpcwDW8sjYuddV/arcgis/rest/services/Traffic_Signal_Locations_TDA/FeatureServer/0/query?where=COUNTY%3D%27Miami-Dade%27&outFields=SIGNALID%2CCOUNTY%2CRDWYID%2CDISTRICT%2CMAINTAGC%2CSDESTRET%2CCNTLRDES%2CSIGNALNC&returnGeometry=true&outSR=4326&f=json
4828,87012000,Miami-Dade,6,MIAMI-DADE,NW 199 ST/HONEY HILL,N/A,N/A,25.954099,-80.27821,FDOT Traffic Signal Locations TDA,https://services1.arcgis.com/O1JpcwDW8sjYuddV/arcgis/rest/services/Traffic_Signal_Locations_TDA/FeatureServer/0,https://services1.arcgis.com/O1JpcwDW8sjYuddV/arcgis/rest/services/Traffic_Signal_Locations_TDA/FeatureServer/0/query?where=COUNTY%3D%27Miami-Dade%27&outFields=SIGNALID%2CCOUNTY%2CRDWYID%2CDISTRICT%2CMAINTAGC%2CSDESTRET%2CCNTLRDES%2CSIGNALNC&returnGeometry=true&outSR=4326&f=json
3838,87002000,Miami-Dade,6,MIAMI-DADE,NW 150 ST / MIAMI LA,N/A,N/A,25.909823,-80.292473,FDOT Traffic Signal Locations TDA,https://services1.arcgis.com/O1JpcwDW8sjYuddV/arcgis/rest/services/Traffic_Signal_Locations_TDA/FeatureServer/0,https://services1.arcgis.com/O1JpcwDW8sjYuddV/arcgis/rest/services/Traffic_Signal_Locations_TDA/FeatureServer/0/query?where=COUNTY%3D%27Miami-Dade%27&outFields=SIGNALID%2CCOUNTY%2CRDWYID%2CDISTRICT%2CMAINTAGC%2CSDESTRET%2CCNTLRDES%2CSIGNALNC&returnGeometry=true&outSR=4326&f=json
3449,87120001,Miami-Dade,6,MIAMI-DADE,S MIAMI AVE,N/A,N/A,25.767379,-80.193364,FDOT Traffic Signal Locations TDA,https://services1.arcgis.com/O1JpcwDW8sjYuddV/arcgis/rest/services/Traffic_Signal_Locations_TDA/FeatureServer/0,https://services1.arcgis.com/O1JpcwDW8sjYuddV/arcgis/rest/services/Traffic_Signal_Locations_TDA/FeatureServer/0/query?where=COUNTY%3D%27Miami-Dade%27&outFields=SIGNALID%2CCOUNTY%2CRDWYID%2CDISTRICT%2CMAINTAGC%2CSDESTRET%2CCNTLRDES%2CSIGNALNC&returnGeometry=true&outSR=4326&f=json
3745,87053003,Miami-Dade,6,MIAMI-DADE,W 10 AV,N/A,N/A,25.773632,-80.211422,FDOT Traffic Signal Locations TDA,https://services1.arcgis.com/O1JpcwDW8sjYuddV/arcgis/rest/services/Traffic_Signal_Locations_TDA/FeatureServer/0,https://services1.arcgis.com/O1JpcwDW8sjYuddV/arcgis/rest/services/Traffic_Signal_Locations_TDA/FeatureServer/0/query?where=COUNTY%3D%27Miami-Dade%27&outFields=SIGNALID%2CCOUNTY%2CRDWYID%2CDISTRICT%2CMAINTAGC%2CSDESTRET%2CCNTLRDES%2CSIGNALNC&returnGeometry=true&outSR=4326&f=json
5241,87019000,Miami-Dade,6,MIAMI-DADE,SR 852/NW 215 ST,N/A,02,25.971764,-80.24675,FDOT Traffic Signal Locations TDA,https://services1.arcgis.com/O1JpcwDW8sjYuddV/arcgis/rest/services/Traffic_Signal_Locations_TDA/FeatureServer/0,https://services1.arcgis.com/O1JpcwDW8sjYuddV/arcgis/rest/services/Traffic_Signal_Locations_TDA/FeatureServer/0/query?where=COUNTY%3D%27Miami-Dade%27&outFields=SIGNALID%2CCOUNTY%2CRDWYID%2CDISTRICT%2CMAINTAGC%2CSDESTRET%2CCNTLRDES%2CSIGNALNC&returnGeometry=true&outSR=4326&f=json
3774,87001000,Miami-Dade,6,MIAMI-DADE,SW 79 AVE,N/A,N/A,25.688348,-80.321279,FDOT Traffic Signal Locations TDA,https://services1.arcgis.com/O1JpcwDW8sjYuddV/arcgis/rest/services/Traffic_Signal_Locations_TDA/FeatureServer/0,https://services1.arcgis.com/O1JpcwDW8sjYuddV/arcgis/rest/services/Traffic_Signal_Locations_TDA/FeatureServer/0/query?where=COUNTY%3D%27Miami-Dade%27&outFields=SIGNALID%2CCOUNTY%2CRDWYID%2CDISTRICT%2CMAINTAGC%2CSDESTRET%2CCNTLRDES%2CSIGNALNC&returnGeometry=true&outSR=4326&f=json
2147,87030000,Miami-Dade,6,MIAMI-DADE,N/A,N/A,N/A,25.74122,-80.234185,FDOT Traffic Signal Locations TDA,https://services1.arcgis.com/O1JpcwDW8sjYuddV/arcgis/rest/services/Traffic_Signal_Locations_TDA/FeatureServer/0,https://services1.arcgis.com/O1JpcwDW8sjYuddV/arcgis/rest/services/Traffic_Signal_Locations_TDA/FeatureServer/0/query?where=COUNTY%3D%27Miami-Dade%27&outFields=SIGNALID%2CCOUNTY%2CRDWYID%2CDISTRICT%2CMAINTAGC%2CSDESTRET%2CCNTLRDES%2CSIGNALNC&returnGeometry=true&outSR=4326&f=json
3454,87030000,Miami-Dade,6,MIAMI-DADE,NE 187 ST,N/A,N/A,25.948434,-80.146731,FDOT Traffic Signal Locations TDA,https://services1.arcgis.com/O1JpcwDW8sjYuddV/arcgis/rest/services/Traffic_Signal_Locations_TDA/FeatureServer/0,https://services1.arcgis.com/O1JpcwDW8sjYuddV/arcgis/rest/services/Traffic_Signal_Locations_TDA/FeatureServer/0/query?where=COUNTY%3D%27Miami-Dade%27&outFields=SIGNALID%2CCOUNTY%2CRDWYID%2CDISTRICT%2CMAINTAGC%2CSDESTRET%2CCNTLRDES%2CSIGNALNC&returnGeometry=true&outSR=4326&f=json
4826,87046000,Miami-Dade,6,MIAMI-DADE,SW 102 AVE,N/A,N/A,25.667433,-80.359016,FDOT Traffic Signal Locations TDA,https://services1.arcgis.com/O1JpcwDW8sjYuddV/arcgis/rest/services/Traffic_Signal_Locations_TDA/FeatureServer/0,https://services1.arcgis.com/O1JpcwDW8sjYuddV/arcgis/rest/services/Traffic_Signal_Locations_TDA/FeatureServer/0/query?where=COUNTY%3D%27Miami-Dade%27&outFields=SIGNALID%2CCOUNTY%2CRDWYID%2CDISTRICT%2CMAINTAGC%2CSDESTRET%2CCNTLRDES%2CSIGNALNC&returnGeometry=true&outSR=4326&f=json
6938,87090000,Miami-Dade,6,MIAMI DADE COUNTY,NW 36 AVE,N/A,N/A,25.808683,-80.25419,FDOT Traffic Signal Locations TDA,https://services1.arcgis.com/O1JpcwDW8sjYuddV/arcgis/rest/services/Traffic_Signal_Locations_TDA/FeatureServer/0,https://services1.arcgis.com/O1JpcwDW8sjYuddV/arcgis/rest/services/Traffic_Signal_Locations_TDA/FeatureServer/0/query?where=COUNTY%3D%27Miami-Dade%27&outFields=SIGNALID%2CCOUNTY%2CRDWYID%2CDISTRICT%2CMAINTAGC%2CSDESTRET%2CCNTLRDES%2CSIGNALNC&returnGeometry=true&outSR=4326&f=json
2129,87053000,Miami-Dade,6,MIAMI-DADE,N/A,N/A,N/A,25.770689,-80.293978,FDOT Traffic Signal Locations TDA,https://services1.arcgis.com/O1JpcwDW8sjYuddV/arcgis/rest/services/Traffic_Signal_Locations_TDA/FeatureServer/0,https://services1.arcgis.com/O1JpcwDW8sjYuddV/arcgis/rest/services/Traffic_Signal_Locations_TDA/FeatureServer/0/query?where=COUNTY%3D%27Miami-Dade%27&outFields=SIGNALID%2CCOUNTY%2CRDWYID%2CDISTRICT%2CMAINTAGC%2CSDESTRET%2CCNTLRDES%2CSIGNALNC&returnGeometry=true&outSR=4326&f=json
5306,87044000,Miami-Dade,6,MIAMI-DADE,N/A,N/A,N/A,25.732677,-80.350811,FDOT Traffic Signal Locations TDA,https://services1.arcgis.com/O1JpcwDW8sjYuddV/arcgis/rest/services/Traffic_Signal_Locations_TDA/FeatureServer/0,https://services1.arcgis.com/O1JpcwDW8sjYuddV/arcgis/rest/services/Traffic_Signal_Locations_TDA/FeatureServer/0/query?where=COUNTY%3D%27Miami-Dade%27&outFields=SIGNALID%2CCOUNTY%2CRDWYID%2CDISTRICT%2CMAINTAGC%2CSDESTRET%2CCNTLRDES%2CSIGNALNC&returnGeometry=true&outSR=4326&f=json
6445,87026000,Miami-Dade,6,MIAMI-DADE,N/A,N/A,N/A,25.941082,-80.240248,FDOT Traffic Signal Locations TDA,https://services1.arcgis.com/O1JpcwDW8sjYuddV/arcgis/rest/services/Traffic_Signal_Locations_TDA/FeatureServer/0,https://services1.arcgis.com/O1JpcwDW8sjYuddV/arcgis/rest/services/Traffic_Signal_Locations_TDA/FeatureServer/0/query?where=COUNTY%3D%27Miami-Dade%27&outFields=SIGNALID%2CCOUNTY%2CRDWYID%2CDISTRICT%2CMAINTAGC%2CSDESTRET%2CCNTLRDES%2CSIGNALNC&returnGeometry=true&outSR=4326&f=json
2711,87060001,Miami-Dade,6,MIAMI-DADE,74 ST,N/A,N/A,25.859548,-80.122196,FDOT Traffic Signal Locations TDA,https://services1.arcgis.com/O1JpcwDW8sjYuddV/arcgis/rest/services/Traffic_Signal_Locations_TDA/FeatureServer/0,https://services1.arcgis.com/O1JpcwDW8sjYuddV/arcgis/rest/services/Traffic_Signal_Locations_TDA/FeatureServer/0/query?where=COUNTY%3D%27Miami-Dade%27&outFields=SIGNALID%2CCOUNTY%2CRDWYID%2CDISTRICT%2CMAINTAGC%2CSDESTRET%2CCNTLRDES%2CSIGNALNC&returnGeometry=true&outSR=4326&f=json
3143,87220000,Miami-Dade,6,MIAMI-DADE,EAST DR,N/A,N/A,25.808122,-80.272787,FDOT Traffic Signal Locations TDA,https://services1.arcgis.com/O1JpcwDW8sjYuddV/arcgis/rest/services/Traffic_Signal_Locations_TDA/FeatureServer/0,https://services1.arcgis.com/O1JpcwDW8sjYuddV/arcgis/rest/services/Traffic_Signal_Locations_TDA/FeatureServer/0/query?where=COUNTY%3D%27Miami-Dade%27&outFields=SIGNALID%2CCOUNTY%2CRDWYID%2CDISTRICT%2CMAINTAGC%2CSDESTRET%2CCNTLRDES%2CSIGNALNC&returnGeometry=true&outSR=4326&f=json
4676,87090000,Miami-Dade,6,MIAMI-DADE,N/A,N/A,N/A,25.810054,-80.20754,FDOT Traffic Signal Locations TDA,https://services1.arcgis.com/O1JpcwDW8sjYuddV/arcgis/rest/services/Traffic_Signal_Locations_TDA/FeatureServer/0,https://services1.arcgis.com/O1JpcwDW8sjYuddV/arcgis/rest/services/Traffic_Signal_Locations_TDA/FeatureServer/0/query?where=COUNTY%3D%27Miami-Dade%27&outFields=SIGNALID%2CCOUNTY%2CRDWYID%2CDISTRICT%2CMAINTAGC%2CSDESTRET%2CCNTLRDES%2CSIGNALNC&returnGeometry=true&outSR=4326&f=json
3220,87240000,Miami-Dade,6,MIAMI-DADE,NW 113 ST,N/A,N/A,25.877069,-80.242775,FDOT Traffic Signal Locations TDA,https://services1.arcgis.com/O1JpcwDW8sjYuddV/arcgis/rest/services/Traffic_Signal_Locations_TDA/FeatureServer/0,https://services1.arcgis.com/O1JpcwDW8sjYuddV/arcgis/rest/services/Traffic_Signal_Locations_TDA/FeatureServer/0/query?where=COUNTY%3D%27Miami-Dade%27&outFields=SIGNALID%2CCOUNTY%2CRDWYID%2CDISTRICT%2CMAINTAGC%2CSDESTRET%2CCNTLRDES%2CSIGNALNC&returnGeometry=true&outSR=4326&f=json
2497,87080900,Miami-Dade,6,MIAMI-DADE,NW 17 AVE,N/A,N/A,25.84647,-80.225779,FDOT Traffic Signal Locations TDA,https://services1.arcgis.com/O1JpcwDW8sjYuddV/arcgis/rest/services/Traffic_Signal_Locations_TDA/FeatureServer/0,https://services1.arcgis.com/O1JpcwDW8sjYuddV/arcgis/rest/services/Traffic_Signal_Locations_TDA/FeatureServer/0/query?where=COUNTY%3D%27Miami-Dade%27&outFields=SIGNALID%2CCOUNTY%2CRDWYID%2CDISTRICT%2CMAINTAGC%2CSDESTRET%2CCNTLRDES%2CSIGNALNC&returnGeometry=true&outSR=4326&f=json
2251,87120000,Miami-Dade,6,MIAMI-DADE,SW 22 AVE,N/A,N/A,25.765425,-80.230625,FDOT Traffic Signal Locations TDA,https://services1.arcgis.com/O1JpcwDW8sjYuddV/arcgis/rest/services/Traffic_Signal_Locations_TDA/FeatureServer/0,https://services1.arcgis.com/O1JpcwDW8sjYuddV/arcgis/rest/services/Traffic_Signal_Locations_TDA/FeatureServer/0/query?where=COUNTY%3D%27Miami-Dade%27&outFields=SIGNALID%2CCOUNTY%2CRDWYID%2CDISTRICT%2CMAINTAGC%2CSDESTRET%2CCNTLRDES%2CSIGNALNC&returnGeometry=true&outSR=4326&f=json
2027,87170000,Miami-Dade,6,MIAMI-DADE,N/A,N/A,N/A,25.925851,-80.178472,FDOT Traffic Signal Locations TDA,https://services1.arcgis.com/O1JpcwDW8sjYuddV/arcgis/rest/services/Traffic_Signal_Locations_TDA/FeatureServer/0,https://services1.arcgis.com/O1JpcwDW8sjYuddV/arcgis/rest/services/Traffic_Signal_Locations_TDA/FeatureServer/0/query?where=COUNTY%3D%27Miami-Dade%27&outFields=SIGNALID%2CCOUNTY%2CRDWYID%2CDISTRICT%2CMAINTAGC%2CSDESTRET%2CCNTLRDES%2CSIGNALNC&returnGeometry=true&outSR=4326&f=json
3402,87085000,Miami-Dade,6,MIAMI-DADE,NW 12 ST,N/A,N/A,25.785785,-80.214858,FDOT Traffic Signal Locations TDA,https://services1.arcgis.com/O1JpcwDW8sjYuddV/arcgis/rest/services/Traffic_Signal_Locations_TDA/FeatureServer/0,https://services1.arcgis.com/O1JpcwDW8sjYuddV/arcgis/rest/services/Traffic_Signal_Locations_TDA/FeatureServer/0/query?where=COUNTY%3D%27Miami-Dade%27&outFields=SIGNALID%2CCOUNTY%2CRDWYID%2CDISTRICT%2CMAINTAGC%2CSDESTRET%2CCNTLRDES%2CSIGNALNC&returnGeometry=true&outSR=4326&f=json
2113,87030000,Miami-Dade,6,MIAMI-DADE,NE 71 ST,N/A,N/A,25.84026,-80.184333,FDOT Traffic Signal Locations TDA,https://services1.arcgis.com/O1JpcwDW8sjYuddV/arcgis/rest/services/Traffic_Signal_Locations_TDA/FeatureServer/0,https://services1.arcgis.com/O1JpcwDW8sjYuddV/arcgis/rest/services/Traffic_Signal_Locations_TDA/FeatureServer/0/query?where=COUNTY%3D%27Miami-Dade%27&outFields=SIGNALID%2CCOUNTY%2CRDWYID%2CDISTRICT%2CMAINTAGC%2CSDESTRET%2CCNTLRDES%2CSIGNALNC&returnGeometry=true&outSR=4326&f=json
5440,87027000,Miami-Dade,6,MIAMI-DADE,NW 31 ST,N/A,N/A,25.802564,-80.313012,FDOT Traffic Signal Locations TDA,https://services1.arcgis.com/O1JpcwDW8sjYuddV/arcgis/rest/services/Traffic_Signal_Locations_TDA/FeatureServer/0,https://services1.arcgis.com/O1JpcwDW8sjYuddV/arcgis/rest/services/Traffic_Signal_Locations_TDA/FeatureServer/0/query?where=COUNTY%3D%27Miami-Dade%27&outFields=SIGNALID%2CCOUNTY%2CRDWYID%2CDISTRICT%2CMAINTAGC%2CSDESTRET%2CCNTLRDES%2CSIGNALNC&returnGeometry=true&outSR=4326&f=json
2621,87281000,Miami-Dade,6,MIAMI-DADE,SR 5/S DIXIE HWY,N/A,02,25.726524,-80.261679,FDOT Traffic Signal Locations TDA,https://services1.arcgis.com/O1JpcwDW8sjYuddV/arcgis/rest/services/Traffic_Signal_Locations_TDA/FeatureServer/0,https://services1.arcgis.com/O1JpcwDW8sjYuddV/arcgis/rest/services/Traffic_Signal_Locations_TDA/FeatureServer/0/query?where=COUNTY%3D%27Miami-Dade%27&outFields=SIGNALID%2CCOUNTY%2CRDWYID%2CDISTRICT%2CMAINTAGC%2CSDESTRET%2CCNTLRDES%2CSIGNALNC&returnGeometry=true&outSR=4326&f=json
2258,87054000,Miami-Dade,6,MIAMI-DADE,SW 2 AV,N/A,N/A,25.761482,-80.197388,FDOT Traffic Signal Locations TDA,https://services1.arcgis.com/O1JpcwDW8sjYuddV/arcgis/rest/services/Traffic_Signal_Locations_TDA/FeatureServer/0,https://services1.arcgis.com/O1JpcwDW8sjYuddV/arcgis/rest/services/Traffic_Signal_Locations_TDA/FeatureServer/0/query?where=COUNTY%3D%27Miami-Dade%27&outFields=SIGNALID%2CCOUNTY%2CRDWYID%2CDISTRICT%2CMAINTAGC%2CSDESTRET%2CCNTLRDES%2CSIGNALNC&returnGeometry=true&outSR=4326&f=json
4606,87210000,Miami-Dade,6,MIAMI-DADE,SR A1A/COLLINS AVE,N/A,02,25.953685,-80.120524,FDOT Traffic Signal Locations TDA,https://services1.arcgis.com/O1JpcwDW8sjYuddV/arcgis/rest/services/Traffic_Signal_Locations_TDA/FeatureServer/0,https://services1.arcgis.com/O1JpcwDW8sjYuddV/arcgis/rest/services/Traffic_Signal_Locations_TDA/FeatureServer/0/query?where=COUNTY%3D%27Miami-Dade%27&outFields=SIGNALID%2CCOUNTY%2CRDWYID%2CDISTRICT%2CMAINTAGC%2CSDESTRET%2CCNTLRDES%2CSIGNALNC&returnGeometry=true&outSR=4326&f=json
4264,87026000,Miami-Dade,6,MIAMI-DADE,RED RD/NW 57 AV,N/A,02,25.939248,-80.293841,FDOT Traffic Signal Locations TDA,https://services1.arcgis.com/O1JpcwDW8sjYuddV/arcgis/rest/services/Traffic_Signal_Locations_TDA/FeatureServer/0,https://services1.arcgis.com/O1JpcwDW8sjYuddV/arcgis/rest/services/Traffic_Signal_Locations_TDA/FeatureServer/0/query?where=COUNTY%3D%27Miami-Dade%27&outFields=SIGNALID%2CCOUNTY%2CRDWYID%2CDISTRICT%2CMAINTAGC%2CSDESTRET%2CCNTLRDES%2CSIGNALNC&returnGeometry=true&outSR=4326&f=json
4483,87047000,Miami-Dade,6,MIAMI-DADE,ON/OFF RAMPS (WEST),N/A,N/A,25.695921,-80.333775,FDOT Traffic Signal Locations TDA,https://services1.arcgis.com/O1JpcwDW8sjYuddV/arcgis/rest/services/Traffic_Signal_Locations_TDA/FeatureServer/0,https://services1.arcgis.com/O1JpcwDW8sjYuddV/arcgis/rest/services/Traffic_Signal_Locations_TDA/FeatureServer/0/query?where=COUNTY%3D%27Miami-Dade%27&outFields=SIGNALID%2CCOUNTY%2CRDWYID%2CDISTRICT%2CMAINTAGC%2CSDESTRET%2CCNTLRDES%2CSIGNALNC&returnGeometry=true&outSR=4326&f=json
3664,87281000,Miami-Dade,6,MIAMI-DADE,E 21 ST,N/A,N/A,25.841285,-80.266009,FDOT Traffic Signal Locations TDA,https://services1.arcgis.com/O1JpcwDW8sjYuddV/arcgis/rest/services/Traffic_Signal_Locations_TDA/FeatureServer/0,https://services1.arcgis.com/O1JpcwDW8sjYuddV/arcgis/rest/services/Traffic_Signal_Locations_TDA/FeatureServer/0/query?where=COUNTY%3D%27Miami-Dade%27&outFields=SIGNALID%2CCOUNTY%2CRDWYID%2CDISTRICT%2CMAINTAGC%2CSDESTRET%2CCNTLRDES%2CSIGNALNC&returnGeometry=true&outSR=4326&f=json
4534,87080900,Miami-Dade,6,MIAMI-DADE,OFFRAMP 87260399,N/A,N/A,25.840635,-80.323329,FDOT Traffic Signal Locations TDA,https://services1.arcgis.com/O1JpcwDW8sjYuddV/arcgis/rest/services/Traffic_Signal_Locations_TDA/FeatureServer/0,https://services1.arcgis.com/O1JpcwDW8sjYuddV/arcgis/rest/services/Traffic_Signal_Locations_TDA/FeatureServer/0/query?where=COUNTY%3D%27Miami-Dade%27&outFields=SIGNALID%2CCOUNTY%2CRDWYID%2CDISTRICT%2CMAINTAGC%2CSDESTRET%2CCNTLRDES%2CSIGNALNC&returnGeometry=true&outSR=4326&f=json
4166,87260530,Miami-Dade,6,MIAMI-DADE,NW 37 AVE/DOUGLAS RD,N/A,02,25.926095,-80.260667,FDOT Traffic Signal Locations TDA,https://services1.arcgis.com/O1JpcwDW8sjYuddV/arcgis/rest/services/Traffic_Signal_Locations_TDA/FeatureServer/0,https://services1.arcgis.com/O1JpcwDW8sjYuddV/arcgis/rest/services/Traffic_Signal_Locations_TDA/FeatureServer/0/query?where=COUNTY%3D%27Miami-Dade%27&outFields=SIGNALID%2CCOUNTY%2CRDWYID%2CDISTRICT%2CMAINTAGC%2CSDESTRET%2CCNTLRDES%2CSIGNALNC&returnGeometry=true&outSR=4326&f=json
2570,87038000,Miami-Dade,6,MIAMI-DADE,N MIAMI AV,N/A,N/A,25.869548,-80.197558,FDOT Traffic Signal Locations TDA,https://services1.arcgis.com/O1JpcwDW8sjYuddV/arcgis/rest/services/Traffic_Signal_Locations_TDA/FeatureServer/0,https://services1.arcgis.com/O1JpcwDW8sjYuddV/arcgis/rest/services/Traffic_Signal_Locations_TDA/FeatureServer/0/query?where=COUNTY%3D%27Miami-Dade%27&outFields=SIGNALID%2CCOUNTY%2CRDWYID%2CDISTRICT%2CMAINTAGC%2CSDESTRET%2CCNTLRDES%2CSIGNALNC&returnGeometry=true&outSR=4326&f=json
2599,87062000,Miami-Dade,6,MIAMI-DADE,SR 976/SW 40 ST,N/A,N/A,25.734011,-80.286507,FDOT Traffic Signal Locations TDA,https://services1.arcgis.com/O1JpcwDW8sjYuddV/arcgis/rest/services/Traffic_Signal_Locations_TDA/FeatureServer/0,https://services1.arcgis.com/O1JpcwDW8sjYuddV/arcgis/rest/services/Traffic_Signal_Locations_TDA/FeatureServer/0/query?where=COUNTY%3D%27Miami-Dade%27&outFields=SIGNALID%2CCOUNTY%2CRDWYID%2CDISTRICT%2CMAINTAGC%2CSDESTRET%2CCNTLRDES%2CSIGNALNC&returnGeometry=true&outSR=4326&f=json
2660,87060000,Miami-Dade,6,MIAMI-DADE,10 ST,N/A,N/A,25.780625,-80.13169,FDOT Traffic Signal Locations TDA,https://services1.arcgis.com/O1JpcwDW8sjYuddV/arcgis/rest/services/Traffic_Signal_Locations_TDA/FeatureServer/0,https://services1.arcgis.com/O1JpcwDW8sjYuddV/arcgis/rest/services/Traffic_Signal_Locations_TDA/FeatureServer/0/query?where=COUNTY%3D%27Miami-Dade%27&outFields=SIGNALID%2CCOUNTY%2CRDWYID%2CDISTRICT%2CMAINTAGC%2CSDESTRET%2CCNTLRDES%2CSIGNALNC&returnGeometry=true&outSR=4326&f=json
2152,87053000,Miami-Dade,6,MIAMI-DADE,N/A,N/A,N/A,25.771727,-80.261657,FDOT Traffic Signal Locations TDA,https://services1.arcgis.com/O1JpcwDW8sjYuddV/arcgis/rest/services/Traffic_Signal_Locations_TDA/FeatureServer/0,https://services1.arcgis.com/O1JpcwDW8sjYuddV/arcgis/rest/services/Traffic_Signal_Locations_TDA/FeatureServer/0/query?where=COUNTY%3D%27Miami-Dade%27&outFields=SIGNALID%2CCOUNTY%2CRDWYID%2CDISTRICT%2CMAINTAGC%2CSDESTRET%2CCNTLRDES%2CSIGNALNC&returnGeometry=true&outSR=4326&f=json
5100,87008000,Miami-Dade,6,MIAMI-DADE,N/A,N/A,N/A,25.8971,-80.248223,FDOT Traffic Signal Locations TDA,https://services1.arcgis.com/O1JpcwDW8sjYuddV/arcgis/rest/services/Traffic_Signal_Locations_TDA/FeatureServer/0,https://services1.arcgis.com/O1JpcwDW8sjYuddV/arcgis/rest/services/Traffic_Signal_Locations_TDA/FeatureServer/0/query?where=COUNTY%3D%27Miami-Dade%27&outFields=SIGNALID%2CCOUNTY%2CRDWYID%2CDISTRICT%2CMAINTAGC%2CSDESTRET%2CCNTLRDES%2CSIGNALNC&returnGeometry=true&outSR=4326&f=json
2088,87140000,Miami-Dade,6,MIAMI-DADE,NW 71 ST,N/A,N/A,25.839571,-80.208844,FDOT Traffic Signal Locations TDA,https://services1.arcgis.com/O1JpcwDW8sjYuddV/arcgis/rest/services/Traffic_Signal_Locations_TDA/FeatureServer/0,https://services1.arcgis.com/O1JpcwDW8sjYuddV/arcgis/rest/services/Traffic_Signal_Locations_TDA/FeatureServer/0/query?where=COUNTY%3D%27Miami-Dade%27&outFields=SIGNALID%2CCOUNTY%2CRDWYID%2CDISTRICT%2CMAINTAGC%2CSDESTRET%2CCNTLRDES%2CSIGNALNC&returnGeometry=true&outSR=4326&f=json
6090,87019000,Miami-Dade,6,MIAMI-DADE,N/A,N/A,N/A,25.913387,-80.244171,FDOT Traffic Signal Locations TDA,https://services1.arcgis.com/O1JpcwDW8sjYuddV/arcgis/rest/services/Traffic_Signal_Locations_TDA/FeatureServer/0,https://services1.arcgis.com/O1JpcwDW8sjYuddV/arcgis/rest/services/Traffic_Signal_Locations_TDA/FeatureServer/0/query?where=COUNTY%3D%27Miami-Dade%27&outFields=SIGNALID%2CCOUNTY%2CRDWYID%2CDISTRICT%2CMAINTAGC%2CSDESTRET%2CCNTLRDES%2CSIGNALNC&returnGeometry=true&outSR=4326&f=json
2170,87054000,Miami-Dade,6,MIAMI-DADE,N/A,N/A,N/A,25.761589,-80.193769,FDOT Traffic Signal Locations TDA,https://services1.arcgis.com/O1JpcwDW8sjYuddV/arcgis/rest/services/Traffic_Signal_Locations_TDA/FeatureServer/0,https://services1.arcgis.com/O1JpcwDW8sjYuddV/arcgis/rest/services/Traffic_Signal_Locations_TDA/FeatureServer/0/query?where=COUNTY%3D%27Miami-Dade%27&outFields=SIGNALID%2CCOUNTY%2CRDWYID%2CDISTRICT%2CMAINTAGC%2CSDESTRET%2CCNTLRDES%2CSIGNALNC&returnGeometry=true&outSR=4326&f=json
3236,87020000,Miami-Dade,6,MIAMI-DADE,SW 160 ST,N/A,N/A,25.619191,-80.3455,FDOT Traffic Signal Locations TDA,https://services1.arcgis.com/O1JpcwDW8sjYuddV/arcgis/rest/services/Traffic_Signal_Locations_TDA/FeatureServer/0,https://services1.arcgis.com/O1JpcwDW8sjYuddV/arcgis/rest/services/Traffic_Signal_Locations_TDA/FeatureServer/0/query?where=COUNTY%3D%27Miami-Dade%27&outFields=SIGNALID%2CCOUNTY%2CRDWYID%2CDISTRICT%2CMAINTAGC%2CSDESTRET%2CCNTLRDES%2CSIGNALNC&returnGeometry=true&outSR=4326&f=json
4605,87060000,Miami-Dade,6,MIAMI-DADE,189 ST,N/A,N/A,25.950365,-80.120662,FDOT Traffic Signal Locations TDA,https://services1.arcgis.com/O1JpcwDW8sjYuddV/arcgis/rest/services/Traffic_Signal_Locations_TDA/FeatureServer/0,https://services1.arcgis.com/O1JpcwDW8sjYuddV/arcgis/rest/services/Traffic_Signal_Locations_TDA/FeatureServer/0/query?where=COUNTY%3D%27Miami-Dade%27&outFields=SIGNALID%2CCOUNTY%2CRDWYID%2CDISTRICT%2CMAINTAGC%2CSDESTRET%2CCNTLRDES%2CSIGNALNC&returnGeometry=true&outSR=4326&f=json
6634,87020000,Miami-Dade,6,MIAMI-DADE,SW 252 ST,N/A,N/A,25.532859,-80.414427,FDOT Traffic Signal Locations TDA,https://services1.arcgis.com/O1JpcwDW8sjYuddV/arcgis/rest/services/Traffic_Signal_Locations_TDA/FeatureServer/0,https://services1.arcgis.com/O1JpcwDW8sjYuddV/arcgis/rest/services/Traffic_Signal_Locations_TDA/FeatureServer/0/query?where=COUNTY%3D%27Miami-Dade%27&outFields=SIGNALID%2CCOUNTY%2CRDWYID%2CDISTRICT%2CMAINTAGC%2CSDESTRET%2CCNTLRDES%2CSIGNALNC&returnGeometry=true&outSR=4326&f=json
4782,87053000,Miami-Dade,6,MIAMI-DADE,W 49 AVE,N/A,N/A,25.771295,-80.275627,FDOT Traffic Signal Locations TDA,https://services1.arcgis.com/O1JpcwDW8sjYuddV/arcgis/rest/services/Traffic_Signal_Locations_TDA/FeatureServer/0,https://services1.arcgis.com/O1JpcwDW8sjYuddV/arcgis/rest/services/Traffic_Signal_Locations_TDA/FeatureServer/0/query?where=COUNTY%3D%27Miami-Dade%27&outFields=SIGNALID%2CCOUNTY%2CRDWYID%2CDISTRICT%2CMAINTAGC%2CSDESTRET%2CCNTLRDES%2CSIGNALNC&returnGeometry=true&outSR=4326&f=json
2499,87240000,Miami-Dade,6,MIAMI-DADE,SR 934/NW 79 ST,N/A,01,25.846102,-80.241674,FDOT Traffic Signal Locations TDA,https://services1.arcgis.com/O1JpcwDW8sjYuddV/arcgis/rest/services/Traffic_Signal_Locations_TDA/FeatureServer/0,https://services1.arcgis.com/O1JpcwDW8sjYuddV/arcgis/rest/services/Traffic_Signal_Locations_TDA/FeatureServer/0/query?where=COUNTY%3D%27Miami-Dade%27&outFields=SIGNALID%2CCOUNTY%2CRDWYID%2CDISTRICT%2CMAINTAGC%2CSDESTRET%2CCNTLRDES%2CSIGNALNC&returnGeometry=true&outSR=4326&f=json
6864,87026005,Miami-Dade,6,MIAMI-DADE,NW 73 AV,N/A,N/A,25.941484,-80.31912,FDOT Traffic Signal Locations TDA,https://services1.arcgis.com/O1JpcwDW8sjYuddV/arcgis/rest/services/Traffic_Signal_Locations_TDA/FeatureServer/0,https://services1.arcgis.com/O1JpcwDW8sjYuddV/arcgis/rest/services/Traffic_Signal_Locations_TDA/FeatureServer/0/query?where=COUNTY%3D%27Miami-Dade%27&outFields=SIGNALID%2CCOUNTY%2CRDWYID%2CDISTRICT%2CMAINTAGC%2CSDESTRET%2CCNTLRDES%2CSIGNALNC&returnGeometry=true&outSR=4326&f=json
2254,87120000,Miami-Dade,6,MIAMI-DADE,SW 32 AVE,N/A,N/A,25.764935,-80.247016,FDOT Traffic Signal Locations TDA,https://services1.arcgis.com/O1JpcwDW8sjYuddV/arcgis/rest/services/Traffic_Signal_Locations_TDA/FeatureServer/0,https://services1.arcgis.com/O1JpcwDW8sjYuddV/arcgis/rest/services/Traffic_Signal_Locations_TDA/FeatureServer/0/query?where=COUNTY%3D%27Miami-Dade%27&outFields=SIGNALID%2CCOUNTY%2CRDWYID%2CDISTRICT%2CMAINTAGC%2CSDESTRET%2CCNTLRDES%2CSIGNALNC&returnGeometry=true&outSR=4326&f=json
2388,87240000,Miami-Dade,6,MIAMI-DADE,NW 17 ST,N/A,N/A,25.790663,-80.239654,FDOT Traffic Signal Locations TDA,https://services1.arcgis.com/O1JpcwDW8sjYuddV/arcgis/rest/services/Traffic_Signal_Locations_TDA/FeatureServer/0,https://services1.arcgis.com/O1JpcwDW8sjYuddV/arcgis/rest/services/Traffic_Signal_Locations_TDA/FeatureServer/0/query?where=COUNTY%3D%27Miami-Dade%27&outFields=SIGNALID%2CCOUNTY%2CRDWYID%2CDISTRICT%2CMAINTAGC%2CSDESTRET%2CCNTLRDES%2CSIGNALNC&returnGeometry=true&outSR=4326&f=json
2764,87080347,Miami-Dade,6,MIAMI-DADE,BAY DR WEST,N/A,02,25.851151,-80.143381,FDOT Traffic Signal Locations TDA,https://services1.arcgis.com/O1JpcwDW8sjYuddV/arcgis/rest/services/Traffic_Signal_Locations_TDA/FeatureServer/0,https://services1.arcgis.com/O1JpcwDW8sjYuddV/arcgis/rest/services/Traffic_Signal_Locations_TDA/FeatureServer/0/query?where=COUNTY%3D%27Miami-Dade%27&outFields=SIGNALID%2CCOUNTY%2CRDWYID%2CDISTRICT%2CMAINTAGC%2CSDESTRET%2CCNTLRDES%2CSIGNALNC&returnGeometry=true&outSR=4326&f=json
2206,87053000,Miami-Dade,6,MIAMI-DADE,W 37 AVE/DOUGLAS RD,N/A,N/A,25.771835,-80.255344,FDOT Traffic Signal Locations TDA,https://services1.arcgis.com/O1JpcwDW8sjYuddV/arcgis/rest/services/Traffic_Signal_Locations_TDA/FeatureServer/0,https://services1.arcgis.com/O1JpcwDW8sjYuddV/arcgis/rest/services/Traffic_Signal_Locations_TDA/FeatureServer/0/query?where=COUNTY%3D%27Miami-Dade%27&outFields=SIGNALID%2CCOUNTY%2CRDWYID%2CDISTRICT%2CMAINTAGC%2CSDESTRET%2CCNTLRDES%2CSIGNALNC&returnGeometry=true&outSR=4326&f=json
2884,87002000,Miami-Dade,6,MIAMI-DADE,W 65 ST,N/A,N/A,25.881231,-80.291181,FDOT Traffic Signal Locations TDA,https://services1.arcgis.com/O1JpcwDW8sjYuddV/arcgis/rest/services/Traffic_Signal_Locations_TDA/FeatureServer/0,https://services1.arcgis.com/O1JpcwDW8sjYuddV/arcgis/rest/services/Traffic_Signal_Locations_TDA/FeatureServer/0/query?where=COUNTY%3D%27Miami-Dade%27&outFields=SIGNALID%2CCOUNTY%2CRDWYID%2CDISTRICT%2CMAINTAGC%2CSDESTRET%2CCNTLRDES%2CSIGNALNC&returnGeometry=true&outSR=4326&f=json
5164,87120000,Miami-Dade,6,MIAMI-DADE,SW 92 AVE,N/A,N/A,25.761721,-80.344166,FDOT Traffic Signal Locations TDA,https://services1.arcgis.com/O1JpcwDW8sjYuddV/arcgis/rest/services/Traffic_Signal_Locations_TDA/FeatureServer/0,https://services1.arcgis.com/O1JpcwDW8sjYuddV/arcgis/rest/services/Traffic_Signal_Locations_TDA/FeatureServer/0/query?where=COUNTY%3D%27Miami-Dade%27&outFields=SIGNALID%2CCOUNTY%2CRDWYID%2CDISTRICT%2CMAINTAGC%2CSDESTRET%2CCNTLRDES%2CSIGNALNC&returnGeometry=true&outSR=4326&f=json
2661,87060000,Miami-Dade,6,MIAMI-DADE,11 ST,N/A,N/A,25.781709,-80.131454,FDOT Traffic Signal Locations TDA,https://services1.arcgis.com/O1JpcwDW8sjYuddV/arcgis/rest/services/Traffic_Signal_Locations_TDA/FeatureServer/0,https://services1.arcgis.com/O1JpcwDW8sjYuddV/arcgis/rest/services/Traffic_Signal_Locations_TDA/FeatureServer/0/query?where=COUNTY%3D%27Miami-Dade%27&outFields=SIGNALID%2CCOUNTY%2CRDWYID%2CDISTRICT%2CMAINTAGC%2CSDESTRET%2CCNTLRDES%2CSIGNALNC&returnGeometry=true&outSR=4326&f=json
3621,87053000,Miami-Dade,6,MIAMI-DADE,SR 826 ON OFF RAMPS,N/A,N/A,25.769767,-80.321802,FDOT Traffic Signal Locations TDA,https://services1.arcgis.com/O1JpcwDW8sjYuddV/arcgis/rest/services/Traffic_Signal_Locations_TDA/FeatureServer/0,https://services1.arcgis.com/O1JpcwDW8sjYuddV/arcgis/rest/services/Traffic_Signal_Locations_TDA/FeatureServer/0/query?where=COUNTY%3D%27Miami-Dade%27&outFields=SIGNALID%2CCOUNTY%2CRDWYID%2CDISTRICT%2CMAINTAGC%2CSDESTRET%2CCNTLRDES%2CSIGNALNC&returnGeometry=true&outSR=4326&f=json
2055,87090000,Miami-Dade,6,MIAMI-DADE,NW 22 AV/G.MAXIMO GO,N/A,N/A,25.809358,-80.231724,FDOT Traffic Signal Locations TDA,https://services1.arcgis.com/O1JpcwDW8sjYuddV/arcgis/rest/services/Traffic_Signal_Locations_TDA/FeatureServer/0,https://services1.arcgis.com/O1JpcwDW8sjYuddV/arcgis/rest/services/Traffic_Signal_Locations_TDA/FeatureServer/0/query?where=COUNTY%3D%27Miami-Dade%27&outFields=SIGNALID%2CCOUNTY%2CRDWYID%2CDISTRICT%2CMAINTAGC%2CSDESTRET%2CCNTLRDES%2CSIGNALNC&returnGeometry=true&outSR=4326&f=json
4760,87001000,Miami-Dade,6,MIAMI-DADE,SW 112 AVE,N/A,N/A,25.686567,-80.376269,FDOT Traffic Signal Locations TDA,https://services1.arcgis.com/O1JpcwDW8sjYuddV/arcgis/rest/services/Traffic_Signal_Locations_TDA/FeatureServer/0,https://services1.arcgis.com/O1JpcwDW8sjYuddV/arcgis/rest/services/Traffic_Signal_Locations_TDA/FeatureServer/0/query?where=COUNTY%3D%27Miami-Dade%27&outFields=SIGNALID%2CCOUNTY%2CRDWYID%2CDISTRICT%2CMAINTAGC%2CSDESTRET%2CCNTLRDES%2CSIGNALNC&returnGeometry=true&outSR=4326&f=json
2722,87060001,Miami-Dade,6,MIAMI-DADE,67 ST,N/A,N/A,25.850614,-80.121653,FDOT Traffic Signal Locations TDA,https://services1.arcgis.com/O1JpcwDW8sjYuddV/arcgis/rest/services/Traffic_Signal_Locations_TDA/FeatureServer/0,https://services1.arcgis.com/O1JpcwDW8sjYuddV/arcgis/rest/services/Traffic_Signal_Locations_TDA/FeatureServer/0/query?where=COUNTY%3D%27Miami-Dade%27&outFields=SIGNALID%2CCOUNTY%2CRDWYID%2CDISTRICT%2CMAINTAGC%2CSDESTRET%2CCNTLRDES%2CSIGNALNC&returnGeometry=true&outSR=4326&f=json
3329,87008000,Miami-Dade,6,MIAMI-DADE,NW 17 AVE,N/A,N/A,25.897657,-80.227081,FDOT Traffic Signal Locations TDA,https://services1.arcgis.com/O1JpcwDW8sjYuddV/arcgis/rest/services/Traffic_Signal_Locations_TDA/FeatureServer/0,https://services1.arcgis.com/O1JpcwDW8sjYuddV/arcgis/rest/services/Traffic_Signal_Locations_TDA/FeatureServer/0/query?where=COUNTY%3D%27Miami-Dade%27&outFields=SIGNALID%2CCOUNTY%2CRDWYID%2CDISTRICT%2CMAINTAGC%2CSDESTRET%2CCNTLRDES%2CSIGNALNC&returnGeometry=true&outSR=4326&f=json
5362,87140000,Miami-Dade,6,MIAMI-DADE,NW 21200 BLK,N/A,N/A,25.970599,-80.205981,FDOT Traffic Signal Locations TDA,https://services1.arcgis.com/O1JpcwDW8sjYuddV/arcgis/rest/services/Traffic_Signal_Locations_TDA/FeatureServer/0,https://services1.arcgis.com/O1JpcwDW8sjYuddV/arcgis/rest/services/Traffic_Signal_Locations_TDA/FeatureServer/0/query?where=COUNTY%3D%27Miami-Dade%27&outFields=SIGNALID%2CCOUNTY%2CRDWYID%2CDISTRICT%2CMAINTAGC%2CSDESTRET%2CCNTLRDES%2CSIGNALNC&returnGeometry=true&outSR=4326&f=json
3638,87030000,Miami-Dade,6,MIAMI-DADE,NE 172 ST,N/A,N/A,25.934738,-80.150842,FDOT Traffic Signal Locations TDA,https://services1.arcgis.com/O1JpcwDW8sjYuddV/arcgis/rest/services/Traffic_Signal_Locations_TDA/FeatureServer/0,https://services1.arcgis.com/O1JpcwDW8sjYuddV/arcgis/rest/services/Traffic_Signal_Locations_TDA/FeatureServer/0/query?where=COUNTY%3D%27Miami-Dade%27&outFields=SIGNALID%2CCOUNTY%2CRDWYID%2CDISTRICT%2CMAINTAGC%2CSDESTRET%2CCNTLRDES%2CSIGNALNC&returnGeometry=true&outSR=4326&f=json
4735,87060000,Miami-Dade,6,MIAMI-DADE,183 ST,N/A,N/A,25.94555,-80.120972,FDOT Traffic Signal Locations TDA,https://services1.arcgis.com/O1JpcwDW8sjYuddV/arcgis/rest/services/Traffic_Signal_Locations_TDA/FeatureServer/0,https://services1.arcgis.com/O1JpcwDW8sjYuddV/arcgis/rest/services/Traffic_Signal_Locations_TDA/FeatureServer/0/query?where=COUNTY%3D%27Miami-Dade%27&outFields=SIGNALID%2CCOUNTY%2CRDWYID%2CDISTRICT%2CMAINTAGC%2CSDESTRET%2CCNTLRDES%2CSIGNALNC&returnGeometry=true&outSR=4326&f=json
3407,87085000,Miami-Dade,6,MIAMI-DADE,SW 7 ST,N/A,02,25.766725,-80.214468,FDOT Traffic Signal Locations TDA,https://services1.arcgis.com/O1JpcwDW8sjYuddV/arcgis/rest/services/Traffic_Signal_Locations_TDA/FeatureServer/0,https://services1.arcgis.com/O1JpcwDW8sjYuddV/arcgis/rest/services/Traffic_Signal_Locations_TDA/FeatureServer/0/query?where=COUNTY%3D%27Miami-Dade%27&outFields=SIGNALID%2CCOUNTY%2CRDWYID%2CDISTRICT%2CMAINTAGC%2CSDESTRET%2CCNTLRDES%2CSIGNALNC&returnGeometry=true&outSR=4326&f=json
3427,87040101,Miami-Dade,6,MIAMI-DADE,NW 6 ST,N/A,N/A,25.779703,-80.199594,FDOT Traffic Signal Locations TDA,https://services1.arcgis.com/O1JpcwDW8sjYuddV/arcgis/rest/services/Traffic_Signal_Locations_TDA/FeatureServer/0,https://services1.arcgis.com/O1JpcwDW8sjYuddV/arcgis/rest/services/Traffic_Signal_Locations_TDA/FeatureServer/0/query?where=COUNTY%3D%27Miami-Dade%27&outFields=SIGNALID%2CCOUNTY%2CRDWYID%2CDISTRICT%2CMAINTAGC%2CSDESTRET%2CCNTLRDES%2CSIGNALNC&returnGeometry=true&outSR=4326&f=json
2099,87030000,Miami-Dade,6,MIAMI-DADE,NE 38 ST,N/A,N/A,25.81251,-80.189232,FDOT Traffic Signal Locations TDA,https://services1.arcgis.com/O1JpcwDW8sjYuddV/arcgis/rest/services/Traffic_Signal_Locations_TDA/FeatureServer/0,https://services1.arcgis.com/O1JpcwDW8sjYuddV/arcgis/rest/services/Traffic_Signal_Locations_TDA/FeatureServer/0/query?where=COUNTY%3D%27Miami-Dade%27&outFields=SIGNALID%2CCOUNTY%2CRDWYID%2CDISTRICT%2CMAINTAGC%2CSDESTRET%2CCNTLRDES%2CSIGNALNC&returnGeometry=true&outSR=4326&f=json
5554,87046000,Miami-Dade,6,MIAMI-DADE,BUSWAY,N/A,N/A,25.666409,-80.323999,FDOT Traffic Signal Locations TDA,https://services1.arcgis.com/O1JpcwDW8sjYuddV/arcgis/rest/services/Traffic_Signal_Locations_TDA/FeatureServer/0,https://services1.arcgis.com/O1JpcwDW8sjYuddV/arcgis/rest/services/Traffic_Signal_Locations_TDA/FeatureServer/0/query?where=COUNTY%3D%27Miami-Dade%27&outFields=SIGNALID%2CCOUNTY%2CRDWYID%2CDISTRICT%2CMAINTAGC%2CSDESTRET%2CCNTLRDES%2CSIGNALNC&returnGeometry=true&outSR=4326&f=json
6972,87090005,Miami-Dade,6,MIAMI-DADE,NW 87 AVE,N/A,N/A,25.866885,-80.338889,FDOT Traffic Signal Locations TDA,https://services1.arcgis.com/O1JpcwDW8sjYuddV/arcgis/rest/services/Traffic_Signal_Locations_TDA/FeatureServer/0,https://services1.arcgis.com/O1JpcwDW8sjYuddV/arcgis/rest/services/Traffic_Signal_Locations_TDA/FeatureServer/0/query?where=COUNTY%3D%27Miami-Dade%27&outFields=SIGNALID%2CCOUNTY%2CRDWYID%2CDISTRICT%2CMAINTAGC%2CSDESTRET%2CCNTLRDES%2CSIGNALNC&returnGeometry=true&outSR=4326&f=json
2714,87060001,Miami-Dade,6,MIAMI-DADE,81 ST,N/A,N/A,25.86609,-80.122256,FDOT Traffic Signal Locations TDA,https://services1.arcgis.com/O1JpcwDW8sjYuddV/arcgis/rest/services/Traffic_Signal_Locations_TDA/FeatureServer/0,https://services1.arcgis.com/O1JpcwDW8sjYuddV/arcgis/rest/services/Traffic_Signal_Locations_TDA/FeatureServer/0/query?where=COUNTY%3D%27Miami-Dade%27&outFields=SIGNALID%2CCOUNTY%2CRDWYID%2CDISTRICT%2CMAINTAGC%2CSDESTRET%2CCNTLRDES%2CSIGNALNC&returnGeometry=true&outSR=4326&f=json
3628,87060000,Miami-Dade,6,MIAMI-DADE,HARBOUR WAY,N/A,N/A,25.895203,-80.124261,FDOT Traffic Signal Locations TDA,https://services1.arcgis.com/O1JpcwDW8sjYuddV/arcgis/rest/services/Traffic_Signal_Locations_TDA/FeatureServer/0,https://services1.arcgis.com/O1JpcwDW8sjYuddV/arcgis/rest/services/Traffic_Signal_Locations_TDA/FeatureServer/0/query?where=COUNTY%3D%27Miami-Dade%27&outFields=SIGNALID%2CCOUNTY%2CRDWYID%2CDISTRICT%2CMAINTAGC%2CSDESTRET%2CCNTLRDES%2CSIGNALNC&returnGeometry=true&outSR=4326&f=json
5284,87053000,Miami-Dade,6,MIAMI-DADE,N/A,N/A,N/A,25.771009,-80.282786,FDOT Traffic Signal Locations TDA,https://services1.arcgis.com/O1JpcwDW8sjYuddV/arcgis/rest/services/Traffic_Signal_Locations_TDA/FeatureServer/0,https://services1.arcgis.com/O1JpcwDW8sjYuddV/arcgis/rest/services/Traffic_Signal_Locations_TDA/FeatureServer/0/query?where=COUNTY%3D%27Miami-Dade%27&outFields=SIGNALID%2CCOUNTY%2CRDWYID%2CDISTRICT%2CMAINTAGC%2CSDESTRET%2CCNTLRDES%2CSIGNALNC&returnGeometry=true&outSR=4326&f=json
6456,87190000,Miami-Dade,6,MIAMI-DADE,NE 130 ST/NE 8 AVE,N/A,N/A,25.895023,-80.18276,FDOT Traffic Signal Locations TDA,https://services1.arcgis.com/O1JpcwDW8sjYuddV/arcgis/rest/services/Traffic_Signal_Locations_TDA/FeatureServer/0,https://services1.arcgis.com/O1JpcwDW8sjYuddV/arcgis/rest/services/Traffic_Signal_Locations_TDA/FeatureServer/0/query?where=COUNTY%3D%27Miami-Dade%27&outFields=SIGNALID%2CCOUNTY%2CRDWYID%2CDISTRICT%2CMAINTAGC%2CSDESTRET%2CCNTLRDES%2CSIGNALNC&returnGeometry=true&outSR=4326&f=json
2544,87066000,Miami-Dade,6,MIAMI-DADE,NE 7 AV,N/A,N/A,25.890368,-80.184431,FDOT Traffic Signal Locations TDA,https://services1.arcgis.com/O1JpcwDW8sjYuddV/arcgis/rest/services/Traffic_Signal_Locations_TDA/FeatureServer/0,https://services1.arcgis.com/O1JpcwDW8sjYuddV/arcgis/rest/services/Traffic_Signal_Locations_TDA/FeatureServer/0/query?where=COUNTY%3D%27Miami-Dade%27&outFields=SIGNALID%2CCOUNTY%2CRDWYID%2CDISTRICT%2CMAINTAGC%2CSDESTRET%2CCNTLRDES%2CSIGNALNC&returnGeometry=true&outSR=4326&f=json
2268,87017000,Miami-Dade,6,MIAMI-DADE,SOUTH MIAMI AVE,N/A,N/A,25.75132,-80.204823,FDOT Traffic Signal Locations TDA,https://services1.arcgis.com/O1JpcwDW8sjYuddV/arcgis/rest/services/Traffic_Signal_Locations_TDA/FeatureServer/0,https://services1.arcgis.com/O1JpcwDW8sjYuddV/arcgis/rest/services/Traffic_Signal_Locations_TDA/FeatureServer/0/query?where=COUNTY%3D%27Miami-Dade%27&outFields=SIGNALID%2CCOUNTY%2CRDWYID%2CDISTRICT%2CMAINTAGC%2CSDESTRET%2CCNTLRDES%2CSIGNALNC&returnGeometry=true&outSR=4326&f=json
5170,87075704,Miami-Dade,6,MIAMI-DADE,NW 87 AVE/W 28 AVE,N/A,02,25.894927,-80.340135,FDOT Traffic Signal Locations TDA,https://services1.arcgis.com/O1JpcwDW8sjYuddV/arcgis/rest/services/Traffic_Signal_Locations_TDA/FeatureServer/0,https://services1.arcgis.com/O1JpcwDW8sjYuddV/arcgis/rest/services/Traffic_Signal_Locations_TDA/FeatureServer/0/query?where=COUNTY%3D%27Miami-Dade%27&outFields=SIGNALID%2CCOUNTY%2CRDWYID%2CDISTRICT%2CMAINTAGC%2CSDESTRET%2CCNTLRDES%2CSIGNALNC&returnGeometry=true&outSR=4326&f=json
2103,87030000,Miami-Dade,6,MIAMI-DADE,NE 54 ST,N/A,02,25.825632,-80.186862,FDOT Traffic Signal Locations TDA,https://services1.arcgis.com/O1JpcwDW8sjYuddV/arcgis/rest/services/Traffic_Signal_Locations_TDA/FeatureServer/0,https://services1.arcgis.com/O1JpcwDW8sjYuddV/arcgis/rest/services/Traffic_Signal_Locations_TDA/FeatureServer/0/query?where=COUNTY%3D%27Miami-Dade%27&outFields=SIGNALID%2CCOUNTY%2CRDWYID%2CDISTRICT%2CMAINTAGC%2CSDESTRET%2CCNTLRDES%2CSIGNALNC&returnGeometry=true&outSR=4326&f=json
4589,87038000,Miami-Dade,6,MIAMI-DADE,W 500 BLOCK,N/A,N/A,25.8666,-80.293147,FDOT Traffic Signal Locations TDA,https://services1.arcgis.com/O1JpcwDW8sjYuddV/arcgis/rest/services/Traffic_Signal_Locations_TDA/FeatureServer/0,https://services1.arcgis.com/O1JpcwDW8sjYuddV/arcgis/rest/services/Traffic_Signal_Locations_TDA/FeatureServer/0/query?where=COUNTY%3D%27Miami-Dade%27&outFields=SIGNALID%2CCOUNTY%2CRDWYID%2CDISTRICT%2CMAINTAGC%2CSDESTRET%2CCNTLRDES%2CSIGNALNC&returnGeometry=true&outSR=4326&f=json
2536,87140000,Miami-Dade,6,MIAMI-DADE,SR916/OPA-LOCKA BLVD,N/A,02,25.899575,-80.211281,FDOT Traffic Signal Locations TDA,https://services1.arcgis.com/O1JpcwDW8sjYuddV/arcgis/rest/services/Traffic_Signal_Locations_TDA/FeatureServer/0,https://services1.arcgis.com/O1JpcwDW8sjYuddV/arcgis/rest/services/Traffic_Signal_Locations_TDA/FeatureServer/0/query?where=COUNTY%3D%27Miami-Dade%27&outFields=SIGNALID%2CCOUNTY%2CRDWYID%2CDISTRICT%2CMAINTAGC%2CSDESTRET%2CCNTLRDES%2CSIGNALNC&returnGeometry=true&outSR=4326&f=json
2627,87281000,Miami-Dade,6,MIAMI-DADE,UNIVERSITY DR,N/A,N/A,25.742022,-80.262414,FDOT Traffic Signal Locations TDA,https://services1.arcgis.com/O1JpcwDW8sjYuddV/arcgis/rest/services/Traffic_Signal_Locations_TDA/FeatureServer/0,https://services1.arcgis.com/O1JpcwDW8sjYuddV/arcgis/rest/services/Traffic_Signal_Locations_TDA/FeatureServer/0/query?where=COUNTY%3D%27Miami-Dade%27&outFields=SIGNALID%2CCOUNTY%2CRDWYID%2CDISTRICT%2CMAINTAGC%2CSDESTRET%2CCNTLRDES%2CSIGNALNC&returnGeometry=true&outSR=4326&f=json
5167,87055000,Miami-Dade,6,MIAMI-DADE,SW 113 PL,N/A,N/A,25.700666,-80.376792,FDOT Traffic Signal Locations TDA,https://services1.arcgis.com/O1JpcwDW8sjYuddV/arcgis/rest/services/Traffic_Signal_Locations_TDA/FeatureServer/0,https://services1.arcgis.com/O1JpcwDW8sjYuddV/arcgis/rest/services/Traffic_Signal_Locations_TDA/FeatureServer/0/query?where=COUNTY%3D%27Miami-Dade%27&outFields=SIGNALID%2CCOUNTY%2CRDWYID%2CDISTRICT%2CMAINTAGC%2CSDESTRET%2CCNTLRDES%2CSIGNALNC&returnGeometry=true&outSR=4326&f=json
3488,87066000,Miami-Dade,6,MIAMI-DADE,NE 13 PL,N/A,N/A,25.890848,-80.170854,FDOT Traffic Signal Locations TDA,https://services1.arcgis.com/O1JpcwDW8sjYuddV/arcgis/rest/services/Traffic_Signal_Locations_TDA/FeatureServer/0,https://services1.arcgis.com/O1JpcwDW8sjYuddV/arcgis/rest/services/Traffic_Signal_Locations_TDA/FeatureServer/0/query?where=COUNTY%3D%27Miami-Dade%27&outFields=SIGNALID%2CCOUNTY%2CRDWYID%2CDISTRICT%2CMAINTAGC%2CSDESTRET%2CCNTLRDES%2CSIGNALNC&returnGeometry=true&outSR=4326&f=json
3751,87281000,Miami-Dade,6,MIAMI-DADE,E 32 ST,N/A,N/A,25.851512,-80.266404,FDOT Traffic Signal Locations TDA,https://services1.arcgis.com/O1JpcwDW8sjYuddV/arcgis/rest/services/Traffic_Signal_Locations_TDA/FeatureServer/0,https://services1.arcgis.com/O1JpcwDW8sjYuddV/arcgis/rest/services/Traffic_Signal_Locations_TDA/FeatureServer/0/query?where=COUNTY%3D%27Miami-Dade%27&outFields=SIGNALID%2CCOUNTY%2CRDWYID%2CDISTRICT%2CMAINTAGC%2CSDESTRET%2CCNTLRDES%2CSIGNALNC&returnGeometry=true&outSR=4326&f=json
4278,87020000,Miami-Dade,6,MIAMI-DADE,SW 128 ST,N/A,N/A,25.651601,-80.330449,FDOT Traffic Signal Locations TDA,https://services1.arcgis.com/O1JpcwDW8sjYuddV/arcgis/rest/services/Traffic_Signal_Locations_TDA/FeatureServer/0,https://services1.arcgis.com/O1JpcwDW8sjYuddV/arcgis/rest/services/Traffic_Signal_Locations_TDA/FeatureServer/0/query?where=COUNTY%3D%27Miami-Dade%27&outFields=SIGNALID%2CCOUNTY%2CRDWYID%2CDISTRICT%2CMAINTAGC%2CSDESTRET%2CCNTLRDES%2CSIGNALNC&returnGeometry=true&outSR=4326&f=json
5211,87080900,Miami-Dade,6,MIAMI-DADE,NW 74 AVE,N/A,N/A,25.840456,-80.31863,FDOT Traffic Signal Locations TDA,https://services1.arcgis.com/O1JpcwDW8sjYuddV/arcgis/rest/services/Traffic_Signal_Locations_TDA/FeatureServer/0,https://services1.arcgis.com/O1JpcwDW8sjYuddV/arcgis/rest/services/Traffic_Signal_Locations_TDA/FeatureServer/0/query?where=COUNTY%3D%27Miami-Dade%27&outFields=SIGNALID%2CCOUNTY%2CRDWYID%2CDISTRICT%2CMAINTAGC%2CSDESTRET%2CCNTLRDES%2CSIGNALNC&returnGeometry=true&outSR=4326&f=json
3577,87034000,Miami-Dade,6,MIAMI-DADE,NE 145 ST,N/A,N/A,25.908393,-80.187296,FDOT Traffic Signal Locations TDA,https://services1.arcgis.com/O1JpcwDW8sjYuddV/arcgis/rest/services/Traffic_Signal_Locations_TDA/FeatureServer/0,https://services1.arcgis.com/O1JpcwDW8sjYuddV/arcgis/rest/services/Traffic_Signal_Locations_TDA/FeatureServer/0/query?where=COUNTY%3D%27Miami-Dade%27&outFields=SIGNALID%2CCOUNTY%2CRDWYID%2CDISTRICT%2CMAINTAGC%2CSDESTRET%2CCNTLRDES%2CSIGNALNC&returnGeometry=true&outSR=4326&f=json
3658,87053001,Miami-Dade,6,MIAMI-DADE,BEACOM BLVD,N/A,N/A,25.77141,-80.23207,FDOT Traffic Signal Locations TDA,https://services1.arcgis.com/O1JpcwDW8sjYuddV/arcgis/rest/services/Traffic_Signal_Locations_TDA/FeatureServer/0,https://services1.arcgis.com/O1JpcwDW8sjYuddV/arcgis/rest/services/Traffic_Signal_Locations_TDA/FeatureServer/0/query?where=COUNTY%3D%27Miami-Dade%27&outFields=SIGNALID%2CCOUNTY%2CRDWYID%2CDISTRICT%2CMAINTAGC%2CSDESTRET%2CCNTLRDES%2CSIGNALNC&returnGeometry=true&outSR=4326&f=json
7347,87080000,Miami-Dade,6,MIAMI DADE COUNTY,N/A,N/A,N/A,25.847962,-80.180646,FDOT Traffic Signal Locations TDA,https://services1.arcgis.com/O1JpcwDW8sjYuddV/arcgis/rest/services/Traffic_Signal_Locations_TDA/FeatureServer/0,https://services1.arcgis.com/O1JpcwDW8sjYuddV/arcgis/rest/services/Traffic_Signal_Locations_TDA/FeatureServer/0/query?where=COUNTY%3D%27Miami-Dade%27&outFields=SIGNALID%2CCOUNTY%2CRDWYID%2CDISTRICT%2CMAINTAGC%2CSDESTRET%2CCNTLRDES%2CSIGNALNC&returnGeometry=true&outSR=4326&f=json
2051,87090000,Miami-Dade,6,MIAMI-DADE,SR 933/NW 12 AV,N/A,N/A,25.809829,-80.215392,FDOT Traffic Signal Locations TDA,https://services1.arcgis.com/O1JpcwDW8sjYuddV/arcgis/rest/services/Traffic_Signal_Locations_TDA/FeatureServer/0,https://services1.arcgis.com/O1JpcwDW8sjYuddV/arcgis/rest/services/Traffic_Signal_Locations_TDA/FeatureServer/0/query?where=COUNTY%3D%27Miami-Dade%27&outFields=SIGNALID%2CCOUNTY%2CRDWYID%2CDISTRICT%2CMAINTAGC%2CSDESTRET%2CCNTLRDES%2CSIGNALNC&returnGeometry=true&outSR=4326&f=json
2980,87240000,Miami-Dade,6,MIAMI-DADE,SR 916/OPA-LOCKA BLV,N/A,01,25.897783,-80.243563,FDOT Traffic Signal Locations TDA,https://services1.arcgis.com/O1JpcwDW8sjYuddV/arcgis/rest/services/Traffic_Signal_Locations_TDA/FeatureServer/0,https://services1.arcgis.com/O1JpcwDW8sjYuddV/arcgis/rest/services/Traffic_Signal_Locations_TDA/FeatureServer/0/query?where=COUNTY%3D%27Miami-Dade%27&outFields=SIGNALID%2CCOUNTY%2CRDWYID%2CDISTRICT%2CMAINTAGC%2CSDESTRET%2CCNTLRDES%2CSIGNALNC&returnGeometry=true&outSR=4326&f=json
3372,87037000,Miami-Dade,6,MIAMI-DADE,10 ST,N/A,N/A,25.78049,-80.140902,FDOT Traffic Signal Locations TDA,https://services1.arcgis.com/O1JpcwDW8sjYuddV/arcgis/rest/services/Traffic_Signal_Locations_TDA/FeatureServer/0,https://services1.arcgis.com/O1JpcwDW8sjYuddV/arcgis/rest/services/Traffic_Signal_Locations_TDA/FeatureServer/0/query?where=COUNTY%3D%27Miami-Dade%27&outFields=SIGNALID%2CCOUNTY%2CRDWYID%2CDISTRICT%2CMAINTAGC%2CSDESTRET%2CCNTLRDES%2CSIGNALNC&returnGeometry=true&outSR=4326&f=json
5462,87020000,Miami-Dade,6,MIAMI-DADE,SW 19500 BLK,N/A,N/A,25.587335,-80.361118,FDOT Traffic Signal Locations TDA,https://services1.arcgis.com/O1JpcwDW8sjYuddV/arcgis/rest/services/Traffic_Signal_Locations_TDA/FeatureServer/0,https://services1.arcgis.com/O1JpcwDW8sjYuddV/arcgis/rest/services/Traffic_Signal_Locations_TDA/FeatureServer/0/query?where=COUNTY%3D%27Miami-Dade%27&outFields=SIGNALID%2CCOUNTY%2CRDWYID%2CDISTRICT%2CMAINTAGC%2CSDESTRET%2CCNTLRDES%2CSIGNALNC&returnGeometry=true&outSR=4326&f=json
4736,87060000,Miami-Dade,6,MIAMI-DADE,HAULOVER PARK ENT,N/A,N/A,25.903021,-80.124472,FDOT Traffic Signal Locations TDA,https://services1.arcgis.com/O1JpcwDW8sjYuddV/arcgis/rest/services/Traffic_Signal_Locations_TDA/FeatureServer/0,https://services1.arcgis.com/O1JpcwDW8sjYuddV/arcgis/rest/services/Traffic_Signal_Locations_TDA/FeatureServer/0/query?where=COUNTY%3D%27Miami-Dade%27&outFields=SIGNALID%2CCOUNTY%2CRDWYID%2CDISTRICT%2CMAINTAGC%2CSDESTRET%2CCNTLRDES%2CSIGNALNC&returnGeometry=true&outSR=4326&f=json
6476,87026005,Miami-Dade,6,MIAMI-DADE,NW 75 PL,N/A,N/A,25.94218,-80.321996,FDOT Traffic Signal Locations TDA,https://services1.arcgis.com/O1JpcwDW8sjYuddV/arcgis/rest/services/Traffic_Signal_Locations_TDA/FeatureServer/0,https://services1.arcgis.com/O1JpcwDW8sjYuddV/arcgis/rest/services/Traffic_Signal_Locations_TDA/FeatureServer/0/query?where=COUNTY%3D%27Miami-Dade%27&outFields=SIGNALID%2CCOUNTY%2CRDWYID%2CDISTRICT%2CMAINTAGC%2CSDESTRET%2CCNTLRDES%2CSIGNALNC&returnGeometry=true&outSR=4326&f=json
4975,87080001,Miami-Dade,6,MIAMI-DADE,N/A,N/A,N/A,25.848704,-80.215412,FDOT Traffic Signal Locations TDA,https://services1.arcgis.com/O1JpcwDW8sjYuddV/arcgis/rest/services/Traffic_Signal_Locations_TDA/FeatureServer/0,https://services1.arcgis.com/O1JpcwDW8sjYuddV/arcgis/rest/services/Traffic_Signal_Locations_TDA/FeatureServer/0/query?where=COUNTY%3D%27Miami-Dade%27&outFields=SIGNALID%2CCOUNTY%2CRDWYID%2CDISTRICT%2CMAINTAGC%2CSDESTRET%2CCNTLRDES%2CSIGNALNC&returnGeometry=true&outSR=4326&f=json
2226,87030001,Miami-Dade,6,MIAMI-DADE,SE 2 AV,N/A,N/A,25.77262,-80.190168,FDOT Traffic Signal Locations TDA,https://services1.arcgis.com/O1JpcwDW8sjYuddV/arcgis/rest/services/Traffic_Signal_Locations_TDA/FeatureServer/0,https://services1.arcgis.com/O1JpcwDW8sjYuddV/arcgis/rest/services/Traffic_Signal_Locations_TDA/FeatureServer/0/query?where=COUNTY%3D%27Miami-Dade%27&outFields=SIGNALID%2CCOUNTY%2CRDWYID%2CDISTRICT%2CMAINTAGC%2CSDESTRET%2CCNTLRDES%2CSIGNALNC&returnGeometry=true&outSR=4326&f=json
7807,87140000,Miami-Dade,6,MIAMI-DADE,N/A,N/A,N/A,25.790182,-80.206949,FDOT Traffic Signal Locations TDA,https://services1.arcgis.com/O1JpcwDW8sjYuddV/arcgis/rest/services/Traffic_Signal_Locations_TDA/FeatureServer/0,https://services1.arcgis.com/O1JpcwDW8sjYuddV/arcgis/rest/services/Traffic_Signal_Locations_TDA/FeatureServer/0/query?where=COUNTY%3D%27Miami-Dade%27&outFields=SIGNALID%2CCOUNTY%2CRDWYID%2CDISTRICT%2CMAINTAGC%2CSDESTRET%2CCNTLRDES%2CSIGNALNC&returnGeometry=true&outSR=4326&f=json
2004,87030000,Miami-Dade,6,MIAMI-DADE,NE 139 ST,N/A,N/A,25.904116,-80.159175,FDOT Traffic Signal Locations TDA,https://services1.arcgis.com/O1JpcwDW8sjYuddV/arcgis/rest/services/Traffic_Signal_Locations_TDA/FeatureServer/0,https://services1.arcgis.com/O1JpcwDW8sjYuddV/arcgis/rest/services/Traffic_Signal_Locations_TDA/FeatureServer/0/query?where=COUNTY%3D%27Miami-Dade%27&outFields=SIGNALID%2CCOUNTY%2CRDWYID%2CDISTRICT%2CMAINTAGC%2CSDESTRET%2CCNTLRDES%2CSIGNALNC&returnGeometry=true&outSR=4326&f=json
3457,87008000,Miami-Dade,6,MIAMI-DADE,N/A,N/A,N/A,25.898001,-80.218288,FDOT Traffic Signal Locations TDA,https://services1.arcgis.com/O1JpcwDW8sjYuddV/arcgis/rest/services/Traffic_Signal_Locations_TDA/FeatureServer/0,https://services1.arcgis.com/O1JpcwDW8sjYuddV/arcgis/rest/services/Traffic_Signal_Locations_TDA/FeatureServer/0/query?where=COUNTY%3D%27Miami-Dade%27&outFields=SIGNALID%2CCOUNTY%2CRDWYID%2CDISTRICT%2CMAINTAGC%2CSDESTRET%2CCNTLRDES%2CSIGNALNC&returnGeometry=true&outSR=4326&f=json
4495,87091000,Miami-Dade,6,MIAMI-DADE,SW 107 AVE,N/A,N/A,25.595959,-80.36467,FDOT Traffic Signal Locations TDA,https://services1.arcgis.com/O1JpcwDW8sjYuddV/arcgis/rest/services/Traffic_Signal_Locations_TDA/FeatureServer/0,https://services1.arcgis.com/O1JpcwDW8sjYuddV/arcgis/rest/services/Traffic_Signal_Locations_TDA/FeatureServer/0/query?where=COUNTY%3D%27Miami-Dade%27&outFields=SIGNALID%2CCOUNTY%2CRDWYID%2CDISTRICT%2CMAINTAGC%2CSDESTRET%2CCNTLRDES%2CSIGNALNC&returnGeometry=true&outSR=4326&f=json
4335,87039000,Miami-Dade,6,MIAMI-DADE,N/A,N/A,N/A,25.628897,-80.342175,FDOT Traffic Signal Locations TDA,https://services1.arcgis.com/O1JpcwDW8sjYuddV/arcgis/rest/services/Traffic_Signal_Locations_TDA/FeatureServer/0,https://services1.arcgis.com/O1JpcwDW8sjYuddV/arcgis/rest/services/Traffic_Signal_Locations_TDA/FeatureServer/0/query?where=COUNTY%3D%27Miami-Dade%27&outFields=SIGNALID%2CCOUNTY%2CRDWYID%2CDISTRICT%2CMAINTAGC%2CSDESTRET%2CCNTLRDES%2CSIGNALNC&returnGeometry=true&outSR=4326&f=json
3224,87020000,Miami-Dade,6,MIAMI-DADE,EVERGREEN ST/FRANJO,N/A,N/A,25.606296,-80.348563,FDOT Traffic Signal Locations TDA,https://services1.arcgis.com/O1JpcwDW8sjYuddV/arcgis/rest/services/Traffic_Signal_Locations_TDA/FeatureServer/0,https://services1.arcgis.com/O1JpcwDW8sjYuddV/arcgis/rest/services/Traffic_Signal_Locations_TDA/FeatureServer/0/query?where=COUNTY%3D%27Miami-Dade%27&outFields=SIGNALID%2CCOUNTY%2CRDWYID%2CDISTRICT%2CMAINTAGC%2CSDESTRET%2CCNTLRDES%2CSIGNALNC&returnGeometry=true&outSR=4326&f=json
3231,87047000,Miami-Dade,6,MIAMI-DADE,SW 16 ST,N/A,N/A,25.754708,-80.335848,FDOT Traffic Signal Locations TDA,https://services1.arcgis.com/O1JpcwDW8sjYuddV/arcgis/rest/services/Traffic_Signal_Locations_TDA/FeatureServer/0,https://services1.arcgis.com/O1JpcwDW8sjYuddV/arcgis/rest/services/Traffic_Signal_Locations_TDA/FeatureServer/0/query?where=COUNTY%3D%27Miami-Dade%27&outFields=SIGNALID%2CCOUNTY%2CRDWYID%2CDISTRICT%2CMAINTAGC%2CSDESTRET%2CCNTLRDES%2CSIGNALNC&returnGeometry=true&outSR=4326&f=json
4898,87001000,Miami-Dade,6,MIAMI-DADE,SW 123 CT/SW 125 AVE,N/A,N/A,25.685947,-80.395721,FDOT Traffic Signal Locations TDA,https://services1.arcgis.com/O1JpcwDW8sjYuddV/arcgis/rest/services/Traffic_Signal_Locations_TDA/FeatureServer/0,https://services1.arcgis.com/O1JpcwDW8sjYuddV/arcgis/rest/services/Traffic_Signal_Locations_TDA/FeatureServer/0/query?where=COUNTY%3D%27Miami-Dade%27&outFields=SIGNALID%2CCOUNTY%2CRDWYID%2CDISTRICT%2CMAINTAGC%2CSDESTRET%2CCNTLRDES%2CSIGNALNC&returnGeometry=true&outSR=4326&f=json
3888,87060000,Miami-Dade,6,MIAMI-DADE,15 ST,N/A,N/A,25.787543,-80.130474,FDOT Traffic Signal Locations TDA,https://services1.arcgis.com/O1JpcwDW8sjYuddV/arcgis/rest/services/Traffic_Signal_Locations_TDA/FeatureServer/0,https://services1.arcgis.com/O1JpcwDW8sjYuddV/arcgis/rest/services/Traffic_Signal_Locations_TDA/FeatureServer/0/query?where=COUNTY%3D%27Miami-Dade%27&outFields=SIGNALID%2CCOUNTY%2CRDWYID%2CDISTRICT%2CMAINTAGC%2CSDESTRET%2CCNTLRDES%2CSIGNALNC&returnGeometry=true&outSR=4326&f=json
4772,87140000,Miami-Dade,6,MIAMI-DADE,NW 202 TR/NW 203 TR,N/A,N/A,25.961227,-80.205739,FDOT Traffic Signal Locations TDA,https://services1.arcgis.com/O1JpcwDW8sjYuddV/arcgis/rest/services/Traffic_Signal_Locations_TDA/FeatureServer/0,https://services1.arcgis.com/O1JpcwDW8sjYuddV/arcgis/rest/services/Traffic_Signal_Locations_TDA/FeatureServer/0/query?where=COUNTY%3D%27Miami-Dade%27&outFields=SIGNALID%2CCOUNTY%2CRDWYID%2CDISTRICT%2CMAINTAGC%2CSDESTRET%2CCNTLRDES%2CSIGNALNC&returnGeometry=true&outSR=4326&f=json
3597,87030000,Miami-Dade,6,MIAMI-DADE,NE 26 ST,N/A,N/A,25.80161,-80.189175,FDOT Traffic Signal Locations TDA,https://services1.arcgis.com/O1JpcwDW8sjYuddV/arcgis/rest/services/Traffic_Signal_Locations_TDA/FeatureServer/0,https://services1.arcgis.com/O1JpcwDW8sjYuddV/arcgis/rest/services/Traffic_Signal_Locations_TDA/FeatureServer/0/query?where=COUNTY%3D%27Miami-Dade%27&outFields=SIGNALID%2CCOUNTY%2CRDWYID%2CDISTRICT%2CMAINTAGC%2CSDESTRET%2CCNTLRDES%2CSIGNALNC&returnGeometry=true&outSR=4326&f=json
5727,87060000,Miami-Dade,6,MIAMI-DADE,16900 BLK,N/A,N/A,25.9324,-80.121786,FDOT Traffic Signal Locations TDA,https://services1.arcgis.com/O1JpcwDW8sjYuddV/arcgis/rest/services/Traffic_Signal_Locations_TDA/FeatureServer/0,https://services1.arcgis.com/O1JpcwDW8sjYuddV/arcgis/rest/services/Traffic_Signal_Locations_TDA/FeatureServer/0/query?where=COUNTY%3D%27Miami-Dade%27&outFields=SIGNALID%2CCOUNTY%2CRDWYID%2CDISTRICT%2CMAINTAGC%2CSDESTRET%2CCNTLRDES%2CSIGNALNC&returnGeometry=true&outSR=4326&f=json
2765,87080000,Miami-Dade,6,MIAMI-DADE,RUE VENDOME,N/A,N/A,25.855343,-80.12874,FDOT Traffic Signal Locations TDA,https://services1.arcgis.com/O1JpcwDW8sjYuddV/arcgis/rest/services/Traffic_Signal_Locations_TDA/FeatureServer/0,https://services1.arcgis.com/O1JpcwDW8sjYuddV/arcgis/rest/services/Traffic_Signal_Locations_TDA/FeatureServer/0/query?where=COUNTY%3D%27Miami-Dade%27&outFields=SIGNALID%2CCOUNTY%2CRDWYID%2CDISTRICT%2CMAINTAGC%2CSDESTRET%2CCNTLRDES%2CSIGNALNC&returnGeometry=true&outSR=4326&f=json
3645,87030000,Miami-Dade,6,MIAMI-DADE,NE 11 TERR,N/A,N/A,25.785486,-80.189113,FDOT Traffic Signal Locations TDA,https://services1.arcgis.com/O1JpcwDW8sjYuddV/arcgis/rest/services/Traffic_Signal_Locations_TDA/FeatureServer/0,https://services1.arcgis.com/O1JpcwDW8sjYuddV/arcgis/rest/services/Traffic_Signal_Locations_TDA/FeatureServer/0/query?where=COUNTY%3D%27Miami-Dade%27&outFields=SIGNALID%2CCOUNTY%2CRDWYID%2CDISTRICT%2CMAINTAGC%2CSDESTRET%2CCNTLRDES%2CSIGNALNC&returnGeometry=true&outSR=4326&f=json
3747,87053000,Miami-Dade,6,MIAMI-DADE,SR 973/W 87 AVE,N/A,02,25.76954,-80.336388,FDOT Traffic Signal Locations TDA,https://services1.arcgis.com/O1JpcwDW8sjYuddV/arcgis/rest/services/Traffic_Signal_Locations_TDA/FeatureServer/0,https://services1.arcgis.com/O1JpcwDW8sjYuddV/arcgis/rest/services/Traffic_Signal_Locations_TDA/FeatureServer/0/query?where=COUNTY%3D%27Miami-Dade%27&outFields=SIGNALID%2CCOUNTY%2CRDWYID%2CDISTRICT%2CMAINTAGC%2CSDESTRET%2CCNTLRDES%2CSIGNALNC&returnGeometry=true&outSR=4326&f=json
3730,87120000,Miami-Dade,6,MIAMI-DADE,SW 122 AVE,N/A,N/A,25.760902,-80.392796,FDOT Traffic Signal Locations TDA,https://services1.arcgis.com/O1JpcwDW8sjYuddV/arcgis/rest/services/Traffic_Signal_Locations_TDA/FeatureServer/0,https://services1.arcgis.com/O1JpcwDW8sjYuddV/arcgis/rest/services/Traffic_Signal_Locations_TDA/FeatureServer/0/query?where=COUNTY%3D%27Miami-Dade%27&outFields=SIGNALID%2CCOUNTY%2CRDWYID%2CDISTRICT%2CMAINTAGC%2CSDESTRET%2CCNTLRDES%2CSIGNALNC&returnGeometry=true&outSR=4326&f=json
50105,87260531,Miami-Dade,6,MIAMI-DADE,NW 42 AVE,N/A,02,25.925142,-80.268669,FDOT Traffic Signal Locations TDA,https://services1.arcgis.com/O1JpcwDW8sjYuddV/arcgis/rest/services/Traffic_Signal_Locations_TDA/FeatureServer/0,https://services1.arcgis.com/O1JpcwDW8sjYuddV/arcgis/rest/services/Traffic_Signal_Locations_TDA/FeatureServer/0/query?where=COUNTY%3D%27Miami-Dade%27&outFields=SIGNALID%2CCOUNTY%2CRDWYID%2CDISTRICT%2CMAINTAGC%2CSDESTRET%2CCNTLRDES%2CSIGNALNC&returnGeometry=true&outSR=4326&f=json
3428,87040102,Miami-Dade,6,MIAMI-DADE,NW 8 ST,N/A,N/A,25.781654,-80.20067,FDOT Traffic Signal Locations TDA,https://services1.arcgis.com/O1JpcwDW8sjYuddV/arcgis/rest/services/Traffic_Signal_Locations_TDA/FeatureServer/0,https://services1.arcgis.com/O1JpcwDW8sjYuddV/arcgis/rest/services/Traffic_Signal_Locations_TDA/FeatureServer/0/query?where=COUNTY%3D%27Miami-Dade%27&outFields=SIGNALID%2CCOUNTY%2CRDWYID%2CDISTRICT%2CMAINTAGC%2CSDESTRET%2CCNTLRDES%2CSIGNALNC&returnGeometry=true&outSR=4326&f=json
4630,87038000,Miami-Dade,6,MIAMI-DADE,N/A,N/A,N/A,25.868323,-80.232392,FDOT Traffic Signal Locations TDA,https://services1.arcgis.com/O1JpcwDW8sjYuddV/arcgis/rest/services/Traffic_Signal_Locations_TDA/FeatureServer/0,https://services1.arcgis.com/O1JpcwDW8sjYuddV/arcgis/rest/services/Traffic_Signal_Locations_TDA/FeatureServer/0/query?where=COUNTY%3D%27Miami-Dade%27&outFields=SIGNALID%2CCOUNTY%2CRDWYID%2CDISTRICT%2CMAINTAGC%2CSDESTRET%2CCNTLRDES%2CSIGNALNC&returnGeometry=true&outSR=4326&f=json
5602,87250000,Miami-Dade,6,MIAMI-DADE,N/A,N/A,N/A,25.822828,-80.276771,FDOT Traffic Signal Locations TDA,https://services1.arcgis.com/O1JpcwDW8sjYuddV/arcgis/rest/services/Traffic_Signal_Locations_TDA/FeatureServer/0,https://services1.arcgis.com/O1JpcwDW8sjYuddV/arcgis/rest/services/Traffic_Signal_Locations_TDA/FeatureServer/0/query?where=COUNTY%3D%27Miami-Dade%27&outFields=SIGNALID%2CCOUNTY%2CRDWYID%2CDISTRICT%2CMAINTAGC%2CSDESTRET%2CCNTLRDES%2CSIGNALNC&returnGeometry=true&outSR=4326&f=json
2037,87090000,Miami-Dade,6,MIAMI-DADE,NW 18 AV,N/A,N/A,25.809506,-80.225573,FDOT Traffic Signal Locations TDA,https://services1.arcgis.com/O1JpcwDW8sjYuddV/arcgis/rest/services/Traffic_Signal_Locations_TDA/FeatureServer/0,https://services1.arcgis.com/O1JpcwDW8sjYuddV/arcgis/rest/services/Traffic_Signal_Locations_TDA/FeatureServer/0/query?where=COUNTY%3D%27Miami-Dade%27&outFields=SIGNALID%2CCOUNTY%2CRDWYID%2CDISTRICT%2CMAINTAGC%2CSDESTRET%2CCNTLRDES%2CSIGNALNC&returnGeometry=true&outSR=4326&f=json
2516,87052000,Miami-Dade,6,MIAMI-DADE,N MIAMI AV,N/A,N/A,25.884291,-80.198326,FDOT Traffic Signal Locations TDA,https://services1.arcgis.com/O1JpcwDW8sjYuddV/arcgis/rest/services/Traffic_Signal_Locations_TDA/FeatureServer/0,https://services1.arcgis.com/O1JpcwDW8sjYuddV/arcgis/rest/services/Traffic_Signal_Locations_TDA/FeatureServer/0/query?where=COUNTY%3D%27Miami-Dade%27&outFields=SIGNALID%2CCOUNTY%2CRDWYID%2CDISTRICT%2CMAINTAGC%2CSDESTRET%2CCNTLRDES%2CSIGNALNC&returnGeometry=true&outSR=4326&f=json
4481,87030000,Miami-Dade,6,MIAMI-DADE,SR 878/SNAPPER CREEK,N/A,02,25.693331,-80.30281,FDOT Traffic Signal Locations TDA,https://services1.arcgis.com/O1JpcwDW8sjYuddV/arcgis/rest/services/Traffic_Signal_Locations_TDA/FeatureServer/0,https://services1.arcgis.com/O1JpcwDW8sjYuddV/arcgis/rest/services/Traffic_Signal_Locations_TDA/FeatureServer/0/query?where=COUNTY%3D%27Miami-Dade%27&outFields=SIGNALID%2CCOUNTY%2CRDWYID%2CDISTRICT%2CMAINTAGC%2CSDESTRET%2CCNTLRDES%2CSIGNALNC&returnGeometry=true&outSR=4326&f=json
5396,87091000,Miami-Dade,6,MIAMI-DADE,SW 122 AVE,N/A,N/A,25.584237,-80.389059,FDOT Traffic Signal Locations TDA,https://services1.arcgis.com/O1JpcwDW8sjYuddV/arcgis/rest/services/Traffic_Signal_Locations_TDA/FeatureServer/0,https://services1.arcgis.com/O1JpcwDW8sjYuddV/arcgis/rest/services/Traffic_Signal_Locations_TDA/FeatureServer/0/query?where=COUNTY%3D%27Miami-Dade%27&outFields=SIGNALID%2CCOUNTY%2CRDWYID%2CDISTRICT%2CMAINTAGC%2CSDESTRET%2CCNTLRDES%2CSIGNALNC&returnGeometry=true&outSR=4326&f=json
5645,87085000,Miami-Dade,6,MIAMI-DADE,N/A,N/A,N/A,25.758517,-80.214243,FDOT Traffic Signal Locations TDA,https://services1.arcgis.com/O1JpcwDW8sjYuddV/arcgis/rest/services/Traffic_Signal_Locations_TDA/FeatureServer/0,https://services1.arcgis.com/O1JpcwDW8sjYuddV/arcgis/rest/services/Traffic_Signal_Locations_TDA/FeatureServer/0/query?where=COUNTY%3D%27Miami-Dade%27&outFields=SIGNALID%2CCOUNTY%2CRDWYID%2CDISTRICT%2CMAINTAGC%2CSDESTRET%2CCNTLRDES%2CSIGNALNC&returnGeometry=true&outSR=4326&f=json
4307,87047000,Miami-Dade,6,MIAMI-DADE,SW 124 ST,N/A,N/A,25.654941,-80.334499,FDOT Traffic Signal Locations TDA,https://services1.arcgis.com/O1JpcwDW8sjYuddV/arcgis/rest/services/Traffic_Signal_Locations_TDA/FeatureServer/0,https://services1.arcgis.com/O1JpcwDW8sjYuddV/arcgis/rest/services/Traffic_Signal_Locations_TDA/FeatureServer/0/query?where=COUNTY%3D%27Miami-Dade%27&outFields=SIGNALID%2CCOUNTY%2CRDWYID%2CDISTRICT%2CMAINTAGC%2CSDESTRET%2CCNTLRDES%2CSIGNALNC&returnGeometry=true&outSR=4326&f=json
2092,87140000,Miami-Dade,6,MIAMI-DADE,NW 75 ST,N/A,N/A,25.84326,-80.209,FDOT Traffic Signal Locations TDA,https://services1.arcgis.com/O1JpcwDW8sjYuddV/arcgis/rest/services/Traffic_Signal_Locations_TDA/FeatureServer/0,https://services1.arcgis.com/O1JpcwDW8sjYuddV/arcgis/rest/services/Traffic_Signal_Locations_TDA/FeatureServer/0/query?where=COUNTY%3D%27Miami-Dade%27&outFields=SIGNALID%2CCOUNTY%2CRDWYID%2CDISTRICT%2CMAINTAGC%2CSDESTRET%2CCNTLRDES%2CSIGNALNC&returnGeometry=true&outSR=4326&f=json
6079,87281000,Miami-Dade,6,MIAMI-DADE,VILLAGE OF MERRICK P,N/A,N/A,25.730671,-80.261819,FDOT Traffic Signal Locations TDA,https://services1.arcgis.com/O1JpcwDW8sjYuddV/arcgis/rest/services/Traffic_Signal_Locations_TDA/FeatureServer/0,https://services1.arcgis.com/O1JpcwDW8sjYuddV/arcgis/rest/services/Traffic_Signal_Locations_TDA/FeatureServer/0/query?where=COUNTY%3D%27Miami-Dade%27&outFields=SIGNALID%2CCOUNTY%2CRDWYID%2CDISTRICT%2CMAINTAGC%2CSDESTRET%2CCNTLRDES%2CSIGNALNC&returnGeometry=true&outSR=4326&f=json
3344,87008000,Miami-Dade,6,MIAMI-DADE,SR 823/W 4 AV/RED RD,N/A,02,25.898579,-80.291793,FDOT Traffic Signal Locations TDA,https://services1.arcgis.com/O1JpcwDW8sjYuddV/arcgis/rest/services/Traffic_Signal_Locations_TDA/FeatureServer/0,https://services1.arcgis.com/O1JpcwDW8sjYuddV/arcgis/rest/services/Traffic_Signal_Locations_TDA/FeatureServer/0/query?where=COUNTY%3D%27Miami-Dade%27&outFields=SIGNALID%2CCOUNTY%2CRDWYID%2CDISTRICT%2CMAINTAGC%2CSDESTRET%2CCNTLRDES%2CSIGNALNC&returnGeometry=true&outSR=4326&f=json
5286,87052000,Miami-Dade,6,MIAMI-DADE,N/A,N/A,N/A,25.884231,-80.199661,FDOT Traffic Signal Locations TDA,https://services1.arcgis.com/O1JpcwDW8sjYuddV/arcgis/rest/services/Traffic_Signal_Locations_TDA/FeatureServer/0,https://services1.arcgis.com/O1JpcwDW8sjYuddV/arcgis/rest/services/Traffic_Signal_Locations_TDA/FeatureServer/0/query?where=COUNTY%3D%27Miami-Dade%27&outFields=SIGNALID%2CCOUNTY%2CRDWYID%2CDISTRICT%2CMAINTAGC%2CSDESTRET%2CCNTLRDES%2CSIGNALNC&returnGeometry=true&outSR=4326&f=json
4804,87030000,Miami-Dade,6,MIAMI-DADE,SW 73 ST,N/A,N/A,25.703374,-80.290693,FDOT Traffic Signal Locations TDA,https://services1.arcgis.com/O1JpcwDW8sjYuddV/arcgis/rest/services/Traffic_Signal_Locations_TDA/FeatureServer/0,https://services1.arcgis.com/O1JpcwDW8sjYuddV/arcgis/rest/services/Traffic_Signal_Locations_TDA/FeatureServer/0/query?where=COUNTY%3D%27Miami-Dade%27&outFields=SIGNALID%2CCOUNTY%2CRDWYID%2CDISTRICT%2CMAINTAGC%2CSDESTRET%2CCNTLRDES%2CSIGNALNC&returnGeometry=true&outSR=4326&f=json
2013,87170000,Miami-Dade,6,MIAMI-DADE,NE 19 AV,N/A,N/A,25.925929,-80.161912,FDOT Traffic Signal Locations TDA,https://services1.arcgis.com/O1JpcwDW8sjYuddV/arcgis/rest/services/Traffic_Signal_Locations_TDA/FeatureServer/0,https://services1.arcgis.com/O1JpcwDW8sjYuddV/arcgis/rest/services/Traffic_Signal_Locations_TDA/FeatureServer/0/query?where=COUNTY%3D%27Miami-Dade%27&outFields=SIGNALID%2CCOUNTY%2CRDWYID%2CDISTRICT%2CMAINTAGC%2CSDESTRET%2CCNTLRDES%2CSIGNALNC&returnGeometry=true&outSR=4326&f=json
6631,87015000,Miami-Dade,6,MIAMI-DADE,SW 232 ST,N/A,N/A,25.551841,-80.372088,FDOT Traffic Signal Locations TDA,https://services1.arcgis.com/O1JpcwDW8sjYuddV/arcgis/rest/services/Traffic_Signal_Locations_TDA/FeatureServer/0,https://services1.arcgis.com/O1JpcwDW8sjYuddV/arcgis/rest/services/Traffic_Signal_Locations_TDA/FeatureServer/0/query?where=COUNTY%3D%27Miami-Dade%27&outFields=SIGNALID%2CCOUNTY%2CRDWYID%2CDISTRICT%2CMAINTAGC%2CSDESTRET%2CCNTLRDES%2CSIGNALNC&returnGeometry=true&outSR=4326&f=json
2265,87054000,Miami-Dade,6,MIAMI-DADE,SR 9/SW 27 AV,N/A,N/A,25.750287,-80.23822,FDOT Traffic Signal Locations TDA,https://services1.arcgis.com/O1JpcwDW8sjYuddV/arcgis/rest/services/Traffic_Signal_Locations_TDA/FeatureServer/0,https://services1.arcgis.com/O1JpcwDW8sjYuddV/arcgis/rest/services/Traffic_Signal_Locations_TDA/FeatureServer/0/query?where=COUNTY%3D%27Miami-Dade%27&outFields=SIGNALID%2CCOUNTY%2CRDWYID%2CDISTRICT%2CMAINTAGC%2CSDESTRET%2CCNTLRDES%2CSIGNALNC&returnGeometry=true&outSR=4326&f=json
2967,87062000,Miami-Dade,6,MIAMI-DADE,SW 56 ST,N/A,N/A,25.71897,-80.285936,FDOT Traffic Signal Locations TDA,https://services1.arcgis.com/O1JpcwDW8sjYuddV/arcgis/rest/services/Traffic_Signal_Locations_TDA/FeatureServer/0,https://services1.arcgis.com/O1JpcwDW8sjYuddV/arcgis/rest/services/Traffic_Signal_Locations_TDA/FeatureServer/0/query?where=COUNTY%3D%27Miami-Dade%27&outFields=SIGNALID%2CCOUNTY%2CRDWYID%2CDISTRICT%2CMAINTAGC%2CSDESTRET%2CCNTLRDES%2CSIGNALNC&returnGeometry=true&outSR=4326&f=json
2498,87080900,Miami-Dade,6,MIAMI-DADE,NW 22 AVE,N/A,N/A,25.846218,-80.233975,FDOT Traffic Signal Locations TDA,https://services1.arcgis.com/O1JpcwDW8sjYuddV/arcgis/rest/services/Traffic_Signal_Locations_TDA/FeatureServer/0,https://services1.arcgis.com/O1JpcwDW8sjYuddV/arcgis/rest/services/Traffic_Signal_Locations_TDA/FeatureServer/0/query?where=COUNTY%3D%27Miami-Dade%27&outFields=SIGNALID%2CCOUNTY%2CRDWYID%2CDISTRICT%2CMAINTAGC%2CSDESTRET%2CCNTLRDES%2CSIGNALNC&returnGeometry=true&outSR=4326&f=json
4239,87120000,Miami-Dade,6,MIAMI-DADE,ON RAMP SR 821 SB,N/A,N/A,25.760942,-80.387341,FDOT Traffic Signal Locations TDA,https://services1.arcgis.com/O1JpcwDW8sjYuddV/arcgis/rest/services/Traffic_Signal_Locations_TDA/FeatureServer/0,https://services1.arcgis.com/O1JpcwDW8sjYuddV/arcgis/rest/services/Traffic_Signal_Locations_TDA/FeatureServer/0/query?where=COUNTY%3D%27Miami-Dade%27&outFields=SIGNALID%2CCOUNTY%2CRDWYID%2CDISTRICT%2CMAINTAGC%2CSDESTRET%2CCNTLRDES%2CSIGNALNC&returnGeometry=true&outSR=4326&f=json
3248,87034000,Miami-Dade,6,MIAMI-DADE,NE 159 ST,N/A,N/A,25.921065,-80.187922,FDOT Traffic Signal Locations TDA,https://services1.arcgis.com/O1JpcwDW8sjYuddV/arcgis/rest/services/Traffic_Signal_Locations_TDA/FeatureServer/0,https://services1.arcgis.com/O1JpcwDW8sjYuddV/arcgis/rest/services/Traffic_Signal_Locations_TDA/FeatureServer/0/query?where=COUNTY%3D%27Miami-Dade%27&outFields=SIGNALID%2CCOUNTY%2CRDWYID%2CDISTRICT%2CMAINTAGC%2CSDESTRET%2CCNTLRDES%2CSIGNALNC&returnGeometry=true&outSR=4326&f=json
2646,87037000,Miami-Dade,6,MIAMI-DADE,LINCOLN RD,N/A,N/A,25.790376,-80.141218,FDOT Traffic Signal Locations TDA,https://services1.arcgis.com/O1JpcwDW8sjYuddV/arcgis/rest/services/Traffic_Signal_Locations_TDA/FeatureServer/0,https://services1.arcgis.com/O1JpcwDW8sjYuddV/arcgis/rest/services/Traffic_Signal_Locations_TDA/FeatureServer/0/query?where=COUNTY%3D%27Miami-Dade%27&outFields=SIGNALID%2CCOUNTY%2CRDWYID%2CDISTRICT%2CMAINTAGC%2CSDESTRET%2CCNTLRDES%2CSIGNALNC&returnGeometry=true&outSR=4326&f=json
4785,87150000,Miami-Dade,6,MIAMI-DADE,SW 248 ST,N/A,N/A,25.535839,-80.478018,FDOT Traffic Signal Locations TDA,https://services1.arcgis.com/O1JpcwDW8sjYuddV/arcgis/rest/services/Traffic_Signal_Locations_TDA/FeatureServer/0,https://services1.arcgis.com/O1JpcwDW8sjYuddV/arcgis/rest/services/Traffic_Signal_Locations_TDA/FeatureServer/0/query?where=COUNTY%3D%27Miami-Dade%27&outFields=SIGNALID%2CCOUNTY%2CRDWYID%2CDISTRICT%2CMAINTAGC%2CSDESTRET%2CCNTLRDES%2CSIGNALNC&returnGeometry=true&outSR=4326&f=json
4758,87120000,Miami-Dade,6,MIAMI-DADE,SW 132 AVE,N/A,N/A,25.760894,-80.409807,FDOT Traffic Signal Locations TDA,https://services1.arcgis.com/O1JpcwDW8sjYuddV/arcgis/rest/services/Traffic_Signal_Locations_TDA/FeatureServer/0,https://services1.arcgis.com/O1JpcwDW8sjYuddV/arcgis/rest/services/Traffic_Signal_Locations_TDA/FeatureServer/0/query?where=COUNTY%3D%27Miami-Dade%27&outFields=SIGNALID%2CCOUNTY%2CRDWYID%2CDISTRICT%2CMAINTAGC%2CSDESTRET%2CCNTLRDES%2CSIGNALNC&returnGeometry=true&outSR=4326&f=json
6757,87026005,Miami-Dade,6,NW 62 AVE,NW 62 AVE,N/A,N/A,25.940331,-80.299564,FDOT Traffic Signal Locations TDA,https://services1.arcgis.com/O1JpcwDW8sjYuddV/arcgis/rest/services/Traffic_Signal_Locations_TDA/FeatureServer/0,https://services1.arcgis.com/O1JpcwDW8sjYuddV/arcgis/rest/services/Traffic_Signal_Locations_TDA/FeatureServer/0/query?where=COUNTY%3D%27Miami-Dade%27&outFields=SIGNALID%2CCOUNTY%2CRDWYID%2CDISTRICT%2CMAINTAGC%2CSDESTRET%2CCNTLRDES%2CSIGNALNC&returnGeometry=true&outSR=4326&f=json
3576,87240000,Miami-Dade,6,MIAMI-DADE,NW 135 ST,N/A,01,25.897333,-80.243548,FDOT Traffic Signal Locations TDA,https://services1.arcgis.com/O1JpcwDW8sjYuddV/arcgis/rest/services/Traffic_Signal_Locations_TDA/FeatureServer/0,https://services1.arcgis.com/O1JpcwDW8sjYuddV/arcgis/rest/services/Traffic_Signal_Locations_TDA/FeatureServer/0/query?where=COUNTY%3D%27Miami-Dade%27&outFields=SIGNALID%2CCOUNTY%2CRDWYID%2CDISTRICT%2CMAINTAGC%2CSDESTRET%2CCNTLRDES%2CSIGNALNC&returnGeometry=true&outSR=4326&f=json
3807,87026000,Miami-Dade,6,MIAMI-DADE,NE 15 AV,N/A,N/A,25.944965,-80.170833,FDOT Traffic Signal Locations TDA,https://services1.arcgis.com/O1JpcwDW8sjYuddV/arcgis/rest/services/Traffic_Signal_Locations_TDA/FeatureServer/0,https://services1.arcgis.com/O1JpcwDW8sjYuddV/arcgis/rest/services/Traffic_Signal_Locations_TDA/FeatureServer/0/query?where=COUNTY%3D%27Miami-Dade%27&outFields=SIGNALID%2CCOUNTY%2CRDWYID%2CDISTRICT%2CMAINTAGC%2CSDESTRET%2CCNTLRDES%2CSIGNALNC&returnGeometry=true&outSR=4326&f=json
5179,87250000,Miami-Dade,6,MIAMI-DADE,NW 6 AVE/FRONTAGE RD,N/A,N/A,25.825007,-80.206096,FDOT Traffic Signal Locations TDA,https://services1.arcgis.com/O1JpcwDW8sjYuddV/arcgis/rest/services/Traffic_Signal_Locations_TDA/FeatureServer/0,https://services1.arcgis.com/O1JpcwDW8sjYuddV/arcgis/rest/services/Traffic_Signal_Locations_TDA/FeatureServer/0/query?where=COUNTY%3D%27Miami-Dade%27&outFields=SIGNALID%2CCOUNTY%2CRDWYID%2CDISTRICT%2CMAINTAGC%2CSDESTRET%2CCNTLRDES%2CSIGNALNC&returnGeometry=true&outSR=4326&f=json
2047,87090000,Miami-Dade,6,MIAMI DADE COUNTY,N MIAMI AV,N/A,N/A,25.810463,-80.194906,FDOT Traffic Signal Locations TDA,https://services1.arcgis.com/O1JpcwDW8sjYuddV/arcgis/rest/services/Traffic_Signal_Locations_TDA/FeatureServer/0,https://services1.arcgis.com/O1JpcwDW8sjYuddV/arcgis/rest/services/Traffic_Signal_Locations_TDA/FeatureServer/0/query?where=COUNTY%3D%27Miami-Dade%27&outFields=SIGNALID%2CCOUNTY%2CRDWYID%2CDISTRICT%2CMAINTAGC%2CSDESTRET%2CCNTLRDES%2CSIGNALNC&returnGeometry=true&outSR=4326&f=json
3442,87120001,Miami-Dade,6,MIAMI-DADE,BEACOM BLVD,N/A,N/A,25.766112,-80.23724,FDOT Traffic Signal Locations TDA,https://services1.arcgis.com/O1JpcwDW8sjYuddV/arcgis/rest/services/Traffic_Signal_Locations_TDA/FeatureServer/0,https://services1.arcgis.com/O1JpcwDW8sjYuddV/arcgis/rest/services/Traffic_Signal_Locations_TDA/FeatureServer/0/query?where=COUNTY%3D%27Miami-Dade%27&outFields=SIGNALID%2CCOUNTY%2CRDWYID%2CDISTRICT%2CMAINTAGC%2CSDESTRET%2CCNTLRDES%2CSIGNALNC&returnGeometry=true&outSR=4326&f=json
2728,87060000,Miami-Dade,6,MIAMI-DADE,JEFFERSON AVE,N/A,N/A,25.774354,-80.137139,FDOT Traffic Signal Locations TDA,https://services1.arcgis.com/O1JpcwDW8sjYuddV/arcgis/rest/services/Traffic_Signal_Locations_TDA/FeatureServer/0,https://services1.arcgis.com/O1JpcwDW8sjYuddV/arcgis/rest/services/Traffic_Signal_Locations_TDA/FeatureServer/0/query?where=COUNTY%3D%27Miami-Dade%27&outFields=SIGNALID%2CCOUNTY%2CRDWYID%2CDISTRICT%2CMAINTAGC%2CSDESTRET%2CCNTLRDES%2CSIGNALNC&returnGeometry=true&outSR=4326&f=json
3512,87060000,Miami-Dade,6,MIAMI-DADE,N/A,N/A,N/A,25.811401,-80.123259,FDOT Traffic Signal Locations TDA,https://services1.arcgis.com/O1JpcwDW8sjYuddV/arcgis/rest/services/Traffic_Signal_Locations_TDA/FeatureServer/0,https://services1.arcgis.com/O1JpcwDW8sjYuddV/arcgis/rest/services/Traffic_Signal_Locations_TDA/FeatureServer/0/query?where=COUNTY%3D%27Miami-Dade%27&outFields=SIGNALID%2CCOUNTY%2CRDWYID%2CDISTRICT%2CMAINTAGC%2CSDESTRET%2CCNTLRDES%2CSIGNALNC&returnGeometry=true&outSR=4326&f=json
7613,87012000,Miami-Dade,6,MIAMI-DADE,N/A,N/A,N/A,25.956844,-80.278295,FDOT Traffic Signal Locations TDA,https://services1.arcgis.com/O1JpcwDW8sjYuddV/arcgis/rest/services/Traffic_Signal_Locations_TDA/FeatureServer/0,https://services1.arcgis.com/O1JpcwDW8sjYuddV/arcgis/rest/services/Traffic_Signal_Locations_TDA/FeatureServer/0/query?where=COUNTY%3D%27Miami-Dade%27&outFields=SIGNALID%2CCOUNTY%2CRDWYID%2CDISTRICT%2CMAINTAGC%2CSDESTRET%2CCNTLRDES%2CSIGNALNC&returnGeometry=true&outSR=4326&f=json
5278,87140000,Miami-Dade,6,MIAMI-DADE,N/A,N/A,N/A,25.834227,-80.20859,FDOT Traffic Signal Locations TDA,https://services1.arcgis.com/O1JpcwDW8sjYuddV/arcgis/rest/services/Traffic_Signal_Locations_TDA/FeatureServer/0,https://services1.arcgis.com/O1JpcwDW8sjYuddV/arcgis/rest/services/Traffic_Signal_Locations_TDA/FeatureServer/0/query?where=COUNTY%3D%27Miami-Dade%27&outFields=SIGNALID%2CCOUNTY%2CRDWYID%2CDISTRICT%2CMAINTAGC%2CSDESTRET%2CCNTLRDES%2CSIGNALNC&returnGeometry=true&outSR=4326&f=json
4165,87260531,Miami-Dade,6,MIAMI-DADE,NW 37 AVE/DOUGLAS RD,N/A,02,25.925453,-80.260636,FDOT Traffic Signal Locations TDA,https://services1.arcgis.com/O1JpcwDW8sjYuddV/arcgis/rest/services/Traffic_Signal_Locations_TDA/FeatureServer/0,https://services1.arcgis.com/O1JpcwDW8sjYuddV/arcgis/rest/services/Traffic_Signal_Locations_TDA/FeatureServer/0/query?where=COUNTY%3D%27Miami-Dade%27&outFields=SIGNALID%2CCOUNTY%2CRDWYID%2CDISTRICT%2CMAINTAGC%2CSDESTRET%2CCNTLRDES%2CSIGNALNC&returnGeometry=true&outSR=4326&f=json
2125,87030000,Miami-Dade,6,MIAMI-DADE,NE 81 ST,N/A,N/A,25.849367,-80.184688,FDOT Traffic Signal Locations TDA,https://services1.arcgis.com/O1JpcwDW8sjYuddV/arcgis/rest/services/Traffic_Signal_Locations_TDA/FeatureServer/0,https://services1.arcgis.com/O1JpcwDW8sjYuddV/arcgis/rest/services/Traffic_Signal_Locations_TDA/FeatureServer/0/query?where=COUNTY%3D%27Miami-Dade%27&outFields=SIGNALID%2CCOUNTY%2CRDWYID%2CDISTRICT%2CMAINTAGC%2CSDESTRET%2CCNTLRDES%2CSIGNALNC&returnGeometry=true&outSR=4326&f=json
2639,87037000,Miami-Dade,6,MIAMI-DADE,ALLISON RD,N/A,N/A,25.844157,-80.123695,FDOT Traffic Signal Locations TDA,https://services1.arcgis.com/O1JpcwDW8sjYuddV/arcgis/rest/services/Traffic_Signal_Locations_TDA/FeatureServer/0,https://services1.arcgis.com/O1JpcwDW8sjYuddV/arcgis/rest/services/Traffic_Signal_Locations_TDA/FeatureServer/0/query?where=COUNTY%3D%27Miami-Dade%27&outFields=SIGNALID%2CCOUNTY%2CRDWYID%2CDISTRICT%2CMAINTAGC%2CSDESTRET%2CCNTLRDES%2CSIGNALNC&returnGeometry=true&outSR=4326&f=json
6644,87120000,Miami-Dade,6,MIAMI DADE,SW 70 AVE,N/A,N/A,25.762954,-80.308553,FDOT Traffic Signal Locations TDA,https://services1.arcgis.com/O1JpcwDW8sjYuddV/arcgis/rest/services/Traffic_Signal_Locations_TDA/FeatureServer/0,https://services1.arcgis.com/O1JpcwDW8sjYuddV/arcgis/rest/services/Traffic_Signal_Locations_TDA/FeatureServer/0/query?where=COUNTY%3D%27Miami-Dade%27&outFields=SIGNALID%2CCOUNTY%2CRDWYID%2CDISTRICT%2CMAINTAGC%2CSDESTRET%2CCNTLRDES%2CSIGNALNC&returnGeometry=true&outSR=4326&f=json
2132,87281000,Miami-Dade,6,MIAMI-DADE,N/A,N/A,N/A,25.772967,-80.263671,FDOT Traffic Signal Locations TDA,https://services1.arcgis.com/O1JpcwDW8sjYuddV/arcgis/rest/services/Traffic_Signal_Locations_TDA/FeatureServer/0,https://services1.arcgis.com/O1JpcwDW8sjYuddV/arcgis/rest/services/Traffic_Signal_Locations_TDA/FeatureServer/0/query?where=COUNTY%3D%27Miami-Dade%27&outFields=SIGNALID%2CCOUNTY%2CRDWYID%2CDISTRICT%2CMAINTAGC%2CSDESTRET%2CCNTLRDES%2CSIGNALNC&returnGeometry=true&outSR=4326&f=json
4669,87030000,Miami-Dade,6,MIAMI-DADE,NE 195 ST,N/A,N/A,25.956956,-80.146805,FDOT Traffic Signal Locations TDA,https://services1.arcgis.com/O1JpcwDW8sjYuddV/arcgis/rest/services/Traffic_Signal_Locations_TDA/FeatureServer/0,https://services1.arcgis.com/O1JpcwDW8sjYuddV/arcgis/rest/services/Traffic_Signal_Locations_TDA/FeatureServer/0/query?where=COUNTY%3D%27Miami-Dade%27&outFields=SIGNALID%2CCOUNTY%2CRDWYID%2CDISTRICT%2CMAINTAGC%2CSDESTRET%2CCNTLRDES%2CSIGNALNC&returnGeometry=true&outSR=4326&f=json
3702,87060000,Miami-Dade,6,MIAMI-DADE,5200 BLK,N/A,N/A,25.829549,-80.122079,FDOT Traffic Signal Locations TDA,https://services1.arcgis.com/O1JpcwDW8sjYuddV/arcgis/rest/services/Traffic_Signal_Locations_TDA/FeatureServer/0,https://services1.arcgis.com/O1JpcwDW8sjYuddV/arcgis/rest/services/Traffic_Signal_Locations_TDA/FeatureServer/0/query?where=COUNTY%3D%27Miami-Dade%27&outFields=SIGNALID%2CCOUNTY%2CRDWYID%2CDISTRICT%2CMAINTAGC%2CSDESTRET%2CCNTLRDES%2CSIGNALNC&returnGeometry=true&outSR=4326&f=json
2123,87080900,Miami-Dade,6,MIAMI-DADE,NE 2 AVE,N/A,N/A,25.84755,-80.193299,FDOT Traffic Signal Locations TDA,https://services1.arcgis.com/O1JpcwDW8sjYuddV/arcgis/rest/services/Traffic_Signal_Locations_TDA/FeatureServer/0,https://services1.arcgis.com/O1JpcwDW8sjYuddV/arcgis/rest/services/Traffic_Signal_Locations_TDA/FeatureServer/0/query?where=COUNTY%3D%27Miami-Dade%27&outFields=SIGNALID%2CCOUNTY%2CRDWYID%2CDISTRICT%2CMAINTAGC%2CSDESTRET%2CCNTLRDES%2CSIGNALNC&returnGeometry=true&outSR=4326&f=json
3435,87026000,Miami-Dade,6,MIAMI-DADE,NE 10 AV,N/A,N/A,25.943529,-80.180801,FDOT Traffic Signal Locations TDA,https://services1.arcgis.com/O1JpcwDW8sjYuddV/arcgis/rest/services/Traffic_Signal_Locations_TDA/FeatureServer/0,https://services1.arcgis.com/O1JpcwDW8sjYuddV/arcgis/rest/services/Traffic_Signal_Locations_TDA/FeatureServer/0/query?where=COUNTY%3D%27Miami-Dade%27&outFields=SIGNALID%2CCOUNTY%2CRDWYID%2CDISTRICT%2CMAINTAGC%2CSDESTRET%2CCNTLRDES%2CSIGNALNC&returnGeometry=true&outSR=4326&f=json
2467,87038000,Miami-Dade,6,MIAMI-DADE,N/A,N/A,N/A,25.868959,-80.215463,FDOT Traffic Signal Locations TDA,https://services1.arcgis.com/O1JpcwDW8sjYuddV/arcgis/rest/services/Traffic_Signal_Locations_TDA/FeatureServer/0,https://services1.arcgis.com/O1JpcwDW8sjYuddV/arcgis/rest/services/Traffic_Signal_Locations_TDA/FeatureServer/0/query?where=COUNTY%3D%27Miami-Dade%27&outFields=SIGNALID%2CCOUNTY%2CRDWYID%2CDISTRICT%2CMAINTAGC%2CSDESTRET%2CCNTLRDES%2CSIGNALNC&returnGeometry=true&outSR=4326&f=json
5323,87040101,Miami-Dade,6,MIAMI-DADE,NW 1 ST,N/A,N/A,25.774898,-80.198872,FDOT Traffic Signal Locations TDA,https://services1.arcgis.com/O1JpcwDW8sjYuddV/arcgis/rest/services/Traffic_Signal_Locations_TDA/FeatureServer/0,https://services1.arcgis.com/O1JpcwDW8sjYuddV/arcgis/rest/services/Traffic_Signal_Locations_TDA/FeatureServer/0/query?where=COUNTY%3D%27Miami-Dade%27&outFields=SIGNALID%2CCOUNTY%2CRDWYID%2CDISTRICT%2CMAINTAGC%2CSDESTRET%2CCNTLRDES%2CSIGNALNC&returnGeometry=true&outSR=4326&f=json
4116,87002000,Miami-Dade,6,MIAMI-DADE,W 44 PL,N/A,N/A,25.862545,-80.290658,FDOT Traffic Signal Locations TDA,https://services1.arcgis.com/O1JpcwDW8sjYuddV/arcgis/rest/services/Traffic_Signal_Locations_TDA/FeatureServer/0,https://services1.arcgis.com/O1JpcwDW8sjYuddV/arcgis/rest/services/Traffic_Signal_Locations_TDA/FeatureServer/0/query?where=COUNTY%3D%27Miami-Dade%27&outFields=SIGNALID%2CCOUNTY%2CRDWYID%2CDISTRICT%2CMAINTAGC%2CSDESTRET%2CCNTLRDES%2CSIGNALNC&returnGeometry=true&outSR=4326&f=json
3487,87053000,Miami-Dade,6,MIAMI-DADE,W 6 AVE,N/A,N/A,25.7739,-80.20388,FDOT Traffic Signal Locations TDA,https://services1.arcgis.com/O1JpcwDW8sjYuddV/arcgis/rest/services/Traffic_Signal_Locations_TDA/FeatureServer/0,https://services1.arcgis.com/O1JpcwDW8sjYuddV/arcgis/rest/services/Traffic_Signal_Locations_TDA/FeatureServer/0/query?where=COUNTY%3D%27Miami-Dade%27&outFields=SIGNALID%2CCOUNTY%2CRDWYID%2CDISTRICT%2CMAINTAGC%2CSDESTRET%2CCNTLRDES%2CSIGNALNC&returnGeometry=true&outSR=4326&f=json
2912,87060000,Miami-Dade,6,MIAMI-DADE,94 ST,N/A,N/A,25.883299,-80.122368,FDOT Traffic Signal Locations TDA,https://services1.arcgis.com/O1JpcwDW8sjYuddV/arcgis/rest/services/Traffic_Signal_Locations_TDA/FeatureServer/0,https://services1.arcgis.com/O1JpcwDW8sjYuddV/arcgis/rest/services/Traffic_Signal_Locations_TDA/FeatureServer/0/query?where=COUNTY%3D%27Miami-Dade%27&outFields=SIGNALID%2CCOUNTY%2CRDWYID%2CDISTRICT%2CMAINTAGC%2CSDESTRET%2CCNTLRDES%2CSIGNALNC&returnGeometry=true&outSR=4326&f=json
3225,87281000,Miami-Dade,6,MIAMI-DADE,E 65 ST/NW 119 ST,N/A,N/A,25.881629,-80.267118,FDOT Traffic Signal Locations TDA,https://services1.arcgis.com/O1JpcwDW8sjYuddV/arcgis/rest/services/Traffic_Signal_Locations_TDA/FeatureServer/0,https://services1.arcgis.com/O1JpcwDW8sjYuddV/arcgis/rest/services/Traffic_Signal_Locations_TDA/FeatureServer/0/query?where=COUNTY%3D%27Miami-Dade%27&outFields=SIGNALID%2CCOUNTY%2CRDWYID%2CDISTRICT%2CMAINTAGC%2CSDESTRET%2CCNTLRDES%2CSIGNALNC&returnGeometry=true&outSR=4326&f=json
4572,87018000,Miami-Dade,6,MIAMI-DADE,NW 7 AV,N/A,N/A,25.972348,-80.214738,FDOT Traffic Signal Locations TDA,https://services1.arcgis.com/O1JpcwDW8sjYuddV/arcgis/rest/services/Traffic_Signal_Locations_TDA/FeatureServer/0,https://services1.arcgis.com/O1JpcwDW8sjYuddV/arcgis/rest/services/Traffic_Signal_Locations_TDA/FeatureServer/0/query?where=COUNTY%3D%27Miami-Dade%27&outFields=SIGNALID%2CCOUNTY%2CRDWYID%2CDISTRICT%2CMAINTAGC%2CSDESTRET%2CCNTLRDES%2CSIGNALNC&returnGeometry=true&outSR=4326&f=json
4158,87260531,Miami-Dade,6,MIAMI-DADE,NW 47 AVE,N/A,02,25.924879,-80.276703,FDOT Traffic Signal Locations TDA,https://services1.arcgis.com/O1JpcwDW8sjYuddV/arcgis/rest/services/Traffic_Signal_Locations_TDA/FeatureServer/0,https://services1.arcgis.com/O1JpcwDW8sjYuddV/arcgis/rest/services/Traffic_Signal_Locations_TDA/FeatureServer/0/query?where=COUNTY%3D%27Miami-Dade%27&outFields=SIGNALID%2CCOUNTY%2CRDWYID%2CDISTRICT%2CMAINTAGC%2CSDESTRET%2CCNTLRDES%2CSIGNALNC&returnGeometry=true&outSR=4326&f=json
4345,87008000,Miami-Dade,6,MIAMI-DADE,NW 10 AVE,N/A,N/A,25.898136,-80.214945,FDOT Traffic Signal Locations TDA,https://services1.arcgis.com/O1JpcwDW8sjYuddV/arcgis/rest/services/Traffic_Signal_Locations_TDA/FeatureServer/0,https://services1.arcgis.com/O1JpcwDW8sjYuddV/arcgis/rest/services/Traffic_Signal_Locations_TDA/FeatureServer/0/query?where=COUNTY%3D%27Miami-Dade%27&outFields=SIGNALID%2CCOUNTY%2CRDWYID%2CDISTRICT%2CMAINTAGC%2CSDESTRET%2CCNTLRDES%2CSIGNALNC&returnGeometry=true&outSR=4326&f=json
4653,87300000,Miami-Dade,6,MIAMI-DADE,NW 32 AVE,N/A,N/A,25.8825,-80.251505,FDOT Traffic Signal Locations TDA,https://services1.arcgis.com/O1JpcwDW8sjYuddV/arcgis/rest/services/Traffic_Signal_Locations_TDA/FeatureServer/0,https://services1.arcgis.com/O1JpcwDW8sjYuddV/arcgis/rest/services/Traffic_Signal_Locations_TDA/FeatureServer/0/query?where=COUNTY%3D%27Miami-Dade%27&outFields=SIGNALID%2CCOUNTY%2CRDWYID%2CDISTRICT%2CMAINTAGC%2CSDESTRET%2CCNTLRDES%2CSIGNALNC&returnGeometry=true&outSR=4326&f=json
5952,87038000,Miami-Dade,6,MIAMI-DADE,NW 80 CT,N/A,N/A,25.869165,-80.329521,FDOT Traffic Signal Locations TDA,https://services1.arcgis.com/O1JpcwDW8sjYuddV/arcgis/rest/services/Traffic_Signal_Locations_TDA/FeatureServer/0,https://services1.arcgis.com/O1JpcwDW8sjYuddV/arcgis/rest/services/Traffic_Signal_Locations_TDA/FeatureServer/0/query?where=COUNTY%3D%27Miami-Dade%27&outFields=SIGNALID%2CCOUNTY%2CRDWYID%2CDISTRICT%2CMAINTAGC%2CSDESTRET%2CCNTLRDES%2CSIGNALNC&returnGeometry=true&outSR=4326&f=json
2644,87037000,Miami-Dade,6,MIAMI-DADE,15 ST,N/A,N/A,25.787299,-80.141121,FDOT Traffic Signal Locations TDA,https://services1.arcgis.com/O1JpcwDW8sjYuddV/arcgis/rest/services/Traffic_Signal_Locations_TDA/FeatureServer/0,https://services1.arcgis.com/O1JpcwDW8sjYuddV/arcgis/rest/services/Traffic_Signal_Locations_TDA/FeatureServer/0/query?where=COUNTY%3D%27Miami-Dade%27&outFields=SIGNALID%2CCOUNTY%2CRDWYID%2CDISTRICT%2CMAINTAGC%2CSDESTRET%2CCNTLRDES%2CSIGNALNC&returnGeometry=true&outSR=4326&f=json
3558,87020000,Miami-Dade,6,MIAMI-DADE,HIBISCUS ST,N/A,N/A,25.6039,-80.350129,FDOT Traffic Signal Locations TDA,https://services1.arcgis.com/O1JpcwDW8sjYuddV/arcgis/rest/services/Traffic_Signal_Locations_TDA/FeatureServer/0,https://services1.arcgis.com/O1JpcwDW8sjYuddV/arcgis/rest/services/Traffic_Signal_Locations_TDA/FeatureServer/0/query?where=COUNTY%3D%27Miami-Dade%27&outFields=SIGNALID%2CCOUNTY%2CRDWYID%2CDISTRICT%2CMAINTAGC%2CSDESTRET%2CCNTLRDES%2CSIGNALNC&returnGeometry=true&outSR=4326&f=json
2545,87066000,Miami-Dade,6,MIAMI-DADE,NE 6 AV/W DIXIE,N/A,N/A,25.890266,-80.186424,FDOT Traffic Signal Locations TDA,https://services1.arcgis.com/O1JpcwDW8sjYuddV/arcgis/rest/services/Traffic_Signal_Locations_TDA/FeatureServer/0,https://services1.arcgis.com/O1JpcwDW8sjYuddV/arcgis/rest/services/Traffic_Signal_Locations_TDA/FeatureServer/0/query?where=COUNTY%3D%27Miami-Dade%27&outFields=SIGNALID%2CCOUNTY%2CRDWYID%2CDISTRICT%2CMAINTAGC%2CSDESTRET%2CCNTLRDES%2CSIGNALNC&returnGeometry=true&outSR=4326&f=json
5428,87220000,Miami-Dade,6,MIAMI-DADE,OFF RAMP 87260249,N/A,N/A,25.809273,-80.319894,FDOT Traffic Signal Locations TDA,https://services1.arcgis.com/O1JpcwDW8sjYuddV/arcgis/rest/services/Traffic_Signal_Locations_TDA/FeatureServer/0,https://services1.arcgis.com/O1JpcwDW8sjYuddV/arcgis/rest/services/Traffic_Signal_Locations_TDA/FeatureServer/0/query?where=COUNTY%3D%27Miami-Dade%27&outFields=SIGNALID%2CCOUNTY%2CRDWYID%2CDISTRICT%2CMAINTAGC%2CSDESTRET%2CCNTLRDES%2CSIGNALNC&returnGeometry=true&outSR=4326&f=json
2246,87120000,Miami-Dade,6,MIAMI-DADE,SW 2 AVE,N/A,N/A,25.766291,-80.197435,FDOT Traffic Signal Locations TDA,https://services1.arcgis.com/O1JpcwDW8sjYuddV/arcgis/rest/services/Traffic_Signal_Locations_TDA/FeatureServer/0,https://services1.arcgis.com/O1JpcwDW8sjYuddV/arcgis/rest/services/Traffic_Signal_Locations_TDA/FeatureServer/0/query?where=COUNTY%3D%27Miami-Dade%27&outFields=SIGNALID%2CCOUNTY%2CRDWYID%2CDISTRICT%2CMAINTAGC%2CSDESTRET%2CCNTLRDES%2CSIGNALNC&returnGeometry=true&outSR=4326&f=json
2205,87053000,Miami-Dade,6,MIAMI-DADE,W 32 AVE,N/A,N/A,25.772085,-80.247091,FDOT Traffic Signal Locations TDA,https://services1.arcgis.com/O1JpcwDW8sjYuddV/arcgis/rest/services/Traffic_Signal_Locations_TDA/FeatureServer/0,https://services1.arcgis.com/O1JpcwDW8sjYuddV/arcgis/rest/services/Traffic_Signal_Locations_TDA/FeatureServer/0/query?where=COUNTY%3D%27Miami-Dade%27&outFields=SIGNALID%2CCOUNTY%2CRDWYID%2CDISTRICT%2CMAINTAGC%2CSDESTRET%2CCNTLRDES%2CSIGNALNC&returnGeometry=true&outSR=4326&f=json
5737,87002000,Miami-Dade,6,MIAMI-DADE,NW 189 ST,N/A,N/A,25.944625,-80.294044,FDOT Traffic Signal Locations TDA,https://services1.arcgis.com/O1JpcwDW8sjYuddV/arcgis/rest/services/Traffic_Signal_Locations_TDA/FeatureServer/0,https://services1.arcgis.com/O1JpcwDW8sjYuddV/arcgis/rest/services/Traffic_Signal_Locations_TDA/FeatureServer/0/query?where=COUNTY%3D%27Miami-Dade%27&outFields=SIGNALID%2CCOUNTY%2CRDWYID%2CDISTRICT%2CMAINTAGC%2CSDESTRET%2CCNTLRDES%2CSIGNALNC&returnGeometry=true&outSR=4326&f=json
6093,87020000,Miami-Dade,6,MIAMI-DADE,SW 264 ST,N/A,N/A,25.52176,-80.424406,FDOT Traffic Signal Locations TDA,https://services1.arcgis.com/O1JpcwDW8sjYuddV/arcgis/rest/services/Traffic_Signal_Locations_TDA/FeatureServer/0,https://services1.arcgis.com/O1JpcwDW8sjYuddV/arcgis/rest/services/Traffic_Signal_Locations_TDA/FeatureServer/0/query?where=COUNTY%3D%27Miami-Dade%27&outFields=SIGNALID%2CCOUNTY%2CRDWYID%2CDISTRICT%2CMAINTAGC%2CSDESTRET%2CCNTLRDES%2CSIGNALNC&returnGeometry=true&outSR=4326&f=json
5566,87091000,Miami-Dade,6,MIAMI-DADE,BUSWAY,N/A,N/A,25.596142,-80.35704,FDOT Traffic Signal Locations TDA,https://services1.arcgis.com/O1JpcwDW8sjYuddV/arcgis/rest/services/Traffic_Signal_Locations_TDA/FeatureServer/0,https://services1.arcgis.com/O1JpcwDW8sjYuddV/arcgis/rest/services/Traffic_Signal_Locations_TDA/FeatureServer/0/query?where=COUNTY%3D%27Miami-Dade%27&outFields=SIGNALID%2CCOUNTY%2CRDWYID%2CDISTRICT%2CMAINTAGC%2CSDESTRET%2CCNTLRDES%2CSIGNALNC&returnGeometry=true&outSR=4326&f=json
3750,87080900,Miami-Dade,6,MIAMI-DADE,E 6 AVE,N/A,N/A,25.844751,-80.270227,FDOT Traffic Signal Locations TDA,https://services1.arcgis.com/O1JpcwDW8sjYuddV/arcgis/rest/services/Traffic_Signal_Locations_TDA/FeatureServer/0,https://services1.arcgis.com/O1JpcwDW8sjYuddV/arcgis/rest/services/Traffic_Signal_Locations_TDA/FeatureServer/0/query?where=COUNTY%3D%27Miami-Dade%27&outFields=SIGNALID%2CCOUNTY%2CRDWYID%2CDISTRICT%2CMAINTAGC%2CSDESTRET%2CCNTLRDES%2CSIGNALNC&returnGeometry=true&outSR=4326&f=json
6354,87030000,Miami-Dade,6,MIAMI-DADE,NE 5 ST,N/A,N/A,25.779557,-80.188642,FDOT Traffic Signal Locations TDA,https://services1.arcgis.com/O1JpcwDW8sjYuddV/arcgis/rest/services/Traffic_Signal_Locations_TDA/FeatureServer/0,https://services1.arcgis.com/O1JpcwDW8sjYuddV/arcgis/rest/services/Traffic_Signal_Locations_TDA/FeatureServer/0/query?where=COUNTY%3D%27Miami-Dade%27&outFields=SIGNALID%2CCOUNTY%2CRDWYID%2CDISTRICT%2CMAINTAGC%2CSDESTRET%2CCNTLRDES%2CSIGNALNC&returnGeometry=true&outSR=4326&f=json
4530,87020000,Miami-Dade,6,MIAMI-DADE,SW 14600 BLK,N/A,N/A,25.634123,-80.338569,FDOT Traffic Signal Locations TDA,https://services1.arcgis.com/O1JpcwDW8sjYuddV/arcgis/rest/services/Traffic_Signal_Locations_TDA/FeatureServer/0,https://services1.arcgis.com/O1JpcwDW8sjYuddV/arcgis/rest/services/Traffic_Signal_Locations_TDA/FeatureServer/0/query?where=COUNTY%3D%27Miami-Dade%27&outFields=SIGNALID%2CCOUNTY%2CRDWYID%2CDISTRICT%2CMAINTAGC%2CSDESTRET%2CCNTLRDES%2CSIGNALNC&returnGeometry=true&outSR=4326&f=json
4300,87240000,Miami-Dade,6,MIAMI-DADE,NW 60 ST,N/A,N/A,25.829275,-80.240954,FDOT Traffic Signal Locations TDA,https://services1.arcgis.com/O1JpcwDW8sjYuddV/arcgis/rest/services/Traffic_Signal_Locations_TDA/FeatureServer/0,https://services1.arcgis.com/O1JpcwDW8sjYuddV/arcgis/rest/services/Traffic_Signal_Locations_TDA/FeatureServer/0/query?where=COUNTY%3D%27Miami-Dade%27&outFields=SIGNALID%2CCOUNTY%2CRDWYID%2CDISTRICT%2CMAINTAGC%2CSDESTRET%2CCNTLRDES%2CSIGNALNC&returnGeometry=true&outSR=4326&f=json
6558,87090000,Miami-Dade,6,MIAMI-DADE,SR 997/KROME AVE(NB),N/A,N/A,25.950461,-80.431062,FDOT Traffic Signal Locations TDA,https://services1.arcgis.com/O1JpcwDW8sjYuddV/arcgis/rest/services/Traffic_Signal_Locations_TDA/FeatureServer/0,https://services1.arcgis.com/O1JpcwDW8sjYuddV/arcgis/rest/services/Traffic_Signal_Locations_TDA/FeatureServer/0/query?where=COUNTY%3D%27Miami-Dade%27&outFields=SIGNALID%2CCOUNTY%2CRDWYID%2CDISTRICT%2CMAINTAGC%2CSDESTRET%2CCNTLRDES%2CSIGNALNC&returnGeometry=true&outSR=4326&f=json
4863,87001000,Miami-Dade,6,MIAMI-DADE,SW 122 AVE/SW 124 AV,N/A,N/A,25.686013,-80.393653,FDOT Traffic Signal Locations TDA,https://services1.arcgis.com/O1JpcwDW8sjYuddV/arcgis/rest/services/Traffic_Signal_Locations_TDA/FeatureServer/0,https://services1.arcgis.com/O1JpcwDW8sjYuddV/arcgis/rest/services/Traffic_Signal_Locations_TDA/FeatureServer/0/query?where=COUNTY%3D%27Miami-Dade%27&outFields=SIGNALID%2CCOUNTY%2CRDWYID%2CDISTRICT%2CMAINTAGC%2CSDESTRET%2CCNTLRDES%2CSIGNALNC&returnGeometry=true&outSR=4326&f=json
2671,87060000,Miami-Dade,6,MIAMI-DADE,24 ST,N/A,N/A,25.80005,-80.127331,FDOT Traffic Signal Locations TDA,https://services1.arcgis.com/O1JpcwDW8sjYuddV/arcgis/rest/services/Traffic_Signal_Locations_TDA/FeatureServer/0,https://services1.arcgis.com/O1JpcwDW8sjYuddV/arcgis/rest/services/Traffic_Signal_Locations_TDA/FeatureServer/0/query?where=COUNTY%3D%27Miami-Dade%27&outFields=SIGNALID%2CCOUNTY%2CRDWYID%2CDISTRICT%2CMAINTAGC%2CSDESTRET%2CCNTLRDES%2CSIGNALNC&returnGeometry=true&outSR=4326&f=json
5064,87016000,Miami-Dade,6,MIAMI-DADE,N/A,N/A,N/A,25.813865,-80.132293,FDOT Traffic Signal Locations TDA,https://services1.arcgis.com/O1JpcwDW8sjYuddV/arcgis/rest/services/Traffic_Signal_Locations_TDA/FeatureServer/0,https://services1.arcgis.com/O1JpcwDW8sjYuddV/arcgis/rest/services/Traffic_Signal_Locations_TDA/FeatureServer/0/query?where=COUNTY%3D%27Miami-Dade%27&outFields=SIGNALID%2CCOUNTY%2CRDWYID%2CDISTRICT%2CMAINTAGC%2CSDESTRET%2CCNTLRDES%2CSIGNALNC&returnGeometry=true&outSR=4326&f=json
2422,87140000,Miami-Dade,6,MIAMI-DADE,NW 29 ST,N/A,N/A,25.803638,-80.207315,FDOT Traffic Signal Locations TDA,https://services1.arcgis.com/O1JpcwDW8sjYuddV/arcgis/rest/services/Traffic_Signal_Locations_TDA/FeatureServer/0,https://services1.arcgis.com/O1JpcwDW8sjYuddV/arcgis/rest/services/Traffic_Signal_Locations_TDA/FeatureServer/0/query?where=COUNTY%3D%27Miami-Dade%27&outFields=SIGNALID%2CCOUNTY%2CRDWYID%2CDISTRICT%2CMAINTAGC%2CSDESTRET%2CCNTLRDES%2CSIGNALNC&returnGeometry=true&outSR=4326&f=json
5786,87072000,Miami-Dade,6,MIAMI-DADE,SW 76 ST,N/A,N/A,25.697283,-80.366091,FDOT Traffic Signal Locations TDA,https://services1.arcgis.com/O1JpcwDW8sjYuddV/arcgis/rest/services/Traffic_Signal_Locations_TDA/FeatureServer/0,https://services1.arcgis.com/O1JpcwDW8sjYuddV/arcgis/rest/services/Traffic_Signal_Locations_TDA/FeatureServer/0/query?where=COUNTY%3D%27Miami-Dade%27&outFields=SIGNALID%2CCOUNTY%2CRDWYID%2CDISTRICT%2CMAINTAGC%2CSDESTRET%2CCNTLRDES%2CSIGNALNC&returnGeometry=true&outSR=4326&f=json
4774,87085000,Miami-Dade,6,MIAMI-DADE,NW 1500 BLK,N/A,N/A,25.789356,-80.214949,FDOT Traffic Signal Locations TDA,https://services1.arcgis.com/O1JpcwDW8sjYuddV/arcgis/rest/services/Traffic_Signal_Locations_TDA/FeatureServer/0,https://services1.arcgis.com/O1JpcwDW8sjYuddV/arcgis/rest/services/Traffic_Signal_Locations_TDA/FeatureServer/0/query?where=COUNTY%3D%27Miami-Dade%27&outFields=SIGNALID%2CCOUNTY%2CRDWYID%2CDISTRICT%2CMAINTAGC%2CSDESTRET%2CCNTLRDES%2CSIGNALNC&returnGeometry=true&outSR=4326&f=json
3068,87260526,Miami-Dade,6,MIAMI-DADE,SR 823/NW 57 AVE,N/A,02,25.925431,-80.293217,FDOT Traffic Signal Locations TDA,https://services1.arcgis.com/O1JpcwDW8sjYuddV/arcgis/rest/services/Traffic_Signal_Locations_TDA/FeatureServer/0,https://services1.arcgis.com/O1JpcwDW8sjYuddV/arcgis/rest/services/Traffic_Signal_Locations_TDA/FeatureServer/0/query?where=COUNTY%3D%27Miami-Dade%27&outFields=SIGNALID%2CCOUNTY%2CRDWYID%2CDISTRICT%2CMAINTAGC%2CSDESTRET%2CCNTLRDES%2CSIGNALNC&returnGeometry=true&outSR=4326&f=json
6427,87120000,Miami-Dade,6,MIAMI-DADE,N/A,N/A,N/A,25.76572,-80.219428,FDOT Traffic Signal Locations TDA,https://services1.arcgis.com/O1JpcwDW8sjYuddV/arcgis/rest/services/Traffic_Signal_Locations_TDA/FeatureServer/0,https://services1.arcgis.com/O1JpcwDW8sjYuddV/arcgis/rest/services/Traffic_Signal_Locations_TDA/FeatureServer/0/query?where=COUNTY%3D%27Miami-Dade%27&outFields=SIGNALID%2CCOUNTY%2CRDWYID%2CDISTRICT%2CMAINTAGC%2CSDESTRET%2CCNTLRDES%2CSIGNALNC&returnGeometry=true&outSR=4326&f=json
3737,87170000,Miami-Dade,6,MIAMI-DADE,NE 3 CT,N/A,N/A,25.928322,-80.193314,FDOT Traffic Signal Locations TDA,https://services1.arcgis.com/O1JpcwDW8sjYuddV/arcgis/rest/services/Traffic_Signal_Locations_TDA/FeatureServer/0,https://services1.arcgis.com/O1JpcwDW8sjYuddV/arcgis/rest/services/Traffic_Signal_Locations_TDA/FeatureServer/0/query?where=COUNTY%3D%27Miami-Dade%27&outFields=SIGNALID%2CCOUNTY%2CRDWYID%2CDISTRICT%2CMAINTAGC%2CSDESTRET%2CCNTLRDES%2CSIGNALNC&returnGeometry=true&outSR=4326&f=json
2981,87240000,Miami-Dade,6,MIAMI-DADE,NW 22 AV,N/A,N/A,25.907614,-80.236243,FDOT Traffic Signal Locations TDA,https://services1.arcgis.com/O1JpcwDW8sjYuddV/arcgis/rest/services/Traffic_Signal_Locations_TDA/FeatureServer/0,https://services1.arcgis.com/O1JpcwDW8sjYuddV/arcgis/rest/services/Traffic_Signal_Locations_TDA/FeatureServer/0/query?where=COUNTY%3D%27Miami-Dade%27&outFields=SIGNALID%2CCOUNTY%2CRDWYID%2CDISTRICT%2CMAINTAGC%2CSDESTRET%2CCNTLRDES%2CSIGNALNC&returnGeometry=true&outSR=4326&f=json
2847,87090000,Miami-Dade,6,MIAMI-DADE,CURTIS PKWY/HIALEAH,N/A,N/A,25.822541,-80.280135,FDOT Traffic Signal Locations TDA,https://services1.arcgis.com/O1JpcwDW8sjYuddV/arcgis/rest/services/Traffic_Signal_Locations_TDA/FeatureServer/0,https://services1.arcgis.com/O1JpcwDW8sjYuddV/arcgis/rest/services/Traffic_Signal_Locations_TDA/FeatureServer/0/query?where=COUNTY%3D%27Miami-Dade%27&outFields=SIGNALID%2CCOUNTY%2CRDWYID%2CDISTRICT%2CMAINTAGC%2CSDESTRET%2CCNTLRDES%2CSIGNALNC&returnGeometry=true&outSR=4326&f=json
2012,87170000,Miami-Dade,6,MIAMI-DADE,NE 12 AV,N/A,N/A,25.925356,-80.176136,FDOT Traffic Signal Locations TDA,https://services1.arcgis.com/O1JpcwDW8sjYuddV/arcgis/rest/services/Traffic_Signal_Locations_TDA/FeatureServer/0,https://services1.arcgis.com/O1JpcwDW8sjYuddV/arcgis/rest/services/Traffic_Signal_Locations_TDA/FeatureServer/0/query?where=COUNTY%3D%27Miami-Dade%27&outFields=SIGNALID%2CCOUNTY%2CRDWYID%2CDISTRICT%2CMAINTAGC%2CSDESTRET%2CCNTLRDES%2CSIGNALNC&returnGeometry=true&outSR=4326&f=json
2540,87066000,Miami-Dade,6,MIAMI-DADE,GRIFFIN BLV/NE 3 AV,N/A,N/A,25.890001,-80.192497,FDOT Traffic Signal Locations TDA,https://services1.arcgis.com/O1JpcwDW8sjYuddV/arcgis/rest/services/Traffic_Signal_Locations_TDA/FeatureServer/0,https://services1.arcgis.com/O1JpcwDW8sjYuddV/arcgis/rest/services/Traffic_Signal_Locations_TDA/FeatureServer/0/query?where=COUNTY%3D%27Miami-Dade%27&outFields=SIGNALID%2CCOUNTY%2CRDWYID%2CDISTRICT%2CMAINTAGC%2CSDESTRET%2CCNTLRDES%2CSIGNALNC&returnGeometry=true&outSR=4326&f=json
3068,87260528,Miami-Dade,6,MIAMI-DADE,NW 57 AVE,N/A,02,25.925431,-80.293217,FDOT Traffic Signal Locations TDA,https://services1.arcgis.com/O1JpcwDW8sjYuddV/arcgis/rest/services/Traffic_Signal_Locations_TDA/FeatureServer/0,https://services1.arcgis.com/O1JpcwDW8sjYuddV/arcgis/rest/services/Traffic_Signal_Locations_TDA/FeatureServer/0/query?where=COUNTY%3D%27Miami-Dade%27&outFields=SIGNALID%2CCOUNTY%2CRDWYID%2CDISTRICT%2CMAINTAGC%2CSDESTRET%2CCNTLRDES%2CSIGNALNC&returnGeometry=true&outSR=4326&f=json
3785,87080000,Miami-Dade,6,MIAMI-DADE,PELICAN HARBOR,N/A,N/A,25.848314,-80.166783,FDOT Traffic Signal Locations TDA,https://services1.arcgis.com/O1JpcwDW8sjYuddV/arcgis/rest/services/Traffic_Signal_Locations_TDA/FeatureServer/0,https://services1.arcgis.com/O1JpcwDW8sjYuddV/arcgis/rest/services/Traffic_Signal_Locations_TDA/FeatureServer/0/query?where=COUNTY%3D%27Miami-Dade%27&outFields=SIGNALID%2CCOUNTY%2CRDWYID%2CDISTRICT%2CMAINTAGC%2CSDESTRET%2CCNTLRDES%2CSIGNALNC&returnGeometry=true&outSR=4326&f=json
6987,87026005,Miami-Dade,6,MIAMI-DADE,I-75 ON/OFF RAMP,N/A,N/A,25.942227,-80.348326,FDOT Traffic Signal Locations TDA,https://services1.arcgis.com/O1JpcwDW8sjYuddV/arcgis/rest/services/Traffic_Signal_Locations_TDA/FeatureServer/0,https://services1.arcgis.com/O1JpcwDW8sjYuddV/arcgis/rest/services/Traffic_Signal_Locations_TDA/FeatureServer/0/query?where=COUNTY%3D%27Miami-Dade%27&outFields=SIGNALID%2CCOUNTY%2CRDWYID%2CDISTRICT%2CMAINTAGC%2CSDESTRET%2CCNTLRDES%2CSIGNALNC&returnGeometry=true&outSR=4326&f=json
2480,87240000,Miami-Dade,6,MIAMI-DADE,NW 41 ST,N/A,N/A,25.812679,-80.240311,FDOT Traffic Signal Locations TDA,https://services1.arcgis.com/O1JpcwDW8sjYuddV/arcgis/rest/services/Traffic_Signal_Locations_TDA/FeatureServer/0,https://services1.arcgis.com/O1JpcwDW8sjYuddV/arcgis/rest/services/Traffic_Signal_Locations_TDA/FeatureServer/0/query?where=COUNTY%3D%27Miami-Dade%27&outFields=SIGNALID%2CCOUNTY%2CRDWYID%2CDISTRICT%2CMAINTAGC%2CSDESTRET%2CCNTLRDES%2CSIGNALNC&returnGeometry=true&outSR=4326&f=json
2136,87281000,Miami-Dade,6,MIAMI-DADE,SR 968/W FLAGER ST,N/A,02,25.771676,-80.263605,FDOT Traffic Signal Locations TDA,https://services1.arcgis.com/O1JpcwDW8sjYuddV/arcgis/rest/services/Traffic_Signal_Locations_TDA/FeatureServer/0,https://services1.arcgis.com/O1JpcwDW8sjYuddV/arcgis/rest/services/Traffic_Signal_Locations_TDA/FeatureServer/0/query?where=COUNTY%3D%27Miami-Dade%27&outFields=SIGNALID%2CCOUNTY%2CRDWYID%2CDISTRICT%2CMAINTAGC%2CSDESTRET%2CCNTLRDES%2CSIGNALNC&returnGeometry=true&outSR=4326&f=json
4281,87019000,Miami-Dade,6,MIAMI-DADE,NW 191 ST,N/A,N/A,25.948203,-80.245569,FDOT Traffic Signal Locations TDA,https://services1.arcgis.com/O1JpcwDW8sjYuddV/arcgis/rest/services/Traffic_Signal_Locations_TDA/FeatureServer/0,https://services1.arcgis.com/O1JpcwDW8sjYuddV/arcgis/rest/services/Traffic_Signal_Locations_TDA/FeatureServer/0/query?where=COUNTY%3D%27Miami-Dade%27&outFields=SIGNALID%2CCOUNTY%2CRDWYID%2CDISTRICT%2CMAINTAGC%2CSDESTRET%2CCNTLRDES%2CSIGNALNC&returnGeometry=true&outSR=4326&f=json
5769,87060000,Miami-Dade,6,MIAMI-DADE,16 ST,N/A,N/A,25.789041,-80.130249,FDOT Traffic Signal Locations TDA,https://services1.arcgis.com/O1JpcwDW8sjYuddV/arcgis/rest/services/Traffic_Signal_Locations_TDA/FeatureServer/0,https://services1.arcgis.com/O1JpcwDW8sjYuddV/arcgis/rest/services/Traffic_Signal_Locations_TDA/FeatureServer/0/query?where=COUNTY%3D%27Miami-Dade%27&outFields=SIGNALID%2CCOUNTY%2CRDWYID%2CDISTRICT%2CMAINTAGC%2CSDESTRET%2CCNTLRDES%2CSIGNALNC&returnGeometry=true&outSR=4326&f=json
3083,87066000,Miami-Dade,6,MIAMI-DADE,NW 6 AV,N/A,N/A,25.889272,-80.208826,FDOT Traffic Signal Locations TDA,https://services1.arcgis.com/O1JpcwDW8sjYuddV/arcgis/rest/services/Traffic_Signal_Locations_TDA/FeatureServer/0,https://services1.arcgis.com/O1JpcwDW8sjYuddV/arcgis/rest/services/Traffic_Signal_Locations_TDA/FeatureServer/0/query?where=COUNTY%3D%27Miami-Dade%27&outFields=SIGNALID%2CCOUNTY%2CRDWYID%2CDISTRICT%2CMAINTAGC%2CSDESTRET%2CCNTLRDES%2CSIGNALNC&returnGeometry=true&outSR=4326&f=json
6688,87053000,Miami-Dade,6,MIAMI-DADE,N/A,N/A,N/A,25.771803,-80.257914,FDOT Traffic Signal Locations TDA,https://services1.arcgis.com/O1JpcwDW8sjYuddV/arcgis/rest/services/Traffic_Signal_Locations_TDA/FeatureServer/0,https://services1.arcgis.com/O1JpcwDW8sjYuddV/arcgis/rest/services/Traffic_Signal_Locations_TDA/FeatureServer/0/query?where=COUNTY%3D%27Miami-Dade%27&outFields=SIGNALID%2CCOUNTY%2CRDWYID%2CDISTRICT%2CMAINTAGC%2CSDESTRET%2CCNTLRDES%2CSIGNALNC&returnGeometry=true&outSR=4326&f=json
4577,87027000,Miami-Dade,6,MIAMI-DADE,NW 7 ST,N/A,N/A,25.777152,-80.312379,FDOT Traffic Signal Locations TDA,https://services1.arcgis.com/O1JpcwDW8sjYuddV/arcgis/rest/services/Traffic_Signal_Locations_TDA/FeatureServer/0,https://services1.arcgis.com/O1JpcwDW8sjYuddV/arcgis/rest/services/Traffic_Signal_Locations_TDA/FeatureServer/0/query?where=COUNTY%3D%27Miami-Dade%27&outFields=SIGNALID%2CCOUNTY%2CRDWYID%2CDISTRICT%2CMAINTAGC%2CSDESTRET%2CCNTLRDES%2CSIGNALNC&returnGeometry=true&outSR=4326&f=json
4545,87240000,Miami-Dade,6,MIAMI-DADE,NW 132 ST,N/A,N/A,25.894304,-80.24343,FDOT Traffic Signal Locations TDA,https://services1.arcgis.com/O1JpcwDW8sjYuddV/arcgis/rest/services/Traffic_Signal_Locations_TDA/FeatureServer/0,https://services1.arcgis.com/O1JpcwDW8sjYuddV/arcgis/rest/services/Traffic_Signal_Locations_TDA/FeatureServer/0/query?where=COUNTY%3D%27Miami-Dade%27&outFields=SIGNALID%2CCOUNTY%2CRDWYID%2CDISTRICT%2CMAINTAGC%2CSDESTRET%2CCNTLRDES%2CSIGNALNC&returnGeometry=true&outSR=4326&f=json
7316,87085000,Miami-Dade,6,MIAMI DADE,N/A,N/A,N/A,25.780521,-80.214802,FDOT Traffic Signal Locations TDA,https://services1.arcgis.com/O1JpcwDW8sjYuddV/arcgis/rest/services/Traffic_Signal_Locations_TDA/FeatureServer/0,https://services1.arcgis.com/O1JpcwDW8sjYuddV/arcgis/rest/services/Traffic_Signal_Locations_TDA/FeatureServer/0/query?where=COUNTY%3D%27Miami-Dade%27&outFields=SIGNALID%2CCOUNTY%2CRDWYID%2CDISTRICT%2CMAINTAGC%2CSDESTRET%2CCNTLRDES%2CSIGNALNC&returnGeometry=true&outSR=4326&f=json
4396,87039000,Miami-Dade,6,MIAMI-DADE,RAMPS FR/TO SR 821,N/A,N/A,25.627315,-80.37995,FDOT Traffic Signal Locations TDA,https://services1.arcgis.com/O1JpcwDW8sjYuddV/arcgis/rest/services/Traffic_Signal_Locations_TDA/FeatureServer/0,https://services1.arcgis.com/O1JpcwDW8sjYuddV/arcgis/rest/services/Traffic_Signal_Locations_TDA/FeatureServer/0/query?where=COUNTY%3D%27Miami-Dade%27&outFields=SIGNALID%2CCOUNTY%2CRDWYID%2CDISTRICT%2CMAINTAGC%2CSDESTRET%2CCNTLRDES%2CSIGNALNC&returnGeometry=true&outSR=4326&f=json
3397,87048000,Miami-Dade,6,MIAMI-DADE,NW 37 AVE,N/A,N/A,25.786416,-80.255865,FDOT Traffic Signal Locations TDA,https://services1.arcgis.com/O1JpcwDW8sjYuddV/arcgis/rest/services/Traffic_Signal_Locations_TDA/FeatureServer/0,https://services1.arcgis.com/O1JpcwDW8sjYuddV/arcgis/rest/services/Traffic_Signal_Locations_TDA/FeatureServer/0/query?where=COUNTY%3D%27Miami-Dade%27&outFields=SIGNALID%2CCOUNTY%2CRDWYID%2CDISTRICT%2CMAINTAGC%2CSDESTRET%2CCNTLRDES%2CSIGNALNC&returnGeometry=true&outSR=4326&f=json
3268,87008000,Miami-Dade,6,MIAMI-DADE,NW 6 CT,N/A,N/A,25.89835,-80.209739,FDOT Traffic Signal Locations TDA,https://services1.arcgis.com/O1JpcwDW8sjYuddV/arcgis/rest/services/Traffic_Signal_Locations_TDA/FeatureServer/0,https://services1.arcgis.com/O1JpcwDW8sjYuddV/arcgis/rest/services/Traffic_Signal_Locations_TDA/FeatureServer/0/query?where=COUNTY%3D%27Miami-Dade%27&outFields=SIGNALID%2CCOUNTY%2CRDWYID%2CDISTRICT%2CMAINTAGC%2CSDESTRET%2CCNTLRDES%2CSIGNALNC&returnGeometry=true&outSR=4326&f=json
2998,87062000,Miami-Dade,6,MIAMI-DADE,US-1/SR 5/END OFFSYS,N/A,N/A,25.707598,-80.285533,FDOT Traffic Signal Locations TDA,https://services1.arcgis.com/O1JpcwDW8sjYuddV/arcgis/rest/services/Traffic_Signal_Locations_TDA/FeatureServer/0,https://services1.arcgis.com/O1JpcwDW8sjYuddV/arcgis/rest/services/Traffic_Signal_Locations_TDA/FeatureServer/0/query?where=COUNTY%3D%27Miami-Dade%27&outFields=SIGNALID%2CCOUNTY%2CRDWYID%2CDISTRICT%2CMAINTAGC%2CSDESTRET%2CCNTLRDES%2CSIGNALNC&returnGeometry=true&outSR=4326&f=json
4944,87047000,Miami-Dade,6,MIAMI-DADE,N/A,N/A,N/A,25.741856,-80.335648,FDOT Traffic Signal Locations TDA,https://services1.arcgis.com/O1JpcwDW8sjYuddV/arcgis/rest/services/Traffic_Signal_Locations_TDA/FeatureServer/0,https://services1.arcgis.com/O1JpcwDW8sjYuddV/arcgis/rest/services/Traffic_Signal_Locations_TDA/FeatureServer/0/query?where=COUNTY%3D%27Miami-Dade%27&outFields=SIGNALID%2CCOUNTY%2CRDWYID%2CDISTRICT%2CMAINTAGC%2CSDESTRET%2CCNTLRDES%2CSIGNALNC&returnGeometry=true&outSR=4326&f=json
3656,87020000,Miami-Dade,6,MIAMI-DADE,SW 144 ST,N/A,N/A,25.636455,-80.337486,FDOT Traffic Signal Locations TDA,https://services1.arcgis.com/O1JpcwDW8sjYuddV/arcgis/rest/services/Traffic_Signal_Locations_TDA/FeatureServer/0,https://services1.arcgis.com/O1JpcwDW8sjYuddV/arcgis/rest/services/Traffic_Signal_Locations_TDA/FeatureServer/0/query?where=COUNTY%3D%27Miami-Dade%27&outFields=SIGNALID%2CCOUNTY%2CRDWYID%2CDISTRICT%2CMAINTAGC%2CSDESTRET%2CCNTLRDES%2CSIGNALNC&returnGeometry=true&outSR=4326&f=json
3272,87281000,Miami-Dade,6,MIAMI-DADE,ALTARA AVE,N/A,N/A,25.733062,-80.262016,FDOT Traffic Signal Locations TDA,https://services1.arcgis.com/O1JpcwDW8sjYuddV/arcgis/rest/services/Traffic_Signal_Locations_TDA/FeatureServer/0,https://services1.arcgis.com/O1JpcwDW8sjYuddV/arcgis/rest/services/Traffic_Signal_Locations_TDA/FeatureServer/0/query?where=COUNTY%3D%27Miami-Dade%27&outFields=SIGNALID%2CCOUNTY%2CRDWYID%2CDISTRICT%2CMAINTAGC%2CSDESTRET%2CCNTLRDES%2CSIGNALNC&returnGeometry=true&outSR=4326&f=json
2198,87053003,Miami-Dade,6,MIAMI-DADE,SR 933/W 12 AVE,N/A,N/A,25.77352,-80.214627,FDOT Traffic Signal Locations TDA,https://services1.arcgis.com/O1JpcwDW8sjYuddV/arcgis/rest/services/Traffic_Signal_Locations_TDA/FeatureServer/0,https://services1.arcgis.com/O1JpcwDW8sjYuddV/arcgis/rest/services/Traffic_Signal_Locations_TDA/FeatureServer/0/query?where=COUNTY%3D%27Miami-Dade%27&outFields=SIGNALID%2CCOUNTY%2CRDWYID%2CDISTRICT%2CMAINTAGC%2CSDESTRET%2CCNTLRDES%2CSIGNALNC&returnGeometry=true&outSR=4326&f=json
2240,87120001,Miami-Dade,6,MIAMI-DADE,SW 1 AVE,N/A,N/A,25.767325,-80.195115,FDOT Traffic Signal Locations TDA,https://services1.arcgis.com/O1JpcwDW8sjYuddV/arcgis/rest/services/Traffic_Signal_Locations_TDA/FeatureServer/0,https://services1.arcgis.com/O1JpcwDW8sjYuddV/arcgis/rest/services/Traffic_Signal_Locations_TDA/FeatureServer/0/query?where=COUNTY%3D%27Miami-Dade%27&outFields=SIGNALID%2CCOUNTY%2CRDWYID%2CDISTRICT%2CMAINTAGC%2CSDESTRET%2CCNTLRDES%2CSIGNALNC&returnGeometry=true&outSR=4326&f=json
2972,87240000,Miami-Dade,6,MIAMI-DADE,N/A,N/A,N/A,25.900349,-80.243663,FDOT Traffic Signal Locations TDA,https://services1.arcgis.com/O1JpcwDW8sjYuddV/arcgis/rest/services/Traffic_Signal_Locations_TDA/FeatureServer/0,https://services1.arcgis.com/O1JpcwDW8sjYuddV/arcgis/rest/services/Traffic_Signal_Locations_TDA/FeatureServer/0/query?where=COUNTY%3D%27Miami-Dade%27&outFields=SIGNALID%2CCOUNTY%2CRDWYID%2CDISTRICT%2CMAINTAGC%2CSDESTRET%2CCNTLRDES%2CSIGNALNC&returnGeometry=true&outSR=4326&f=json
2177,87044000,Miami-Dade,6,MIAMI-DADE,SW 37 AV/DOUGLAS RD,N/A,N/A,25.735072,-80.254303,FDOT Traffic Signal Locations TDA,https://services1.arcgis.com/O1JpcwDW8sjYuddV/arcgis/rest/services/Traffic_Signal_Locations_TDA/FeatureServer/0,https://services1.arcgis.com/O1JpcwDW8sjYuddV/arcgis/rest/services/Traffic_Signal_Locations_TDA/FeatureServer/0/query?where=COUNTY%3D%27Miami-Dade%27&outFields=SIGNALID%2CCOUNTY%2CRDWYID%2CDISTRICT%2CMAINTAGC%2CSDESTRET%2CCNTLRDES%2CSIGNALNC&returnGeometry=true&outSR=4326&f=json
2182,87240000,Miami-Dade,6,MIAMI-DADE,US 1/SR 5/S DIXIE HW,N/A,02,25.739952,-80.237832,FDOT Traffic Signal Locations TDA,https://services1.arcgis.com/O1JpcwDW8sjYuddV/arcgis/rest/services/Traffic_Signal_Locations_TDA/FeatureServer/0,https://services1.arcgis.com/O1JpcwDW8sjYuddV/arcgis/rest/services/Traffic_Signal_Locations_TDA/FeatureServer/0/query?where=COUNTY%3D%27Miami-Dade%27&outFields=SIGNALID%2CCOUNTY%2CRDWYID%2CDISTRICT%2CMAINTAGC%2CSDESTRET%2CCNTLRDES%2CSIGNALNC&returnGeometry=true&outSR=4326&f=json
3983,87002000,Miami-Dade,6,MIAMI-DADE,W 75 PL,N/A,N/A,25.89121,-80.291642,FDOT Traffic Signal Locations TDA,https://services1.arcgis.com/O1JpcwDW8sjYuddV/arcgis/rest/services/Traffic_Signal_Locations_TDA/FeatureServer/0,https://services1.arcgis.com/O1JpcwDW8sjYuddV/arcgis/rest/services/Traffic_Signal_Locations_TDA/FeatureServer/0/query?where=COUNTY%3D%27Miami-Dade%27&outFields=SIGNALID%2CCOUNTY%2CRDWYID%2CDISTRICT%2CMAINTAGC%2CSDESTRET%2CCNTLRDES%2CSIGNALNC&returnGeometry=true&outSR=4326&f=json
7761,87091000,Miami-Dade,6,MIAMI-DADE,SW 200 ST,N/A,N/A,25.581316,-80.39317,FDOT Traffic Signal Locations TDA,https://services1.arcgis.com/O1JpcwDW8sjYuddV/arcgis/rest/services/Traffic_Signal_Locations_TDA/FeatureServer/0,https://services1.arcgis.com/O1JpcwDW8sjYuddV/arcgis/rest/services/Traffic_Signal_Locations_TDA/FeatureServer/0/query?where=COUNTY%3D%27Miami-Dade%27&outFields=SIGNALID%2CCOUNTY%2CRDWYID%2CDISTRICT%2CMAINTAGC%2CSDESTRET%2CCNTLRDES%2CSIGNALNC&returnGeometry=true&outSR=4326&f=json
3869,87012000,Miami-Dade,6,MIAMI-DADE,NW 195 ST,N/A,N/A,25.950571,-80.278055,FDOT Traffic Signal Locations TDA,https://services1.arcgis.com/O1JpcwDW8sjYuddV/arcgis/rest/services/Traffic_Signal_Locations_TDA/FeatureServer/0,https://services1.arcgis.com/O1JpcwDW8sjYuddV/arcgis/rest/services/Traffic_Signal_Locations_TDA/FeatureServer/0/query?where=COUNTY%3D%27Miami-Dade%27&outFields=SIGNALID%2CCOUNTY%2CRDWYID%2CDISTRICT%2CMAINTAGC%2CSDESTRET%2CCNTLRDES%2CSIGNALNC&returnGeometry=true&outSR=4326&f=json
3585,87140000,Miami-Dade,6,MIAMI-DADE,NW 143 ST,N/A,N/A,25.905499,-80.211574,FDOT Traffic Signal Locations TDA,https://services1.arcgis.com/O1JpcwDW8sjYuddV/arcgis/rest/services/Traffic_Signal_Locations_TDA/FeatureServer/0,https://services1.arcgis.com/O1JpcwDW8sjYuddV/arcgis/rest/services/Traffic_Signal_Locations_TDA/FeatureServer/0/query?where=COUNTY%3D%27Miami-Dade%27&outFields=SIGNALID%2CCOUNTY%2CRDWYID%2CDISTRICT%2CMAINTAGC%2CSDESTRET%2CCNTLRDES%2CSIGNALNC&returnGeometry=true&outSR=4326&f=json
2640,87060000,Miami-Dade,6,MIAMI-DADE,SR 907/ALTON RD,N/A,02,25.77436,-80.140694,FDOT Traffic Signal Locations TDA,https://services1.arcgis.com/O1JpcwDW8sjYuddV/arcgis/rest/services/Traffic_Signal_Locations_TDA/FeatureServer/0,https://services1.arcgis.com/O1JpcwDW8sjYuddV/arcgis/rest/services/Traffic_Signal_Locations_TDA/FeatureServer/0/query?where=COUNTY%3D%27Miami-Dade%27&outFields=SIGNALID%2CCOUNTY%2CRDWYID%2CDISTRICT%2CMAINTAGC%2CSDESTRET%2CCNTLRDES%2CSIGNALNC&returnGeometry=true&outSR=4326&f=json
2887,87062000,Miami-Dade,6,MIAMI-DADE,SW 28 ST,N/A,N/A,25.744896,-80.287095,FDOT Traffic Signal Locations TDA,https://services1.arcgis.com/O1JpcwDW8sjYuddV/arcgis/rest/services/Traffic_Signal_Locations_TDA/FeatureServer/0,https://services1.arcgis.com/O1JpcwDW8sjYuddV/arcgis/rest/services/Traffic_Signal_Locations_TDA/FeatureServer/0/query?where=COUNTY%3D%27Miami-Dade%27&outFields=SIGNALID%2CCOUNTY%2CRDWYID%2CDISTRICT%2CMAINTAGC%2CSDESTRET%2CCNTLRDES%2CSIGNALNC&returnGeometry=true&outSR=4326&f=json
2635,87054000,Miami-Dade,6,MIAMI-DADE,SW 37 AVE/DOUGLAS RD,N/A,N/A,25.749795,-80.254614,FDOT Traffic Signal Locations TDA,https://services1.arcgis.com/O1JpcwDW8sjYuddV/arcgis/rest/services/Traffic_Signal_Locations_TDA/FeatureServer/0,https://services1.arcgis.com/O1JpcwDW8sjYuddV/arcgis/rest/services/Traffic_Signal_Locations_TDA/FeatureServer/0/query?where=COUNTY%3D%27Miami-Dade%27&outFields=SIGNALID%2CCOUNTY%2CRDWYID%2CDISTRICT%2CMAINTAGC%2CSDESTRET%2CCNTLRDES%2CSIGNALNC&returnGeometry=true&outSR=4326&f=json
3469,87026000,Miami-Dade,6,MIAMI-DADE,US-1/BISCAYNE BLVD,N/A,02,25.947301,-80.147032,FDOT Traffic Signal Locations TDA,https://services1.arcgis.com/O1JpcwDW8sjYuddV/arcgis/rest/services/Traffic_Signal_Locations_TDA/FeatureServer/0,https://services1.arcgis.com/O1JpcwDW8sjYuddV/arcgis/rest/services/Traffic_Signal_Locations_TDA/FeatureServer/0/query?where=COUNTY%3D%27Miami-Dade%27&outFields=SIGNALID%2CCOUNTY%2CRDWYID%2CDISTRICT%2CMAINTAGC%2CSDESTRET%2CCNTLRDES%2CSIGNALNC&returnGeometry=true&outSR=4326&f=json
2919,87066000,Miami-Dade,6,MIAMI-DADE,HARDING AVE,N/A,02,25.887089,-80.123704,FDOT Traffic Signal Locations TDA,https://services1.arcgis.com/O1JpcwDW8sjYuddV/arcgis/rest/services/Traffic_Signal_Locations_TDA/FeatureServer/0,https://services1.arcgis.com/O1JpcwDW8sjYuddV/arcgis/rest/services/Traffic_Signal_Locations_TDA/FeatureServer/0/query?where=COUNTY%3D%27Miami-Dade%27&outFields=SIGNALID%2CCOUNTY%2CRDWYID%2CDISTRICT%2CMAINTAGC%2CSDESTRET%2CCNTLRDES%2CSIGNALNC&returnGeometry=true&outSR=4326&f=json
4936,87281000,Miami-Dade,6,MIAMI-DADE,N/A,N/A,N/A,25.853789,-80.266473,FDOT Traffic Signal Locations TDA,https://services1.arcgis.com/O1JpcwDW8sjYuddV/arcgis/rest/services/Traffic_Signal_Locations_TDA/FeatureServer/0,https://services1.arcgis.com/O1JpcwDW8sjYuddV/arcgis/rest/services/Traffic_Signal_Locations_TDA/FeatureServer/0/query?where=COUNTY%3D%27Miami-Dade%27&outFields=SIGNALID%2CCOUNTY%2CRDWYID%2CDISTRICT%2CMAINTAGC%2CSDESTRET%2CCNTLRDES%2CSIGNALNC&returnGeometry=true&outSR=4326&f=json
2539,87034000,Miami-Dade,6,MIAMI-DADE,NE 123 ST,N/A,N/A,25.888521,-80.186389,FDOT Traffic Signal Locations TDA,https://services1.arcgis.com/O1JpcwDW8sjYuddV/arcgis/rest/services/Traffic_Signal_Locations_TDA/FeatureServer/0,https://services1.arcgis.com/O1JpcwDW8sjYuddV/arcgis/rest/services/Traffic_Signal_Locations_TDA/FeatureServer/0/query?where=COUNTY%3D%27Miami-Dade%27&outFields=SIGNALID%2CCOUNTY%2CRDWYID%2CDISTRICT%2CMAINTAGC%2CSDESTRET%2CCNTLRDES%2CSIGNALNC&returnGeometry=true&outSR=4326&f=json
3540,87030000,Miami-Dade,6,MIAMI-DADE,NE 105 ST,N/A,N/A,25.871969,-80.172638,FDOT Traffic Signal Locations TDA,https://services1.arcgis.com/O1JpcwDW8sjYuddV/arcgis/rest/services/Traffic_Signal_Locations_TDA/FeatureServer/0,https://services1.arcgis.com/O1JpcwDW8sjYuddV/arcgis/rest/services/Traffic_Signal_Locations_TDA/FeatureServer/0/query?where=COUNTY%3D%27Miami-Dade%27&outFields=SIGNALID%2CCOUNTY%2CRDWYID%2CDISTRICT%2CMAINTAGC%2CSDESTRET%2CCNTLRDES%2CSIGNALNC&returnGeometry=true&outSR=4326&f=json
4187,87047000,Miami-Dade,6,MIAMI-DADE,PARK BLVD,N/A,N/A,25.773002,-80.336489,FDOT Traffic Signal Locations TDA,https://services1.arcgis.com/O1JpcwDW8sjYuddV/arcgis/rest/services/Traffic_Signal_Locations_TDA/FeatureServer/0,https://services1.arcgis.com/O1JpcwDW8sjYuddV/arcgis/rest/services/Traffic_Signal_Locations_TDA/FeatureServer/0/query?where=COUNTY%3D%27Miami-Dade%27&outFields=SIGNALID%2CCOUNTY%2CRDWYID%2CDISTRICT%2CMAINTAGC%2CSDESTRET%2CCNTLRDES%2CSIGNALNC&returnGeometry=true&outSR=4326&f=json
3015,87080000,Miami-Dade,6,N/A,HARBOR ISLAND DR,N/A,N/A,25.848443,-80.158618,FDOT Traffic Signal Locations TDA,https://services1.arcgis.com/O1JpcwDW8sjYuddV/arcgis/rest/services/Traffic_Signal_Locations_TDA/FeatureServer/0,https://services1.arcgis.com/O1JpcwDW8sjYuddV/arcgis/rest/services/Traffic_Signal_Locations_TDA/FeatureServer/0/query?where=COUNTY%3D%27Miami-Dade%27&outFields=SIGNALID%2CCOUNTY%2CRDWYID%2CDISTRICT%2CMAINTAGC%2CSDESTRET%2CCNTLRDES%2CSIGNALNC&returnGeometry=true&outSR=4326&f=json
3381,87270160,Miami-Dade,6,MIAMI-DADE,SW 7 ST,N/A,02,25.767172,-80.200784,FDOT Traffic Signal Locations TDA,https://services1.arcgis.com/O1JpcwDW8sjYuddV/arcgis/rest/services/Traffic_Signal_Locations_TDA/FeatureServer/0,https://services1.arcgis.com/O1JpcwDW8sjYuddV/arcgis/rest/services/Traffic_Signal_Locations_TDA/FeatureServer/0/query?where=COUNTY%3D%27Miami-Dade%27&outFields=SIGNALID%2CCOUNTY%2CRDWYID%2CDISTRICT%2CMAINTAGC%2CSDESTRET%2CCNTLRDES%2CSIGNALNC&returnGeometry=true&outSR=4326&f=json
2537,87030000,Miami-Dade,6,MIAMI-DADE,NE 123 ST,N/A,02,25.889355,-80.163695,FDOT Traffic Signal Locations TDA,https://services1.arcgis.com/O1JpcwDW8sjYuddV/arcgis/rest/services/Traffic_Signal_Locations_TDA/FeatureServer/0,https://services1.arcgis.com/O1JpcwDW8sjYuddV/arcgis/rest/services/Traffic_Signal_Locations_TDA/FeatureServer/0/query?where=COUNTY%3D%27Miami-Dade%27&outFields=SIGNALID%2CCOUNTY%2CRDWYID%2CDISTRICT%2CMAINTAGC%2CSDESTRET%2CCNTLRDES%2CSIGNALNC&returnGeometry=true&outSR=4326&f=json
6498,87240000,Miami-Dade,6,MIAMI-DADE,NW 95 ST,N/A,N/A,25.859976,-80.242161,FDOT Traffic Signal Locations TDA,https://services1.arcgis.com/O1JpcwDW8sjYuddV/arcgis/rest/services/Traffic_Signal_Locations_TDA/FeatureServer/0,https://services1.arcgis.com/O1JpcwDW8sjYuddV/arcgis/rest/services/Traffic_Signal_Locations_TDA/FeatureServer/0/query?where=COUNTY%3D%27Miami-Dade%27&outFields=SIGNALID%2CCOUNTY%2CRDWYID%2CDISTRICT%2CMAINTAGC%2CSDESTRET%2CCNTLRDES%2CSIGNALNC&returnGeometry=true&outSR=4326&f=json
4953,87072000,Miami-Dade,6,MIAMI-DADE,N/A,N/A,N/A,25.678713,-80.368023,FDOT Traffic Signal Locations TDA,https://services1.arcgis.com/O1JpcwDW8sjYuddV/arcgis/rest/services/Traffic_Signal_Locations_TDA/FeatureServer/0,https://services1.arcgis.com/O1JpcwDW8sjYuddV/arcgis/rest/services/Traffic_Signal_Locations_TDA/FeatureServer/0/query?where=COUNTY%3D%27Miami-Dade%27&outFields=SIGNALID%2CCOUNTY%2CRDWYID%2CDISTRICT%2CMAINTAGC%2CSDESTRET%2CCNTLRDES%2CSIGNALNC&returnGeometry=true&outSR=4326&f=json
4875,87038000,Miami-Dade,6,MIAMI-DADE,N/A,N/A,N/A,25.868885,-80.217376,FDOT Traffic Signal Locations TDA,https://services1.arcgis.com/O1JpcwDW8sjYuddV/arcgis/rest/services/Traffic_Signal_Locations_TDA/FeatureServer/0,https://services1.arcgis.com/O1JpcwDW8sjYuddV/arcgis/rest/services/Traffic_Signal_Locations_TDA/FeatureServer/0/query?where=COUNTY%3D%27Miami-Dade%27&outFields=SIGNALID%2CCOUNTY%2CRDWYID%2CDISTRICT%2CMAINTAGC%2CSDESTRET%2CCNTLRDES%2CSIGNALNC&returnGeometry=true&outSR=4326&f=json
2622,87030000,Miami-Dade,6,MIAMI-DADE,RIVIERA DR,N/A,N/A,25.723466,-80.265665,FDOT Traffic Signal Locations TDA,https://services1.arcgis.com/O1JpcwDW8sjYuddV/arcgis/rest/services/Traffic_Signal_Locations_TDA/FeatureServer/0,https://services1.arcgis.com/O1JpcwDW8sjYuddV/arcgis/rest/services/Traffic_Signal_Locations_TDA/FeatureServer/0/query?where=COUNTY%3D%27Miami-Dade%27&outFields=SIGNALID%2CCOUNTY%2CRDWYID%2CDISTRICT%2CMAINTAGC%2CSDESTRET%2CCNTLRDES%2CSIGNALNC&returnGeometry=true&outSR=4326&f=json
5014,87260530,Miami-Dade,6,MIAMI-DADE,NW 42 AVE,N/A,02,25.925823,-80.268856,FDOT Traffic Signal Locations TDA,https://services1.arcgis.com/O1JpcwDW8sjYuddV/arcgis/rest/services/Traffic_Signal_Locations_TDA/FeatureServer/0,https://services1.arcgis.com/O1JpcwDW8sjYuddV/arcgis/rest/services/Traffic_Signal_Locations_TDA/FeatureServer/0/query?where=COUNTY%3D%27Miami-Dade%27&outFields=SIGNALID%2CCOUNTY%2CRDWYID%2CDISTRICT%2CMAINTAGC%2CSDESTRET%2CCNTLRDES%2CSIGNALNC&returnGeometry=true&outSR=4326&f=json
2242,87120001,Miami-Dade,6,MIAMI-DADE,SR 7/US 441/SW 8 AVE,N/A,02,25.76696,-80.207549,FDOT Traffic Signal Locations TDA,https://services1.arcgis.com/O1JpcwDW8sjYuddV/arcgis/rest/services/Traffic_Signal_Locations_TDA/FeatureServer/0,https://services1.arcgis.com/O1JpcwDW8sjYuddV/arcgis/rest/services/Traffic_Signal_Locations_TDA/FeatureServer/0/query?where=COUNTY%3D%27Miami-Dade%27&outFields=SIGNALID%2CCOUNTY%2CRDWYID%2CDISTRICT%2CMAINTAGC%2CSDESTRET%2CCNTLRDES%2CSIGNALNC&returnGeometry=true&outSR=4326&f=json
2560,87038000,Miami-Dade,6,MIAMI-DADE,N/A,N/A,N/A,25.869965,-80.1864,FDOT Traffic Signal Locations TDA,https://services1.arcgis.com/O1JpcwDW8sjYuddV/arcgis/rest/services/Traffic_Signal_Locations_TDA/FeatureServer/0,https://services1.arcgis.com/O1JpcwDW8sjYuddV/arcgis/rest/services/Traffic_Signal_Locations_TDA/FeatureServer/0/query?where=COUNTY%3D%27Miami-Dade%27&outFields=SIGNALID%2CCOUNTY%2CRDWYID%2CDISTRICT%2CMAINTAGC%2CSDESTRET%2CCNTLRDES%2CSIGNALNC&returnGeometry=true&outSR=4326&f=json
2624,87030000,Miami-Dade,6,MIAMI-DADE,AUGUSTO ST,N/A,N/A,25.717034,-80.273706,FDOT Traffic Signal Locations TDA,https://services1.arcgis.com/O1JpcwDW8sjYuddV/arcgis/rest/services/Traffic_Signal_Locations_TDA/FeatureServer/0,https://services1.arcgis.com/O1JpcwDW8sjYuddV/arcgis/rest/services/Traffic_Signal_Locations_TDA/FeatureServer/0/query?where=COUNTY%3D%27Miami-Dade%27&outFields=SIGNALID%2CCOUNTY%2CRDWYID%2CDISTRICT%2CMAINTAGC%2CSDESTRET%2CCNTLRDES%2CSIGNALNC&returnGeometry=true&outSR=4326&f=json
4850,87047000,Miami-Dade,6,MIAMI-DADE,NW 7 ST,N/A,N/A,25.776386,-80.336597,FDOT Traffic Signal Locations TDA,https://services1.arcgis.com/O1JpcwDW8sjYuddV/arcgis/rest/services/Traffic_Signal_Locations_TDA/FeatureServer/0,https://services1.arcgis.com/O1JpcwDW8sjYuddV/arcgis/rest/services/Traffic_Signal_Locations_TDA/FeatureServer/0/query?where=COUNTY%3D%27Miami-Dade%27&outFields=SIGNALID%2CCOUNTY%2CRDWYID%2CDISTRICT%2CMAINTAGC%2CSDESTRET%2CCNTLRDES%2CSIGNALNC&returnGeometry=true&outSR=4326&f=json
3566,87020001,Miami-Dade,6,MIAMI-DADE,BANYAN ST,N/A,N/A,25.608694,-80.349568,FDOT Traffic Signal Locations TDA,https://services1.arcgis.com/O1JpcwDW8sjYuddV/arcgis/rest/services/Traffic_Signal_Locations_TDA/FeatureServer/0,https://services1.arcgis.com/O1JpcwDW8sjYuddV/arcgis/rest/services/Traffic_Signal_Locations_TDA/FeatureServer/0/query?where=COUNTY%3D%27Miami-Dade%27&outFields=SIGNALID%2CCOUNTY%2CRDWYID%2CDISTRICT%2CMAINTAGC%2CSDESTRET%2CCNTLRDES%2CSIGNALNC&returnGeometry=true&outSR=4326&f=json
2263,87054000,Miami-Dade,6,MIAMI-DADE,SW 17 AV,N/A,N/A,25.750819,-80.221937,FDOT Traffic Signal Locations TDA,https://services1.arcgis.com/O1JpcwDW8sjYuddV/arcgis/rest/services/Traffic_Signal_Locations_TDA/FeatureServer/0,https://services1.arcgis.com/O1JpcwDW8sjYuddV/arcgis/rest/services/Traffic_Signal_Locations_TDA/FeatureServer/0/query?where=COUNTY%3D%27Miami-Dade%27&outFields=SIGNALID%2CCOUNTY%2CRDWYID%2CDISTRICT%2CMAINTAGC%2CSDESTRET%2CCNTLRDES%2CSIGNALNC&returnGeometry=true&outSR=4326&f=json
3385,87240000,Miami-Dade,6,MIAMI-DADE,NW 84 ST,N/A,N/A,25.850568,-80.241835,FDOT Traffic Signal Locations TDA,https://services1.arcgis.com/O1JpcwDW8sjYuddV/arcgis/rest/services/Traffic_Signal_Locations_TDA/FeatureServer/0,https://services1.arcgis.com/O1JpcwDW8sjYuddV/arcgis/rest/services/Traffic_Signal_Locations_TDA/FeatureServer/0/query?where=COUNTY%3D%27Miami-Dade%27&outFields=SIGNALID%2CCOUNTY%2CRDWYID%2CDISTRICT%2CMAINTAGC%2CSDESTRET%2CCNTLRDES%2CSIGNALNC&returnGeometry=true&outSR=4326&f=json
5490,87062000,Miami-Dade,6,MIAMI-DADE,SW 64 ST,N/A,N/A,25.711747,-80.285666,FDOT Traffic Signal Locations TDA,https://services1.arcgis.com/O1JpcwDW8sjYuddV/arcgis/rest/services/Traffic_Signal_Locations_TDA/FeatureServer/0,https://services1.arcgis.com/O1JpcwDW8sjYuddV/arcgis/rest/services/Traffic_Signal_Locations_TDA/FeatureServer/0/query?where=COUNTY%3D%27Miami-Dade%27&outFields=SIGNALID%2CCOUNTY%2CRDWYID%2CDISTRICT%2CMAINTAGC%2CSDESTRET%2CCNTLRDES%2CSIGNALNC&returnGeometry=true&outSR=4326&f=json
5053,87281000,Miami-Dade,6,MIAMI-DADE,NW 42/37 AVE CONNECT,N/A,N/A,25.878233,-80.267084,FDOT Traffic Signal Locations TDA,https://services1.arcgis.com/O1JpcwDW8sjYuddV/arcgis/rest/services/Traffic_Signal_Locations_TDA/FeatureServer/0,https://services1.arcgis.com/O1JpcwDW8sjYuddV/arcgis/rest/services/Traffic_Signal_Locations_TDA/FeatureServer/0/query?where=COUNTY%3D%27Miami-Dade%27&outFields=SIGNALID%2CCOUNTY%2CRDWYID%2CDISTRICT%2CMAINTAGC%2CSDESTRET%2CCNTLRDES%2CSIGNALNC&returnGeometry=true&outSR=4326&f=json
3166,87026000,Miami-Dade,6,MIAMI-DADE,NW 12 AV,N/A,N/A,25.941825,-80.221224,FDOT Traffic Signal Locations TDA,https://services1.arcgis.com/O1JpcwDW8sjYuddV/arcgis/rest/services/Traffic_Signal_Locations_TDA/FeatureServer/0,https://services1.arcgis.com/O1JpcwDW8sjYuddV/arcgis/rest/services/Traffic_Signal_Locations_TDA/FeatureServer/0/query?where=COUNTY%3D%27Miami-Dade%27&outFields=SIGNALID%2CCOUNTY%2CRDWYID%2CDISTRICT%2CMAINTAGC%2CSDESTRET%2CCNTLRDES%2CSIGNALNC&returnGeometry=true&outSR=4326&f=json
2070,87250000,Miami-Dade,6,MIAMI-DADE,N MIAMI AVE,N/A,N/A,25.825287,-80.195944,FDOT Traffic Signal Locations TDA,https://services1.arcgis.com/O1JpcwDW8sjYuddV/arcgis/rest/services/Traffic_Signal_Locations_TDA/FeatureServer/0,https://services1.arcgis.com/O1JpcwDW8sjYuddV/arcgis/rest/services/Traffic_Signal_Locations_TDA/FeatureServer/0/query?where=COUNTY%3D%27Miami-Dade%27&outFields=SIGNALID%2CCOUNTY%2CRDWYID%2CDISTRICT%2CMAINTAGC%2CSDESTRET%2CCNTLRDES%2CSIGNALNC&returnGeometry=true&outSR=4326&f=json
2554,87140000,Miami-Dade,6,N/A,NW 131 ST,N/A,N/A,25.894608,-80.211045,FDOT Traffic Signal Locations TDA,https://services1.arcgis.com/O1JpcwDW8sjYuddV/arcgis/rest/services/Traffic_Signal_Locations_TDA/FeatureServer/0,https://services1.arcgis.com/O1JpcwDW8sjYuddV/arcgis/rest/services/Traffic_Signal_Locations_TDA/FeatureServer/0/query?where=COUNTY%3D%27Miami-Dade%27&outFields=SIGNALID%2CCOUNTY%2CRDWYID%2CDISTRICT%2CMAINTAGC%2CSDESTRET%2CCNTLRDES%2CSIGNALNC&returnGeometry=true&outSR=4326&f=json
3403,87019000,Miami-Dade,6,MIAMI-DADE,NW 207 ST,N/A,N/A,25.964288,-80.246544,FDOT Traffic Signal Locations TDA,https://services1.arcgis.com/O1JpcwDW8sjYuddV/arcgis/rest/services/Traffic_Signal_Locations_TDA/FeatureServer/0,https://services1.arcgis.com/O1JpcwDW8sjYuddV/arcgis/rest/services/Traffic_Signal_Locations_TDA/FeatureServer/0/query?where=COUNTY%3D%27Miami-Dade%27&outFields=SIGNALID%2CCOUNTY%2CRDWYID%2CDISTRICT%2CMAINTAGC%2CSDESTRET%2CCNTLRDES%2CSIGNALNC&returnGeometry=true&outSR=4326&f=json
