road_id,aadt,aadt_flag,county,district,year,segment_from,segment_to,begin_milepost,end_milepost,source_name,source_portal,query_endpoint
87260000,58500,C,Miami-Dade,6,2025,SR 5/US-1,Bridge No-870773,0,0.859,FDOT Annual Average Daily Traffic TDA,https://services1.arcgis.com/O1JpcwDW8sjYuddV/arcgis/rest/services/Annual_Average_Daily_Traffic_TDA/FeatureServer/0,https://services1.arcgis.com/O1JpcwDW8sjYuddV/arcgis/rest/services/Annual_Average_Daily_Traffic_TDA/FeatureServer/0/query?where=COUNTY%3D%27Miami-Dade%27&outFields=ROADWAY%2CAADT%2CAADTFLG%2CCOUNTY%2CDISTRICT%2CYEAR_%2CDESC_FRM%2CDESC_TO%2CBEGIN_POST%2CEND_POST&returnGeometry=false&f=json
87260319,16500,F,Miami-Dade,6,2025,SR-826/PALMETTO,NW 122 ST,0,0.163,FDOT Annual Average Daily Traffic TDA,https://services1.arcgis.com/O1JpcwDW8sjYuddV/arcgis/rest/services/Annual_Average_Daily_Traffic_TDA/FeatureServer/0,https://services1.arcgis.com/O1JpcwDW8sjYuddV/arcgis/rest/services/Annual_Average_Daily_Traffic_TDA/FeatureServer/0/query?where=COUNTY%3D%27Miami-Dade%27&outFields=ROADWAY%2CAADT%2CAADTFLG%2CCOUNTY%2CDISTRICT%2CYEAR_%2CDESC_FRM%2CDESC_TO%2CBEGIN_POST%2CEND_POST&returnGeometry=false&f=json
87260355,18000,C,Miami-Dade,6,2025,SR-826/PALMETTO,SR-932/NW 103 ST,0,0.155,FDOT Annual Average Daily Traffic TDA,https://services1.arcgis.com/O1JpcwDW8sjYuddV/arcgis/rest/services/Annual_Average_Daily_Traffic_TDA/FeatureServer/0,https://services1.arcgis.com/O1JpcwDW8sjYuddV/arcgis/rest/services/Annual_Average_Daily_Traffic_TDA/FeatureServer/0/query?where=COUNTY%3D%27Miami-Dade%27&outFields=ROADWAY%2CAADT%2CAADTFLG%2CCOUNTY%2CDISTRICT%2CYEAR_%2CDESC_FRM%2CDESC_TO%2CBEGIN_POST%2CEND_POST&returnGeometry=false&f=json
87260354,8500,C,Miami-Dade,6,2025,NW 77 AVE,SB SR-826,0,0.046,FDOT Annual Average Daily Traffic TDA,https://services1.arcgis.com/O1JpcwDW8sjYuddV/arcgis/rest/services/Annual_Average_Daily_Traffic_TDA/FeatureServer/0,https://services1.arcgis.com/O1JpcwDW8sjYuddV/arcgis/rest/services/Annual_Average_Daily_Traffic_TDA/FeatureServer/0/query?where=COUNTY%3D%27Miami-Dade%27&outFields=ROADWAY%2CAADT%2CAADTFLG%2CCOUNTY%2CDISTRICT%2CYEAR_%2CDESC_FRM%2CDESC_TO%2CBEGIN_POST%2CEND_POST&returnGeometry=false&f=json
87260000,129500,C,Miami-Dade,6,2025,Bridge No-870132,OFF RAMP 87260475,1.865,2.8,FDOT Annual Average Daily Traffic TDA,https://services1.arcgis.com/O1JpcwDW8sjYuddV/arcgis/rest/services/Annual_Average_Daily_Traffic_TDA/FeatureServer/0,https://services1.arcgis.com/O1JpcwDW8sjYuddV/arcgis/rest/services/Annual_Average_Daily_Traffic_TDA/FeatureServer/0/query?where=COUNTY%3D%27Miami-Dade%27&outFields=ROADWAY%2CAADT%2CAADTFLG%2CCOUNTY%2CDISTRICT%2CYEAR_%2CDESC_FRM%2CDESC_TO%2CBEGIN_POST%2CEND_POST&returnGeometry=false&f=json
87260328,5800,C,Miami-Dade,6,2025,NW 77 AVE,NB SR-826,0,0.009,FDOT Annual Average Daily Traffic TDA,https://services1.arcgis.com/O1JpcwDW8sjYuddV/arcgis/rest/services/Annual_Average_Daily_Traffic_TDA/FeatureServer/0,https://services1.arcgis.com/O1JpcwDW8sjYuddV/arcgis/rest/services/Annual_Average_Daily_Traffic_TDA/FeatureServer/0/query?where=COUNTY%3D%27Miami-Dade%27&outFields=ROADWAY%2CAADT%2CAADTFLG%2CCOUNTY%2CDISTRICT%2CYEAR_%2CDESC_FRM%2CDESC_TO%2CBEGIN_POST%2CEND_POST&returnGeometry=false&f=json
87260329,11500,C,Miami-Dade,6,2025,SR-826/PALMETTO,NW 154 ST/MIAMI LAKE,0,0.622,FDOT Annual Average Daily Traffic TDA,https://services1.arcgis.com/O1JpcwDW8sjYuddV/arcgis/rest/services/Annual_Average_Daily_Traffic_TDA/FeatureServer/0,https://services1.arcgis.com/O1JpcwDW8sjYuddV/arcgis/rest/services/Annual_Average_Daily_Traffic_TDA/FeatureServer/0/query?where=COUNTY%3D%27Miami-Dade%27&outFields=ROADWAY%2CAADT%2CAADTFLG%2CCOUNTY%2CDISTRICT%2CYEAR_%2CDESC_FRM%2CDESC_TO%2CBEGIN_POST%2CEND_POST&returnGeometry=false&f=json
87260378,10000,F,Miami-Dade,6,2025,WB SW 24 ST,SB SR-826,0,0.147,FDOT Annual Average Daily Traffic TDA,https://services1.arcgis.com/O1JpcwDW8sjYuddV/arcgis/rest/services/Annual_Average_Daily_Traffic_TDA/FeatureServer/0,https://services1.arcgis.com/O1JpcwDW8sjYuddV/arcgis/rest/services/Annual_Average_Daily_Traffic_TDA/FeatureServer/0/query?where=COUNTY%3D%27Miami-Dade%27&outFields=ROADWAY%2CAADT%2CAADTFLG%2CCOUNTY%2CDISTRICT%2CYEAR_%2CDESC_FRM%2CDESC_TO%2CBEGIN_POST%2CEND_POST&returnGeometry=false&f=json
87260376,14500,F,Miami-Dade,6,2025,EB SW 24 ST,NB SR-826,0,0.137,FDOT Annual Average Daily Traffic TDA,https://services1.arcgis.com/O1JpcwDW8sjYuddV/arcgis/rest/services/Annual_Average_Daily_Traffic_TDA/FeatureServer/0,https://services1.arcgis.com/O1JpcwDW8sjYuddV/arcgis/rest/services/Annual_Average_Daily_Traffic_TDA/FeatureServer/0/query?where=COUNTY%3D%27Miami-Dade%27&outFields=ROADWAY%2CAADT%2CAADTFLG%2CCOUNTY%2CDISTRICT%2CYEAR_%2CDESC_FRM%2CDESC_TO%2CBEGIN_POST%2CEND_POST&returnGeometry=false&f=json
87260336,13500,C,Miami-Dade,6,2025,EB NW 167 ST,EB SR-826,0,0.056,FDOT Annual Average Daily Traffic TDA,https://services1.arcgis.com/O1JpcwDW8sjYuddV/arcgis/rest/services/Annual_Average_Daily_Traffic_TDA/FeatureServer/0,https://services1.arcgis.com/O1JpcwDW8sjYuddV/arcgis/rest/services/Annual_Average_Daily_Traffic_TDA/FeatureServer/0/query?where=COUNTY%3D%27Miami-Dade%27&outFields=ROADWAY%2CAADT%2CAADTFLG%2CCOUNTY%2CDISTRICT%2CYEAR_%2CDESC_FRM%2CDESC_TO%2CBEGIN_POST%2CEND_POST&returnGeometry=false&f=json
87260298,3000,C,Miami-Dade,6,2025,NW 103 ST/W 49 ST,N/A,0,0.142,FDOT Annual Average Daily Traffic TDA,https://services1.arcgis.com/O1JpcwDW8sjYuddV/arcgis/rest/services/Annual_Average_Daily_Traffic_TDA/FeatureServer/0,https://services1.arcgis.com/O1JpcwDW8sjYuddV/arcgis/rest/services/Annual_Average_Daily_Traffic_TDA/FeatureServer/0/query?where=COUNTY%3D%27Miami-Dade%27&outFields=ROADWAY%2CAADT%2CAADTFLG%2CCOUNTY%2CDISTRICT%2CYEAR_%2CDESC_FRM%2CDESC_TO%2CBEGIN_POST%2CEND_POST&returnGeometry=false&f=json
87260335,12000,C,Miami-Dade,6,2025,EB SR-826,EB NW 167 ST,0,0.022,FDOT Annual Average Daily Traffic TDA,https://services1.arcgis.com/O1JpcwDW8sjYuddV/arcgis/rest/services/Annual_Average_Daily_Traffic_TDA/FeatureServer/0,https://services1.arcgis.com/O1JpcwDW8sjYuddV/arcgis/rest/services/Annual_Average_Daily_Traffic_TDA/FeatureServer/0/query?where=COUNTY%3D%27Miami-Dade%27&outFields=ROADWAY%2CAADT%2CAADTFLG%2CCOUNTY%2CDISTRICT%2CYEAR_%2CDESC_FRM%2CDESC_TO%2CBEGIN_POST%2CEND_POST&returnGeometry=false&f=json
87260331,6200,C,Miami-Dade,6,2025,SB SR-826,NW 154 ST,0,0.327,FDOT Annual Average Daily Traffic TDA,https://services1.arcgis.com/O1JpcwDW8sjYuddV/arcgis/rest/services/Annual_Average_Daily_Traffic_TDA/FeatureServer/0,https://services1.arcgis.com/O1JpcwDW8sjYuddV/arcgis/rest/services/Annual_Average_Daily_Traffic_TDA/FeatureServer/0/query?where=COUNTY%3D%27Miami-Dade%27&outFields=ROADWAY%2CAADT%2CAADTFLG%2CCOUNTY%2CDISTRICT%2CYEAR_%2CDESC_FRM%2CDESC_TO%2CBEGIN_POST%2CEND_POST&returnGeometry=false&f=json
87260322,12500,C,Miami-Dade,6,2025,SR-924/GRATIGNY PKWY,SR-826/PALMETTO,0,0.711,FDOT Annual Average Daily Traffic TDA,https://services1.arcgis.com/O1JpcwDW8sjYuddV/arcgis/rest/services/Annual_Average_Daily_Traffic_TDA/FeatureServer/0,https://services1.arcgis.com/O1JpcwDW8sjYuddV/arcgis/rest/services/Annual_Average_Daily_Traffic_TDA/FeatureServer/0/query?where=COUNTY%3D%27Miami-Dade%27&outFields=ROADWAY%2CAADT%2CAADTFLG%2CCOUNTY%2CDISTRICT%2CYEAR_%2CDESC_FRM%2CDESC_TO%2CBEGIN_POST%2CEND_POST&returnGeometry=false&f=json
87260321,14500,C,Miami-Dade,6,2025,EB NW 122 ST,NB SR-826,0,0.165,FDOT Annual Average Daily Traffic TDA,https://services1.arcgis.com/O1JpcwDW8sjYuddV/arcgis/rest/services/Annual_Average_Daily_Traffic_TDA/FeatureServer/0,https://services1.arcgis.com/O1JpcwDW8sjYuddV/arcgis/rest/services/Annual_Average_Daily_Traffic_TDA/FeatureServer/0/query?where=COUNTY%3D%27Miami-Dade%27&outFields=ROADWAY%2CAADT%2CAADTFLG%2CCOUNTY%2CDISTRICT%2CYEAR_%2CDESC_FRM%2CDESC_TO%2CBEGIN_POST%2CEND_POST&returnGeometry=false&f=json
87260000,231000,C,Miami-Dade,6,2025,Bridge No-870112,N/A,5.953,6.46,FDOT Annual Average Daily Traffic TDA,https://services1.arcgis.com/O1JpcwDW8sjYuddV/arcgis/rest/services/Annual_Average_Daily_Traffic_TDA/FeatureServer/0,https://services1.arcgis.com/O1JpcwDW8sjYuddV/arcgis/rest/services/Annual_Average_Daily_Traffic_TDA/FeatureServer/0/query?where=COUNTY%3D%27Miami-Dade%27&outFields=ROADWAY%2CAADT%2CAADTFLG%2CCOUNTY%2CDISTRICT%2CYEAR_%2CDESC_FRM%2CDESC_TO%2CBEGIN_POST%2CEND_POST&returnGeometry=false&f=json
87270130,850,S,Miami-Dade,6,2025,NW 91 ST,NW 94 ST,0,0.227,FDOT Annual Average Daily Traffic TDA,https://services1.arcgis.com/O1JpcwDW8sjYuddV/arcgis/rest/services/Annual_Average_Daily_Traffic_TDA/FeatureServer/0,https://services1.arcgis.com/O1JpcwDW8sjYuddV/arcgis/rest/services/Annual_Average_Daily_Traffic_TDA/FeatureServer/0/query?where=COUNTY%3D%27Miami-Dade%27&outFields=ROADWAY%2CAADT%2CAADTFLG%2CCOUNTY%2CDISTRICT%2CYEAR_%2CDESC_FRM%2CDESC_TO%2CBEGIN_POST%2CEND_POST&returnGeometry=false&f=json
87270902,16500,C,Miami-Dade,6,2025,DADE/BROWARD CO LINE,N/A,0,1.972,FDOT Annual Average Daily Traffic TDA,https://services1.arcgis.com/O1JpcwDW8sjYuddV/arcgis/rest/services/Annual_Average_Daily_Traffic_TDA/FeatureServer/0,https://services1.arcgis.com/O1JpcwDW8sjYuddV/arcgis/rest/services/Annual_Average_Daily_Traffic_TDA/FeatureServer/0/query?where=COUNTY%3D%27Miami-Dade%27&outFields=ROADWAY%2CAADT%2CAADTFLG%2CCOUNTY%2CDISTRICT%2CYEAR_%2CDESC_FRM%2CDESC_TO%2CBEGIN_POST%2CEND_POST&returnGeometry=false&f=json
87260396,11000,C,Miami-Dade,6,2025,NW 58 ST,NB SR-826/PALMETTO,0,0.178,FDOT Annual Average Daily Traffic TDA,https://services1.arcgis.com/O1JpcwDW8sjYuddV/arcgis/rest/services/Annual_Average_Daily_Traffic_TDA/FeatureServer/0,https://services1.arcgis.com/O1JpcwDW8sjYuddV/arcgis/rest/services/Annual_Average_Daily_Traffic_TDA/FeatureServer/0/query?where=COUNTY%3D%27Miami-Dade%27&outFields=ROADWAY%2CAADT%2CAADTFLG%2CCOUNTY%2CDISTRICT%2CYEAR_%2CDESC_FRM%2CDESC_TO%2CBEGIN_POST%2CEND_POST&returnGeometry=false&f=json
87260146,10000,F,Miami-Dade,6,2025,SR-968 / W FLAGLER S,87260213 NB ON,0,0.246,FDOT Annual Average Daily Traffic TDA,https://services1.arcgis.com/O1JpcwDW8sjYuddV/arcgis/rest/services/Annual_Average_Daily_Traffic_TDA/FeatureServer/0,https://services1.arcgis.com/O1JpcwDW8sjYuddV/arcgis/rest/services/Annual_Average_Daily_Traffic_TDA/FeatureServer/0/query?where=COUNTY%3D%27Miami-Dade%27&outFields=ROADWAY%2CAADT%2CAADTFLG%2CCOUNTY%2CDISTRICT%2CYEAR_%2CDESC_FRM%2CDESC_TO%2CBEGIN_POST%2CEND_POST&returnGeometry=false&f=json
87270225,1400,F,Miami-Dade,6,2025,87240100 NB OFF,I-95 / SB,0,0.368,FDOT Annual Average Daily Traffic TDA,https://services1.arcgis.com/O1JpcwDW8sjYuddV/arcgis/rest/services/Annual_Average_Daily_Traffic_TDA/FeatureServer/0,https://services1.arcgis.com/O1JpcwDW8sjYuddV/arcgis/rest/services/Annual_Average_Daily_Traffic_TDA/FeatureServer/0/query?where=COUNTY%3D%27Miami-Dade%27&outFields=ROADWAY%2CAADT%2CAADTFLG%2CCOUNTY%2CDISTRICT%2CYEAR_%2CDESC_FRM%2CDESC_TO%2CBEGIN_POST%2CEND_POST&returnGeometry=false&f=json
87270508,19000,S,Miami-Dade,6,2025,NW 83 ST,NW 77 ST,0,0.378,FDOT Annual Average Daily Traffic TDA,https://services1.arcgis.com/O1JpcwDW8sjYuddV/arcgis/rest/services/Annual_Average_Daily_Traffic_TDA/FeatureServer/0,https://services1.arcgis.com/O1JpcwDW8sjYuddV/arcgis/rest/services/Annual_Average_Daily_Traffic_TDA/FeatureServer/0/query?where=COUNTY%3D%27Miami-Dade%27&outFields=ROADWAY%2CAADT%2CAADTFLG%2CCOUNTY%2CDISTRICT%2CYEAR_%2CDESC_FRM%2CDESC_TO%2CBEGIN_POST%2CEND_POST&returnGeometry=false&f=json
87300506,6500,C,Miami-Dade,6,2025,NW 42/37 AV CONNECTO,WB SR-924,0,0.168,FDOT Annual Average Daily Traffic TDA,https://services1.arcgis.com/O1JpcwDW8sjYuddV/arcgis/rest/services/Annual_Average_Daily_Traffic_TDA/FeatureServer/0,https://services1.arcgis.com/O1JpcwDW8sjYuddV/arcgis/rest/services/Annual_Average_Daily_Traffic_TDA/FeatureServer/0/query?where=COUNTY%3D%27Miami-Dade%27&outFields=ROADWAY%2CAADT%2CAADTFLG%2CCOUNTY%2CDISTRICT%2CYEAR_%2CDESC_FRM%2CDESC_TO%2CBEGIN_POST%2CEND_POST&returnGeometry=false&f=json
87260529,5100,C,Miami-Dade,6,2025,SR-823 / NW 57 AVE,NW 47 AVE,0,1.029,FDOT Annual Average Daily Traffic TDA,https://services1.arcgis.com/O1JpcwDW8sjYuddV/arcgis/rest/services/Annual_Average_Daily_Traffic_TDA/FeatureServer/0,https://services1.arcgis.com/O1JpcwDW8sjYuddV/arcgis/rest/services/Annual_Average_Daily_Traffic_TDA/FeatureServer/0/query?where=COUNTY%3D%27Miami-Dade%27&outFields=ROADWAY%2CAADT%2CAADTFLG%2CCOUNTY%2CDISTRICT%2CYEAR_%2CDESC_FRM%2CDESC_TO%2CBEGIN_POST%2CEND_POST&returnGeometry=false&f=json
87260234,12000,F,Miami-Dade,6,2025,SW 56 ST / MILLER DR,87260475 NB OFF,0,0.186,FDOT Annual Average Daily Traffic TDA,https://services1.arcgis.com/O1JpcwDW8sjYuddV/arcgis/rest/services/Annual_Average_Daily_Traffic_TDA/FeatureServer/0,https://services1.arcgis.com/O1JpcwDW8sjYuddV/arcgis/rest/services/Annual_Average_Daily_Traffic_TDA/FeatureServer/0/query?where=COUNTY%3D%27Miami-Dade%27&outFields=ROADWAY%2CAADT%2CAADTFLG%2CCOUNTY%2CDISTRICT%2CYEAR_%2CDESC_FRM%2CDESC_TO%2CBEGIN_POST%2CEND_POST&returnGeometry=false&f=json
87471245,4200,C,Miami-Dade,6,2025,SR 821 NB,87471240 RAMP,0,0.08,FDOT Annual Average Daily Traffic TDA,https://services1.arcgis.com/O1JpcwDW8sjYuddV/arcgis/rest/services/Annual_Average_Daily_Traffic_TDA/FeatureServer/0,https://services1.arcgis.com/O1JpcwDW8sjYuddV/arcgis/rest/services/Annual_Average_Daily_Traffic_TDA/FeatureServer/0/query?where=COUNTY%3D%27Miami-Dade%27&outFields=ROADWAY%2CAADT%2CAADTFLG%2CCOUNTY%2CDISTRICT%2CYEAR_%2CDESC_FRM%2CDESC_TO%2CBEGIN_POST%2CEND_POST&returnGeometry=false&f=json
87673501,44000,F,Miami-Dade,6,2025,NW 93 CT,87260391 NB ON RAMP,0,1.586,FDOT Annual Average Daily Traffic TDA,https://services1.arcgis.com/O1JpcwDW8sjYuddV/arcgis/rest/services/Annual_Average_Daily_Traffic_TDA/FeatureServer/0,https://services1.arcgis.com/O1JpcwDW8sjYuddV/arcgis/rest/services/Annual_Average_Daily_Traffic_TDA/FeatureServer/0/query?where=COUNTY%3D%27Miami-Dade%27&outFields=ROADWAY%2CAADT%2CAADTFLG%2CCOUNTY%2CDISTRICT%2CYEAR_%2CDESC_FRM%2CDESC_TO%2CBEGIN_POST%2CEND_POST&returnGeometry=false&f=json
87471562,18400,C,Miami-Dade,6,2025,SW 117TH AVENUE,SR 821 NB,0,0.277,FDOT Annual Average Daily Traffic TDA,https://services1.arcgis.com/O1JpcwDW8sjYuddV/arcgis/rest/services/Annual_Average_Daily_Traffic_TDA/FeatureServer/0,https://services1.arcgis.com/O1JpcwDW8sjYuddV/arcgis/rest/services/Annual_Average_Daily_Traffic_TDA/FeatureServer/0/query?where=COUNTY%3D%27Miami-Dade%27&outFields=ROADWAY%2CAADT%2CAADTFLG%2CCOUNTY%2CDISTRICT%2CYEAR_%2CDESC_FRM%2CDESC_TO%2CBEGIN_POST%2CEND_POST&returnGeometry=false&f=json
87471545,6600,C,Miami-Dade,6,2025,SR 821 SB,SR 821 SB,0,0.8,FDOT Annual Average Daily Traffic TDA,https://services1.arcgis.com/O1JpcwDW8sjYuddV/arcgis/rest/services/Annual_Average_Daily_Traffic_TDA/FeatureServer/0,https://services1.arcgis.com/O1JpcwDW8sjYuddV/arcgis/rest/services/Annual_Average_Daily_Traffic_TDA/FeatureServer/0/query?where=COUNTY%3D%27Miami-Dade%27&outFields=ROADWAY%2CAADT%2CAADTFLG%2CCOUNTY%2CDISTRICT%2CYEAR_%2CDESC_FRM%2CDESC_TO%2CBEGIN_POST%2CEND_POST&returnGeometry=false&f=json
87471101,19500,C,Miami-Dade,6,2025,SR 821 SB,US 1/SOUTH DIXIE HWY,0,0.438,FDOT Annual Average Daily Traffic TDA,https://services1.arcgis.com/O1JpcwDW8sjYuddV/arcgis/rest/services/Annual_Average_Daily_Traffic_TDA/FeatureServer/0,https://services1.arcgis.com/O1JpcwDW8sjYuddV/arcgis/rest/services/Annual_Average_Daily_Traffic_TDA/FeatureServer/0/query?where=COUNTY%3D%27Miami-Dade%27&outFields=ROADWAY%2CAADT%2CAADTFLG%2CCOUNTY%2CDISTRICT%2CYEAR_%2CDESC_FRM%2CDESC_TO%2CBEGIN_POST%2CEND_POST&returnGeometry=false&f=json
87580501,33000,C,Miami-Dade,6,2025,NW 27 AVE,NW 12 AVE,0,1.525,FDOT Annual Average Daily Traffic TDA,https://services1.arcgis.com/O1JpcwDW8sjYuddV/arcgis/rest/services/Annual_Average_Daily_Traffic_TDA/FeatureServer/0,https://services1.arcgis.com/O1JpcwDW8sjYuddV/arcgis/rest/services/Annual_Average_Daily_Traffic_TDA/FeatureServer/0/query?where=COUNTY%3D%27Miami-Dade%27&outFields=ROADWAY%2CAADT%2CAADTFLG%2CCOUNTY%2CDISTRICT%2CYEAR_%2CDESC_FRM%2CDESC_TO%2CBEGIN_POST%2CEND_POST&returnGeometry=false&f=json
87260000,142500,C,Miami-Dade,6,2025,OFF RAMP 87260475,Bridge No-871021,2.8,3.936,FDOT Annual Average Daily Traffic TDA,https://services1.arcgis.com/O1JpcwDW8sjYuddV/arcgis/rest/services/Annual_Average_Daily_Traffic_TDA/FeatureServer/0,https://services1.arcgis.com/O1JpcwDW8sjYuddV/arcgis/rest/services/Annual_Average_Daily_Traffic_TDA/FeatureServer/0/query?where=COUNTY%3D%27Miami-Dade%27&outFields=ROADWAY%2CAADT%2CAADTFLG%2CCOUNTY%2CDISTRICT%2CYEAR_%2CDESC_FRM%2CDESC_TO%2CBEGIN_POST%2CEND_POST&returnGeometry=false&f=json
87260356,21000,C,Miami-Dade,6,2025,SR-826 NB,SR-932/NW 103 ST,0,0.149,FDOT Annual Average Daily Traffic TDA,https://services1.arcgis.com/O1JpcwDW8sjYuddV/arcgis/rest/services/Annual_Average_Daily_Traffic_TDA/FeatureServer/0,https://services1.arcgis.com/O1JpcwDW8sjYuddV/arcgis/rest/services/Annual_Average_Daily_Traffic_TDA/FeatureServer/0/query?where=COUNTY%3D%27Miami-Dade%27&outFields=ROADWAY%2CAADT%2CAADTFLG%2CCOUNTY%2CDISTRICT%2CYEAR_%2CDESC_FRM%2CDESC_TO%2CBEGIN_POST%2CEND_POST&returnGeometry=false&f=json
87260284,10000,T,Miami-Dade,6,2025,87260213 NB OFF,SR-968 / W FLAGLER S,0,0.203,FDOT Annual Average Daily Traffic TDA,https://services1.arcgis.com/O1JpcwDW8sjYuddV/arcgis/rest/services/Annual_Average_Daily_Traffic_TDA/FeatureServer/0,https://services1.arcgis.com/O1JpcwDW8sjYuddV/arcgis/rest/services/Annual_Average_Daily_Traffic_TDA/FeatureServer/0/query?where=COUNTY%3D%27Miami-Dade%27&outFields=ROADWAY%2CAADT%2CAADTFLG%2CCOUNTY%2CDISTRICT%2CYEAR_%2CDESC_FRM%2CDESC_TO%2CBEGIN_POST%2CEND_POST&returnGeometry=false&f=json
87260320,17000,C,Miami-Dade,6,2025,SR-826/PALMETTO,NW 122 ST,0,0.237,FDOT Annual Average Daily Traffic TDA,https://services1.arcgis.com/O1JpcwDW8sjYuddV/arcgis/rest/services/Annual_Average_Daily_Traffic_TDA/FeatureServer/0,https://services1.arcgis.com/O1JpcwDW8sjYuddV/arcgis/rest/services/Annual_Average_Daily_Traffic_TDA/FeatureServer/0/query?where=COUNTY%3D%27Miami-Dade%27&outFields=ROADWAY%2CAADT%2CAADTFLG%2CCOUNTY%2CDISTRICT%2CYEAR_%2CDESC_FRM%2CDESC_TO%2CBEGIN_POST%2CEND_POST&returnGeometry=false&f=json
87260332,13000,C,Miami-Dade,6,2025,87260329 NB OF,SR-826 NB,0,0.022,FDOT Annual Average Daily Traffic TDA,https://services1.arcgis.com/O1JpcwDW8sjYuddV/arcgis/rest/services/Annual_Average_Daily_Traffic_TDA/FeatureServer/0,https://services1.arcgis.com/O1JpcwDW8sjYuddV/arcgis/rest/services/Annual_Average_Daily_Traffic_TDA/FeatureServer/0/query?where=COUNTY%3D%27Miami-Dade%27&outFields=ROADWAY%2CAADT%2CAADTFLG%2CCOUNTY%2CDISTRICT%2CYEAR_%2CDESC_FRM%2CDESC_TO%2CBEGIN_POST%2CEND_POST&returnGeometry=false&f=json
87260330,19500,C,Miami-Dade,6,2025,NW 154 ST/MIAMI LAKE,SR-826/PALMETTO,0,0.261,FDOT Annual Average Daily Traffic TDA,https://services1.arcgis.com/O1JpcwDW8sjYuddV/arcgis/rest/services/Annual_Average_Daily_Traffic_TDA/FeatureServer/0,https://services1.arcgis.com/O1JpcwDW8sjYuddV/arcgis/rest/services/Annual_Average_Daily_Traffic_TDA/FeatureServer/0/query?where=COUNTY%3D%27Miami-Dade%27&outFields=ROADWAY%2CAADT%2CAADTFLG%2CCOUNTY%2CDISTRICT%2CYEAR_%2CDESC_FRM%2CDESC_TO%2CBEGIN_POST%2CEND_POST&returnGeometry=false&f=json
87260377,11500,C,Miami-Dade,6,2025,NB SR-826,SW 24 ST,0,0.162,FDOT Annual Average Daily Traffic TDA,https://services1.arcgis.com/O1JpcwDW8sjYuddV/arcgis/rest/services/Annual_Average_Daily_Traffic_TDA/FeatureServer/0,https://services1.arcgis.com/O1JpcwDW8sjYuddV/arcgis/rest/services/Annual_Average_Daily_Traffic_TDA/FeatureServer/0/query?where=COUNTY%3D%27Miami-Dade%27&outFields=ROADWAY%2CAADT%2CAADTFLG%2CCOUNTY%2CDISTRICT%2CYEAR_%2CDESC_FRM%2CDESC_TO%2CBEGIN_POST%2CEND_POST&returnGeometry=false&f=json
87260283,13000,C,Miami-Dade,6,2025,SR-968 / W FLAGLER S,RAMP 87260325,0,0.182,FDOT Annual Average Daily Traffic TDA,https://services1.arcgis.com/O1JpcwDW8sjYuddV/arcgis/rest/services/Annual_Average_Daily_Traffic_TDA/FeatureServer/0,https://services1.arcgis.com/O1JpcwDW8sjYuddV/arcgis/rest/services/Annual_Average_Daily_Traffic_TDA/FeatureServer/0/query?where=COUNTY%3D%27Miami-Dade%27&outFields=ROADWAY%2CAADT%2CAADTFLG%2CCOUNTY%2CDISTRICT%2CYEAR_%2CDESC_FRM%2CDESC_TO%2CBEGIN_POST%2CEND_POST&returnGeometry=false&f=json
87260337,11500,C,Miami-Dade,6,2025,WB NW 167 ST,WB SR-826,0,0.073,FDOT Annual Average Daily Traffic TDA,https://services1.arcgis.com/O1JpcwDW8sjYuddV/arcgis/rest/services/Annual_Average_Daily_Traffic_TDA/FeatureServer/0,https://services1.arcgis.com/O1JpcwDW8sjYuddV/arcgis/rest/services/Annual_Average_Daily_Traffic_TDA/FeatureServer/0/query?where=COUNTY%3D%27Miami-Dade%27&outFields=ROADWAY%2CAADT%2CAADTFLG%2CCOUNTY%2CDISTRICT%2CYEAR_%2CDESC_FRM%2CDESC_TO%2CBEGIN_POST%2CEND_POST&returnGeometry=false&f=json
87260298,5100,C,Miami-Dade,6,2025,N/A,W 68 ST/NW 122 ST,0.142,1.405,FDOT Annual Average Daily Traffic TDA,https://services1.arcgis.com/O1JpcwDW8sjYuddV/arcgis/rest/services/Annual_Average_Daily_Traffic_TDA/FeatureServer/0,https://services1.arcgis.com/O1JpcwDW8sjYuddV/arcgis/rest/services/Annual_Average_Daily_Traffic_TDA/FeatureServer/0/query?where=COUNTY%3D%27Miami-Dade%27&outFields=ROADWAY%2CAADT%2CAADTFLG%2CCOUNTY%2CDISTRICT%2CYEAR_%2CDESC_FRM%2CDESC_TO%2CBEGIN_POST%2CEND_POST&returnGeometry=false&f=json
87260379,13500,C,Miami-Dade,6,2025,US-41/SW 8 ST/TAMIAM,SB SR-826,0,0.258,FDOT Annual Average Daily Traffic TDA,https://services1.arcgis.com/O1JpcwDW8sjYuddV/arcgis/rest/services/Annual_Average_Daily_Traffic_TDA/FeatureServer/0,https://services1.arcgis.com/O1JpcwDW8sjYuddV/arcgis/rest/services/Annual_Average_Daily_Traffic_TDA/FeatureServer/0/query?where=COUNTY%3D%27Miami-Dade%27&outFields=ROADWAY%2CAADT%2CAADTFLG%2CCOUNTY%2CDISTRICT%2CYEAR_%2CDESC_FRM%2CDESC_TO%2CBEGIN_POST%2CEND_POST&returnGeometry=false&f=json
87260318,16500,F,Miami-Dade,6,2025,NW 122 ST/W 68 ST EB,SR-826 PALMETTO SB,0,0.192,FDOT Annual Average Daily Traffic TDA,https://services1.arcgis.com/O1JpcwDW8sjYuddV/arcgis/rest/services/Annual_Average_Daily_Traffic_TDA/FeatureServer/0,https://services1.arcgis.com/O1JpcwDW8sjYuddV/arcgis/rest/services/Annual_Average_Daily_Traffic_TDA/FeatureServer/0/query?where=COUNTY%3D%27Miami-Dade%27&outFields=ROADWAY%2CAADT%2CAADTFLG%2CCOUNTY%2CDISTRICT%2CYEAR_%2CDESC_FRM%2CDESC_TO%2CBEGIN_POST%2CEND_POST&returnGeometry=false&f=json
87260324,13500,C,Miami-Dade,6,2025,SR-932/W 49 ST WB,SB SR-826,0,0.341,FDOT Annual Average Daily Traffic TDA,https://services1.arcgis.com/O1JpcwDW8sjYuddV/arcgis/rest/services/Annual_Average_Daily_Traffic_TDA/FeatureServer/0,https://services1.arcgis.com/O1JpcwDW8sjYuddV/arcgis/rest/services/Annual_Average_Daily_Traffic_TDA/FeatureServer/0/query?where=COUNTY%3D%27Miami-Dade%27&outFields=ROADWAY%2CAADT%2CAADTFLG%2CCOUNTY%2CDISTRICT%2CYEAR_%2CDESC_FRM%2CDESC_TO%2CBEGIN_POST%2CEND_POST&returnGeometry=false&f=json
87260357,14500,C,Miami-Dade,6,2025,NB W 20 AVE,NB SR-826,0,0.109,FDOT Annual Average Daily Traffic TDA,https://services1.arcgis.com/O1JpcwDW8sjYuddV/arcgis/rest/services/Annual_Average_Daily_Traffic_TDA/FeatureServer/0,https://services1.arcgis.com/O1JpcwDW8sjYuddV/arcgis/rest/services/Annual_Average_Daily_Traffic_TDA/FeatureServer/0/query?where=COUNTY%3D%27Miami-Dade%27&outFields=ROADWAY%2CAADT%2CAADTFLG%2CCOUNTY%2CDISTRICT%2CYEAR_%2CDESC_FRM%2CDESC_TO%2CBEGIN_POST%2CEND_POST&returnGeometry=false&f=json
87260000,102000,C,Miami-Dade,6,2025,Bridge No-870773,Bridge No-870132,0.859,1.865,FDOT Annual Average Daily Traffic TDA,https://services1.arcgis.com/O1JpcwDW8sjYuddV/arcgis/rest/services/Annual_Average_Daily_Traffic_TDA/FeatureServer/0,https://services1.arcgis.com/O1JpcwDW8sjYuddV/arcgis/rest/services/Annual_Average_Daily_Traffic_TDA/FeatureServer/0/query?where=COUNTY%3D%27Miami-Dade%27&outFields=ROADWAY%2CAADT%2CAADTFLG%2CCOUNTY%2CDISTRICT%2CYEAR_%2CDESC_FRM%2CDESC_TO%2CBEGIN_POST%2CEND_POST&returnGeometry=false&f=json
87260333,15500,C,Miami-Dade,6,2025,LUDLAM RD/NW 67 AVE,WB SR-826,0,0.193,FDOT Annual Average Daily Traffic TDA,https://services1.arcgis.com/O1JpcwDW8sjYuddV/arcgis/rest/services/Annual_Average_Daily_Traffic_TDA/FeatureServer/0,https://services1.arcgis.com/O1JpcwDW8sjYuddV/arcgis/rest/services/Annual_Average_Daily_Traffic_TDA/FeatureServer/0/query?where=COUNTY%3D%27Miami-Dade%27&outFields=ROADWAY%2CAADT%2CAADTFLG%2CCOUNTY%2CDISTRICT%2CYEAR_%2CDESC_FRM%2CDESC_TO%2CBEGIN_POST%2CEND_POST&returnGeometry=false&f=json
87260334,13500,C,Miami-Dade,6,2025,WB SR-826,WB NW 167 ST,0,0.061,FDOT Annual Average Daily Traffic TDA,https://services1.arcgis.com/O1JpcwDW8sjYuddV/arcgis/rest/services/Annual_Average_Daily_Traffic_TDA/FeatureServer/0,https://services1.arcgis.com/O1JpcwDW8sjYuddV/arcgis/rest/services/Annual_Average_Daily_Traffic_TDA/FeatureServer/0/query?where=COUNTY%3D%27Miami-Dade%27&outFields=ROADWAY%2CAADT%2CAADTFLG%2CCOUNTY%2CDISTRICT%2CYEAR_%2CDESC_FRM%2CDESC_TO%2CBEGIN_POST%2CEND_POST&returnGeometry=false&f=json
87260325,28500,F,Miami-Dade,6,2025,SR-826 / SB,SR-826 / SB,0,0.725,FDOT Annual Average Daily Traffic TDA,https://services1.arcgis.com/O1JpcwDW8sjYuddV/arcgis/rest/services/Annual_Average_Daily_Traffic_TDA/FeatureServer/0,https://services1.arcgis.com/O1JpcwDW8sjYuddV/arcgis/rest/services/Annual_Average_Daily_Traffic_TDA/FeatureServer/0/query?where=COUNTY%3D%27Miami-Dade%27&outFields=ROADWAY%2CAADT%2CAADTFLG%2CCOUNTY%2CDISTRICT%2CYEAR_%2CDESC_FRM%2CDESC_TO%2CBEGIN_POST%2CEND_POST&returnGeometry=false&f=json
87260323,11500,C,Miami-Dade,6,2025,SR-826/PALMETTO EXPY,SR- 924/EB,0,0.134,FDOT Annual Average Daily Traffic TDA,https://services1.arcgis.com/O1JpcwDW8sjYuddV/arcgis/rest/services/Annual_Average_Daily_Traffic_TDA/FeatureServer/0,https://services1.arcgis.com/O1JpcwDW8sjYuddV/arcgis/rest/services/Annual_Average_Daily_Traffic_TDA/FeatureServer/0/query?where=COUNTY%3D%27Miami-Dade%27&outFields=ROADWAY%2CAADT%2CAADTFLG%2CCOUNTY%2CDISTRICT%2CYEAR_%2CDESC_FRM%2CDESC_TO%2CBEGIN_POST%2CEND_POST&returnGeometry=false&f=json
87300507,2500,C,Miami-Dade,6,2025,EB SR-924,NW 42 AV / 37 AV CON,0,0.201,FDOT Annual Average Daily Traffic TDA,https://services1.arcgis.com/O1JpcwDW8sjYuddV/arcgis/rest/services/Annual_Average_Daily_Traffic_TDA/FeatureServer/0,https://services1.arcgis.com/O1JpcwDW8sjYuddV/arcgis/rest/services/Annual_Average_Daily_Traffic_TDA/FeatureServer/0/query?where=COUNTY%3D%27Miami-Dade%27&outFields=ROADWAY%2CAADT%2CAADTFLG%2CCOUNTY%2CDISTRICT%2CYEAR_%2CDESC_FRM%2CDESC_TO%2CBEGIN_POST%2CEND_POST&returnGeometry=false&f=json
87270185,5600,C,Miami-Dade,6,2025,I-95/SB,NW 5 PL,0,0.008,FDOT Annual Average Daily Traffic TDA,https://services1.arcgis.com/O1JpcwDW8sjYuddV/arcgis/rest/services/Annual_Average_Daily_Traffic_TDA/FeatureServer/0,https://services1.arcgis.com/O1JpcwDW8sjYuddV/arcgis/rest/services/Annual_Average_Daily_Traffic_TDA/FeatureServer/0/query?where=COUNTY%3D%27Miami-Dade%27&outFields=ROADWAY%2CAADT%2CAADTFLG%2CCOUNTY%2CDISTRICT%2CYEAR_%2CDESC_FRM%2CDESC_TO%2CBEGIN_POST%2CEND_POST&returnGeometry=false&f=json
87270203,6000,C,Miami-Dade,6,2025,I-95/NB,NW 6 AVE/NB,0,0.095,FDOT Annual Average Daily Traffic TDA,https://services1.arcgis.com/O1JpcwDW8sjYuddV/arcgis/rest/services/Annual_Average_Daily_Traffic_TDA/FeatureServer/0,https://services1.arcgis.com/O1JpcwDW8sjYuddV/arcgis/rest/services/Annual_Average_Daily_Traffic_TDA/FeatureServer/0/query?where=COUNTY%3D%27Miami-Dade%27&outFields=ROADWAY%2CAADT%2CAADTFLG%2CCOUNTY%2CDISTRICT%2CYEAR_%2CDESC_FRM%2CDESC_TO%2CBEGIN_POST%2CEND_POST&returnGeometry=false&f=json
87260151,4200,C,Miami-Dade,6,2025,US-27/OKEECHOBEE RD,END OF STREET,0,0.801,FDOT Annual Average Daily Traffic TDA,https://services1.arcgis.com/O1JpcwDW8sjYuddV/arcgis/rest/services/Annual_Average_Daily_Traffic_TDA/FeatureServer/0,https://services1.arcgis.com/O1JpcwDW8sjYuddV/arcgis/rest/services/Annual_Average_Daily_Traffic_TDA/FeatureServer/0/query?where=COUNTY%3D%27Miami-Dade%27&outFields=ROADWAY%2CAADT%2CAADTFLG%2CCOUNTY%2CDISTRICT%2CYEAR_%2CDESC_FRM%2CDESC_TO%2CBEGIN_POST%2CEND_POST&returnGeometry=false&f=json
87270207,11500,C,Miami-Dade,6,2025,SR-916OPA LOCKA/WB,I-95/NB,0,0.132,FDOT Annual Average Daily Traffic TDA,https://services1.arcgis.com/O1JpcwDW8sjYuddV/arcgis/rest/services/Annual_Average_Daily_Traffic_TDA/FeatureServer/0,https://services1.arcgis.com/O1JpcwDW8sjYuddV/arcgis/rest/services/Annual_Average_Daily_Traffic_TDA/FeatureServer/0/query?where=COUNTY%3D%27Miami-Dade%27&outFields=ROADWAY%2CAADT%2CAADTFLG%2CCOUNTY%2CDISTRICT%2CYEAR_%2CDESC_FRM%2CDESC_TO%2CBEGIN_POST%2CEND_POST&returnGeometry=false&f=json
87260000,178000,C,Miami-Dade,6,2025,N/A,RAMP 87200428,6.46,7.277,FDOT Annual Average Daily Traffic TDA,https://services1.arcgis.com/O1JpcwDW8sjYuddV/arcgis/rest/services/Annual_Average_Daily_Traffic_TDA/FeatureServer/0,https://services1.arcgis.com/O1JpcwDW8sjYuddV/arcgis/rest/services/Annual_Average_Daily_Traffic_TDA/FeatureServer/0/query?where=COUNTY%3D%27Miami-Dade%27&outFields=ROADWAY%2CAADT%2CAADTFLG%2CCOUNTY%2CDISTRICT%2CYEAR_%2CDESC_FRM%2CDESC_TO%2CBEGIN_POST%2CEND_POST&returnGeometry=false&f=json
87281231,3000,F,Miami-Dade,6,2025,87281233 SB ON,87281225 NB ON,0,0.277,FDOT Annual Average Daily Traffic TDA,https://services1.arcgis.com/O1JpcwDW8sjYuddV/arcgis/rest/services/Annual_Average_Daily_Traffic_TDA/FeatureServer/0,https://services1.arcgis.com/O1JpcwDW8sjYuddV/arcgis/rest/services/Annual_Average_Daily_Traffic_TDA/FeatureServer/0/query?where=COUNTY%3D%27Miami-Dade%27&outFields=ROADWAY%2CAADT%2CAADTFLG%2CCOUNTY%2CDISTRICT%2CYEAR_%2CDESC_FRM%2CDESC_TO%2CBEGIN_POST%2CEND_POST&returnGeometry=false&f=json
87270199,9400,C,Miami-Dade,6,2025,SR-932 / NW 103 ST,I-95/NB,0,0.129,FDOT Annual Average Daily Traffic TDA,https://services1.arcgis.com/O1JpcwDW8sjYuddV/arcgis/rest/services/Annual_Average_Daily_Traffic_TDA/FeatureServer/0,https://services1.arcgis.com/O1JpcwDW8sjYuddV/arcgis/rest/services/Annual_Average_Daily_Traffic_TDA/FeatureServer/0/query?where=COUNTY%3D%27Miami-Dade%27&outFields=ROADWAY%2CAADT%2CAADTFLG%2CCOUNTY%2CDISTRICT%2CYEAR_%2CDESC_FRM%2CDESC_TO%2CBEGIN_POST%2CEND_POST&returnGeometry=false&f=json
87260539,16500,C,Miami-Dade,6,2025,SR-826/PALMETTO EXPW,NW 25 ST,0,0.141,FDOT Annual Average Daily Traffic TDA,https://services1.arcgis.com/O1JpcwDW8sjYuddV/arcgis/rest/services/Annual_Average_Daily_Traffic_TDA/FeatureServer/0,https://services1.arcgis.com/O1JpcwDW8sjYuddV/arcgis/rest/services/Annual_Average_Daily_Traffic_TDA/FeatureServer/0/query?where=COUNTY%3D%27Miami-Dade%27&outFields=ROADWAY%2CAADT%2CAADTFLG%2CCOUNTY%2CDISTRICT%2CYEAR_%2CDESC_FRM%2CDESC_TO%2CBEGIN_POST%2CEND_POST&returnGeometry=false&f=json
87260405,18500,C,Miami-Dade,6,2025,SR-826/PALMETTO,US-27/SR-25/OKEECHOB,0,0.165,FDOT Annual Average Daily Traffic TDA,https://services1.arcgis.com/O1JpcwDW8sjYuddV/arcgis/rest/services/Annual_Average_Daily_Traffic_TDA/FeatureServer/0,https://services1.arcgis.com/O1JpcwDW8sjYuddV/arcgis/rest/services/Annual_Average_Daily_Traffic_TDA/FeatureServer/0/query?where=COUNTY%3D%27Miami-Dade%27&outFields=ROADWAY%2CAADT%2CAADTFLG%2CCOUNTY%2CDISTRICT%2CYEAR_%2CDESC_FRM%2CDESC_TO%2CBEGIN_POST%2CEND_POST&returnGeometry=false&f=json
87281000,38000,C,Miami-Dade,6,2025,SR- 976/SW 40 ST,MIRACLE MILE / CORAL,0.569,1.57,FDOT Annual Average Daily Traffic TDA,https://services1.arcgis.com/O1JpcwDW8sjYuddV/arcgis/rest/services/Annual_Average_Daily_Traffic_TDA/FeatureServer/0,https://services1.arcgis.com/O1JpcwDW8sjYuddV/arcgis/rest/services/Annual_Average_Daily_Traffic_TDA/FeatureServer/0/query?where=COUNTY%3D%27Miami-Dade%27&outFields=ROADWAY%2CAADT%2CAADTFLG%2CCOUNTY%2CDISTRICT%2CYEAR_%2CDESC_FRM%2CDESC_TO%2CBEGIN_POST%2CEND_POST&returnGeometry=false&f=json
87270195,6300,C,Miami-Dade,6,2025,NW 6 AVE/NB,I-95/NB,0,0.075,FDOT Annual Average Daily Traffic TDA,https://services1.arcgis.com/O1JpcwDW8sjYuddV/arcgis/rest/services/Annual_Average_Daily_Traffic_TDA/FeatureServer/0,https://services1.arcgis.com/O1JpcwDW8sjYuddV/arcgis/rest/services/Annual_Average_Daily_Traffic_TDA/FeatureServer/0/query?where=COUNTY%3D%27Miami-Dade%27&outFields=ROADWAY%2CAADT%2CAADTFLG%2CCOUNTY%2CDISTRICT%2CYEAR_%2CDESC_FRM%2CDESC_TO%2CBEGIN_POST%2CEND_POST&returnGeometry=false&f=json
87260525,1500,C,Miami-Dade,6,2025,NW 154 ST,NW 67 AVE/ LUDLAM RD,0,1.551,FDOT Annual Average Daily Traffic TDA,https://services1.arcgis.com/O1JpcwDW8sjYuddV/arcgis/rest/services/Annual_Average_Daily_Traffic_TDA/FeatureServer/0,https://services1.arcgis.com/O1JpcwDW8sjYuddV/arcgis/rest/services/Annual_Average_Daily_Traffic_TDA/FeatureServer/0/query?where=COUNTY%3D%27Miami-Dade%27&outFields=ROADWAY%2CAADT%2CAADTFLG%2CCOUNTY%2CDISTRICT%2CYEAR_%2CDESC_FRM%2CDESC_TO%2CBEGIN_POST%2CEND_POST&returnGeometry=false&f=json
87260160,7800,C,Miami-Dade,6,2025,WB SR 826,WB NW 167 ST,0,0.103,FDOT Annual Average Daily Traffic TDA,https://services1.arcgis.com/O1JpcwDW8sjYuddV/arcgis/rest/services/Annual_Average_Daily_Traffic_TDA/FeatureServer/0,https://services1.arcgis.com/O1JpcwDW8sjYuddV/arcgis/rest/services/Annual_Average_Daily_Traffic_TDA/FeatureServer/0/query?where=COUNTY%3D%27Miami-Dade%27&outFields=ROADWAY%2CAADT%2CAADTFLG%2CCOUNTY%2CDISTRICT%2CYEAR_%2CDESC_FRM%2CDESC_TO%2CBEGIN_POST%2CEND_POST&returnGeometry=false&f=json
87260393,12000,C,Miami-Dade,6,2025,NW 58 ST,SB / SR-826,0,0.118,FDOT Annual Average Daily Traffic TDA,https://services1.arcgis.com/O1JpcwDW8sjYuddV/arcgis/rest/services/Annual_Average_Daily_Traffic_TDA/FeatureServer/0,https://services1.arcgis.com/O1JpcwDW8sjYuddV/arcgis/rest/services/Annual_Average_Daily_Traffic_TDA/FeatureServer/0/query?where=COUNTY%3D%27Miami-Dade%27&outFields=ROADWAY%2CAADT%2CAADTFLG%2CCOUNTY%2CDISTRICT%2CYEAR_%2CDESC_FRM%2CDESC_TO%2CBEGIN_POST%2CEND_POST&returnGeometry=false&f=json
87260128,16500,F,Miami-Dade,6,2025,SB SR-826,SR-986 / SW 72  ST,0,0.117,FDOT Annual Average Daily Traffic TDA,https://services1.arcgis.com/O1JpcwDW8sjYuddV/arcgis/rest/services/Annual_Average_Daily_Traffic_TDA/FeatureServer/0,https://services1.arcgis.com/O1JpcwDW8sjYuddV/arcgis/rest/services/Annual_Average_Daily_Traffic_TDA/FeatureServer/0/query?where=COUNTY%3D%27Miami-Dade%27&outFields=ROADWAY%2CAADT%2CAADTFLG%2CCOUNTY%2CDISTRICT%2CYEAR_%2CDESC_FRM%2CDESC_TO%2CBEGIN_POST%2CEND_POST&returnGeometry=false&f=json
87270215,14000,F,Miami-Dade,6,2025,SR-860 / NW 183 ST,SB I-95,0,0.25,FDOT Annual Average Daily Traffic TDA,https://services1.arcgis.com/O1JpcwDW8sjYuddV/arcgis/rest/services/Annual_Average_Daily_Traffic_TDA/FeatureServer/0,https://services1.arcgis.com/O1JpcwDW8sjYuddV/arcgis/rest/services/Annual_Average_Daily_Traffic_TDA/FeatureServer/0/query?where=COUNTY%3D%27Miami-Dade%27&outFields=ROADWAY%2CAADT%2CAADTFLG%2CCOUNTY%2CDISTRICT%2CYEAR_%2CDESC_FRM%2CDESC_TO%2CBEGIN_POST%2CEND_POST&returnGeometry=false&f=json
87270000,172500,E,Miami-Dade,6,2025,87270902 I-95 SB,Bridge No-870449,12.38,14.404,FDOT Annual Average Daily Traffic TDA,https://services1.arcgis.com/O1JpcwDW8sjYuddV/arcgis/rest/services/Annual_Average_Daily_Traffic_TDA/FeatureServer/0,https://services1.arcgis.com/O1JpcwDW8sjYuddV/arcgis/rest/services/Annual_Average_Daily_Traffic_TDA/FeatureServer/0/query?where=COUNTY%3D%27Miami-Dade%27&outFields=ROADWAY%2CAADT%2CAADTFLG%2CCOUNTY%2CDISTRICT%2CYEAR_%2CDESC_FRM%2CDESC_TO%2CBEGIN_POST%2CEND_POST&returnGeometry=false&f=json
87260000,259000,C,Miami-Dade,6,2025,N/A,NW 58 ST,9.153,10.359,FDOT Annual Average Daily Traffic TDA,https://services1.arcgis.com/O1JpcwDW8sjYuddV/arcgis/rest/services/Annual_Average_Daily_Traffic_TDA/FeatureServer/0,https://services1.arcgis.com/O1JpcwDW8sjYuddV/arcgis/rest/services/Annual_Average_Daily_Traffic_TDA/FeatureServer/0/query?where=COUNTY%3D%27Miami-Dade%27&outFields=ROADWAY%2CAADT%2CAADTFLG%2CCOUNTY%2CDISTRICT%2CYEAR_%2CDESC_FRM%2CDESC_TO%2CBEGIN_POST%2CEND_POST&returnGeometry=false&f=json
87270176,21500,F,Miami-Dade,6,2025,I-95/NB,I-395 / WB,0,0.4,FDOT Annual Average Daily Traffic TDA,https://services1.arcgis.com/O1JpcwDW8sjYuddV/arcgis/rest/services/Annual_Average_Daily_Traffic_TDA/FeatureServer/0,https://services1.arcgis.com/O1JpcwDW8sjYuddV/arcgis/rest/services/Annual_Average_Daily_Traffic_TDA/FeatureServer/0/query?where=COUNTY%3D%27Miami-Dade%27&outFields=ROADWAY%2CAADT%2CAADTFLG%2CCOUNTY%2CDISTRICT%2CYEAR_%2CDESC_FRM%2CDESC_TO%2CBEGIN_POST%2CEND_POST&returnGeometry=false&f=json
87281223,1300,C,Miami-Dade,6,2025,NW 42 AVE/NB,SOUTH RIVER DR,0,0.152,FDOT Annual Average Daily Traffic TDA,https://services1.arcgis.com/O1JpcwDW8sjYuddV/arcgis/rest/services/Annual_Average_Daily_Traffic_TDA/FeatureServer/0,https://services1.arcgis.com/O1JpcwDW8sjYuddV/arcgis/rest/services/Annual_Average_Daily_Traffic_TDA/FeatureServer/0/query?where=COUNTY%3D%27Miami-Dade%27&outFields=ROADWAY%2CAADT%2CAADTFLG%2CCOUNTY%2CDISTRICT%2CYEAR_%2CDESC_FRM%2CDESC_TO%2CBEGIN_POST%2CEND_POST&returnGeometry=false&f=json
87260536,3700,C,Miami-Dade,6,2025,NW 17 AVE,SR-817/NW 27 AVE,0,0.989,FDOT Annual Average Daily Traffic TDA,https://services1.arcgis.com/O1JpcwDW8sjYuddV/arcgis/rest/services/Annual_Average_Daily_Traffic_TDA/FeatureServer/0,https://services1.arcgis.com/O1JpcwDW8sjYuddV/arcgis/rest/services/Annual_Average_Daily_Traffic_TDA/FeatureServer/0/query?where=COUNTY%3D%27Miami-Dade%27&outFields=ROADWAY%2CAADT%2CAADTFLG%2CCOUNTY%2CDISTRICT%2CYEAR_%2CDESC_FRM%2CDESC_TO%2CBEGIN_POST%2CEND_POST&returnGeometry=false&f=json
87281000,55000,C,Miami-Dade,6,2025,SR- 968/W FLAGLER ST,NW 7 ST,3.117,3.601,FDOT Annual Average Daily Traffic TDA,https://services1.arcgis.com/O1JpcwDW8sjYuddV/arcgis/rest/services/Annual_Average_Daily_Traffic_TDA/FeatureServer/0,https://services1.arcgis.com/O1JpcwDW8sjYuddV/arcgis/rest/services/Annual_Average_Daily_Traffic_TDA/FeatureServer/0/query?where=COUNTY%3D%27Miami-Dade%27&outFields=ROADWAY%2CAADT%2CAADTFLG%2CCOUNTY%2CDISTRICT%2CYEAR_%2CDESC_FRM%2CDESC_TO%2CBEGIN_POST%2CEND_POST&returnGeometry=false&f=json
87260532,2200,C,Miami-Dade,6,2025,SR-817/NW 27 AVE,NW 37 AV/DOUGLAS RD,0,1,FDOT Annual Average Daily Traffic TDA,https://services1.arcgis.com/O1JpcwDW8sjYuddV/arcgis/rest/services/Annual_Average_Daily_Traffic_TDA/FeatureServer/0,https://services1.arcgis.com/O1JpcwDW8sjYuddV/arcgis/rest/services/Annual_Average_Daily_Traffic_TDA/FeatureServer/0/query?where=COUNTY%3D%27Miami-Dade%27&outFields=ROADWAY%2CAADT%2CAADTFLG%2CCOUNTY%2CDISTRICT%2CYEAR_%2CDESC_FRM%2CDESC_TO%2CBEGIN_POST%2CEND_POST&returnGeometry=false&f=json
87270513,8400,C,Miami-Dade,6,2025,I-95/SB,SR-112/WB,0,0.947,FDOT Annual Average Daily Traffic TDA,https://services1.arcgis.com/O1JpcwDW8sjYuddV/arcgis/rest/services/Annual_Average_Daily_Traffic_TDA/FeatureServer/0,https://services1.arcgis.com/O1JpcwDW8sjYuddV/arcgis/rest/services/Annual_Average_Daily_Traffic_TDA/FeatureServer/0/query?where=COUNTY%3D%27Miami-Dade%27&outFields=ROADWAY%2CAADT%2CAADTFLG%2CCOUNTY%2CDISTRICT%2CYEAR_%2CDESC_FRM%2CDESC_TO%2CBEGIN_POST%2CEND_POST&returnGeometry=false&f=json
87260516,34000,C,Miami-Dade,6,2025,SR-91/NB,SR-826/WB,0,0.138,FDOT Annual Average Daily Traffic TDA,https://services1.arcgis.com/O1JpcwDW8sjYuddV/arcgis/rest/services/Annual_Average_Daily_Traffic_TDA/FeatureServer/0,https://services1.arcgis.com/O1JpcwDW8sjYuddV/arcgis/rest/services/Annual_Average_Daily_Traffic_TDA/FeatureServer/0/query?where=COUNTY%3D%27Miami-Dade%27&outFields=ROADWAY%2CAADT%2CAADTFLG%2CCOUNTY%2CDISTRICT%2CYEAR_%2CDESC_FRM%2CDESC_TO%2CBEGIN_POST%2CEND_POST&returnGeometry=false&f=json
87260237,9600,F,Miami-Dade,6,2025,SR-976 / SW 40 ST,NB SR-826/PALMETTO,0,0.156,FDOT Annual Average Daily Traffic TDA,https://services1.arcgis.com/O1JpcwDW8sjYuddV/arcgis/rest/services/Annual_Average_Daily_Traffic_TDA/FeatureServer/0,https://services1.arcgis.com/O1JpcwDW8sjYuddV/arcgis/rest/services/Annual_Average_Daily_Traffic_TDA/FeatureServer/0/query?where=COUNTY%3D%27Miami-Dade%27&outFields=ROADWAY%2CAADT%2CAADTFLG%2CCOUNTY%2CDISTRICT%2CYEAR_%2CDESC_FRM%2CDESC_TO%2CBEGIN_POST%2CEND_POST&returnGeometry=false&f=json
87260005,2900,C,Miami-Dade,6,2025,DADELAND MALL,87260004 NB ON,0,0.095,FDOT Annual Average Daily Traffic TDA,https://services1.arcgis.com/O1JpcwDW8sjYuddV/arcgis/rest/services/Annual_Average_Daily_Traffic_TDA/FeatureServer/0,https://services1.arcgis.com/O1JpcwDW8sjYuddV/arcgis/rest/services/Annual_Average_Daily_Traffic_TDA/FeatureServer/0/query?where=COUNTY%3D%27Miami-Dade%27&outFields=ROADWAY%2CAADT%2CAADTFLG%2CCOUNTY%2CDISTRICT%2CYEAR_%2CDESC_FRM%2CDESC_TO%2CBEGIN_POST%2CEND_POST&returnGeometry=false&f=json
87270110,575,S,Miami-Dade,6,2025,SR-944/NW 54 ST,87270187 NB ON,0.858,1.765,FDOT Annual Average Daily Traffic TDA,https://services1.arcgis.com/O1JpcwDW8sjYuddV/arcgis/rest/services/Annual_Average_Daily_Traffic_TDA/FeatureServer/0,https://services1.arcgis.com/O1JpcwDW8sjYuddV/arcgis/rest/services/Annual_Average_Daily_Traffic_TDA/FeatureServer/0/query?where=COUNTY%3D%27Miami-Dade%27&outFields=ROADWAY%2CAADT%2CAADTFLG%2CCOUNTY%2CDISTRICT%2CYEAR_%2CDESC_FRM%2CDESC_TO%2CBEGIN_POST%2CEND_POST&returnGeometry=false&f=json
87281000,23000,C,Miami-Dade,6,2025,US-1/SR-5/S DIXIE HW,SR- 976/SW 40 ST,0,0.569,FDOT Annual Average Daily Traffic TDA,https://services1.arcgis.com/O1JpcwDW8sjYuddV/arcgis/rest/services/Annual_Average_Daily_Traffic_TDA/FeatureServer/0,https://services1.arcgis.com/O1JpcwDW8sjYuddV/arcgis/rest/services/Annual_Average_Daily_Traffic_TDA/FeatureServer/0/query?where=COUNTY%3D%27Miami-Dade%27&outFields=ROADWAY%2CAADT%2CAADTFLG%2CCOUNTY%2CDISTRICT%2CYEAR_%2CDESC_FRM%2CDESC_TO%2CBEGIN_POST%2CEND_POST&returnGeometry=false&f=json
87270000,224000,C,Miami-Dade,6,2025,Bridge No-870435,Bridge No-870437,8.756,9.772,FDOT Annual Average Daily Traffic TDA,https://services1.arcgis.com/O1JpcwDW8sjYuddV/arcgis/rest/services/Annual_Average_Daily_Traffic_TDA/FeatureServer/0,https://services1.arcgis.com/O1JpcwDW8sjYuddV/arcgis/rest/services/Annual_Average_Daily_Traffic_TDA/FeatureServer/0/query?where=COUNTY%3D%27Miami-Dade%27&outFields=ROADWAY%2CAADT%2CAADTFLG%2CCOUNTY%2CDISTRICT%2CYEAR_%2CDESC_FRM%2CDESC_TO%2CBEGIN_POST%2CEND_POST&returnGeometry=false&f=json
87270214,14000,E,Miami-Dade,6,2025,I-95/NB,US-441 / SR-7,0,0.187,FDOT Annual Average Daily Traffic TDA,https://services1.arcgis.com/O1JpcwDW8sjYuddV/arcgis/rest/services/Annual_Average_Daily_Traffic_TDA/FeatureServer/0,https://services1.arcgis.com/O1JpcwDW8sjYuddV/arcgis/rest/services/Annual_Average_Daily_Traffic_TDA/FeatureServer/0/query?where=COUNTY%3D%27Miami-Dade%27&outFields=ROADWAY%2CAADT%2CAADTFLG%2CCOUNTY%2CDISTRICT%2CYEAR_%2CDESC_FRM%2CDESC_TO%2CBEGIN_POST%2CEND_POST&returnGeometry=false&f=json
87260213,26000,F,Miami-Dade,6,2025,SR-826 / NB,SR-826 / NB,0,0.611,FDOT Annual Average Daily Traffic TDA,https://services1.arcgis.com/O1JpcwDW8sjYuddV/arcgis/rest/services/Annual_Average_Daily_Traffic_TDA/FeatureServer/0,https://services1.arcgis.com/O1JpcwDW8sjYuddV/arcgis/rest/services/Annual_Average_Daily_Traffic_TDA/FeatureServer/0/query?where=COUNTY%3D%27Miami-Dade%27&outFields=ROADWAY%2CAADT%2CAADTFLG%2CCOUNTY%2CDISTRICT%2CYEAR_%2CDESC_FRM%2CDESC_TO%2CBEGIN_POST%2CEND_POST&returnGeometry=false&f=json
87270503,5000,C,Miami-Dade,6,2025,NW 3 CT/SB,I-95/SB,0,0.192,FDOT Annual Average Daily Traffic TDA,https://services1.arcgis.com/O1JpcwDW8sjYuddV/arcgis/rest/services/Annual_Average_Daily_Traffic_TDA/FeatureServer/0,https://services1.arcgis.com/O1JpcwDW8sjYuddV/arcgis/rest/services/Annual_Average_Daily_Traffic_TDA/FeatureServer/0/query?where=COUNTY%3D%27Miami-Dade%27&outFields=ROADWAY%2CAADT%2CAADTFLG%2CCOUNTY%2CDISTRICT%2CYEAR_%2CDESC_FRM%2CDESC_TO%2CBEGIN_POST%2CEND_POST&returnGeometry=false&f=json
87260154,7900,C,Miami-Dade,6,2025,WB SR-826,WB NW 167 ST,0,0.065,FDOT Annual Average Daily Traffic TDA,https://services1.arcgis.com/O1JpcwDW8sjYuddV/arcgis/rest/services/Annual_Average_Daily_Traffic_TDA/FeatureServer/0,https://services1.arcgis.com/O1JpcwDW8sjYuddV/arcgis/rest/services/Annual_Average_Daily_Traffic_TDA/FeatureServer/0/query?where=COUNTY%3D%27Miami-Dade%27&outFields=ROADWAY%2CAADT%2CAADTFLG%2CCOUNTY%2CDISTRICT%2CYEAR_%2CDESC_FRM%2CDESC_TO%2CBEGIN_POST%2CEND_POST&returnGeometry=false&f=json
87260526,5900,C,Miami-Dade,6,2025,SR-823 / NW 57 AVE,NW 67 AVE/ LUDLAM RD,0,1.013,FDOT Annual Average Daily Traffic TDA,https://services1.arcgis.com/O1JpcwDW8sjYuddV/arcgis/rest/services/Annual_Average_Daily_Traffic_TDA/FeatureServer/0,https://services1.arcgis.com/O1JpcwDW8sjYuddV/arcgis/rest/services/Annual_Average_Daily_Traffic_TDA/FeatureServer/0/query?where=COUNTY%3D%27Miami-Dade%27&outFields=ROADWAY%2CAADT%2CAADTFLG%2CCOUNTY%2CDISTRICT%2CYEAR_%2CDESC_FRM%2CDESC_TO%2CBEGIN_POST%2CEND_POST&returnGeometry=false&f=json
87260161,7200,C,Miami-Dade,6,2025,WB NW 167 ST,WB SR-826,0,0.033,FDOT Annual Average Daily Traffic TDA,https://services1.arcgis.com/O1JpcwDW8sjYuddV/arcgis/rest/services/Annual_Average_Daily_Traffic_TDA/FeatureServer/0,https://services1.arcgis.com/O1JpcwDW8sjYuddV/arcgis/rest/services/Annual_Average_Daily_Traffic_TDA/FeatureServer/0/query?where=COUNTY%3D%27Miami-Dade%27&outFields=ROADWAY%2CAADT%2CAADTFLG%2CCOUNTY%2CDISTRICT%2CYEAR_%2CDESC_FRM%2CDESC_TO%2CBEGIN_POST%2CEND_POST&returnGeometry=false&f=json
87270188,12000,C,Miami-Dade,6,2025,NW 6 CT/SB,I-95/SB,0,0.083,FDOT Annual Average Daily Traffic TDA,https://services1.arcgis.com/O1JpcwDW8sjYuddV/arcgis/rest/services/Annual_Average_Daily_Traffic_TDA/FeatureServer/0,https://services1.arcgis.com/O1JpcwDW8sjYuddV/arcgis/rest/services/Annual_Average_Daily_Traffic_TDA/FeatureServer/0/query?where=COUNTY%3D%27Miami-Dade%27&outFields=ROADWAY%2CAADT%2CAADTFLG%2CCOUNTY%2CDISTRICT%2CYEAR_%2CDESC_FRM%2CDESC_TO%2CBEGIN_POST%2CEND_POST&returnGeometry=false&f=json
87260155,7300,C,Miami-Dade,6,2025,EB SR-826,EB NW 167 ST,0,0.088,FDOT Annual Average Daily Traffic TDA,https://services1.arcgis.com/O1JpcwDW8sjYuddV/arcgis/rest/services/Annual_Average_Daily_Traffic_TDA/FeatureServer/0,https://services1.arcgis.com/O1JpcwDW8sjYuddV/arcgis/rest/services/Annual_Average_Daily_Traffic_TDA/FeatureServer/0/query?where=COUNTY%3D%27Miami-Dade%27&outFields=ROADWAY%2CAADT%2CAADTFLG%2CCOUNTY%2CDISTRICT%2CYEAR_%2CDESC_FRM%2CDESC_TO%2CBEGIN_POST%2CEND_POST&returnGeometry=false&f=json
87260000,262000,C,Miami-Dade,6,2025,NW 58 ST,Bridge No-870964,10.359,11.369,FDOT Annual Average Daily Traffic TDA,https://services1.arcgis.com/O1JpcwDW8sjYuddV/arcgis/rest/services/Annual_Average_Daily_Traffic_TDA/FeatureServer/0,https://services1.arcgis.com/O1JpcwDW8sjYuddV/arcgis/rest/services/Annual_Average_Daily_Traffic_TDA/FeatureServer/0/query?where=COUNTY%3D%27Miami-Dade%27&outFields=ROADWAY%2CAADT%2CAADTFLG%2CCOUNTY%2CDISTRICT%2CYEAR_%2CDESC_FRM%2CDESC_TO%2CBEGIN_POST%2CEND_POST&returnGeometry=false&f=json
87270120,12000,S,Miami-Dade,6,2025,SW 77 ST,NW 83 ST,0,0.383,FDOT Annual Average Daily Traffic TDA,https://services1.arcgis.com/O1JpcwDW8sjYuddV/arcgis/rest/services/Annual_Average_Daily_Traffic_TDA/FeatureServer/0,https://services1.arcgis.com/O1JpcwDW8sjYuddV/arcgis/rest/services/Annual_Average_Daily_Traffic_TDA/FeatureServer/0/query?where=COUNTY%3D%27Miami-Dade%27&outFields=ROADWAY%2CAADT%2CAADTFLG%2CCOUNTY%2CDISTRICT%2CYEAR_%2CDESC_FRM%2CDESC_TO%2CBEGIN_POST%2CEND_POST&returnGeometry=false&f=json
87270901,34000,F,Miami-Dade,6,2025,N/A,N/A,3.3,4.6,FDOT Annual Average Daily Traffic TDA,https://services1.arcgis.com/O1JpcwDW8sjYuddV/arcgis/rest/services/Annual_Average_Daily_Traffic_TDA/FeatureServer/0,https://services1.arcgis.com/O1JpcwDW8sjYuddV/arcgis/rest/services/Annual_Average_Daily_Traffic_TDA/FeatureServer/0/query?where=COUNTY%3D%27Miami-Dade%27&outFields=ROADWAY%2CAADT%2CAADTFLG%2CCOUNTY%2CDISTRICT%2CYEAR_%2CDESC_FRM%2CDESC_TO%2CBEGIN_POST%2CEND_POST&returnGeometry=false&f=json
87260902,22000,C,Miami-Dade,6,2025,N/A,SR 826 SB,3.643,7.92,FDOT Annual Average Daily Traffic TDA,https://services1.arcgis.com/O1JpcwDW8sjYuddV/arcgis/rest/services/Annual_Average_Daily_Traffic_TDA/FeatureServer/0,https://services1.arcgis.com/O1JpcwDW8sjYuddV/arcgis/rest/services/Annual_Average_Daily_Traffic_TDA/FeatureServer/0/query?where=COUNTY%3D%27Miami-Dade%27&outFields=ROADWAY%2CAADT%2CAADTFLG%2CCOUNTY%2CDISTRICT%2CYEAR_%2CDESC_FRM%2CDESC_TO%2CBEGIN_POST%2CEND_POST&returnGeometry=false&f=json
87270506,12000,C,Miami-Dade,6,2025,S MIAMI AVE/SB,I-95/NB,0,0.515,FDOT Annual Average Daily Traffic TDA,https://services1.arcgis.com/O1JpcwDW8sjYuddV/arcgis/rest/services/Annual_Average_Daily_Traffic_TDA/FeatureServer/0,https://services1.arcgis.com/O1JpcwDW8sjYuddV/arcgis/rest/services/Annual_Average_Daily_Traffic_TDA/FeatureServer/0/query?where=COUNTY%3D%27Miami-Dade%27&outFields=ROADWAY%2CAADT%2CAADTFLG%2CCOUNTY%2CDISTRICT%2CYEAR_%2CDESC_FRM%2CDESC_TO%2CBEGIN_POST%2CEND_POST&returnGeometry=false&f=json
87260403,12500,C,Miami-Dade,6,2025,SR-25/OKEECHOBEE RD,SR-826/SB,0,0.282,FDOT Annual Average Daily Traffic TDA,https://services1.arcgis.com/O1JpcwDW8sjYuddV/arcgis/rest/services/Annual_Average_Daily_Traffic_TDA/FeatureServer/0,https://services1.arcgis.com/O1JpcwDW8sjYuddV/arcgis/rest/services/Annual_Average_Daily_Traffic_TDA/FeatureServer/0/query?where=COUNTY%3D%27Miami-Dade%27&outFields=ROADWAY%2CAADT%2CAADTFLG%2CCOUNTY%2CDISTRICT%2CYEAR_%2CDESC_FRM%2CDESC_TO%2CBEGIN_POST%2CEND_POST&returnGeometry=false&f=json
87260004,9300,F,Miami-Dade,6,2025,WB SR-94 / SW 88 ST,NB SR-826,0,0.343,FDOT Annual Average Daily Traffic TDA,https://services1.arcgis.com/O1JpcwDW8sjYuddV/arcgis/rest/services/Annual_Average_Daily_Traffic_TDA/FeatureServer/0,https://services1.arcgis.com/O1JpcwDW8sjYuddV/arcgis/rest/services/Annual_Average_Daily_Traffic_TDA/FeatureServer/0/query?where=COUNTY%3D%27Miami-Dade%27&outFields=ROADWAY%2CAADT%2CAADTFLG%2CCOUNTY%2CDISTRICT%2CYEAR_%2CDESC_FRM%2CDESC_TO%2CBEGIN_POST%2CEND_POST&returnGeometry=false&f=json
87270504,6500,C,Miami-Dade,6,2025,NB I-95,NB NW 3 AVE,0,0.144,FDOT Annual Average Daily Traffic TDA,https://services1.arcgis.com/O1JpcwDW8sjYuddV/arcgis/rest/services/Annual_Average_Daily_Traffic_TDA/FeatureServer/0,https://services1.arcgis.com/O1JpcwDW8sjYuddV/arcgis/rest/services/Annual_Average_Daily_Traffic_TDA/FeatureServer/0/query?where=COUNTY%3D%27Miami-Dade%27&outFields=ROADWAY%2CAADT%2CAADTFLG%2CCOUNTY%2CDISTRICT%2CYEAR_%2CDESC_FRM%2CDESC_TO%2CBEGIN_POST%2CEND_POST&returnGeometry=false&f=json
87290000,27500,C,Miami-Dade,6,2025,SW 177 AVE,US-1/SR-5/S DIXIE HW,0,0.774,FDOT Annual Average Daily Traffic TDA,https://services1.arcgis.com/O1JpcwDW8sjYuddV/arcgis/rest/services/Annual_Average_Daily_Traffic_TDA/FeatureServer/0,https://services1.arcgis.com/O1JpcwDW8sjYuddV/arcgis/rest/services/Annual_Average_Daily_Traffic_TDA/FeatureServer/0/query?where=COUNTY%3D%27Miami-Dade%27&outFields=ROADWAY%2CAADT%2CAADTFLG%2CCOUNTY%2CDISTRICT%2CYEAR_%2CDESC_FRM%2CDESC_TO%2CBEGIN_POST%2CEND_POST&returnGeometry=false&f=json
87260524,11100,C,Miami-Dade,6,2025,NW 154 ST,NW 169 ST,0,1.099,FDOT Annual Average Daily Traffic TDA,https://services1.arcgis.com/O1JpcwDW8sjYuddV/arcgis/rest/services/Annual_Average_Daily_Traffic_TDA/FeatureServer/0,https://services1.arcgis.com/O1JpcwDW8sjYuddV/arcgis/rest/services/Annual_Average_Daily_Traffic_TDA/FeatureServer/0/query?where=COUNTY%3D%27Miami-Dade%27&outFields=ROADWAY%2CAADT%2CAADTFLG%2CCOUNTY%2CDISTRICT%2CYEAR_%2CDESC_FRM%2CDESC_TO%2CBEGIN_POST%2CEND_POST&returnGeometry=false&f=json
87281000,37000,C,Miami-Dade,6,2025,SR-944 / NW 54 ST,SR- 934/E 25 ST,6.665,8.185,FDOT Annual Average Daily Traffic TDA,https://services1.arcgis.com/O1JpcwDW8sjYuddV/arcgis/rest/services/Annual_Average_Daily_Traffic_TDA/FeatureServer/0,https://services1.arcgis.com/O1JpcwDW8sjYuddV/arcgis/rest/services/Annual_Average_Daily_Traffic_TDA/FeatureServer/0/query?where=COUNTY%3D%27Miami-Dade%27&outFields=ROADWAY%2CAADT%2CAADTFLG%2CCOUNTY%2CDISTRICT%2CYEAR_%2CDESC_FRM%2CDESC_TO%2CBEGIN_POST%2CEND_POST&returnGeometry=false&f=json
87260408,19000,C,Miami-Dade,6,2025,SR-826/PALMETTO,US-27/SR-25/OKEECHOB,0,0.116,FDOT Annual Average Daily Traffic TDA,https://services1.arcgis.com/O1JpcwDW8sjYuddV/arcgis/rest/services/Annual_Average_Daily_Traffic_TDA/FeatureServer/0,https://services1.arcgis.com/O1JpcwDW8sjYuddV/arcgis/rest/services/Annual_Average_Daily_Traffic_TDA/FeatureServer/0/query?where=COUNTY%3D%27Miami-Dade%27&outFields=ROADWAY%2CAADT%2CAADTFLG%2CCOUNTY%2CDISTRICT%2CYEAR_%2CDESC_FRM%2CDESC_TO%2CBEGIN_POST%2CEND_POST&returnGeometry=false&f=json
87260242,9600,C,Miami-Dade,6,2025,87260380 EB OFF,US-41 / SW 8 ST,0,0.083,FDOT Annual Average Daily Traffic TDA,https://services1.arcgis.com/O1JpcwDW8sjYuddV/arcgis/rest/services/Annual_Average_Daily_Traffic_TDA/FeatureServer/0,https://services1.arcgis.com/O1JpcwDW8sjYuddV/arcgis/rest/services/Annual_Average_Daily_Traffic_TDA/FeatureServer/0/query?where=COUNTY%3D%27Miami-Dade%27&outFields=ROADWAY%2CAADT%2CAADTFLG%2CCOUNTY%2CDISTRICT%2CYEAR_%2CDESC_FRM%2CDESC_TO%2CBEGIN_POST%2CEND_POST&returnGeometry=false&f=json
87300000,43500,C,Miami-Dade,6,2025,Bridge No-870739,SR- 9/NW 27 AVE,4.097,5.378,FDOT Annual Average Daily Traffic TDA,https://services1.arcgis.com/O1JpcwDW8sjYuddV/arcgis/rest/services/Annual_Average_Daily_Traffic_TDA/FeatureServer/0,https://services1.arcgis.com/O1JpcwDW8sjYuddV/arcgis/rest/services/Annual_Average_Daily_Traffic_TDA/FeatureServer/0/query?where=COUNTY%3D%27Miami-Dade%27&outFields=ROADWAY%2CAADT%2CAADTFLG%2CCOUNTY%2CDISTRICT%2CYEAR_%2CDESC_FRM%2CDESC_TO%2CBEGIN_POST%2CEND_POST&returnGeometry=false&f=json
87270201,7700,C,Miami-Dade,6,2025,I-95/NB,NW 6 AVE/NB,0,0.105,FDOT Annual Average Daily Traffic TDA,https://services1.arcgis.com/O1JpcwDW8sjYuddV/arcgis/rest/services/Annual_Average_Daily_Traffic_TDA/FeatureServer/0,https://services1.arcgis.com/O1JpcwDW8sjYuddV/arcgis/rest/services/Annual_Average_Daily_Traffic_TDA/FeatureServer/0/query?where=COUNTY%3D%27Miami-Dade%27&outFields=ROADWAY%2CAADT%2CAADTFLG%2CCOUNTY%2CDISTRICT%2CYEAR_%2CDESC_FRM%2CDESC_TO%2CBEGIN_POST%2CEND_POST&returnGeometry=false&f=json
87260000,271000,C,Miami-Dade,6,2025,Bridge No-870760,Bridge No-870112,4.986,5.953,FDOT Annual Average Daily Traffic TDA,https://services1.arcgis.com/O1JpcwDW8sjYuddV/arcgis/rest/services/Annual_Average_Daily_Traffic_TDA/FeatureServer/0,https://services1.arcgis.com/O1JpcwDW8sjYuddV/arcgis/rest/services/Annual_Average_Daily_Traffic_TDA/FeatureServer/0/query?where=COUNTY%3D%27Miami-Dade%27&outFields=ROADWAY%2CAADT%2CAADTFLG%2CCOUNTY%2CDISTRICT%2CYEAR_%2CDESC_FRM%2CDESC_TO%2CBEGIN_POST%2CEND_POST&returnGeometry=false&f=json
87270110,1150,S,Miami-Dade,6,2025,NW 40 ST,SR-944/NW 54 ST,0,0.858,FDOT Annual Average Daily Traffic TDA,https://services1.arcgis.com/O1JpcwDW8sjYuddV/arcgis/rest/services/Annual_Average_Daily_Traffic_TDA/FeatureServer/0,https://services1.arcgis.com/O1JpcwDW8sjYuddV/arcgis/rest/services/Annual_Average_Daily_Traffic_TDA/FeatureServer/0/query?where=COUNTY%3D%27Miami-Dade%27&outFields=ROADWAY%2CAADT%2CAADTFLG%2CCOUNTY%2CDISTRICT%2CYEAR_%2CDESC_FRM%2CDESC_TO%2CBEGIN_POST%2CEND_POST&returnGeometry=false&f=json
87270901,34000,C,Miami-Dade,6,2025,I-95 NB,N/A,0,1.605,FDOT Annual Average Daily Traffic TDA,https://services1.arcgis.com/O1JpcwDW8sjYuddV/arcgis/rest/services/Annual_Average_Daily_Traffic_TDA/FeatureServer/0,https://services1.arcgis.com/O1JpcwDW8sjYuddV/arcgis/rest/services/Annual_Average_Daily_Traffic_TDA/FeatureServer/0/query?where=COUNTY%3D%27Miami-Dade%27&outFields=ROADWAY%2CAADT%2CAADTFLG%2CCOUNTY%2CDISTRICT%2CYEAR_%2CDESC_FRM%2CDESC_TO%2CBEGIN_POST%2CEND_POST&returnGeometry=false&f=json
87260518,15000,E,Miami-Dade,6,2025,SR-826/EB,SR-826 / EB / NW 167,0,0.094,FDOT Annual Average Daily Traffic TDA,https://services1.arcgis.com/O1JpcwDW8sjYuddV/arcgis/rest/services/Annual_Average_Daily_Traffic_TDA/FeatureServer/0,https://services1.arcgis.com/O1JpcwDW8sjYuddV/arcgis/rest/services/Annual_Average_Daily_Traffic_TDA/FeatureServer/0/query?where=COUNTY%3D%27Miami-Dade%27&outFields=ROADWAY%2CAADT%2CAADTFLG%2CCOUNTY%2CDISTRICT%2CYEAR_%2CDESC_FRM%2CDESC_TO%2CBEGIN_POST%2CEND_POST&returnGeometry=false&f=json
87260533,2500,C,Miami-Dade,6,2025,NW 37 AVE/DOUGLAS RD,SR-817 / NW 27 AVE,0,1,FDOT Annual Average Daily Traffic TDA,https://services1.arcgis.com/O1JpcwDW8sjYuddV/arcgis/rest/services/Annual_Average_Daily_Traffic_TDA/FeatureServer/0,https://services1.arcgis.com/O1JpcwDW8sjYuddV/arcgis/rest/services/Annual_Average_Daily_Traffic_TDA/FeatureServer/0/query?where=COUNTY%3D%27Miami-Dade%27&outFields=ROADWAY%2CAADT%2CAADTFLG%2CCOUNTY%2CDISTRICT%2CYEAR_%2CDESC_FRM%2CDESC_TO%2CBEGIN_POST%2CEND_POST&returnGeometry=false&f=json
87270183,12500,C,Miami-Dade,6,2025,I-95/NB,NW 6 AVE,0,0.019,FDOT Annual Average Daily Traffic TDA,https://services1.arcgis.com/O1JpcwDW8sjYuddV/arcgis/rest/services/Annual_Average_Daily_Traffic_TDA/FeatureServer/0,https://services1.arcgis.com/O1JpcwDW8sjYuddV/arcgis/rest/services/Annual_Average_Daily_Traffic_TDA/FeatureServer/0/query?where=COUNTY%3D%27Miami-Dade%27&outFields=ROADWAY%2CAADT%2CAADTFLG%2CCOUNTY%2CDISTRICT%2CYEAR_%2CDESC_FRM%2CDESC_TO%2CBEGIN_POST%2CEND_POST&returnGeometry=false&f=json
87270501,12000,C,Miami-Dade,6,2025,SW 8 ST/EB,I-95/NB,0,0.124,FDOT Annual Average Daily Traffic TDA,https://services1.arcgis.com/O1JpcwDW8sjYuddV/arcgis/rest/services/Annual_Average_Daily_Traffic_TDA/FeatureServer/0,https://services1.arcgis.com/O1JpcwDW8sjYuddV/arcgis/rest/services/Annual_Average_Daily_Traffic_TDA/FeatureServer/0/query?where=COUNTY%3D%27Miami-Dade%27&outFields=ROADWAY%2CAADT%2CAADTFLG%2CCOUNTY%2CDISTRICT%2CYEAR_%2CDESC_FRM%2CDESC_TO%2CBEGIN_POST%2CEND_POST&returnGeometry=false&f=json
87260399,16000,C,Miami-Dade,6,2025,SB SR 826,NW 74 ST,0,0.237,FDOT Annual Average Daily Traffic TDA,https://services1.arcgis.com/O1JpcwDW8sjYuddV/arcgis/rest/services/Annual_Average_Daily_Traffic_TDA/FeatureServer/0,https://services1.arcgis.com/O1JpcwDW8sjYuddV/arcgis/rest/services/Annual_Average_Daily_Traffic_TDA/FeatureServer/0/query?where=COUNTY%3D%27Miami-Dade%27&outFields=ROADWAY%2CAADT%2CAADTFLG%2CCOUNTY%2CDISTRICT%2CYEAR_%2CDESC_FRM%2CDESC_TO%2CBEGIN_POST%2CEND_POST&returnGeometry=false&f=json
87260156,7600,C,Miami-Dade,6,2025,EB NW 167 ST,EB SR-826,0,0.085,FDOT Annual Average Daily Traffic TDA,https://services1.arcgis.com/O1JpcwDW8sjYuddV/arcgis/rest/services/Annual_Average_Daily_Traffic_TDA/FeatureServer/0,https://services1.arcgis.com/O1JpcwDW8sjYuddV/arcgis/rest/services/Annual_Average_Daily_Traffic_TDA/FeatureServer/0/query?where=COUNTY%3D%27Miami-Dade%27&outFields=ROADWAY%2CAADT%2CAADTFLG%2CCOUNTY%2CDISTRICT%2CYEAR_%2CDESC_FRM%2CDESC_TO%2CBEGIN_POST%2CEND_POST&returnGeometry=false&f=json
87270213,10000,E,Miami-Dade,6,2025,I-95/NB,87170352 EB OFF,0,0.309,FDOT Annual Average Daily Traffic TDA,https://services1.arcgis.com/O1JpcwDW8sjYuddV/arcgis/rest/services/Annual_Average_Daily_Traffic_TDA/FeatureServer/0,https://services1.arcgis.com/O1JpcwDW8sjYuddV/arcgis/rest/services/Annual_Average_Daily_Traffic_TDA/FeatureServer/0/query?where=COUNTY%3D%27Miami-Dade%27&outFields=ROADWAY%2CAADT%2CAADTFLG%2CCOUNTY%2CDISTRICT%2CYEAR_%2CDESC_FRM%2CDESC_TO%2CBEGIN_POST%2CEND_POST&returnGeometry=false&f=json
87260000,234000,E,Miami-Dade,6,2025,Bridge No-870975,Bridge No-870757,12.253,13.154,FDOT Annual Average Daily Traffic TDA,https://services1.arcgis.com/O1JpcwDW8sjYuddV/arcgis/rest/services/Annual_Average_Daily_Traffic_TDA/FeatureServer/0,https://services1.arcgis.com/O1JpcwDW8sjYuddV/arcgis/rest/services/Annual_Average_Daily_Traffic_TDA/FeatureServer/0/query?where=COUNTY%3D%27Miami-Dade%27&outFields=ROADWAY%2CAADT%2CAADTFLG%2CCOUNTY%2CDISTRICT%2CYEAR_%2CDESC_FRM%2CDESC_TO%2CBEGIN_POST%2CEND_POST&returnGeometry=false&f=json
87270100,300,S,Miami-Dade,6,2025,NW 147 ST,NW 151 ST,0.535,0.798,FDOT Annual Average Daily Traffic TDA,https://services1.arcgis.com/O1JpcwDW8sjYuddV/arcgis/rest/services/Annual_Average_Daily_Traffic_TDA/FeatureServer/0,https://services1.arcgis.com/O1JpcwDW8sjYuddV/arcgis/rest/services/Annual_Average_Daily_Traffic_TDA/FeatureServer/0/query?where=COUNTY%3D%27Miami-Dade%27&outFields=ROADWAY%2CAADT%2CAADTFLG%2CCOUNTY%2CDISTRICT%2CYEAR_%2CDESC_FRM%2CDESC_TO%2CBEGIN_POST%2CEND_POST&returnGeometry=false&f=json
87270901,34000,F,Miami-Dade,6,2025,N/A,N/A,1.605,2.2,FDOT Annual Average Daily Traffic TDA,https://services1.arcgis.com/O1JpcwDW8sjYuddV/arcgis/rest/services/Annual_Average_Daily_Traffic_TDA/FeatureServer/0,https://services1.arcgis.com/O1JpcwDW8sjYuddV/arcgis/rest/services/Annual_Average_Daily_Traffic_TDA/FeatureServer/0/query?where=COUNTY%3D%27Miami-Dade%27&outFields=ROADWAY%2CAADT%2CAADTFLG%2CCOUNTY%2CDISTRICT%2CYEAR_%2CDESC_FRM%2CDESC_TO%2CBEGIN_POST%2CEND_POST&returnGeometry=false&f=json
87270000,183500,C,Miami-Dade,6,2025,Bridge No-870328,N/A,5.172,6.359,FDOT Annual Average Daily Traffic TDA,https://services1.arcgis.com/O1JpcwDW8sjYuddV/arcgis/rest/services/Annual_Average_Daily_Traffic_TDA/FeatureServer/0,https://services1.arcgis.com/O1JpcwDW8sjYuddV/arcgis/rest/services/Annual_Average_Daily_Traffic_TDA/FeatureServer/0/query?where=COUNTY%3D%27Miami-Dade%27&outFields=ROADWAY%2CAADT%2CAADTFLG%2CCOUNTY%2CDISTRICT%2CYEAR_%2CDESC_FRM%2CDESC_TO%2CBEGIN_POST%2CEND_POST&returnGeometry=false&f=json
87260509,7500,C,Miami-Dade,6,2025,WB SR 826,WB NW 167 ST,0,0.09,FDOT Annual Average Daily Traffic TDA,https://services1.arcgis.com/O1JpcwDW8sjYuddV/arcgis/rest/services/Annual_Average_Daily_Traffic_TDA/FeatureServer/0,https://services1.arcgis.com/O1JpcwDW8sjYuddV/arcgis/rest/services/Annual_Average_Daily_Traffic_TDA/FeatureServer/0/query?where=COUNTY%3D%27Miami-Dade%27&outFields=ROADWAY%2CAADT%2CAADTFLG%2CCOUNTY%2CDISTRICT%2CYEAR_%2CDESC_FRM%2CDESC_TO%2CBEGIN_POST%2CEND_POST&returnGeometry=false&f=json
87260247,10000,C,Miami-Dade,6,2025,EB SR-948 / NW 36 ST,SB SR-826/PALMETTO,0,0.166,FDOT Annual Average Daily Traffic TDA,https://services1.arcgis.com/O1JpcwDW8sjYuddV/arcgis/rest/services/Annual_Average_Daily_Traffic_TDA/FeatureServer/0,https://services1.arcgis.com/O1JpcwDW8sjYuddV/arcgis/rest/services/Annual_Average_Daily_Traffic_TDA/FeatureServer/0/query?where=COUNTY%3D%27Miami-Dade%27&outFields=ROADWAY%2CAADT%2CAADTFLG%2CCOUNTY%2CDISTRICT%2CYEAR_%2CDESC_FRM%2CDESC_TO%2CBEGIN_POST%2CEND_POST&returnGeometry=false&f=json
87260521,7700,C,Miami-Dade,6,2025,NW 77 CT,NW 122 ST/W 68 ST,0.173,1.342,FDOT Annual Average Daily Traffic TDA,https://services1.arcgis.com/O1JpcwDW8sjYuddV/arcgis/rest/services/Annual_Average_Daily_Traffic_TDA/FeatureServer/0,https://services1.arcgis.com/O1JpcwDW8sjYuddV/arcgis/rest/services/Annual_Average_Daily_Traffic_TDA/FeatureServer/0/query?where=COUNTY%3D%27Miami-Dade%27&outFields=ROADWAY%2CAADT%2CAADTFLG%2CCOUNTY%2CDISTRICT%2CYEAR_%2CDESC_FRM%2CDESC_TO%2CBEGIN_POST%2CEND_POST&returnGeometry=false&f=json
87260239,19500,C,Miami-Dade,6,2025,SB SR 826,WB SW 24 ST,0,0.182,FDOT Annual Average Daily Traffic TDA,https://services1.arcgis.com/O1JpcwDW8sjYuddV/arcgis/rest/services/Annual_Average_Daily_Traffic_TDA/FeatureServer/0,https://services1.arcgis.com/O1JpcwDW8sjYuddV/arcgis/rest/services/Annual_Average_Daily_Traffic_TDA/FeatureServer/0/query?where=COUNTY%3D%27Miami-Dade%27&outFields=ROADWAY%2CAADT%2CAADTFLG%2CCOUNTY%2CDISTRICT%2CYEAR_%2CDESC_FRM%2CDESC_TO%2CBEGIN_POST%2CEND_POST&returnGeometry=false&f=json
87270190,8600,C,Miami-Dade,6,2025,I-95/SB,NW 6 CT/SB,0,0.031,FDOT Annual Average Daily Traffic TDA,https://services1.arcgis.com/O1JpcwDW8sjYuddV/arcgis/rest/services/Annual_Average_Daily_Traffic_TDA/FeatureServer/0,https://services1.arcgis.com/O1JpcwDW8sjYuddV/arcgis/rest/services/Annual_Average_Daily_Traffic_TDA/FeatureServer/0/query?where=COUNTY%3D%27Miami-Dade%27&outFields=ROADWAY%2CAADT%2CAADTFLG%2CCOUNTY%2CDISTRICT%2CYEAR_%2CDESC_FRM%2CDESC_TO%2CBEGIN_POST%2CEND_POST&returnGeometry=false&f=json
87260006,4800,F,Miami-Dade,6,2025,87260003 SB OFF,DADELAND MALL CIR W,0,0.201,FDOT Annual Average Daily Traffic TDA,https://services1.arcgis.com/O1JpcwDW8sjYuddV/arcgis/rest/services/Annual_Average_Daily_Traffic_TDA/FeatureServer/0,https://services1.arcgis.com/O1JpcwDW8sjYuddV/arcgis/rest/services/Annual_Average_Daily_Traffic_TDA/FeatureServer/0/query?where=COUNTY%3D%27Miami-Dade%27&outFields=ROADWAY%2CAADT%2CAADTFLG%2CCOUNTY%2CDISTRICT%2CYEAR_%2CDESC_FRM%2CDESC_TO%2CBEGIN_POST%2CEND_POST&returnGeometry=false&f=json
87270186,14000,C,Miami-Dade,6,2025,NW 5 CT/NB,I-95/NB,0,0.026,FDOT Annual Average Daily Traffic TDA,https://services1.arcgis.com/O1JpcwDW8sjYuddV/arcgis/rest/services/Annual_Average_Daily_Traffic_TDA/FeatureServer/0,https://services1.arcgis.com/O1JpcwDW8sjYuddV/arcgis/rest/services/Annual_Average_Daily_Traffic_TDA/FeatureServer/0/query?where=COUNTY%3D%27Miami-Dade%27&outFields=ROADWAY%2CAADT%2CAADTFLG%2CCOUNTY%2CDISTRICT%2CYEAR_%2CDESC_FRM%2CDESC_TO%2CBEGIN_POST%2CEND_POST&returnGeometry=false&f=json
87270219,15500,F,Miami-Dade,6,2025,EB NE 203 ST,SB I-95,0,0.227,FDOT Annual Average Daily Traffic TDA,https://services1.arcgis.com/O1JpcwDW8sjYuddV/arcgis/rest/services/Annual_Average_Daily_Traffic_TDA/FeatureServer/0,https://services1.arcgis.com/O1JpcwDW8sjYuddV/arcgis/rest/services/Annual_Average_Daily_Traffic_TDA/FeatureServer/0/query?where=COUNTY%3D%27Miami-Dade%27&outFields=ROADWAY%2CAADT%2CAADTFLG%2CCOUNTY%2CDISTRICT%2CYEAR_%2CDESC_FRM%2CDESC_TO%2CBEGIN_POST%2CEND_POST&returnGeometry=false&f=json
87260000,234000,C,Miami-Dade,6,2025,Bridge No-870964,Bridge No-870975,11.369,12.253,FDOT Annual Average Daily Traffic TDA,https://services1.arcgis.com/O1JpcwDW8sjYuddV/arcgis/rest/services/Annual_Average_Daily_Traffic_TDA/FeatureServer/0,https://services1.arcgis.com/O1JpcwDW8sjYuddV/arcgis/rest/services/Annual_Average_Daily_Traffic_TDA/FeatureServer/0/query?where=COUNTY%3D%27Miami-Dade%27&outFields=ROADWAY%2CAADT%2CAADTFLG%2CCOUNTY%2CDISTRICT%2CYEAR_%2CDESC_FRM%2CDESC_TO%2CBEGIN_POST%2CEND_POST&returnGeometry=false&f=json
87270167,9400,C,Miami-Dade,6,2025,SR-913/RICKENBAKER,I-95/NB,0,0.389,FDOT Annual Average Daily Traffic TDA,https://services1.arcgis.com/O1JpcwDW8sjYuddV/arcgis/rest/services/Annual_Average_Daily_Traffic_TDA/FeatureServer/0,https://services1.arcgis.com/O1JpcwDW8sjYuddV/arcgis/rest/services/Annual_Average_Daily_Traffic_TDA/FeatureServer/0/query?where=COUNTY%3D%27Miami-Dade%27&outFields=ROADWAY%2CAADT%2CAADTFLG%2CCOUNTY%2CDISTRICT%2CYEAR_%2CDESC_FRM%2CDESC_TO%2CBEGIN_POST%2CEND_POST&returnGeometry=false&f=json
87270601,150,S,Miami-Dade,6,2025,NW 5 PL,NW 67 ST,0,0.137,FDOT Annual Average Daily Traffic TDA,https://services1.arcgis.com/O1JpcwDW8sjYuddV/arcgis/rest/services/Annual_Average_Daily_Traffic_TDA/FeatureServer/0,https://services1.arcgis.com/O1JpcwDW8sjYuddV/arcgis/rest/services/Annual_Average_Daily_Traffic_TDA/FeatureServer/0/query?where=COUNTY%3D%27Miami-Dade%27&outFields=ROADWAY%2CAADT%2CAADTFLG%2CCOUNTY%2CDISTRICT%2CYEAR_%2CDESC_FRM%2CDESC_TO%2CBEGIN_POST%2CEND_POST&returnGeometry=false&f=json
87260602,4400,C,Miami-Dade,6,2025,N/A,NW 12 AVE/NW 13 AVE,0.05,0.427,FDOT Annual Average Daily Traffic TDA,https://services1.arcgis.com/O1JpcwDW8sjYuddV/arcgis/rest/services/Annual_Average_Daily_Traffic_TDA/FeatureServer/0,https://services1.arcgis.com/O1JpcwDW8sjYuddV/arcgis/rest/services/Annual_Average_Daily_Traffic_TDA/FeatureServer/0/query?where=COUNTY%3D%27Miami-Dade%27&outFields=ROADWAY%2CAADT%2CAADTFLG%2CCOUNTY%2CDISTRICT%2CYEAR_%2CDESC_FRM%2CDESC_TO%2CBEGIN_POST%2CEND_POST&returnGeometry=false&f=json
87270507,9000,E,Miami-Dade,6,2025,I-95/SB,SR-836/EB,0,0.763,FDOT Annual Average Daily Traffic TDA,https://services1.arcgis.com/O1JpcwDW8sjYuddV/arcgis/rest/services/Annual_Average_Daily_Traffic_TDA/FeatureServer/0,https://services1.arcgis.com/O1JpcwDW8sjYuddV/arcgis/rest/services/Annual_Average_Daily_Traffic_TDA/FeatureServer/0/query?where=COUNTY%3D%27Miami-Dade%27&outFields=ROADWAY%2CAADT%2CAADTFLG%2CCOUNTY%2CDISTRICT%2CYEAR_%2CDESC_FRM%2CDESC_TO%2CBEGIN_POST%2CEND_POST&returnGeometry=false&f=json
87300504,1400,C,Miami-Dade,6,2025,SR-823/NW 57 AVE/RED,EB SR-924,0,0.223,FDOT Annual Average Daily Traffic TDA,https://services1.arcgis.com/O1JpcwDW8sjYuddV/arcgis/rest/services/Annual_Average_Daily_Traffic_TDA/FeatureServer/0,https://services1.arcgis.com/O1JpcwDW8sjYuddV/arcgis/rest/services/Annual_Average_Daily_Traffic_TDA/FeatureServer/0/query?where=COUNTY%3D%27Miami-Dade%27&outFields=ROADWAY%2CAADT%2CAADTFLG%2CCOUNTY%2CDISTRICT%2CYEAR_%2CDESC_FRM%2CDESC_TO%2CBEGIN_POST%2CEND_POST&returnGeometry=false&f=json
87260528,3000,C,Miami-Dade,6,2025,NW 47 AVE,SR-823 / NW 57 AVE,0,1.028,FDOT Annual Average Daily Traffic TDA,https://services1.arcgis.com/O1JpcwDW8sjYuddV/arcgis/rest/services/Annual_Average_Daily_Traffic_TDA/FeatureServer/0,https://services1.arcgis.com/O1JpcwDW8sjYuddV/arcgis/rest/services/Annual_Average_Daily_Traffic_TDA/FeatureServer/0/query?where=COUNTY%3D%27Miami-Dade%27&outFields=ROADWAY%2CAADT%2CAADTFLG%2CCOUNTY%2CDISTRICT%2CYEAR_%2CDESC_FRM%2CDESC_TO%2CBEGIN_POST%2CEND_POST&returnGeometry=false&f=json
87260164,4300,C,Miami-Dade,6,2025,EB NW 167 ST,EB SR-826,0,0.058,FDOT Annual Average Daily Traffic TDA,https://services1.arcgis.com/O1JpcwDW8sjYuddV/arcgis/rest/services/Annual_Average_Daily_Traffic_TDA/FeatureServer/0,https://services1.arcgis.com/O1JpcwDW8sjYuddV/arcgis/rest/services/Annual_Average_Daily_Traffic_TDA/FeatureServer/0/query?where=COUNTY%3D%27Miami-Dade%27&outFields=ROADWAY%2CAADT%2CAADTFLG%2CCOUNTY%2CDISTRICT%2CYEAR_%2CDESC_FRM%2CDESC_TO%2CBEGIN_POST%2CEND_POST&returnGeometry=false&f=json
87260125,1700,F,Miami-Dade,6,2025,NB SR-826,SR-94 / N KENDALL DR,0,0.163,FDOT Annual Average Daily Traffic TDA,https://services1.arcgis.com/O1JpcwDW8sjYuddV/arcgis/rest/services/Annual_Average_Daily_Traffic_TDA/FeatureServer/0,https://services1.arcgis.com/O1JpcwDW8sjYuddV/arcgis/rest/services/Annual_Average_Daily_Traffic_TDA/FeatureServer/0/query?where=COUNTY%3D%27Miami-Dade%27&outFields=ROADWAY%2CAADT%2CAADTFLG%2CCOUNTY%2CDISTRICT%2CYEAR_%2CDESC_FRM%2CDESC_TO%2CBEGIN_POST%2CEND_POST&returnGeometry=false&f=json
87270004,4300,C,Miami-Dade,6,2025,87270167 NB ON,SR-5/S DIXIE HWY/SB,0,0.27,FDOT Annual Average Daily Traffic TDA,https://services1.arcgis.com/O1JpcwDW8sjYuddV/arcgis/rest/services/Annual_Average_Daily_Traffic_TDA/FeatureServer/0,https://services1.arcgis.com/O1JpcwDW8sjYuddV/arcgis/rest/services/Annual_Average_Daily_Traffic_TDA/FeatureServer/0/query?where=COUNTY%3D%27Miami-Dade%27&outFields=ROADWAY%2CAADT%2CAADTFLG%2CCOUNTY%2CDISTRICT%2CYEAR_%2CDESC_FRM%2CDESC_TO%2CBEGIN_POST%2CEND_POST&returnGeometry=false&f=json
87260000,266000,C,Miami-Dade,6,2025,RAMP 87200428,VIA DUCT,7.277,8.381,FDOT Annual Average Daily Traffic TDA,https://services1.arcgis.com/O1JpcwDW8sjYuddV/arcgis/rest/services/Annual_Average_Daily_Traffic_TDA/FeatureServer/0,https://services1.arcgis.com/O1JpcwDW8sjYuddV/arcgis/rest/services/Annual_Average_Daily_Traffic_TDA/FeatureServer/0/query?where=COUNTY%3D%27Miami-Dade%27&outFields=ROADWAY%2CAADT%2CAADTFLG%2CCOUNTY%2CDISTRICT%2CYEAR_%2CDESC_FRM%2CDESC_TO%2CBEGIN_POST%2CEND_POST&returnGeometry=false&f=json
87270173,19000,C,Miami-Dade,6,2025,I-95/SB,NW 8 ST,0,0.402,FDOT Annual Average Daily Traffic TDA,https://services1.arcgis.com/O1JpcwDW8sjYuddV/arcgis/rest/services/Annual_Average_Daily_Traffic_TDA/FeatureServer/0,https://services1.arcgis.com/O1JpcwDW8sjYuddV/arcgis/rest/services/Annual_Average_Daily_Traffic_TDA/FeatureServer/0/query?where=COUNTY%3D%27Miami-Dade%27&outFields=ROADWAY%2CAADT%2CAADTFLG%2CCOUNTY%2CDISTRICT%2CYEAR_%2CDESC_FRM%2CDESC_TO%2CBEGIN_POST%2CEND_POST&returnGeometry=false&f=json
87281000,48000,C,Miami-Dade,6,2025,US-27/OKEECHOBEE RD,SR-944 / NW 54 ST,5.804,6.665,FDOT Annual Average Daily Traffic TDA,https://services1.arcgis.com/O1JpcwDW8sjYuddV/arcgis/rest/services/Annual_Average_Daily_Traffic_TDA/FeatureServer/0,https://services1.arcgis.com/O1JpcwDW8sjYuddV/arcgis/rest/services/Annual_Average_Daily_Traffic_TDA/FeatureServer/0/query?where=COUNTY%3D%27Miami-Dade%27&outFields=ROADWAY%2CAADT%2CAADTFLG%2CCOUNTY%2CDISTRICT%2CYEAR_%2CDESC_FRM%2CDESC_TO%2CBEGIN_POST%2CEND_POST&returnGeometry=false&f=json
87270000,203500,F,Miami-Dade,6,2025,Bridge No-870356,Bridge No-870455,1.589,3.221,FDOT Annual Average Daily Traffic TDA,https://services1.arcgis.com/O1JpcwDW8sjYuddV/arcgis/rest/services/Annual_Average_Daily_Traffic_TDA/FeatureServer/0,https://services1.arcgis.com/O1JpcwDW8sjYuddV/arcgis/rest/services/Annual_Average_Daily_Traffic_TDA/FeatureServer/0/query?where=COUNTY%3D%27Miami-Dade%27&outFields=ROADWAY%2CAADT%2CAADTFLG%2CCOUNTY%2CDISTRICT%2CYEAR_%2CDESC_FRM%2CDESC_TO%2CBEGIN_POST%2CEND_POST&returnGeometry=false&f=json
87270192,7700,C,Miami-Dade,6,2025,NW 95 ST,I-95/SB,0,0.152,FDOT Annual Average Daily Traffic TDA,https://services1.arcgis.com/O1JpcwDW8sjYuddV/arcgis/rest/services/Annual_Average_Daily_Traffic_TDA/FeatureServer/0,https://services1.arcgis.com/O1JpcwDW8sjYuddV/arcgis/rest/services/Annual_Average_Daily_Traffic_TDA/FeatureServer/0/query?where=COUNTY%3D%27Miami-Dade%27&outFields=ROADWAY%2CAADT%2CAADTFLG%2CCOUNTY%2CDISTRICT%2CYEAR_%2CDESC_FRM%2CDESC_TO%2CBEGIN_POST%2CEND_POST&returnGeometry=false&f=json
87260519,2500,C,Miami-Dade,6,2025,NW 7 AVE EXT,SR-7/US 441,0,0.011,FDOT Annual Average Daily Traffic TDA,https://services1.arcgis.com/O1JpcwDW8sjYuddV/arcgis/rest/services/Annual_Average_Daily_Traffic_TDA/FeatureServer/0,https://services1.arcgis.com/O1JpcwDW8sjYuddV/arcgis/rest/services/Annual_Average_Daily_Traffic_TDA/FeatureServer/0/query?where=COUNTY%3D%27Miami-Dade%27&outFields=ROADWAY%2CAADT%2CAADTFLG%2CCOUNTY%2CDISTRICT%2CYEAR_%2CDESC_FRM%2CDESC_TO%2CBEGIN_POST%2CEND_POST&returnGeometry=false&f=json
87260232,13000,F,Miami-Dade,6,2025,87260235 SB ON,SW 56 ST / MILLER DR,0,0.161,FDOT Annual Average Daily Traffic TDA,https://services1.arcgis.com/O1JpcwDW8sjYuddV/arcgis/rest/services/Annual_Average_Daily_Traffic_TDA/FeatureServer/0,https://services1.arcgis.com/O1JpcwDW8sjYuddV/arcgis/rest/services/Annual_Average_Daily_Traffic_TDA/FeatureServer/0/query?where=COUNTY%3D%27Miami-Dade%27&outFields=ROADWAY%2CAADT%2CAADTFLG%2CCOUNTY%2CDISTRICT%2CYEAR_%2CDESC_FRM%2CDESC_TO%2CBEGIN_POST%2CEND_POST&returnGeometry=false&f=json
87260380,5700,C,Miami-Dade,6,2025,SB SR-826,US-41/SW 8 ST/TAMIAM,0,0.404,FDOT Annual Average Daily Traffic TDA,https://services1.arcgis.com/O1JpcwDW8sjYuddV/arcgis/rest/services/Annual_Average_Daily_Traffic_TDA/FeatureServer/0,https://services1.arcgis.com/O1JpcwDW8sjYuddV/arcgis/rest/services/Annual_Average_Daily_Traffic_TDA/FeatureServer/0/query?where=COUNTY%3D%27Miami-Dade%27&outFields=ROADWAY%2CAADT%2CAADTFLG%2CCOUNTY%2CDISTRICT%2CYEAR_%2CDESC_FRM%2CDESC_TO%2CBEGIN_POST%2CEND_POST&returnGeometry=false&f=json
87260144,10000,C,Miami-Dade,6,2025,US-41 / SW 8 ST,NB SR 826,0,0.215,FDOT Annual Average Daily Traffic TDA,https://services1.arcgis.com/O1JpcwDW8sjYuddV/arcgis/rest/services/Annual_Average_Daily_Traffic_TDA/FeatureServer/0,https://services1.arcgis.com/O1JpcwDW8sjYuddV/arcgis/rest/services/Annual_Average_Daily_Traffic_TDA/FeatureServer/0/query?where=COUNTY%3D%27Miami-Dade%27&outFields=ROADWAY%2CAADT%2CAADTFLG%2CCOUNTY%2CDISTRICT%2CYEAR_%2CDESC_FRM%2CDESC_TO%2CBEGIN_POST%2CEND_POST&returnGeometry=false&f=json
87270202,7100,C,Miami-Dade,6,2025,NW 125 ST,I-95/SB,0,0.138,FDOT Annual Average Daily Traffic TDA,https://services1.arcgis.com/O1JpcwDW8sjYuddV/arcgis/rest/services/Annual_Average_Daily_Traffic_TDA/FeatureServer/0,https://services1.arcgis.com/O1JpcwDW8sjYuddV/arcgis/rest/services/Annual_Average_Daily_Traffic_TDA/FeatureServer/0/query?where=COUNTY%3D%27Miami-Dade%27&outFields=ROADWAY%2CAADT%2CAADTFLG%2CCOUNTY%2CDISTRICT%2CYEAR_%2CDESC_FRM%2CDESC_TO%2CBEGIN_POST%2CEND_POST&returnGeometry=false&f=json
87260000,246000,C,Miami-Dade,6,2025,Bridge No-870766,Bridge No-870467,14.345,15.349,FDOT Annual Average Daily Traffic TDA,https://services1.arcgis.com/O1JpcwDW8sjYuddV/arcgis/rest/services/Annual_Average_Daily_Traffic_TDA/FeatureServer/0,https://services1.arcgis.com/O1JpcwDW8sjYuddV/arcgis/rest/services/Annual_Average_Daily_Traffic_TDA/FeatureServer/0/query?where=COUNTY%3D%27Miami-Dade%27&outFields=ROADWAY%2CAADT%2CAADTFLG%2CCOUNTY%2CDISTRICT%2CYEAR_%2CDESC_FRM%2CDESC_TO%2CBEGIN_POST%2CEND_POST&returnGeometry=false&f=json
87270174,14500,E,Miami-Dade,6,2025,NW 3 AVE/NB,I-95/NB,0,0.37,FDOT Annual Average Daily Traffic TDA,https://services1.arcgis.com/O1JpcwDW8sjYuddV/arcgis/rest/services/Annual_Average_Daily_Traffic_TDA/FeatureServer/0,https://services1.arcgis.com/O1JpcwDW8sjYuddV/arcgis/rest/services/Annual_Average_Daily_Traffic_TDA/FeatureServer/0/query?where=COUNTY%3D%27Miami-Dade%27&outFields=ROADWAY%2CAADT%2CAADTFLG%2CCOUNTY%2CDISTRICT%2CYEAR_%2CDESC_FRM%2CDESC_TO%2CBEGIN_POST%2CEND_POST&returnGeometry=false&f=json
87281000,35500,C,Miami-Dade,6,2025,MIRACLE MILE / CORAL,US-41/ SR-90/SW 8 ST,1.57,2.617,FDOT Annual Average Daily Traffic TDA,https://services1.arcgis.com/O1JpcwDW8sjYuddV/arcgis/rest/services/Annual_Average_Daily_Traffic_TDA/FeatureServer/0,https://services1.arcgis.com/O1JpcwDW8sjYuddV/arcgis/rest/services/Annual_Average_Daily_Traffic_TDA/FeatureServer/0/query?where=COUNTY%3D%27Miami-Dade%27&outFields=ROADWAY%2CAADT%2CAADTFLG%2CCOUNTY%2CDISTRICT%2CYEAR_%2CDESC_FRM%2CDESC_TO%2CBEGIN_POST%2CEND_POST&returnGeometry=false&f=json
87270000,185000,C,Miami-Dade,6,2025,Bridge No-870455,Bridge No-870328,3.221,5.172,FDOT Annual Average Daily Traffic TDA,https://services1.arcgis.com/O1JpcwDW8sjYuddV/arcgis/rest/services/Annual_Average_Daily_Traffic_TDA/FeatureServer/0,https://services1.arcgis.com/O1JpcwDW8sjYuddV/arcgis/rest/services/Annual_Average_Daily_Traffic_TDA/FeatureServer/0/query?where=COUNTY%3D%27Miami-Dade%27&outFields=ROADWAY%2CAADT%2CAADTFLG%2CCOUNTY%2CDISTRICT%2CYEAR_%2CDESC_FRM%2CDESC_TO%2CBEGIN_POST%2CEND_POST&returnGeometry=false&f=json
87270500,14000,C,Miami-Dade,6,2025,S MIAMI AVE,I-95/NB,0,0.222,FDOT Annual Average Daily Traffic TDA,https://services1.arcgis.com/O1JpcwDW8sjYuddV/arcgis/rest/services/Annual_Average_Daily_Traffic_TDA/FeatureServer/0,https://services1.arcgis.com/O1JpcwDW8sjYuddV/arcgis/rest/services/Annual_Average_Daily_Traffic_TDA/FeatureServer/0/query?where=COUNTY%3D%27Miami-Dade%27&outFields=ROADWAY%2CAADT%2CAADTFLG%2CCOUNTY%2CDISTRICT%2CYEAR_%2CDESC_FRM%2CDESC_TO%2CBEGIN_POST%2CEND_POST&returnGeometry=false&f=json
87260157,9100,C,Miami-Dade,6,2025,WB NW 167 ST,WB SR-826,0,0.066,FDOT Annual Average Daily Traffic TDA,https://services1.arcgis.com/O1JpcwDW8sjYuddV/arcgis/rest/services/Annual_Average_Daily_Traffic_TDA/FeatureServer/0,https://services1.arcgis.com/O1JpcwDW8sjYuddV/arcgis/rest/services/Annual_Average_Daily_Traffic_TDA/FeatureServer/0/query?where=COUNTY%3D%27Miami-Dade%27&outFields=ROADWAY%2CAADT%2CAADTFLG%2CCOUNTY%2CDISTRICT%2CYEAR_%2CDESC_FRM%2CDESC_TO%2CBEGIN_POST%2CEND_POST&returnGeometry=false&f=json
87270222,29500,C,Miami-Dade,6,2025,WB NE 203 ST,NB I-95,0,0.322,FDOT Annual Average Daily Traffic TDA,https://services1.arcgis.com/O1JpcwDW8sjYuddV/arcgis/rest/services/Annual_Average_Daily_Traffic_TDA/FeatureServer/0,https://services1.arcgis.com/O1JpcwDW8sjYuddV/arcgis/rest/services/Annual_Average_Daily_Traffic_TDA/FeatureServer/0/query?where=COUNTY%3D%27Miami-Dade%27&outFields=ROADWAY%2CAADT%2CAADTFLG%2CCOUNTY%2CDISTRICT%2CYEAR_%2CDESC_FRM%2CDESC_TO%2CBEGIN_POST%2CEND_POST&returnGeometry=false&f=json
87260902,12500,C,Miami-Dade,6,2025,SR 826 SB,N/A,0,3.643,FDOT Annual Average Daily Traffic TDA,https://services1.arcgis.com/O1JpcwDW8sjYuddV/arcgis/rest/services/Annual_Average_Daily_Traffic_TDA/FeatureServer/0,https://services1.arcgis.com/O1JpcwDW8sjYuddV/arcgis/rest/services/Annual_Average_Daily_Traffic_TDA/FeatureServer/0/query?where=COUNTY%3D%27Miami-Dade%27&outFields=ROADWAY%2CAADT%2CAADTFLG%2CCOUNTY%2CDISTRICT%2CYEAR_%2CDESC_FRM%2CDESC_TO%2CBEGIN_POST%2CEND_POST&returnGeometry=false&f=json
87270209,7000,E,Miami-Dade,6,2025,NW 151 ST,I-95/SB,0,0.096,FDOT Annual Average Daily Traffic TDA,https://services1.arcgis.com/O1JpcwDW8sjYuddV/arcgis/rest/services/Annual_Average_Daily_Traffic_TDA/FeatureServer/0,https://services1.arcgis.com/O1JpcwDW8sjYuddV/arcgis/rest/services/Annual_Average_Daily_Traffic_TDA/FeatureServer/0/query?where=COUNTY%3D%27Miami-Dade%27&outFields=ROADWAY%2CAADT%2CAADTFLG%2CCOUNTY%2CDISTRICT%2CYEAR_%2CDESC_FRM%2CDESC_TO%2CBEGIN_POST%2CEND_POST&returnGeometry=false&f=json
87270600,8900,C,Miami-Dade,6,2025,87200117 SB OFF,87270173 SB OFF,0,0.083,FDOT Annual Average Daily Traffic TDA,https://services1.arcgis.com/O1JpcwDW8sjYuddV/arcgis/rest/services/Annual_Average_Daily_Traffic_TDA/FeatureServer/0,https://services1.arcgis.com/O1JpcwDW8sjYuddV/arcgis/rest/services/Annual_Average_Daily_Traffic_TDA/FeatureServer/0/query?where=COUNTY%3D%27Miami-Dade%27&outFields=ROADWAY%2CAADT%2CAADTFLG%2CCOUNTY%2CDISTRICT%2CYEAR_%2CDESC_FRM%2CDESC_TO%2CBEGIN_POST%2CEND_POST&returnGeometry=false&f=json
87270218,19000,F,Miami-Dade,6,2025,SR-860 / NW 183 ST,NB I-95,0,0.223,FDOT Annual Average Daily Traffic TDA,https://services1.arcgis.com/O1JpcwDW8sjYuddV/arcgis/rest/services/Annual_Average_Daily_Traffic_TDA/FeatureServer/0,https://services1.arcgis.com/O1JpcwDW8sjYuddV/arcgis/rest/services/Annual_Average_Daily_Traffic_TDA/FeatureServer/0/query?where=COUNTY%3D%27Miami-Dade%27&outFields=ROADWAY%2CAADT%2CAADTFLG%2CCOUNTY%2CDISTRICT%2CYEAR_%2CDESC_FRM%2CDESC_TO%2CBEGIN_POST%2CEND_POST&returnGeometry=false&f=json
87260158,8700,C,Miami-Dade,6,2025,EB SR 826,EB NW 167 ST,0,0.075,FDOT Annual Average Daily Traffic TDA,https://services1.arcgis.com/O1JpcwDW8sjYuddV/arcgis/rest/services/Annual_Average_Daily_Traffic_TDA/FeatureServer/0,https://services1.arcgis.com/O1JpcwDW8sjYuddV/arcgis/rest/services/Annual_Average_Daily_Traffic_TDA/FeatureServer/0/query?where=COUNTY%3D%27Miami-Dade%27&outFields=ROADWAY%2CAADT%2CAADTFLG%2CCOUNTY%2CDISTRICT%2CYEAR_%2CDESC_FRM%2CDESC_TO%2CBEGIN_POST%2CEND_POST&returnGeometry=false&f=json
87300000,65500,C,Miami-Dade,6,2025,END BR 870646,Bridge No-870721,0,2.016,FDOT Annual Average Daily Traffic TDA,https://services1.arcgis.com/O1JpcwDW8sjYuddV/arcgis/rest/services/Annual_Average_Daily_Traffic_TDA/FeatureServer/0,https://services1.arcgis.com/O1JpcwDW8sjYuddV/arcgis/rest/services/Annual_Average_Daily_Traffic_TDA/FeatureServer/0/query?where=COUNTY%3D%27Miami-Dade%27&outFields=ROADWAY%2CAADT%2CAADTFLG%2CCOUNTY%2CDISTRICT%2CYEAR_%2CDESC_FRM%2CDESC_TO%2CBEGIN_POST%2CEND_POST&returnGeometry=false&f=json
87260002,9300,F,Miami-Dade,6,2025,RAMP 87260003,SR-94 / N KENDALL DR,0,0.314,FDOT Annual Average Daily Traffic TDA,https://services1.arcgis.com/O1JpcwDW8sjYuddV/arcgis/rest/services/Annual_Average_Daily_Traffic_TDA/FeatureServer/0,https://services1.arcgis.com/O1JpcwDW8sjYuddV/arcgis/rest/services/Annual_Average_Daily_Traffic_TDA/FeatureServer/0/query?where=COUNTY%3D%27Miami-Dade%27&outFields=ROADWAY%2CAADT%2CAADTFLG%2CCOUNTY%2CDISTRICT%2CYEAR_%2CDESC_FRM%2CDESC_TO%2CBEGIN_POST%2CEND_POST&returnGeometry=false&f=json
87270000,67000,C,Miami-Dade,6,2025,US-1 / SR-5 / SB,Bridge No-870356,0.145,1.589,FDOT Annual Average Daily Traffic TDA,https://services1.arcgis.com/O1JpcwDW8sjYuddV/arcgis/rest/services/Annual_Average_Daily_Traffic_TDA/FeatureServer/0,https://services1.arcgis.com/O1JpcwDW8sjYuddV/arcgis/rest/services/Annual_Average_Daily_Traffic_TDA/FeatureServer/0/query?where=COUNTY%3D%27Miami-Dade%27&outFields=ROADWAY%2CAADT%2CAADTFLG%2CCOUNTY%2CDISTRICT%2CYEAR_%2CDESC_FRM%2CDESC_TO%2CBEGIN_POST%2CEND_POST&returnGeometry=false&f=json
87281000,43500,C,Miami-Dade,6,2025,US-41/ SR-90/SW 8 ST,SR- 968/W FLAGLER ST,2.617,3.117,FDOT Annual Average Daily Traffic TDA,https://services1.arcgis.com/O1JpcwDW8sjYuddV/arcgis/rest/services/Annual_Average_Daily_Traffic_TDA/FeatureServer/0,https://services1.arcgis.com/O1JpcwDW8sjYuddV/arcgis/rest/services/Annual_Average_Daily_Traffic_TDA/FeatureServer/0/query?where=COUNTY%3D%27Miami-Dade%27&outFields=ROADWAY%2CAADT%2CAADTFLG%2CCOUNTY%2CDISTRICT%2CYEAR_%2CDESC_FRM%2CDESC_TO%2CBEGIN_POST%2CEND_POST&returnGeometry=false&f=json
87260510,7600,C,Miami-Dade,6,2025,EB SR-826,EB NW 167 ST,0,0.052,FDOT Annual Average Daily Traffic TDA,https://services1.arcgis.com/O1JpcwDW8sjYuddV/arcgis/rest/services/Annual_Average_Daily_Traffic_TDA/FeatureServer/0,https://services1.arcgis.com/O1JpcwDW8sjYuddV/arcgis/rest/services/Annual_Average_Daily_Traffic_TDA/FeatureServer/0/query?where=COUNTY%3D%27Miami-Dade%27&outFields=ROADWAY%2CAADT%2CAADTFLG%2CCOUNTY%2CDISTRICT%2CYEAR_%2CDESC_FRM%2CDESC_TO%2CBEGIN_POST%2CEND_POST&returnGeometry=false&f=json
87270180,24500,C,Miami-Dade,6,2025,I-95/SB,87270179 NB OFF,0,0.444,FDOT Annual Average Daily Traffic TDA,https://services1.arcgis.com/O1JpcwDW8sjYuddV/arcgis/rest/services/Annual_Average_Daily_Traffic_TDA/FeatureServer/0,https://services1.arcgis.com/O1JpcwDW8sjYuddV/arcgis/rest/services/Annual_Average_Daily_Traffic_TDA/FeatureServer/0/query?where=COUNTY%3D%27Miami-Dade%27&outFields=ROADWAY%2CAADT%2CAADTFLG%2CCOUNTY%2CDISTRICT%2CYEAR_%2CDESC_FRM%2CDESC_TO%2CBEGIN_POST%2CEND_POST&returnGeometry=false&f=json
87270902,34500,C,Miami-Dade,6,2025,N/A,N/A,10.612,11.154,FDOT Annual Average Daily Traffic TDA,https://services1.arcgis.com/O1JpcwDW8sjYuddV/arcgis/rest/services/Annual_Average_Daily_Traffic_TDA/FeatureServer/0,https://services1.arcgis.com/O1JpcwDW8sjYuddV/arcgis/rest/services/Annual_Average_Daily_Traffic_TDA/FeatureServer/0/query?where=COUNTY%3D%27Miami-Dade%27&outFields=ROADWAY%2CAADT%2CAADTFLG%2CCOUNTY%2CDISTRICT%2CYEAR_%2CDESC_FRM%2CDESC_TO%2CBEGIN_POST%2CEND_POST&returnGeometry=false&f=json
87260601,9000,F,Miami-Dade,6,2025, , ,0,0.428,FDOT Annual Average Daily Traffic TDA,https://services1.arcgis.com/O1JpcwDW8sjYuddV/arcgis/rest/services/Annual_Average_Daily_Traffic_TDA/FeatureServer/0,https://services1.arcgis.com/O1JpcwDW8sjYuddV/arcgis/rest/services/Annual_Average_Daily_Traffic_TDA/FeatureServer/0/query?where=COUNTY%3D%27Miami-Dade%27&outFields=ROADWAY%2CAADT%2CAADTFLG%2CCOUNTY%2CDISTRICT%2CYEAR_%2CDESC_FRM%2CDESC_TO%2CBEGIN_POST%2CEND_POST&returnGeometry=false&f=json
87260000,164000,E,Miami-Dade,6,2025,ON RAMP 87260514,OFF RAMP 87260518,23.54,24.131,FDOT Annual Average Daily Traffic TDA,https://services1.arcgis.com/O1JpcwDW8sjYuddV/arcgis/rest/services/Annual_Average_Daily_Traffic_TDA/FeatureServer/0,https://services1.arcgis.com/O1JpcwDW8sjYuddV/arcgis/rest/services/Annual_Average_Daily_Traffic_TDA/FeatureServer/0/query?where=COUNTY%3D%27Miami-Dade%27&outFields=ROADWAY%2CAADT%2CAADTFLG%2CCOUNTY%2CDISTRICT%2CYEAR_%2CDESC_FRM%2CDESC_TO%2CBEGIN_POST%2CEND_POST&returnGeometry=false&f=json
87281232,5700,F,Miami-Dade,6,2025,87200134 NB OFF,NW 39 AV,0,0.559,FDOT Annual Average Daily Traffic TDA,https://services1.arcgis.com/O1JpcwDW8sjYuddV/arcgis/rest/services/Annual_Average_Daily_Traffic_TDA/FeatureServer/0,https://services1.arcgis.com/O1JpcwDW8sjYuddV/arcgis/rest/services/Annual_Average_Daily_Traffic_TDA/FeatureServer/0/query?where=COUNTY%3D%27Miami-Dade%27&outFields=ROADWAY%2CAADT%2CAADTFLG%2CCOUNTY%2CDISTRICT%2CYEAR_%2CDESC_FRM%2CDESC_TO%2CBEGIN_POST%2CEND_POST&returnGeometry=false&f=json
87260901,33000,C,Miami-Dade,6,2025,SR 826 NB,N/A,0,5.586,FDOT Annual Average Daily Traffic TDA,https://services1.arcgis.com/O1JpcwDW8sjYuddV/arcgis/rest/services/Annual_Average_Daily_Traffic_TDA/FeatureServer/0,https://services1.arcgis.com/O1JpcwDW8sjYuddV/arcgis/rest/services/Annual_Average_Daily_Traffic_TDA/FeatureServer/0/query?where=COUNTY%3D%27Miami-Dade%27&outFields=ROADWAY%2CAADT%2CAADTFLG%2CCOUNTY%2CDISTRICT%2CYEAR_%2CDESC_FRM%2CDESC_TO%2CBEGIN_POST%2CEND_POST&returnGeometry=false&f=json
87260517,10500,S,Miami-Dade,6,2025,SR-826/WB,SR-91/NB,0,0.179,FDOT Annual Average Daily Traffic TDA,https://services1.arcgis.com/O1JpcwDW8sjYuddV/arcgis/rest/services/Annual_Average_Daily_Traffic_TDA/FeatureServer/0,https://services1.arcgis.com/O1JpcwDW8sjYuddV/arcgis/rest/services/Annual_Average_Daily_Traffic_TDA/FeatureServer/0/query?where=COUNTY%3D%27Miami-Dade%27&outFields=ROADWAY%2CAADT%2CAADTFLG%2CCOUNTY%2CDISTRICT%2CYEAR_%2CDESC_FRM%2CDESC_TO%2CBEGIN_POST%2CEND_POST&returnGeometry=false&f=json
87281000,62000,C,Miami-Dade,6,2025,NW 7 ST,SR-836 / EB,3.601,4.048,FDOT Annual Average Daily Traffic TDA,https://services1.arcgis.com/O1JpcwDW8sjYuddV/arcgis/rest/services/Annual_Average_Daily_Traffic_TDA/FeatureServer/0,https://services1.arcgis.com/O1JpcwDW8sjYuddV/arcgis/rest/services/Annual_Average_Daily_Traffic_TDA/FeatureServer/0/query?where=COUNTY%3D%27Miami-Dade%27&outFields=ROADWAY%2CAADT%2CAADTFLG%2CCOUNTY%2CDISTRICT%2CYEAR_%2CDESC_FRM%2CDESC_TO%2CBEGIN_POST%2CEND_POST&returnGeometry=false&f=json
87270197,7400,C,Miami-Dade,6,2025,I-95/SB,SR-932 / NW 103 ST,0,0.14,FDOT Annual Average Daily Traffic TDA,https://services1.arcgis.com/O1JpcwDW8sjYuddV/arcgis/rest/services/Annual_Average_Daily_Traffic_TDA/FeatureServer/0,https://services1.arcgis.com/O1JpcwDW8sjYuddV/arcgis/rest/services/Annual_Average_Daily_Traffic_TDA/FeatureServer/0/query?where=COUNTY%3D%27Miami-Dade%27&outFields=ROADWAY%2CAADT%2CAADTFLG%2CCOUNTY%2CDISTRICT%2CYEAR_%2CDESC_FRM%2CDESC_TO%2CBEGIN_POST%2CEND_POST&returnGeometry=false&f=json
87260475,6500,F,Miami-Dade,6,2025,NB SR 826/PALMETTO,SR-976/SW 40 ST,0,1.132,FDOT Annual Average Daily Traffic TDA,https://services1.arcgis.com/O1JpcwDW8sjYuddV/arcgis/rest/services/Annual_Average_Daily_Traffic_TDA/FeatureServer/0,https://services1.arcgis.com/O1JpcwDW8sjYuddV/arcgis/rest/services/Annual_Average_Daily_Traffic_TDA/FeatureServer/0/query?where=COUNTY%3D%27Miami-Dade%27&outFields=ROADWAY%2CAADT%2CAADTFLG%2CCOUNTY%2CDISTRICT%2CYEAR_%2CDESC_FRM%2CDESC_TO%2CBEGIN_POST%2CEND_POST&returnGeometry=false&f=json
87260248,16500,C,Miami-Dade,6,2025,SB SR-826,NW 36 ST,0,0.175,FDOT Annual Average Daily Traffic TDA,https://services1.arcgis.com/O1JpcwDW8sjYuddV/arcgis/rest/services/Annual_Average_Daily_Traffic_TDA/FeatureServer/0,https://services1.arcgis.com/O1JpcwDW8sjYuddV/arcgis/rest/services/Annual_Average_Daily_Traffic_TDA/FeatureServer/0/query?where=COUNTY%3D%27Miami-Dade%27&outFields=ROADWAY%2CAADT%2CAADTFLG%2CCOUNTY%2CDISTRICT%2CYEAR_%2CDESC_FRM%2CDESC_TO%2CBEGIN_POST%2CEND_POST&returnGeometry=false&f=json
87270191,13000,C,Miami-Dade,6,2025,NW 6 AVE,I-95 NB,0,0.071,FDOT Annual Average Daily Traffic TDA,https://services1.arcgis.com/O1JpcwDW8sjYuddV/arcgis/rest/services/Annual_Average_Daily_Traffic_TDA/FeatureServer/0,https://services1.arcgis.com/O1JpcwDW8sjYuddV/arcgis/rest/services/Annual_Average_Daily_Traffic_TDA/FeatureServer/0/query?where=COUNTY%3D%27Miami-Dade%27&outFields=ROADWAY%2CAADT%2CAADTFLG%2CCOUNTY%2CDISTRICT%2CYEAR_%2CDESC_FRM%2CDESC_TO%2CBEGIN_POST%2CEND_POST&returnGeometry=false&f=json
87260395,14000,C,Miami-Dade,6,2025,SR-826 NB,NW 58 ST,0,0.155,FDOT Annual Average Daily Traffic TDA,https://services1.arcgis.com/O1JpcwDW8sjYuddV/arcgis/rest/services/Annual_Average_Daily_Traffic_TDA/FeatureServer/0,https://services1.arcgis.com/O1JpcwDW8sjYuddV/arcgis/rest/services/Annual_Average_Daily_Traffic_TDA/FeatureServer/0/query?where=COUNTY%3D%27Miami-Dade%27&outFields=ROADWAY%2CAADT%2CAADTFLG%2CCOUNTY%2CDISTRICT%2CYEAR_%2CDESC_FRM%2CDESC_TO%2CBEGIN_POST%2CEND_POST&returnGeometry=false&f=json
87270204,10500,C,Miami-Dade,6,2025,NW 135 ST,SB I-95,0,0.126,FDOT Annual Average Daily Traffic TDA,https://services1.arcgis.com/O1JpcwDW8sjYuddV/arcgis/rest/services/Annual_Average_Daily_Traffic_TDA/FeatureServer/0,https://services1.arcgis.com/O1JpcwDW8sjYuddV/arcgis/rest/services/Annual_Average_Daily_Traffic_TDA/FeatureServer/0/query?where=COUNTY%3D%27Miami-Dade%27&outFields=ROADWAY%2CAADT%2CAADTFLG%2CCOUNTY%2CDISTRICT%2CYEAR_%2CDESC_FRM%2CDESC_TO%2CBEGIN_POST%2CEND_POST&returnGeometry=false&f=json
87270000,250000,C,Miami-Dade,6,2025,N/A,DADE/BROWARD CO LINE,16.612,17.199,FDOT Annual Average Daily Traffic TDA,https://services1.arcgis.com/O1JpcwDW8sjYuddV/arcgis/rest/services/Annual_Average_Daily_Traffic_TDA/FeatureServer/0,https://services1.arcgis.com/O1JpcwDW8sjYuddV/arcgis/rest/services/Annual_Average_Daily_Traffic_TDA/FeatureServer/0/query?where=COUNTY%3D%27Miami-Dade%27&outFields=ROADWAY%2CAADT%2CAADTFLG%2CCOUNTY%2CDISTRICT%2CYEAR_%2CDESC_FRM%2CDESC_TO%2CBEGIN_POST%2CEND_POST&returnGeometry=false&f=json
87260000,253000,C,Miami-Dade,6,2025,Bridge No-870757,Bridge No-870766,13.154,14.345,FDOT Annual Average Daily Traffic TDA,https://services1.arcgis.com/O1JpcwDW8sjYuddV/arcgis/rest/services/Annual_Average_Daily_Traffic_TDA/FeatureServer/0,https://services1.arcgis.com/O1JpcwDW8sjYuddV/arcgis/rest/services/Annual_Average_Daily_Traffic_TDA/FeatureServer/0/query?where=COUNTY%3D%27Miami-Dade%27&outFields=ROADWAY%2CAADT%2CAADTFLG%2CCOUNTY%2CDISTRICT%2CYEAR_%2CDESC_FRM%2CDESC_TO%2CBEGIN_POST%2CEND_POST&returnGeometry=false&f=json
87270168,3800,C,Miami-Dade,6,2025,SW 4 AVE/SB,I-95/SB,0,0.096,FDOT Annual Average Daily Traffic TDA,https://services1.arcgis.com/O1JpcwDW8sjYuddV/arcgis/rest/services/Annual_Average_Daily_Traffic_TDA/FeatureServer/0,https://services1.arcgis.com/O1JpcwDW8sjYuddV/arcgis/rest/services/Annual_Average_Daily_Traffic_TDA/FeatureServer/0/query?where=COUNTY%3D%27Miami-Dade%27&outFields=ROADWAY%2CAADT%2CAADTFLG%2CCOUNTY%2CDISTRICT%2CYEAR_%2CDESC_FRM%2CDESC_TO%2CBEGIN_POST%2CEND_POST&returnGeometry=false&f=json
87270902,33000,F,Miami-Dade,6,2025,N/A,I-95 / SB,11.154,12.982,FDOT Annual Average Daily Traffic TDA,https://services1.arcgis.com/O1JpcwDW8sjYuddV/arcgis/rest/services/Annual_Average_Daily_Traffic_TDA/FeatureServer/0,https://services1.arcgis.com/O1JpcwDW8sjYuddV/arcgis/rest/services/Annual_Average_Daily_Traffic_TDA/FeatureServer/0/query?where=COUNTY%3D%27Miami-Dade%27&outFields=ROADWAY%2CAADT%2CAADTFLG%2CCOUNTY%2CDISTRICT%2CYEAR_%2CDESC_FRM%2CDESC_TO%2CBEGIN_POST%2CEND_POST&returnGeometry=false&f=json
87260538,15500,C,Miami-Dade,6,2025,SR-826/SB,NW 25 ST,0,0.145,FDOT Annual Average Daily Traffic TDA,https://services1.arcgis.com/O1JpcwDW8sjYuddV/arcgis/rest/services/Annual_Average_Daily_Traffic_TDA/FeatureServer/0,https://services1.arcgis.com/O1JpcwDW8sjYuddV/arcgis/rest/services/Annual_Average_Daily_Traffic_TDA/FeatureServer/0/query?where=COUNTY%3D%27Miami-Dade%27&outFields=ROADWAY%2CAADT%2CAADTFLG%2CCOUNTY%2CDISTRICT%2CYEAR_%2CDESC_FRM%2CDESC_TO%2CBEGIN_POST%2CEND_POST&returnGeometry=false&f=json
87260249,26000,F,Miami-Dade,6,2025,SR-826/NB,SR-948/NW 36 ST,0,0.179,FDOT Annual Average Daily Traffic TDA,https://services1.arcgis.com/O1JpcwDW8sjYuddV/arcgis/rest/services/Annual_Average_Daily_Traffic_TDA/FeatureServer/0,https://services1.arcgis.com/O1JpcwDW8sjYuddV/arcgis/rest/services/Annual_Average_Daily_Traffic_TDA/FeatureServer/0/query?where=COUNTY%3D%27Miami-Dade%27&outFields=ROADWAY%2CAADT%2CAADTFLG%2CCOUNTY%2CDISTRICT%2CYEAR_%2CDESC_FRM%2CDESC_TO%2CBEGIN_POST%2CEND_POST&returnGeometry=false&f=json
87260502,14000,C,Miami-Dade,6,2025,WB SR-826,WB NW 167 ST,0,0.045,FDOT Annual Average Daily Traffic TDA,https://services1.arcgis.com/O1JpcwDW8sjYuddV/arcgis/rest/services/Annual_Average_Daily_Traffic_TDA/FeatureServer/0,https://services1.arcgis.com/O1JpcwDW8sjYuddV/arcgis/rest/services/Annual_Average_Daily_Traffic_TDA/FeatureServer/0/query?where=COUNTY%3D%27Miami-Dade%27&outFields=ROADWAY%2CAADT%2CAADTFLG%2CCOUNTY%2CDISTRICT%2CYEAR_%2CDESC_FRM%2CDESC_TO%2CBEGIN_POST%2CEND_POST&returnGeometry=false&f=json
87260165,23000,S,Miami-Dade,6,2025,87270212 NB OFF,SR-826/WB,0,0.105,FDOT Annual Average Daily Traffic TDA,https://services1.arcgis.com/O1JpcwDW8sjYuddV/arcgis/rest/services/Annual_Average_Daily_Traffic_TDA/FeatureServer/0,https://services1.arcgis.com/O1JpcwDW8sjYuddV/arcgis/rest/services/Annual_Average_Daily_Traffic_TDA/FeatureServer/0/query?where=COUNTY%3D%27Miami-Dade%27&outFields=ROADWAY%2CAADT%2CAADTFLG%2CCOUNTY%2CDISTRICT%2CYEAR_%2CDESC_FRM%2CDESC_TO%2CBEGIN_POST%2CEND_POST&returnGeometry=false&f=json
87270189,11000,C,Miami-Dade,6,2025,I-95/NB,NW 6 AVE/NB,0,0.056,FDOT Annual Average Daily Traffic TDA,https://services1.arcgis.com/O1JpcwDW8sjYuddV/arcgis/rest/services/Annual_Average_Daily_Traffic_TDA/FeatureServer/0,https://services1.arcgis.com/O1JpcwDW8sjYuddV/arcgis/rest/services/Annual_Average_Daily_Traffic_TDA/FeatureServer/0/query?where=COUNTY%3D%27Miami-Dade%27&outFields=ROADWAY%2CAADT%2CAADTFLG%2CCOUNTY%2CDISTRICT%2CYEAR_%2CDESC_FRM%2CDESC_TO%2CBEGIN_POST%2CEND_POST&returnGeometry=false&f=json
87260238,14500,F,Miami-Dade,6,2025,SR-976 / SW 40 ST,NB SR-826/PALMETTO,0,0.238,FDOT Annual Average Daily Traffic TDA,https://services1.arcgis.com/O1JpcwDW8sjYuddV/arcgis/rest/services/Annual_Average_Daily_Traffic_TDA/FeatureServer/0,https://services1.arcgis.com/O1JpcwDW8sjYuddV/arcgis/rest/services/Annual_Average_Daily_Traffic_TDA/FeatureServer/0/query?where=COUNTY%3D%27Miami-Dade%27&outFields=ROADWAY%2CAADT%2CAADTFLG%2CCOUNTY%2CDISTRICT%2CYEAR_%2CDESC_FRM%2CDESC_TO%2CBEGIN_POST%2CEND_POST&returnGeometry=false&f=json
87260407,7900,C,Miami-Dade,6,2025,87260412 SB ON,87260403 SB ON,0,0.417,FDOT Annual Average Daily Traffic TDA,https://services1.arcgis.com/O1JpcwDW8sjYuddV/arcgis/rest/services/Annual_Average_Daily_Traffic_TDA/FeatureServer/0,https://services1.arcgis.com/O1JpcwDW8sjYuddV/arcgis/rest/services/Annual_Average_Daily_Traffic_TDA/FeatureServer/0/query?where=COUNTY%3D%27Miami-Dade%27&outFields=ROADWAY%2CAADT%2CAADTFLG%2CCOUNTY%2CDISTRICT%2CYEAR_%2CDESC_FRM%2CDESC_TO%2CBEGIN_POST%2CEND_POST&returnGeometry=false&f=json
87260159,6900,C,Miami-Dade,6,2025,EB NW 167 ST,EB SR-826,0,0.062,FDOT Annual Average Daily Traffic TDA,https://services1.arcgis.com/O1JpcwDW8sjYuddV/arcgis/rest/services/Annual_Average_Daily_Traffic_TDA/FeatureServer/0,https://services1.arcgis.com/O1JpcwDW8sjYuddV/arcgis/rest/services/Annual_Average_Daily_Traffic_TDA/FeatureServer/0/query?where=COUNTY%3D%27Miami-Dade%27&outFields=ROADWAY%2CAADT%2CAADTFLG%2CCOUNTY%2CDISTRICT%2CYEAR_%2CDESC_FRM%2CDESC_TO%2CBEGIN_POST%2CEND_POST&returnGeometry=false&f=json
87260390,14000,C,Miami-Dade,6,2025,WB NW 36 ST,SB SR 826,0,0.321,FDOT Annual Average Daily Traffic TDA,https://services1.arcgis.com/O1JpcwDW8sjYuddV/arcgis/rest/services/Annual_Average_Daily_Traffic_TDA/FeatureServer/0,https://services1.arcgis.com/O1JpcwDW8sjYuddV/arcgis/rest/services/Annual_Average_Daily_Traffic_TDA/FeatureServer/0/query?where=COUNTY%3D%27Miami-Dade%27&outFields=ROADWAY%2CAADT%2CAADTFLG%2CCOUNTY%2CDISTRICT%2CYEAR_%2CDESC_FRM%2CDESC_TO%2CBEGIN_POST%2CEND_POST&returnGeometry=false&f=json
87260100,350,F,Miami-Dade,6,2025, , ,0,0.095,FDOT Annual Average Daily Traffic TDA,https://services1.arcgis.com/O1JpcwDW8sjYuddV/arcgis/rest/services/Annual_Average_Daily_Traffic_TDA/FeatureServer/0,https://services1.arcgis.com/O1JpcwDW8sjYuddV/arcgis/rest/services/Annual_Average_Daily_Traffic_TDA/FeatureServer/0/query?where=COUNTY%3D%27Miami-Dade%27&outFields=ROADWAY%2CAADT%2CAADTFLG%2CCOUNTY%2CDISTRICT%2CYEAR_%2CDESC_FRM%2CDESC_TO%2CBEGIN_POST%2CEND_POST&returnGeometry=false&f=json
87270182,9800,C,Miami-Dade,6,2025,NW 62 ST,I-95/SB,0,0.136,FDOT Annual Average Daily Traffic TDA,https://services1.arcgis.com/O1JpcwDW8sjYuddV/arcgis/rest/services/Annual_Average_Daily_Traffic_TDA/FeatureServer/0,https://services1.arcgis.com/O1JpcwDW8sjYuddV/arcgis/rest/services/Annual_Average_Daily_Traffic_TDA/FeatureServer/0/query?where=COUNTY%3D%27Miami-Dade%27&outFields=ROADWAY%2CAADT%2CAADTFLG%2CCOUNTY%2CDISTRICT%2CYEAR_%2CDESC_FRM%2CDESC_TO%2CBEGIN_POST%2CEND_POST&returnGeometry=false&f=json
87270170,12000,C,Miami-Dade,6,2025,SW 8 ST/EB,I-95/NB,0,0.214,FDOT Annual Average Daily Traffic TDA,https://services1.arcgis.com/O1JpcwDW8sjYuddV/arcgis/rest/services/Annual_Average_Daily_Traffic_TDA/FeatureServer/0,https://services1.arcgis.com/O1JpcwDW8sjYuddV/arcgis/rest/services/Annual_Average_Daily_Traffic_TDA/FeatureServer/0/query?where=COUNTY%3D%27Miami-Dade%27&outFields=ROADWAY%2CAADT%2CAADTFLG%2CCOUNTY%2CDISTRICT%2CYEAR_%2CDESC_FRM%2CDESC_TO%2CBEGIN_POST%2CEND_POST&returnGeometry=false&f=json
87281000,86500,C,Miami-Dade,6,2025,N/A,SR-948 / NW 36 ST,4.794,5.646,FDOT Annual Average Daily Traffic TDA,https://services1.arcgis.com/O1JpcwDW8sjYuddV/arcgis/rest/services/Annual_Average_Daily_Traffic_TDA/FeatureServer/0,https://services1.arcgis.com/O1JpcwDW8sjYuddV/arcgis/rest/services/Annual_Average_Daily_Traffic_TDA/FeatureServer/0/query?where=COUNTY%3D%27Miami-Dade%27&outFields=ROADWAY%2CAADT%2CAADTFLG%2CCOUNTY%2CDISTRICT%2CYEAR_%2CDESC_FRM%2CDESC_TO%2CBEGIN_POST%2CEND_POST&returnGeometry=false&f=json
87270000,245000,C,Miami-Dade,6,2025,Bridge No-870437,Bridge No-870344,9.772,10.763,FDOT Annual Average Daily Traffic TDA,https://services1.arcgis.com/O1JpcwDW8sjYuddV/arcgis/rest/services/Annual_Average_Daily_Traffic_TDA/FeatureServer/0,https://services1.arcgis.com/O1JpcwDW8sjYuddV/arcgis/rest/services/Annual_Average_Daily_Traffic_TDA/FeatureServer/0/query?where=COUNTY%3D%27Miami-Dade%27&outFields=ROADWAY%2CAADT%2CAADTFLG%2CCOUNTY%2CDISTRICT%2CYEAR_%2CDESC_FRM%2CDESC_TO%2CBEGIN_POST%2CEND_POST&returnGeometry=false&f=json
87260394,14500,C,Miami-Dade,6,2025,SR-826 / PALMETTO EX,NW 58 ST,0,0.137,FDOT Annual Average Daily Traffic TDA,https://services1.arcgis.com/O1JpcwDW8sjYuddV/arcgis/rest/services/Annual_Average_Daily_Traffic_TDA/FeatureServer/0,https://services1.arcgis.com/O1JpcwDW8sjYuddV/arcgis/rest/services/Annual_Average_Daily_Traffic_TDA/FeatureServer/0/query?where=COUNTY%3D%27Miami-Dade%27&outFields=ROADWAY%2CAADT%2CAADTFLG%2CCOUNTY%2CDISTRICT%2CYEAR_%2CDESC_FRM%2CDESC_TO%2CBEGIN_POST%2CEND_POST&returnGeometry=false&f=json
87260163,6200,C,Miami-Dade,6,2025,EB SR-826,EB NW 167 ST,0,0.076,FDOT Annual Average Daily Traffic TDA,https://services1.arcgis.com/O1JpcwDW8sjYuddV/arcgis/rest/services/Annual_Average_Daily_Traffic_TDA/FeatureServer/0,https://services1.arcgis.com/O1JpcwDW8sjYuddV/arcgis/rest/services/Annual_Average_Daily_Traffic_TDA/FeatureServer/0/query?where=COUNTY%3D%27Miami-Dade%27&outFields=ROADWAY%2CAADT%2CAADTFLG%2CCOUNTY%2CDISTRICT%2CYEAR_%2CDESC_FRM%2CDESC_TO%2CBEGIN_POST%2CEND_POST&returnGeometry=false&f=json
87300111,50,F,Miami-Dade,6,2025,WB SR 924,WB SR 924,0,0.256,FDOT Annual Average Daily Traffic TDA,https://services1.arcgis.com/O1JpcwDW8sjYuddV/arcgis/rest/services/Annual_Average_Daily_Traffic_TDA/FeatureServer/0,https://services1.arcgis.com/O1JpcwDW8sjYuddV/arcgis/rest/services/Annual_Average_Daily_Traffic_TDA/FeatureServer/0/query?where=COUNTY%3D%27Miami-Dade%27&outFields=ROADWAY%2CAADT%2CAADTFLG%2CCOUNTY%2CDISTRICT%2CYEAR_%2CDESC_FRM%2CDESC_TO%2CBEGIN_POST%2CEND_POST&returnGeometry=false&f=json
87260000,138000,C,Miami-Dade,6,2025,N/A,N/A,16.4,17.862,FDOT Annual Average Daily Traffic TDA,https://services1.arcgis.com/O1JpcwDW8sjYuddV/arcgis/rest/services/Annual_Average_Daily_Traffic_TDA/FeatureServer/0,https://services1.arcgis.com/O1JpcwDW8sjYuddV/arcgis/rest/services/Annual_Average_Daily_Traffic_TDA/FeatureServer/0/query?where=COUNTY%3D%27Miami-Dade%27&outFields=ROADWAY%2CAADT%2CAADTFLG%2CCOUNTY%2CDISTRICT%2CYEAR_%2CDESC_FRM%2CDESC_TO%2CBEGIN_POST%2CEND_POST&returnGeometry=false&f=json
87270100,600,S,Miami-Dade,6,2025,N/A,NW 147 ST,0.241,0.535,FDOT Annual Average Daily Traffic TDA,https://services1.arcgis.com/O1JpcwDW8sjYuddV/arcgis/rest/services/Annual_Average_Daily_Traffic_TDA/FeatureServer/0,https://services1.arcgis.com/O1JpcwDW8sjYuddV/arcgis/rest/services/Annual_Average_Daily_Traffic_TDA/FeatureServer/0/query?where=COUNTY%3D%27Miami-Dade%27&outFields=ROADWAY%2CAADT%2CAADTFLG%2CCOUNTY%2CDISTRICT%2CYEAR_%2CDESC_FRM%2CDESC_TO%2CBEGIN_POST%2CEND_POST&returnGeometry=false&f=json
87260382,11000,C,Miami-Dade,6,2025,US-41 / SW 8 ST,NB SR-826,0,0.472,FDOT Annual Average Daily Traffic TDA,https://services1.arcgis.com/O1JpcwDW8sjYuddV/arcgis/rest/services/Annual_Average_Daily_Traffic_TDA/FeatureServer/0,https://services1.arcgis.com/O1JpcwDW8sjYuddV/arcgis/rest/services/Annual_Average_Daily_Traffic_TDA/FeatureServer/0/query?where=COUNTY%3D%27Miami-Dade%27&outFields=ROADWAY%2CAADT%2CAADTFLG%2CCOUNTY%2CDISTRICT%2CYEAR_%2CDESC_FRM%2CDESC_TO%2CBEGIN_POST%2CEND_POST&returnGeometry=false&f=json
87260126,11000,F,Miami-Dade,6,2025,87260124 SB ON,SR-826/SB,0,0.31,FDOT Annual Average Daily Traffic TDA,https://services1.arcgis.com/O1JpcwDW8sjYuddV/arcgis/rest/services/Annual_Average_Daily_Traffic_TDA/FeatureServer/0,https://services1.arcgis.com/O1JpcwDW8sjYuddV/arcgis/rest/services/Annual_Average_Daily_Traffic_TDA/FeatureServer/0/query?where=COUNTY%3D%27Miami-Dade%27&outFields=ROADWAY%2CAADT%2CAADTFLG%2CCOUNTY%2CDISTRICT%2CYEAR_%2CDESC_FRM%2CDESC_TO%2CBEGIN_POST%2CEND_POST&returnGeometry=false&f=json
87260000,224000,C,Miami-Dade,6,2025,Bridge No-871021,Bridge No-870760,3.936,4.986,FDOT Annual Average Daily Traffic TDA,https://services1.arcgis.com/O1JpcwDW8sjYuddV/arcgis/rest/services/Annual_Average_Daily_Traffic_TDA/FeatureServer/0,https://services1.arcgis.com/O1JpcwDW8sjYuddV/arcgis/rest/services/Annual_Average_Daily_Traffic_TDA/FeatureServer/0/query?where=COUNTY%3D%27Miami-Dade%27&outFields=ROADWAY%2CAADT%2CAADTFLG%2CCOUNTY%2CDISTRICT%2CYEAR_%2CDESC_FRM%2CDESC_TO%2CBEGIN_POST%2CEND_POST&returnGeometry=false&f=json
87270000,195000,C,Miami-Dade,6,2025,N/A,N/A,14.675,16.612,FDOT Annual Average Daily Traffic TDA,https://services1.arcgis.com/O1JpcwDW8sjYuddV/arcgis/rest/services/Annual_Average_Daily_Traffic_TDA/FeatureServer/0,https://services1.arcgis.com/O1JpcwDW8sjYuddV/arcgis/rest/services/Annual_Average_Daily_Traffic_TDA/FeatureServer/0/query?where=COUNTY%3D%27Miami-Dade%27&outFields=ROADWAY%2CAADT%2CAADTFLG%2CCOUNTY%2CDISTRICT%2CYEAR_%2CDESC_FRM%2CDESC_TO%2CBEGIN_POST%2CEND_POST&returnGeometry=false&f=json
87270901,15000,E,Miami-Dade,6,2025,N/A,N/A,4.6,12.137,FDOT Annual Average Daily Traffic TDA,https://services1.arcgis.com/O1JpcwDW8sjYuddV/arcgis/rest/services/Annual_Average_Daily_Traffic_TDA/FeatureServer/0,https://services1.arcgis.com/O1JpcwDW8sjYuddV/arcgis/rest/services/Annual_Average_Daily_Traffic_TDA/FeatureServer/0/query?where=COUNTY%3D%27Miami-Dade%27&outFields=ROADWAY%2CAADT%2CAADTFLG%2CCOUNTY%2CDISTRICT%2CYEAR_%2CDESC_FRM%2CDESC_TO%2CBEGIN_POST%2CEND_POST&returnGeometry=false&f=json
87270000,34000,C,Miami-Dade,6,2025,US-1 / SR-5 / NB,US-1 / SR-5 / SB,0,0.145,FDOT Annual Average Daily Traffic TDA,https://services1.arcgis.com/O1JpcwDW8sjYuddV/arcgis/rest/services/Annual_Average_Daily_Traffic_TDA/FeatureServer/0,https://services1.arcgis.com/O1JpcwDW8sjYuddV/arcgis/rest/services/Annual_Average_Daily_Traffic_TDA/FeatureServer/0/query?where=COUNTY%3D%27Miami-Dade%27&outFields=ROADWAY%2CAADT%2CAADTFLG%2CCOUNTY%2CDISTRICT%2CYEAR_%2CDESC_FRM%2CDESC_TO%2CBEGIN_POST%2CEND_POST&returnGeometry=false&f=json
87270210,18500,E,Miami-Dade,6,2025,SR-91/FLA TURNPIKE,I-95/SB,0,0.758,FDOT Annual Average Daily Traffic TDA,https://services1.arcgis.com/O1JpcwDW8sjYuddV/arcgis/rest/services/Annual_Average_Daily_Traffic_TDA/FeatureServer/0,https://services1.arcgis.com/O1JpcwDW8sjYuddV/arcgis/rest/services/Annual_Average_Daily_Traffic_TDA/FeatureServer/0/query?where=COUNTY%3D%27Miami-Dade%27&outFields=ROADWAY%2CAADT%2CAADTFLG%2CCOUNTY%2CDISTRICT%2CYEAR_%2CDESC_FRM%2CDESC_TO%2CBEGIN_POST%2CEND_POST&returnGeometry=false&f=json
87260243,11500,F,Miami-Dade,6,2025,87260475 NB OFF,NB SR-826/PALMETTO,0,0.045,FDOT Annual Average Daily Traffic TDA,https://services1.arcgis.com/O1JpcwDW8sjYuddV/arcgis/rest/services/Annual_Average_Daily_Traffic_TDA/FeatureServer/0,https://services1.arcgis.com/O1JpcwDW8sjYuddV/arcgis/rest/services/Annual_Average_Daily_Traffic_TDA/FeatureServer/0/query?where=COUNTY%3D%27Miami-Dade%27&outFields=ROADWAY%2CAADT%2CAADTFLG%2CCOUNTY%2CDISTRICT%2CYEAR_%2CDESC_FRM%2CDESC_TO%2CBEGIN_POST%2CEND_POST&returnGeometry=false&f=json
87270205,9300,C,Miami-Dade,6,2025,I-95/NB,NW 6 AVE/NB,0,0.072,FDOT Annual Average Daily Traffic TDA,https://services1.arcgis.com/O1JpcwDW8sjYuddV/arcgis/rest/services/Annual_Average_Daily_Traffic_TDA/FeatureServer/0,https://services1.arcgis.com/O1JpcwDW8sjYuddV/arcgis/rest/services/Annual_Average_Daily_Traffic_TDA/FeatureServer/0/query?where=COUNTY%3D%27Miami-Dade%27&outFields=ROADWAY%2CAADT%2CAADTFLG%2CCOUNTY%2CDISTRICT%2CYEAR_%2CDESC_FRM%2CDESC_TO%2CBEGIN_POST%2CEND_POST&returnGeometry=false&f=json
87260001,2700,F,Miami-Dade,6,2025,SW 100 ST,NB SR-826,0,0.015,FDOT Annual Average Daily Traffic TDA,https://services1.arcgis.com/O1JpcwDW8sjYuddV/arcgis/rest/services/Annual_Average_Daily_Traffic_TDA/FeatureServer/0,https://services1.arcgis.com/O1JpcwDW8sjYuddV/arcgis/rest/services/Annual_Average_Daily_Traffic_TDA/FeatureServer/0/query?where=COUNTY%3D%27Miami-Dade%27&outFields=ROADWAY%2CAADT%2CAADTFLG%2CCOUNTY%2CDISTRICT%2CYEAR_%2CDESC_FRM%2CDESC_TO%2CBEGIN_POST%2CEND_POST&returnGeometry=false&f=json
87281233,2300,F,Miami-Dade,6,2025,MIC,87200131 SB ON,0,0.471,FDOT Annual Average Daily Traffic TDA,https://services1.arcgis.com/O1JpcwDW8sjYuddV/arcgis/rest/services/Annual_Average_Daily_Traffic_TDA/FeatureServer/0,https://services1.arcgis.com/O1JpcwDW8sjYuddV/arcgis/rest/services/Annual_Average_Daily_Traffic_TDA/FeatureServer/0/query?where=COUNTY%3D%27Miami-Dade%27&outFields=ROADWAY%2CAADT%2CAADTFLG%2CCOUNTY%2CDISTRICT%2CYEAR_%2CDESC_FRM%2CDESC_TO%2CBEGIN_POST%2CEND_POST&returnGeometry=false&f=json
87270200,9200,C,Miami-Dade,6,2025,SR-924 / NW 119 ST,I-95/SB,0,0.135,FDOT Annual Average Daily Traffic TDA,https://services1.arcgis.com/O1JpcwDW8sjYuddV/arcgis/rest/services/Annual_Average_Daily_Traffic_TDA/FeatureServer/0,https://services1.arcgis.com/O1JpcwDW8sjYuddV/arcgis/rest/services/Annual_Average_Daily_Traffic_TDA/FeatureServer/0/query?where=COUNTY%3D%27Miami-Dade%27&outFields=ROADWAY%2CAADT%2CAADTFLG%2CCOUNTY%2CDISTRICT%2CYEAR_%2CDESC_FRM%2CDESC_TO%2CBEGIN_POST%2CEND_POST&returnGeometry=false&f=json
87260512,8800,C,Miami-Dade,6,2025,WB SR-826,WB NW 167 ST,0,0.039,FDOT Annual Average Daily Traffic TDA,https://services1.arcgis.com/O1JpcwDW8sjYuddV/arcgis/rest/services/Annual_Average_Daily_Traffic_TDA/FeatureServer/0,https://services1.arcgis.com/O1JpcwDW8sjYuddV/arcgis/rest/services/Annual_Average_Daily_Traffic_TDA/FeatureServer/0/query?where=COUNTY%3D%27Miami-Dade%27&outFields=ROADWAY%2CAADT%2CAADTFLG%2CCOUNTY%2CDISTRICT%2CYEAR_%2CDESC_FRM%2CDESC_TO%2CBEGIN_POST%2CEND_POST&returnGeometry=false&f=json
87281001,13000,F,Miami-Dade,6,2025,SR-953 / NW 42 AVE,US-27/OKEECHOBEE RD,0,0.35,FDOT Annual Average Daily Traffic TDA,https://services1.arcgis.com/O1JpcwDW8sjYuddV/arcgis/rest/services/Annual_Average_Daily_Traffic_TDA/FeatureServer/0,https://services1.arcgis.com/O1JpcwDW8sjYuddV/arcgis/rest/services/Annual_Average_Daily_Traffic_TDA/FeatureServer/0/query?where=COUNTY%3D%27Miami-Dade%27&outFields=ROADWAY%2CAADT%2CAADTFLG%2CCOUNTY%2CDISTRICT%2CYEAR_%2CDESC_FRM%2CDESC_TO%2CBEGIN_POST%2CEND_POST&returnGeometry=false&f=json
87260507,10500,C,Miami-Dade,6,2025,EB NW 167 ST,EB SR-826,0,0.07,FDOT Annual Average Daily Traffic TDA,https://services1.arcgis.com/O1JpcwDW8sjYuddV/arcgis/rest/services/Annual_Average_Daily_Traffic_TDA/FeatureServer/0,https://services1.arcgis.com/O1JpcwDW8sjYuddV/arcgis/rest/services/Annual_Average_Daily_Traffic_TDA/FeatureServer/0/query?where=COUNTY%3D%27Miami-Dade%27&outFields=ROADWAY%2CAADT%2CAADTFLG%2CCOUNTY%2CDISTRICT%2CYEAR_%2CDESC_FRM%2CDESC_TO%2CBEGIN_POST%2CEND_POST&returnGeometry=false&f=json
87300510,550,C,Miami-Dade,6,2025,EB SR-924,EB SR-924,0,0.051,FDOT Annual Average Daily Traffic TDA,https://services1.arcgis.com/O1JpcwDW8sjYuddV/arcgis/rest/services/Annual_Average_Daily_Traffic_TDA/FeatureServer/0,https://services1.arcgis.com/O1JpcwDW8sjYuddV/arcgis/rest/services/Annual_Average_Daily_Traffic_TDA/FeatureServer/0/query?where=COUNTY%3D%27Miami-Dade%27&outFields=ROADWAY%2CAADT%2CAADTFLG%2CCOUNTY%2CDISTRICT%2CYEAR_%2CDESC_FRM%2CDESC_TO%2CBEGIN_POST%2CEND_POST&returnGeometry=false&f=json
87260381,14000,C,Miami-Dade,6,2025,NB SR-826,US-41/SW 8 ST/TAMIAM,0,0.362,FDOT Annual Average Daily Traffic TDA,https://services1.arcgis.com/O1JpcwDW8sjYuddV/arcgis/rest/services/Annual_Average_Daily_Traffic_TDA/FeatureServer/0,https://services1.arcgis.com/O1JpcwDW8sjYuddV/arcgis/rest/services/Annual_Average_Daily_Traffic_TDA/FeatureServer/0/query?where=COUNTY%3D%27Miami-Dade%27&outFields=ROADWAY%2CAADT%2CAADTFLG%2CCOUNTY%2CDISTRICT%2CYEAR_%2CDESC_FRM%2CDESC_TO%2CBEGIN_POST%2CEND_POST&returnGeometry=false&f=json
87260124,1200,F,Miami-Dade,6,2025,SR-94 / N KENDALL DR,SB SR-826/NB,0,0.223,FDOT Annual Average Daily Traffic TDA,https://services1.arcgis.com/O1JpcwDW8sjYuddV/arcgis/rest/services/Annual_Average_Daily_Traffic_TDA/FeatureServer/0,https://services1.arcgis.com/O1JpcwDW8sjYuddV/arcgis/rest/services/Annual_Average_Daily_Traffic_TDA/FeatureServer/0/query?where=COUNTY%3D%27Miami-Dade%27&outFields=ROADWAY%2CAADT%2CAADTFLG%2CCOUNTY%2CDISTRICT%2CYEAR_%2CDESC_FRM%2CDESC_TO%2CBEGIN_POST%2CEND_POST&returnGeometry=false&f=json
87281224,5500,F,Miami-Dade,6,2025,SR-953/LE JEUNE RD,87200092 NB ON,0,0.044,FDOT Annual Average Daily Traffic TDA,https://services1.arcgis.com/O1JpcwDW8sjYuddV/arcgis/rest/services/Annual_Average_Daily_Traffic_TDA/FeatureServer/0,https://services1.arcgis.com/O1JpcwDW8sjYuddV/arcgis/rest/services/Annual_Average_Daily_Traffic_TDA/FeatureServer/0/query?where=COUNTY%3D%27Miami-Dade%27&outFields=ROADWAY%2CAADT%2CAADTFLG%2CCOUNTY%2CDISTRICT%2CYEAR_%2CDESC_FRM%2CDESC_TO%2CBEGIN_POST%2CEND_POST&returnGeometry=false&f=json
87260506,9000,F,Miami-Dade,6,2025, , ,0,0.173,FDOT Annual Average Daily Traffic TDA,https://services1.arcgis.com/O1JpcwDW8sjYuddV/arcgis/rest/services/Annual_Average_Daily_Traffic_TDA/FeatureServer/0,https://services1.arcgis.com/O1JpcwDW8sjYuddV/arcgis/rest/services/Annual_Average_Daily_Traffic_TDA/FeatureServer/0/query?where=COUNTY%3D%27Miami-Dade%27&outFields=ROADWAY%2CAADT%2CAADTFLG%2CCOUNTY%2CDISTRICT%2CYEAR_%2CDESC_FRM%2CDESC_TO%2CBEGIN_POST%2CEND_POST&returnGeometry=false&f=json
87260602,6200,C,Miami-Dade,6,2025,NW 17 AVE,N/A,0,0.05,FDOT Annual Average Daily Traffic TDA,https://services1.arcgis.com/O1JpcwDW8sjYuddV/arcgis/rest/services/Annual_Average_Daily_Traffic_TDA/FeatureServer/0,https://services1.arcgis.com/O1JpcwDW8sjYuddV/arcgis/rest/services/Annual_Average_Daily_Traffic_TDA/FeatureServer/0/query?where=COUNTY%3D%27Miami-Dade%27&outFields=ROADWAY%2CAADT%2CAADTFLG%2CCOUNTY%2CDISTRICT%2CYEAR_%2CDESC_FRM%2CDESC_TO%2CBEGIN_POST%2CEND_POST&returnGeometry=false&f=json
87270206,9600,C,Miami-Dade,6,2025,I-95/SB,SR-916/OPA LOCKABLVD,0,0.126,FDOT Annual Average Daily Traffic TDA,https://services1.arcgis.com/O1JpcwDW8sjYuddV/arcgis/rest/services/Annual_Average_Daily_Traffic_TDA/FeatureServer/0,https://services1.arcgis.com/O1JpcwDW8sjYuddV/arcgis/rest/services/Annual_Average_Daily_Traffic_TDA/FeatureServer/0/query?where=COUNTY%3D%27Miami-Dade%27&outFields=ROADWAY%2CAADT%2CAADTFLG%2CCOUNTY%2CDISTRICT%2CYEAR_%2CDESC_FRM%2CDESC_TO%2CBEGIN_POST%2CEND_POST&returnGeometry=false&f=json
87260400,16500,C,Miami-Dade,6,2025,SR-934/NW 74 ST,NW 74 ST,0,0.132,FDOT Annual Average Daily Traffic TDA,https://services1.arcgis.com/O1JpcwDW8sjYuddV/arcgis/rest/services/Annual_Average_Daily_Traffic_TDA/FeatureServer/0,https://services1.arcgis.com/O1JpcwDW8sjYuddV/arcgis/rest/services/Annual_Average_Daily_Traffic_TDA/FeatureServer/0/query?where=COUNTY%3D%27Miami-Dade%27&outFields=ROADWAY%2CAADT%2CAADTFLG%2CCOUNTY%2CDISTRICT%2CYEAR_%2CDESC_FRM%2CDESC_TO%2CBEGIN_POST%2CEND_POST&returnGeometry=false&f=json
87260152,2750,C,Miami-Dade,6,2025,N/A,NW 95 ST/JOHN HILL,0.289,1.273,FDOT Annual Average Daily Traffic TDA,https://services1.arcgis.com/O1JpcwDW8sjYuddV/arcgis/rest/services/Annual_Average_Daily_Traffic_TDA/FeatureServer/0,https://services1.arcgis.com/O1JpcwDW8sjYuddV/arcgis/rest/services/Annual_Average_Daily_Traffic_TDA/FeatureServer/0/query?where=COUNTY%3D%27Miami-Dade%27&outFields=ROADWAY%2CAADT%2CAADTFLG%2CCOUNTY%2CDISTRICT%2CYEAR_%2CDESC_FRM%2CDESC_TO%2CBEGIN_POST%2CEND_POST&returnGeometry=false&f=json
87270505,26500,C,Miami-Dade,6,2025,I-95/SB,DOWNTOWN DISTRIB/EB,0,0.487,FDOT Annual Average Daily Traffic TDA,https://services1.arcgis.com/O1JpcwDW8sjYuddV/arcgis/rest/services/Annual_Average_Daily_Traffic_TDA/FeatureServer/0,https://services1.arcgis.com/O1JpcwDW8sjYuddV/arcgis/rest/services/Annual_Average_Daily_Traffic_TDA/FeatureServer/0/query?where=COUNTY%3D%27Miami-Dade%27&outFields=ROADWAY%2CAADT%2CAADTFLG%2CCOUNTY%2CDISTRICT%2CYEAR_%2CDESC_FRM%2CDESC_TO%2CBEGIN_POST%2CEND_POST&returnGeometry=false&f=json
87260000,138500,C,Miami-Dade,6,2025,Bridge No-870239,Bridge No-870104,22.004,23.011,FDOT Annual Average Daily Traffic TDA,https://services1.arcgis.com/O1JpcwDW8sjYuddV/arcgis/rest/services/Annual_Average_Daily_Traffic_TDA/FeatureServer/0,https://services1.arcgis.com/O1JpcwDW8sjYuddV/arcgis/rest/services/Annual_Average_Daily_Traffic_TDA/FeatureServer/0/query?where=COUNTY%3D%27Miami-Dade%27&outFields=ROADWAY%2CAADT%2CAADTFLG%2CCOUNTY%2CDISTRICT%2CYEAR_%2CDESC_FRM%2CDESC_TO%2CBEGIN_POST%2CEND_POST&returnGeometry=false&f=json
87281226,1800,F,Miami-Dade,6,2025,SR-953/LE JEUNE RD,NW 21 ST,0,0.087,FDOT Annual Average Daily Traffic TDA,https://services1.arcgis.com/O1JpcwDW8sjYuddV/arcgis/rest/services/Annual_Average_Daily_Traffic_TDA/FeatureServer/0,https://services1.arcgis.com/O1JpcwDW8sjYuddV/arcgis/rest/services/Annual_Average_Daily_Traffic_TDA/FeatureServer/0/query?where=COUNTY%3D%27Miami-Dade%27&outFields=ROADWAY%2CAADT%2CAADTFLG%2CCOUNTY%2CDISTRICT%2CYEAR_%2CDESC_FRM%2CDESC_TO%2CBEGIN_POST%2CEND_POST&returnGeometry=false&f=json
87260531,4400,C,Miami-Dade,6,2025,NW 47 AVE,NW 37 AVE,0,1.002,FDOT Annual Average Daily Traffic TDA,https://services1.arcgis.com/O1JpcwDW8sjYuddV/arcgis/rest/services/Annual_Average_Daily_Traffic_TDA/FeatureServer/0,https://services1.arcgis.com/O1JpcwDW8sjYuddV/arcgis/rest/services/Annual_Average_Daily_Traffic_TDA/FeatureServer/0/query?where=COUNTY%3D%27Miami-Dade%27&outFields=ROADWAY%2CAADT%2CAADTFLG%2CCOUNTY%2CDISTRICT%2CYEAR_%2CDESC_FRM%2CDESC_TO%2CBEGIN_POST%2CEND_POST&returnGeometry=false&f=json
87260513,12000,S,Miami-Dade,6,2025,87270210 SB OFF,SR-826/WB,0,0.201,FDOT Annual Average Daily Traffic TDA,https://services1.arcgis.com/O1JpcwDW8sjYuddV/arcgis/rest/services/Annual_Average_Daily_Traffic_TDA/FeatureServer/0,https://services1.arcgis.com/O1JpcwDW8sjYuddV/arcgis/rest/services/Annual_Average_Daily_Traffic_TDA/FeatureServer/0/query?where=COUNTY%3D%27Miami-Dade%27&outFields=ROADWAY%2CAADT%2CAADTFLG%2CCOUNTY%2CDISTRICT%2CYEAR_%2CDESC_FRM%2CDESC_TO%2CBEGIN_POST%2CEND_POST&returnGeometry=false&f=json
87270514,7400,C,Miami-Dade,6,2025,87004002 EB OFF,I-95/NB,0,0.795,FDOT Annual Average Daily Traffic TDA,https://services1.arcgis.com/O1JpcwDW8sjYuddV/arcgis/rest/services/Annual_Average_Daily_Traffic_TDA/FeatureServer/0,https://services1.arcgis.com/O1JpcwDW8sjYuddV/arcgis/rest/services/Annual_Average_Daily_Traffic_TDA/FeatureServer/0/query?where=COUNTY%3D%27Miami-Dade%27&outFields=ROADWAY%2CAADT%2CAADTFLG%2CCOUNTY%2CDISTRICT%2CYEAR_%2CDESC_FRM%2CDESC_TO%2CBEGIN_POST%2CEND_POST&returnGeometry=false&f=json
87300501,12500,C,Miami-Dade,6,2025,SR-823/NW 57 AVE/RED,SR-924 WB,0,0.199,FDOT Annual Average Daily Traffic TDA,https://services1.arcgis.com/O1JpcwDW8sjYuddV/arcgis/rest/services/Annual_Average_Daily_Traffic_TDA/FeatureServer/0,https://services1.arcgis.com/O1JpcwDW8sjYuddV/arcgis/rest/services/Annual_Average_Daily_Traffic_TDA/FeatureServer/0/query?where=COUNTY%3D%27Miami-Dade%27&outFields=ROADWAY%2CAADT%2CAADTFLG%2CCOUNTY%2CDISTRICT%2CYEAR_%2CDESC_FRM%2CDESC_TO%2CBEGIN_POST%2CEND_POST&returnGeometry=false&f=json
87260522,3800,F,Miami-Dade,6,2025, , ,0,1.065,FDOT Annual Average Daily Traffic TDA,https://services1.arcgis.com/O1JpcwDW8sjYuddV/arcgis/rest/services/Annual_Average_Daily_Traffic_TDA/FeatureServer/0,https://services1.arcgis.com/O1JpcwDW8sjYuddV/arcgis/rest/services/Annual_Average_Daily_Traffic_TDA/FeatureServer/0/query?where=COUNTY%3D%27Miami-Dade%27&outFields=ROADWAY%2CAADT%2CAADTFLG%2CCOUNTY%2CDISTRICT%2CYEAR_%2CDESC_FRM%2CDESC_TO%2CBEGIN_POST%2CEND_POST&returnGeometry=false&f=json
87260162,5000,C,Miami-Dade,6,2025,WB SR-826,WB NW 167 ST,0,0.064,FDOT Annual Average Daily Traffic TDA,https://services1.arcgis.com/O1JpcwDW8sjYuddV/arcgis/rest/services/Annual_Average_Daily_Traffic_TDA/FeatureServer/0,https://services1.arcgis.com/O1JpcwDW8sjYuddV/arcgis/rest/services/Annual_Average_Daily_Traffic_TDA/FeatureServer/0/query?where=COUNTY%3D%27Miami-Dade%27&outFields=ROADWAY%2CAADT%2CAADTFLG%2CCOUNTY%2CDISTRICT%2CYEAR_%2CDESC_FRM%2CDESC_TO%2CBEGIN_POST%2CEND_POST&returnGeometry=false&f=json
87270100,600,S,Miami-Dade,6,2025,NW 151 ST,NW 165 ST,0.798,1.456,FDOT Annual Average Daily Traffic TDA,https://services1.arcgis.com/O1JpcwDW8sjYuddV/arcgis/rest/services/Annual_Average_Daily_Traffic_TDA/FeatureServer/0,https://services1.arcgis.com/O1JpcwDW8sjYuddV/arcgis/rest/services/Annual_Average_Daily_Traffic_TDA/FeatureServer/0/query?where=COUNTY%3D%27Miami-Dade%27&outFields=ROADWAY%2CAADT%2CAADTFLG%2CCOUNTY%2CDISTRICT%2CYEAR_%2CDESC_FRM%2CDESC_TO%2CBEGIN_POST%2CEND_POST&returnGeometry=false&f=json
87260000,269000,C,Miami-Dade,6,2025,VIA DUCT,N/A,8.381,9.153,FDOT Annual Average Daily Traffic TDA,https://services1.arcgis.com/O1JpcwDW8sjYuddV/arcgis/rest/services/Annual_Average_Daily_Traffic_TDA/FeatureServer/0,https://services1.arcgis.com/O1JpcwDW8sjYuddV/arcgis/rest/services/Annual_Average_Daily_Traffic_TDA/FeatureServer/0/query?where=COUNTY%3D%27Miami-Dade%27&outFields=ROADWAY%2CAADT%2CAADTFLG%2CCOUNTY%2CDISTRICT%2CYEAR_%2CDESC_FRM%2CDESC_TO%2CBEGIN_POST%2CEND_POST&returnGeometry=false&f=json
87270175,3300,C,Miami-Dade,6,2025,87270503 SB ON,87270171 SB OFF,0,0.109,FDOT Annual Average Daily Traffic TDA,https://services1.arcgis.com/O1JpcwDW8sjYuddV/arcgis/rest/services/Annual_Average_Daily_Traffic_TDA/FeatureServer/0,https://services1.arcgis.com/O1JpcwDW8sjYuddV/arcgis/rest/services/Annual_Average_Daily_Traffic_TDA/FeatureServer/0/query?where=COUNTY%3D%27Miami-Dade%27&outFields=ROADWAY%2CAADT%2CAADTFLG%2CCOUNTY%2CDISTRICT%2CYEAR_%2CDESC_FRM%2CDESC_TO%2CBEGIN_POST%2CEND_POST&returnGeometry=false&f=json
87270900,90,S,Miami-Dade,6,2025,NW 147 ST,NW 150 ST,0,0.192,FDOT Annual Average Daily Traffic TDA,https://services1.arcgis.com/O1JpcwDW8sjYuddV/arcgis/rest/services/Annual_Average_Daily_Traffic_TDA/FeatureServer/0,https://services1.arcgis.com/O1JpcwDW8sjYuddV/arcgis/rest/services/Annual_Average_Daily_Traffic_TDA/FeatureServer/0/query?where=COUNTY%3D%27Miami-Dade%27&outFields=ROADWAY%2CAADT%2CAADTFLG%2CCOUNTY%2CDISTRICT%2CYEAR_%2CDESC_FRM%2CDESC_TO%2CBEGIN_POST%2CEND_POST&returnGeometry=false&f=json
87270223,20000,T,Miami-Dade,6,2025,I-95/NB,I-95/NB,0,0.413,FDOT Annual Average Daily Traffic TDA,https://services1.arcgis.com/O1JpcwDW8sjYuddV/arcgis/rest/services/Annual_Average_Daily_Traffic_TDA/FeatureServer/0,https://services1.arcgis.com/O1JpcwDW8sjYuddV/arcgis/rest/services/Annual_Average_Daily_Traffic_TDA/FeatureServer/0/query?where=COUNTY%3D%27Miami-Dade%27&outFields=ROADWAY%2CAADT%2CAADTFLG%2CCOUNTY%2CDISTRICT%2CYEAR_%2CDESC_FRM%2CDESC_TO%2CBEGIN_POST%2CEND_POST&returnGeometry=false&f=json
87260000,134000,C,Miami-Dade,6,2025,Bridge No-870051,Bridge No-870234,20.005,21.008,FDOT Annual Average Daily Traffic TDA,https://services1.arcgis.com/O1JpcwDW8sjYuddV/arcgis/rest/services/Annual_Average_Daily_Traffic_TDA/FeatureServer/0,https://services1.arcgis.com/O1JpcwDW8sjYuddV/arcgis/rest/services/Annual_Average_Daily_Traffic_TDA/FeatureServer/0/query?where=COUNTY%3D%27Miami-Dade%27&outFields=ROADWAY%2CAADT%2CAADTFLG%2CCOUNTY%2CDISTRICT%2CYEAR_%2CDESC_FRM%2CDESC_TO%2CBEGIN_POST%2CEND_POST&returnGeometry=false&f=json
87270179,29000,F,Miami-Dade,6,2025,I-95/NB,END OF BR # 870333,0,0.4,FDOT Annual Average Daily Traffic TDA,https://services1.arcgis.com/O1JpcwDW8sjYuddV/arcgis/rest/services/Annual_Average_Daily_Traffic_TDA/FeatureServer/0,https://services1.arcgis.com/O1JpcwDW8sjYuddV/arcgis/rest/services/Annual_Average_Daily_Traffic_TDA/FeatureServer/0/query?where=COUNTY%3D%27Miami-Dade%27&outFields=ROADWAY%2CAADT%2CAADTFLG%2CCOUNTY%2CDISTRICT%2CYEAR_%2CDESC_FRM%2CDESC_TO%2CBEGIN_POST%2CEND_POST&returnGeometry=false&f=json
87270901,34500,C,Miami-Dade,6,2025,Bridge No-870431,N/A,2.83,3.3,FDOT Annual Average Daily Traffic TDA,https://services1.arcgis.com/O1JpcwDW8sjYuddV/arcgis/rest/services/Annual_Average_Daily_Traffic_TDA/FeatureServer/0,https://services1.arcgis.com/O1JpcwDW8sjYuddV/arcgis/rest/services/Annual_Average_Daily_Traffic_TDA/FeatureServer/0/query?where=COUNTY%3D%27Miami-Dade%27&outFields=ROADWAY%2CAADT%2CAADTFLG%2CCOUNTY%2CDISTRICT%2CYEAR_%2CDESC_FRM%2CDESC_TO%2CBEGIN_POST%2CEND_POST&returnGeometry=false&f=json
87260100,350,F,Miami-Dade,6,2025, , ,0.095,0.34,FDOT Annual Average Daily Traffic TDA,https://services1.arcgis.com/O1JpcwDW8sjYuddV/arcgis/rest/services/Annual_Average_Daily_Traffic_TDA/FeatureServer/0,https://services1.arcgis.com/O1JpcwDW8sjYuddV/arcgis/rest/services/Annual_Average_Daily_Traffic_TDA/FeatureServer/0/query?where=COUNTY%3D%27Miami-Dade%27&outFields=ROADWAY%2CAADT%2CAADTFLG%2CCOUNTY%2CDISTRICT%2CYEAR_%2CDESC_FRM%2CDESC_TO%2CBEGIN_POST%2CEND_POST&returnGeometry=false&f=json
87260000,145500,C,Miami-Dade,6,2025,Bridge No-870104,ON RAMP 87260514,23.011,23.54,FDOT Annual Average Daily Traffic TDA,https://services1.arcgis.com/O1JpcwDW8sjYuddV/arcgis/rest/services/Annual_Average_Daily_Traffic_TDA/FeatureServer/0,https://services1.arcgis.com/O1JpcwDW8sjYuddV/arcgis/rest/services/Annual_Average_Daily_Traffic_TDA/FeatureServer/0/query?where=COUNTY%3D%27Miami-Dade%27&outFields=ROADWAY%2CAADT%2CAADTFLG%2CCOUNTY%2CDISTRICT%2CYEAR_%2CDESC_FRM%2CDESC_TO%2CBEGIN_POST%2CEND_POST&returnGeometry=false&f=json
87270160,30500,E,Miami-Dade,6,2025,SW 7 ST,SW 8 ST,0,0.068,FDOT Annual Average Daily Traffic TDA,https://services1.arcgis.com/O1JpcwDW8sjYuddV/arcgis/rest/services/Annual_Average_Daily_Traffic_TDA/FeatureServer/0,https://services1.arcgis.com/O1JpcwDW8sjYuddV/arcgis/rest/services/Annual_Average_Daily_Traffic_TDA/FeatureServer/0/query?where=COUNTY%3D%27Miami-Dade%27&outFields=ROADWAY%2CAADT%2CAADTFLG%2CCOUNTY%2CDISTRICT%2CYEAR_%2CDESC_FRM%2CDESC_TO%2CBEGIN_POST%2CEND_POST&returnGeometry=false&f=json
87270902,34000,C,Miami-Dade,6,2025,N/A,N/A,9.692,10.612,FDOT Annual Average Daily Traffic TDA,https://services1.arcgis.com/O1JpcwDW8sjYuddV/arcgis/rest/services/Annual_Average_Daily_Traffic_TDA/FeatureServer/0,https://services1.arcgis.com/O1JpcwDW8sjYuddV/arcgis/rest/services/Annual_Average_Daily_Traffic_TDA/FeatureServer/0/query?where=COUNTY%3D%27Miami-Dade%27&outFields=ROADWAY%2CAADT%2CAADTFLG%2CCOUNTY%2CDISTRICT%2CYEAR_%2CDESC_FRM%2CDESC_TO%2CBEGIN_POST%2CEND_POST&returnGeometry=false&f=json
87270000,205000,C,Miami-Dade,6,2025,87270191 NB ON,Bridge No-870435,7.487,8.756,FDOT Annual Average Daily Traffic TDA,https://services1.arcgis.com/O1JpcwDW8sjYuddV/arcgis/rest/services/Annual_Average_Daily_Traffic_TDA/FeatureServer/0,https://services1.arcgis.com/O1JpcwDW8sjYuddV/arcgis/rest/services/Annual_Average_Daily_Traffic_TDA/FeatureServer/0/query?where=COUNTY%3D%27Miami-Dade%27&outFields=ROADWAY%2CAADT%2CAADTFLG%2CCOUNTY%2CDISTRICT%2CYEAR_%2CDESC_FRM%2CDESC_TO%2CBEGIN_POST%2CEND_POST&returnGeometry=false&f=json
87270212,52000,F,Miami-Dade,6,2025,I-95 NB,SR-91 NB/FLORIDA'S T,0,1.042,FDOT Annual Average Daily Traffic TDA,https://services1.arcgis.com/O1JpcwDW8sjYuddV/arcgis/rest/services/Annual_Average_Daily_Traffic_TDA/FeatureServer/0,https://services1.arcgis.com/O1JpcwDW8sjYuddV/arcgis/rest/services/Annual_Average_Daily_Traffic_TDA/FeatureServer/0/query?where=COUNTY%3D%27Miami-Dade%27&outFields=ROADWAY%2CAADT%2CAADTFLG%2CCOUNTY%2CDISTRICT%2CYEAR_%2CDESC_FRM%2CDESC_TO%2CBEGIN_POST%2CEND_POST&returnGeometry=false&f=json
87260391,10000,C,Miami-Dade,6,2025,SR-948 / NW 36 ST,SR-826 / PALMETTO EX,0,0.335,FDOT Annual Average Daily Traffic TDA,https://services1.arcgis.com/O1JpcwDW8sjYuddV/arcgis/rest/services/Annual_Average_Daily_Traffic_TDA/FeatureServer/0,https://services1.arcgis.com/O1JpcwDW8sjYuddV/arcgis/rest/services/Annual_Average_Daily_Traffic_TDA/FeatureServer/0/query?where=COUNTY%3D%27Miami-Dade%27&outFields=ROADWAY%2CAADT%2CAADTFLG%2CCOUNTY%2CDISTRICT%2CYEAR_%2CDESC_FRM%2CDESC_TO%2CBEGIN_POST%2CEND_POST&returnGeometry=false&f=json
87260236,23000,F,Miami-Dade,6,2025,SB SR-836/PALMETTO,SR-976/SW 40 ST,0,0.31,FDOT Annual Average Daily Traffic TDA,https://services1.arcgis.com/O1JpcwDW8sjYuddV/arcgis/rest/services/Annual_Average_Daily_Traffic_TDA/FeatureServer/0,https://services1.arcgis.com/O1JpcwDW8sjYuddV/arcgis/rest/services/Annual_Average_Daily_Traffic_TDA/FeatureServer/0/query?where=COUNTY%3D%27Miami-Dade%27&outFields=ROADWAY%2CAADT%2CAADTFLG%2CCOUNTY%2CDISTRICT%2CYEAR_%2CDESC_FRM%2CDESC_TO%2CBEGIN_POST%2CEND_POST&returnGeometry=false&f=json
87270300,250,S,Miami-Dade,6,2025,NORTH END OF STREET,87270206 SB OFF,0,0.296,FDOT Annual Average Daily Traffic TDA,https://services1.arcgis.com/O1JpcwDW8sjYuddV/arcgis/rest/services/Annual_Average_Daily_Traffic_TDA/FeatureServer/0,https://services1.arcgis.com/O1JpcwDW8sjYuddV/arcgis/rest/services/Annual_Average_Daily_Traffic_TDA/FeatureServer/0/query?where=COUNTY%3D%27Miami-Dade%27&outFields=ROADWAY%2CAADT%2CAADTFLG%2CCOUNTY%2CDISTRICT%2CYEAR_%2CDESC_FRM%2CDESC_TO%2CBEGIN_POST%2CEND_POST&returnGeometry=false&f=json
87300508,5600,C,Miami-Dade,6,2025,SR-924 / WB,NW 42 / 37  AV / CON,0,0.24,FDOT Annual Average Daily Traffic TDA,https://services1.arcgis.com/O1JpcwDW8sjYuddV/arcgis/rest/services/Annual_Average_Daily_Traffic_TDA/FeatureServer/0,https://services1.arcgis.com/O1JpcwDW8sjYuddV/arcgis/rest/services/Annual_Average_Daily_Traffic_TDA/FeatureServer/0/query?where=COUNTY%3D%27Miami-Dade%27&outFields=ROADWAY%2CAADT%2CAADTFLG%2CCOUNTY%2CDISTRICT%2CYEAR_%2CDESC_FRM%2CDESC_TO%2CBEGIN_POST%2CEND_POST&returnGeometry=false&f=json
87270194,7700,C,Miami-Dade,6,2025,I-95/SB,NW 95 ST,0,0.152,FDOT Annual Average Daily Traffic TDA,https://services1.arcgis.com/O1JpcwDW8sjYuddV/arcgis/rest/services/Annual_Average_Daily_Traffic_TDA/FeatureServer/0,https://services1.arcgis.com/O1JpcwDW8sjYuddV/arcgis/rest/services/Annual_Average_Daily_Traffic_TDA/FeatureServer/0/query?where=COUNTY%3D%27Miami-Dade%27&outFields=ROADWAY%2CAADT%2CAADTFLG%2CCOUNTY%2CDISTRICT%2CYEAR_%2CDESC_FRM%2CDESC_TO%2CBEGIN_POST%2CEND_POST&returnGeometry=false&f=json
87260523,7100,S,Miami-Dade,6,2025,NW 82 AVE,NW 154 ST,0,1.232,FDOT Annual Average Daily Traffic TDA,https://services1.arcgis.com/O1JpcwDW8sjYuddV/arcgis/rest/services/Annual_Average_Daily_Traffic_TDA/FeatureServer/0,https://services1.arcgis.com/O1JpcwDW8sjYuddV/arcgis/rest/services/Annual_Average_Daily_Traffic_TDA/FeatureServer/0/query?where=COUNTY%3D%27Miami-Dade%27&outFields=ROADWAY%2CAADT%2CAADTFLG%2CCOUNTY%2CDISTRICT%2CYEAR_%2CDESC_FRM%2CDESC_TO%2CBEGIN_POST%2CEND_POST&returnGeometry=false&f=json
87260250,5600,C,Miami-Dade,6,2025,SR-948/NW 36 ST,SR-826 NB,0,0.153,FDOT Annual Average Daily Traffic TDA,https://services1.arcgis.com/O1JpcwDW8sjYuddV/arcgis/rest/services/Annual_Average_Daily_Traffic_TDA/FeatureServer/0,https://services1.arcgis.com/O1JpcwDW8sjYuddV/arcgis/rest/services/Annual_Average_Daily_Traffic_TDA/FeatureServer/0/query?where=COUNTY%3D%27Miami-Dade%27&outFields=ROADWAY%2CAADT%2CAADTFLG%2CCOUNTY%2CDISTRICT%2CYEAR_%2CDESC_FRM%2CDESC_TO%2CBEGIN_POST%2CEND_POST&returnGeometry=false&f=json
87260145,15000,C,Miami-Dade,6,2025,87200325 WB OFF,SR-968 / W FLAGLER S,0,0.223,FDOT Annual Average Daily Traffic TDA,https://services1.arcgis.com/O1JpcwDW8sjYuddV/arcgis/rest/services/Annual_Average_Daily_Traffic_TDA/FeatureServer/0,https://services1.arcgis.com/O1JpcwDW8sjYuddV/arcgis/rest/services/Annual_Average_Daily_Traffic_TDA/FeatureServer/0/query?where=COUNTY%3D%27Miami-Dade%27&outFields=ROADWAY%2CAADT%2CAADTFLG%2CCOUNTY%2CDISTRICT%2CYEAR_%2CDESC_FRM%2CDESC_TO%2CBEGIN_POST%2CEND_POST&returnGeometry=false&f=json
87300500,13000,C,Miami-Dade,6,2025,EB SR-924,SR-823/NW 57 AVE/RED,0,0.274,FDOT Annual Average Daily Traffic TDA,https://services1.arcgis.com/O1JpcwDW8sjYuddV/arcgis/rest/services/Annual_Average_Daily_Traffic_TDA/FeatureServer/0,https://services1.arcgis.com/O1JpcwDW8sjYuddV/arcgis/rest/services/Annual_Average_Daily_Traffic_TDA/FeatureServer/0/query?where=COUNTY%3D%27Miami-Dade%27&outFields=ROADWAY%2CAADT%2CAADTFLG%2CCOUNTY%2CDISTRICT%2CYEAR_%2CDESC_FRM%2CDESC_TO%2CBEGIN_POST%2CEND_POST&returnGeometry=false&f=json
87260000,143000,C,Miami-Dade,6,2025,Bridge No-870234,Bridge No-870239,21.008,22.004,FDOT Annual Average Daily Traffic TDA,https://services1.arcgis.com/O1JpcwDW8sjYuddV/arcgis/rest/services/Annual_Average_Daily_Traffic_TDA/FeatureServer/0,https://services1.arcgis.com/O1JpcwDW8sjYuddV/arcgis/rest/services/Annual_Average_Daily_Traffic_TDA/FeatureServer/0/query?where=COUNTY%3D%27Miami-Dade%27&outFields=ROADWAY%2CAADT%2CAADTFLG%2CCOUNTY%2CDISTRICT%2CYEAR_%2CDESC_FRM%2CDESC_TO%2CBEGIN_POST%2CEND_POST&returnGeometry=false&f=json
87270166,24000,C,Miami-Dade,6,2025,I-95/SB,SW 26 RD,0,0.194,FDOT Annual Average Daily Traffic TDA,https://services1.arcgis.com/O1JpcwDW8sjYuddV/arcgis/rest/services/Annual_Average_Daily_Traffic_TDA/FeatureServer/0,https://services1.arcgis.com/O1JpcwDW8sjYuddV/arcgis/rest/services/Annual_Average_Daily_Traffic_TDA/FeatureServer/0/query?where=COUNTY%3D%27Miami-Dade%27&outFields=ROADWAY%2CAADT%2CAADTFLG%2CCOUNTY%2CDISTRICT%2CYEAR_%2CDESC_FRM%2CDESC_TO%2CBEGIN_POST%2CEND_POST&returnGeometry=false&f=json
87270902,33000,C,Miami-Dade,6,2025,N/A,N/A,1.972,9.692,FDOT Annual Average Daily Traffic TDA,https://services1.arcgis.com/O1JpcwDW8sjYuddV/arcgis/rest/services/Annual_Average_Daily_Traffic_TDA/FeatureServer/0,https://services1.arcgis.com/O1JpcwDW8sjYuddV/arcgis/rest/services/Annual_Average_Daily_Traffic_TDA/FeatureServer/0/query?where=COUNTY%3D%27Miami-Dade%27&outFields=ROADWAY%2CAADT%2CAADTFLG%2CCOUNTY%2CDISTRICT%2CYEAR_%2CDESC_FRM%2CDESC_TO%2CBEGIN_POST%2CEND_POST&returnGeometry=false&f=json
87270000,203000,C,Miami-Dade,6,2025,N/A,87270191 NB ON,6.359,7.487,FDOT Annual Average Daily Traffic TDA,https://services1.arcgis.com/O1JpcwDW8sjYuddV/arcgis/rest/services/Annual_Average_Daily_Traffic_TDA/FeatureServer/0,https://services1.arcgis.com/O1JpcwDW8sjYuddV/arcgis/rest/services/Annual_Average_Daily_Traffic_TDA/FeatureServer/0/query?where=COUNTY%3D%27Miami-Dade%27&outFields=ROADWAY%2CAADT%2CAADTFLG%2CCOUNTY%2CDISTRICT%2CYEAR_%2CDESC_FRM%2CDESC_TO%2CBEGIN_POST%2CEND_POST&returnGeometry=false&f=json
87300509,7400,C,Miami-Dade,6,2025,NW 42 AV-37 AV CONN/,EB SR-924,0,0.28,FDOT Annual Average Daily Traffic TDA,https://services1.arcgis.com/O1JpcwDW8sjYuddV/arcgis/rest/services/Annual_Average_Daily_Traffic_TDA/FeatureServer/0,https://services1.arcgis.com/O1JpcwDW8sjYuddV/arcgis/rest/services/Annual_Average_Daily_Traffic_TDA/FeatureServer/0/query?where=COUNTY%3D%27Miami-Dade%27&outFields=ROADWAY%2CAADT%2CAADTFLG%2CCOUNTY%2CDISTRICT%2CYEAR_%2CDESC_FRM%2CDESC_TO%2CBEGIN_POST%2CEND_POST&returnGeometry=false&f=json
87270220,17500,C,Miami-Dade,6,2025,NB I-95,EB NE 203 ST,0,0.446,FDOT Annual Average Daily Traffic TDA,https://services1.arcgis.com/O1JpcwDW8sjYuddV/arcgis/rest/services/Annual_Average_Daily_Traffic_TDA/FeatureServer/0,https://services1.arcgis.com/O1JpcwDW8sjYuddV/arcgis/rest/services/Annual_Average_Daily_Traffic_TDA/FeatureServer/0/query?where=COUNTY%3D%27Miami-Dade%27&outFields=ROADWAY%2CAADT%2CAADTFLG%2CCOUNTY%2CDISTRICT%2CYEAR_%2CDESC_FRM%2CDESC_TO%2CBEGIN_POST%2CEND_POST&returnGeometry=false&f=json
87260402,13000,C,Miami-Dade,6,2025,SR-934/NW 74 ST,SR-826/PALMETTO,0,0.138,FDOT Annual Average Daily Traffic TDA,https://services1.arcgis.com/O1JpcwDW8sjYuddV/arcgis/rest/services/Annual_Average_Daily_Traffic_TDA/FeatureServer/0,https://services1.arcgis.com/O1JpcwDW8sjYuddV/arcgis/rest/services/Annual_Average_Daily_Traffic_TDA/FeatureServer/0/query?where=COUNTY%3D%27Miami-Dade%27&outFields=ROADWAY%2CAADT%2CAADTFLG%2CCOUNTY%2CDISTRICT%2CYEAR_%2CDESC_FRM%2CDESC_TO%2CBEGIN_POST%2CEND_POST&returnGeometry=false&f=json
87260127,3300,F,Miami-Dade,6,2025,SR-986 / SW 72 ST,SB SR-826,0,0.14,FDOT Annual Average Daily Traffic TDA,https://services1.arcgis.com/O1JpcwDW8sjYuddV/arcgis/rest/services/Annual_Average_Daily_Traffic_TDA/FeatureServer/0,https://services1.arcgis.com/O1JpcwDW8sjYuddV/arcgis/rest/services/Annual_Average_Daily_Traffic_TDA/FeatureServer/0/query?where=COUNTY%3D%27Miami-Dade%27&outFields=ROADWAY%2CAADT%2CAADTFLG%2CCOUNTY%2CDISTRICT%2CYEAR_%2CDESC_FRM%2CDESC_TO%2CBEGIN_POST%2CEND_POST&returnGeometry=false&f=json
87270221,28500,C,Miami-Dade,6,2025,SB I-95,NE 203 ST,0,0.235,FDOT Annual Average Daily Traffic TDA,https://services1.arcgis.com/O1JpcwDW8sjYuddV/arcgis/rest/services/Annual_Average_Daily_Traffic_TDA/FeatureServer/0,https://services1.arcgis.com/O1JpcwDW8sjYuddV/arcgis/rest/services/Annual_Average_Daily_Traffic_TDA/FeatureServer/0/query?where=COUNTY%3D%27Miami-Dade%27&outFields=ROADWAY%2CAADT%2CAADTFLG%2CCOUNTY%2CDISTRICT%2CYEAR_%2CDESC_FRM%2CDESC_TO%2CBEGIN_POST%2CEND_POST&returnGeometry=false&f=json
87260000,53500,E,Miami-Dade,6,2025,OFF RAMP 87260518,SR7/US 441/NW 2 AVE,24.131,24.708,FDOT Annual Average Daily Traffic TDA,https://services1.arcgis.com/O1JpcwDW8sjYuddV/arcgis/rest/services/Annual_Average_Daily_Traffic_TDA/FeatureServer/0,https://services1.arcgis.com/O1JpcwDW8sjYuddV/arcgis/rest/services/Annual_Average_Daily_Traffic_TDA/FeatureServer/0/query?where=COUNTY%3D%27Miami-Dade%27&outFields=ROADWAY%2CAADT%2CAADTFLG%2CCOUNTY%2CDISTRICT%2CYEAR_%2CDESC_FRM%2CDESC_TO%2CBEGIN_POST%2CEND_POST&returnGeometry=false&f=json
87281229,14000,F,Miami-Dade,6,2025,87281224 NB TO AIRPO,SR 953/LE JEUNE RD,0,0.034,FDOT Annual Average Daily Traffic TDA,https://services1.arcgis.com/O1JpcwDW8sjYuddV/arcgis/rest/services/Annual_Average_Daily_Traffic_TDA/FeatureServer/0,https://services1.arcgis.com/O1JpcwDW8sjYuddV/arcgis/rest/services/Annual_Average_Daily_Traffic_TDA/FeatureServer/0/query?where=COUNTY%3D%27Miami-Dade%27&outFields=ROADWAY%2CAADT%2CAADTFLG%2CCOUNTY%2CDISTRICT%2CYEAR_%2CDESC_FRM%2CDESC_TO%2CBEGIN_POST%2CEND_POST&returnGeometry=false&f=json
87260152,2000,C,Miami-Dade,6,2025,SR-932/NW103ST/W49ST,N/A,0,0.289,FDOT Annual Average Daily Traffic TDA,https://services1.arcgis.com/O1JpcwDW8sjYuddV/arcgis/rest/services/Annual_Average_Daily_Traffic_TDA/FeatureServer/0,https://services1.arcgis.com/O1JpcwDW8sjYuddV/arcgis/rest/services/Annual_Average_Daily_Traffic_TDA/FeatureServer/0/query?where=COUNTY%3D%27Miami-Dade%27&outFields=ROADWAY%2CAADT%2CAADTFLG%2CCOUNTY%2CDISTRICT%2CYEAR_%2CDESC_FRM%2CDESC_TO%2CBEGIN_POST%2CEND_POST&returnGeometry=false&f=json
87300000,59500,C,Miami-Dade,6,2025,Bridge No-870721,Bridge No-870739,2.016,4.097,FDOT Annual Average Daily Traffic TDA,https://services1.arcgis.com/O1JpcwDW8sjYuddV/arcgis/rest/services/Annual_Average_Daily_Traffic_TDA/FeatureServer/0,https://services1.arcgis.com/O1JpcwDW8sjYuddV/arcgis/rest/services/Annual_Average_Daily_Traffic_TDA/FeatureServer/0/query?where=COUNTY%3D%27Miami-Dade%27&outFields=ROADWAY%2CAADT%2CAADTFLG%2CCOUNTY%2CDISTRICT%2CYEAR_%2CDESC_FRM%2CDESC_TO%2CBEGIN_POST%2CEND_POST&returnGeometry=false&f=json
87260003,16000,F,Miami-Dade,6,2025,SB SR-826,SR-94 / N KENDALL DR,0,0.281,FDOT Annual Average Daily Traffic TDA,https://services1.arcgis.com/O1JpcwDW8sjYuddV/arcgis/rest/services/Annual_Average_Daily_Traffic_TDA/FeatureServer/0,https://services1.arcgis.com/O1JpcwDW8sjYuddV/arcgis/rest/services/Annual_Average_Daily_Traffic_TDA/FeatureServer/0/query?where=COUNTY%3D%27Miami-Dade%27&outFields=ROADWAY%2CAADT%2CAADTFLG%2CCOUNTY%2CDISTRICT%2CYEAR_%2CDESC_FRM%2CDESC_TO%2CBEGIN_POST%2CEND_POST&returnGeometry=false&f=json
87270130,425,S,Miami-Dade,6,2025,NW 94 ST,N/A,0.227,0.388,FDOT Annual Average Daily Traffic TDA,https://services1.arcgis.com/O1JpcwDW8sjYuddV/arcgis/rest/services/Annual_Average_Daily_Traffic_TDA/FeatureServer/0,https://services1.arcgis.com/O1JpcwDW8sjYuddV/arcgis/rest/services/Annual_Average_Daily_Traffic_TDA/FeatureServer/0/query?where=COUNTY%3D%27Miami-Dade%27&outFields=ROADWAY%2CAADT%2CAADTFLG%2CCOUNTY%2CDISTRICT%2CYEAR_%2CDESC_FRM%2CDESC_TO%2CBEGIN_POST%2CEND_POST&returnGeometry=false&f=json
87281000,34500,C,Miami-Dade,6,2025,SR- 934/E 25 ST,SR-932 / E 49 ST,8.185,9.706,FDOT Annual Average Daily Traffic TDA,https://services1.arcgis.com/O1JpcwDW8sjYuddV/arcgis/rest/services/Annual_Average_Daily_Traffic_TDA/FeatureServer/0,https://services1.arcgis.com/O1JpcwDW8sjYuddV/arcgis/rest/services/Annual_Average_Daily_Traffic_TDA/FeatureServer/0/query?where=COUNTY%3D%27Miami-Dade%27&outFields=ROADWAY%2CAADT%2CAADTFLG%2CCOUNTY%2CDISTRICT%2CYEAR_%2CDESC_FRM%2CDESC_TO%2CBEGIN_POST%2CEND_POST&returnGeometry=false&f=json
87260515,39500,S,Miami-Dade,6,2025,SR-826/PALMETTO,I-95 SB,0,0.106,FDOT Annual Average Daily Traffic TDA,https://services1.arcgis.com/O1JpcwDW8sjYuddV/arcgis/rest/services/Annual_Average_Daily_Traffic_TDA/FeatureServer/0,https://services1.arcgis.com/O1JpcwDW8sjYuddV/arcgis/rest/services/Annual_Average_Daily_Traffic_TDA/FeatureServer/0/query?where=COUNTY%3D%27Miami-Dade%27&outFields=ROADWAY%2CAADT%2CAADTFLG%2CCOUNTY%2CDISTRICT%2CYEAR_%2CDESC_FRM%2CDESC_TO%2CBEGIN_POST%2CEND_POST&returnGeometry=false&f=json
87270198,8300,C,Miami-Dade,6,2025,I-95 NB,NW 103 ST,0,0.128,FDOT Annual Average Daily Traffic TDA,https://services1.arcgis.com/O1JpcwDW8sjYuddV/arcgis/rest/services/Annual_Average_Daily_Traffic_TDA/FeatureServer/0,https://services1.arcgis.com/O1JpcwDW8sjYuddV/arcgis/rest/services/Annual_Average_Daily_Traffic_TDA/FeatureServer/0/query?where=COUNTY%3D%27Miami-Dade%27&outFields=ROADWAY%2CAADT%2CAADTFLG%2CCOUNTY%2CDISTRICT%2CYEAR_%2CDESC_FRM%2CDESC_TO%2CBEGIN_POST%2CEND_POST&returnGeometry=false&f=json
87270208,5000,E,Miami-Dade,6,2025,I-95/NB,NW 6 AVE/NB,0,0.047,FDOT Annual Average Daily Traffic TDA,https://services1.arcgis.com/O1JpcwDW8sjYuddV/arcgis/rest/services/Annual_Average_Daily_Traffic_TDA/FeatureServer/0,https://services1.arcgis.com/O1JpcwDW8sjYuddV/arcgis/rest/services/Annual_Average_Daily_Traffic_TDA/FeatureServer/0/query?where=COUNTY%3D%27Miami-Dade%27&outFields=ROADWAY%2CAADT%2CAADTFLG%2CCOUNTY%2CDISTRICT%2CYEAR_%2CDESC_FRM%2CDESC_TO%2CBEGIN_POST%2CEND_POST&returnGeometry=false&f=json
87260397,13000,C,Miami-Dade,6,2025,SR-934/NW 74 ST,SR-826/PALMETTO,0,0.13,FDOT Annual Average Daily Traffic TDA,https://services1.arcgis.com/O1JpcwDW8sjYuddV/arcgis/rest/services/Annual_Average_Daily_Traffic_TDA/FeatureServer/0,https://services1.arcgis.com/O1JpcwDW8sjYuddV/arcgis/rest/services/Annual_Average_Daily_Traffic_TDA/FeatureServer/0/query?where=COUNTY%3D%27Miami-Dade%27&outFields=ROADWAY%2CAADT%2CAADTFLG%2CCOUNTY%2CDISTRICT%2CYEAR_%2CDESC_FRM%2CDESC_TO%2CBEGIN_POST%2CEND_POST&returnGeometry=false&f=json
87260130,20000,F,Miami-Dade,6,2025,SR-986 / SW 72  ST,NB SR-826,0,0.15,FDOT Annual Average Daily Traffic TDA,https://services1.arcgis.com/O1JpcwDW8sjYuddV/arcgis/rest/services/Annual_Average_Daily_Traffic_TDA/FeatureServer/0,https://services1.arcgis.com/O1JpcwDW8sjYuddV/arcgis/rest/services/Annual_Average_Daily_Traffic_TDA/FeatureServer/0/query?where=COUNTY%3D%27Miami-Dade%27&outFields=ROADWAY%2CAADT%2CAADTFLG%2CCOUNTY%2CDISTRICT%2CYEAR_%2CDESC_FRM%2CDESC_TO%2CBEGIN_POST%2CEND_POST&returnGeometry=false&f=json
87270400,170,S,Miami-Dade,6,2025,NW 107 ST,NW 111 ST,0,0.248,FDOT Annual Average Daily Traffic TDA,https://services1.arcgis.com/O1JpcwDW8sjYuddV/arcgis/rest/services/Annual_Average_Daily_Traffic_TDA/FeatureServer/0,https://services1.arcgis.com/O1JpcwDW8sjYuddV/arcgis/rest/services/Annual_Average_Daily_Traffic_TDA/FeatureServer/0/query?where=COUNTY%3D%27Miami-Dade%27&outFields=ROADWAY%2CAADT%2CAADTFLG%2CCOUNTY%2CDISTRICT%2CYEAR_%2CDESC_FRM%2CDESC_TO%2CBEGIN_POST%2CEND_POST&returnGeometry=false&f=json
87260000,143500,C,Miami-Dade,6,2025,Bridge No-870253,Bridge No-870051,18.979,20.005,FDOT Annual Average Daily Traffic TDA,https://services1.arcgis.com/O1JpcwDW8sjYuddV/arcgis/rest/services/Annual_Average_Daily_Traffic_TDA/FeatureServer/0,https://services1.arcgis.com/O1JpcwDW8sjYuddV/arcgis/rest/services/Annual_Average_Daily_Traffic_TDA/FeatureServer/0/query?where=COUNTY%3D%27Miami-Dade%27&outFields=ROADWAY%2CAADT%2CAADTFLG%2CCOUNTY%2CDISTRICT%2CYEAR_%2CDESC_FRM%2CDESC_TO%2CBEGIN_POST%2CEND_POST&returnGeometry=false&f=json
87270181,26000,T,Miami-Dade,6,2025,87004004 WB OFF,I-95 NB,0,0.446,FDOT Annual Average Daily Traffic TDA,https://services1.arcgis.com/O1JpcwDW8sjYuddV/arcgis/rest/services/Annual_Average_Daily_Traffic_TDA/FeatureServer/0,https://services1.arcgis.com/O1JpcwDW8sjYuddV/arcgis/rest/services/Annual_Average_Daily_Traffic_TDA/FeatureServer/0/query?where=COUNTY%3D%27Miami-Dade%27&outFields=ROADWAY%2CAADT%2CAADTFLG%2CCOUNTY%2CDISTRICT%2CYEAR_%2CDESC_FRM%2CDESC_TO%2CBEGIN_POST%2CEND_POST&returnGeometry=false&f=json
87281000,51500,C,Miami-Dade,6,2025,SR-836 / EB,N/A,4.048,4.794,FDOT Annual Average Daily Traffic TDA,https://services1.arcgis.com/O1JpcwDW8sjYuddV/arcgis/rest/services/Annual_Average_Daily_Traffic_TDA/FeatureServer/0,https://services1.arcgis.com/O1JpcwDW8sjYuddV/arcgis/rest/services/Annual_Average_Daily_Traffic_TDA/FeatureServer/0/query?where=COUNTY%3D%27Miami-Dade%27&outFields=ROADWAY%2CAADT%2CAADTFLG%2CCOUNTY%2CDISTRICT%2CYEAR_%2CDESC_FRM%2CDESC_TO%2CBEGIN_POST%2CEND_POST&returnGeometry=false&f=json
87260901,14500,C,Miami-Dade,6,2025,N/A,SR 826 NB,5.586,7.872,FDOT Annual Average Daily Traffic TDA,https://services1.arcgis.com/O1JpcwDW8sjYuddV/arcgis/rest/services/Annual_Average_Daily_Traffic_TDA/FeatureServer/0,https://services1.arcgis.com/O1JpcwDW8sjYuddV/arcgis/rest/services/Annual_Average_Daily_Traffic_TDA/FeatureServer/0/query?where=COUNTY%3D%27Miami-Dade%27&outFields=ROADWAY%2CAADT%2CAADTFLG%2CCOUNTY%2CDISTRICT%2CYEAR_%2CDESC_FRM%2CDESC_TO%2CBEGIN_POST%2CEND_POST&returnGeometry=false&f=json
87260241,13000,F,Miami-Dade,6,2025,SB SR-826,87260235 SB ON,0,0.049,FDOT Annual Average Daily Traffic TDA,https://services1.arcgis.com/O1JpcwDW8sjYuddV/arcgis/rest/services/Annual_Average_Daily_Traffic_TDA/FeatureServer/0,https://services1.arcgis.com/O1JpcwDW8sjYuddV/arcgis/rest/services/Annual_Average_Daily_Traffic_TDA/FeatureServer/0/query?where=COUNTY%3D%27Miami-Dade%27&outFields=ROADWAY%2CAADT%2CAADTFLG%2CCOUNTY%2CDISTRICT%2CYEAR_%2CDESC_FRM%2CDESC_TO%2CBEGIN_POST%2CEND_POST&returnGeometry=false&f=json
87270196,9100,C,Miami-Dade,6,2025,NW 103 ST,I-95/SB,0,0.132,FDOT Annual Average Daily Traffic TDA,https://services1.arcgis.com/O1JpcwDW8sjYuddV/arcgis/rest/services/Annual_Average_Daily_Traffic_TDA/FeatureServer/0,https://services1.arcgis.com/O1JpcwDW8sjYuddV/arcgis/rest/services/Annual_Average_Daily_Traffic_TDA/FeatureServer/0/query?where=COUNTY%3D%27Miami-Dade%27&outFields=ROADWAY%2CAADT%2CAADTFLG%2CCOUNTY%2CDISTRICT%2CYEAR_%2CDESC_FRM%2CDESC_TO%2CBEGIN_POST%2CEND_POST&returnGeometry=false&f=json
87260500,3300,F,Miami-Dade,6,2025, , ,0,0.785,FDOT Annual Average Daily Traffic TDA,https://services1.arcgis.com/O1JpcwDW8sjYuddV/arcgis/rest/services/Annual_Average_Daily_Traffic_TDA/FeatureServer/0,https://services1.arcgis.com/O1JpcwDW8sjYuddV/arcgis/rest/services/Annual_Average_Daily_Traffic_TDA/FeatureServer/0/query?where=COUNTY%3D%27Miami-Dade%27&outFields=ROADWAY%2CAADT%2CAADTFLG%2CCOUNTY%2CDISTRICT%2CYEAR_%2CDESC_FRM%2CDESC_TO%2CBEGIN_POST%2CEND_POST&returnGeometry=false&f=json
87260233,5700,F,Miami-Dade,6,2025,NB SR-826/PALMETTO,SW 56 ST / MILLER DR,0,0.27,FDOT Annual Average Daily Traffic TDA,https://services1.arcgis.com/O1JpcwDW8sjYuddV/arcgis/rest/services/Annual_Average_Daily_Traffic_TDA/FeatureServer/0,https://services1.arcgis.com/O1JpcwDW8sjYuddV/arcgis/rest/services/Annual_Average_Daily_Traffic_TDA/FeatureServer/0/query?where=COUNTY%3D%27Miami-Dade%27&outFields=ROADWAY%2CAADT%2CAADTFLG%2CCOUNTY%2CDISTRICT%2CYEAR_%2CDESC_FRM%2CDESC_TO%2CBEGIN_POST%2CEND_POST&returnGeometry=false&f=json
87260530,2200,C,Miami-Dade,6,2025,NW 37 AVE/DOUGLAS RD,NW 47 AVE,0,0.982,FDOT Annual Average Daily Traffic TDA,https://services1.arcgis.com/O1JpcwDW8sjYuddV/arcgis/rest/services/Annual_Average_Daily_Traffic_TDA/FeatureServer/0,https://services1.arcgis.com/O1JpcwDW8sjYuddV/arcgis/rest/services/Annual_Average_Daily_Traffic_TDA/FeatureServer/0/query?where=COUNTY%3D%27Miami-Dade%27&outFields=ROADWAY%2CAADT%2CAADTFLG%2CCOUNTY%2CDISTRICT%2CYEAR_%2CDESC_FRM%2CDESC_TO%2CBEGIN_POST%2CEND_POST&returnGeometry=false&f=json
87260520,3000,E,Miami-Dade,6,2025,SR-7/US 441,SR-826 / NW 7 SVE,0,0.012,FDOT Annual Average Daily Traffic TDA,https://services1.arcgis.com/O1JpcwDW8sjYuddV/arcgis/rest/services/Annual_Average_Daily_Traffic_TDA/FeatureServer/0,https://services1.arcgis.com/O1JpcwDW8sjYuddV/arcgis/rest/services/Annual_Average_Daily_Traffic_TDA/FeatureServer/0/query?where=COUNTY%3D%27Miami-Dade%27&outFields=ROADWAY%2CAADT%2CAADTFLG%2CCOUNTY%2CDISTRICT%2CYEAR_%2CDESC_FRM%2CDESC_TO%2CBEGIN_POST%2CEND_POST&returnGeometry=false&f=json
87281000,50500,C,Miami-Dade,6,2025,SR-948 / NW 36 ST,US-27/OKEECHOBEE RD,5.646,5.804,FDOT Annual Average Daily Traffic TDA,https://services1.arcgis.com/O1JpcwDW8sjYuddV/arcgis/rest/services/Annual_Average_Daily_Traffic_TDA/FeatureServer/0,https://services1.arcgis.com/O1JpcwDW8sjYuddV/arcgis/rest/services/Annual_Average_Daily_Traffic_TDA/FeatureServer/0/query?where=COUNTY%3D%27Miami-Dade%27&outFields=ROADWAY%2CAADT%2CAADTFLG%2CCOUNTY%2CDISTRICT%2CYEAR_%2CDESC_FRM%2CDESC_TO%2CBEGIN_POST%2CEND_POST&returnGeometry=false&f=json
87260514,6900,C,Miami-Dade,6,2025,EB NW 167 ST,EB SR- 826,0,0.029,FDOT Annual Average Daily Traffic TDA,https://services1.arcgis.com/O1JpcwDW8sjYuddV/arcgis/rest/services/Annual_Average_Daily_Traffic_TDA/FeatureServer/0,https://services1.arcgis.com/O1JpcwDW8sjYuddV/arcgis/rest/services/Annual_Average_Daily_Traffic_TDA/FeatureServer/0/query?where=COUNTY%3D%27Miami-Dade%27&outFields=ROADWAY%2CAADT%2CAADTFLG%2CCOUNTY%2CDISTRICT%2CYEAR_%2CDESC_FRM%2CDESC_TO%2CBEGIN_POST%2CEND_POST&returnGeometry=false&f=json
87270511,12000,C,Miami-Dade,6,2025,NW 6 AVE/NB,I-95/NB,0,0.047,FDOT Annual Average Daily Traffic TDA,https://services1.arcgis.com/O1JpcwDW8sjYuddV/arcgis/rest/services/Annual_Average_Daily_Traffic_TDA/FeatureServer/0,https://services1.arcgis.com/O1JpcwDW8sjYuddV/arcgis/rest/services/Annual_Average_Daily_Traffic_TDA/FeatureServer/0/query?where=COUNTY%3D%27Miami-Dade%27&outFields=ROADWAY%2CAADT%2CAADTFLG%2CCOUNTY%2CDISTRICT%2CYEAR_%2CDESC_FRM%2CDESC_TO%2CBEGIN_POST%2CEND_POST&returnGeometry=false&f=json
87270184,12000,C,Miami-Dade,6,2025,I-95/SB,NW 62 ST,0,0.151,FDOT Annual Average Daily Traffic TDA,https://services1.arcgis.com/O1JpcwDW8sjYuddV/arcgis/rest/services/Annual_Average_Daily_Traffic_TDA/FeatureServer/0,https://services1.arcgis.com/O1JpcwDW8sjYuddV/arcgis/rest/services/Annual_Average_Daily_Traffic_TDA/FeatureServer/0/query?where=COUNTY%3D%27Miami-Dade%27&outFields=ROADWAY%2CAADT%2CAADTFLG%2CCOUNTY%2CDISTRICT%2CYEAR_%2CDESC_FRM%2CDESC_TO%2CBEGIN_POST%2CEND_POST&returnGeometry=false&f=json
87270216,13000,F,Miami-Dade,6,2025,SB I-95,NW 183 ST,0,0.302,FDOT Annual Average Daily Traffic TDA,https://services1.arcgis.com/O1JpcwDW8sjYuddV/arcgis/rest/services/Annual_Average_Daily_Traffic_TDA/FeatureServer/0,https://services1.arcgis.com/O1JpcwDW8sjYuddV/arcgis/rest/services/Annual_Average_Daily_Traffic_TDA/FeatureServer/0/query?where=COUNTY%3D%27Miami-Dade%27&outFields=ROADWAY%2CAADT%2CAADTFLG%2CCOUNTY%2CDISTRICT%2CYEAR_%2CDESC_FRM%2CDESC_TO%2CBEGIN_POST%2CEND_POST&returnGeometry=false&f=json
87270000,188500,C,Miami-Dade,6,2025,Bridge No-870449,N/A,14.404,14.675,FDOT Annual Average Daily Traffic TDA,https://services1.arcgis.com/O1JpcwDW8sjYuddV/arcgis/rest/services/Annual_Average_Daily_Traffic_TDA/FeatureServer/0,https://services1.arcgis.com/O1JpcwDW8sjYuddV/arcgis/rest/services/Annual_Average_Daily_Traffic_TDA/FeatureServer/0/query?where=COUNTY%3D%27Miami-Dade%27&outFields=ROADWAY%2CAADT%2CAADTFLG%2CCOUNTY%2CDISTRICT%2CYEAR_%2CDESC_FRM%2CDESC_TO%2CBEGIN_POST%2CEND_POST&returnGeometry=false&f=json
87260000,145000,C,Miami-Dade,6,2025,ON RAMP 87260337,Bridge No-870253,18.799,18.979,FDOT Annual Average Daily Traffic TDA,https://services1.arcgis.com/O1JpcwDW8sjYuddV/arcgis/rest/services/Annual_Average_Daily_Traffic_TDA/FeatureServer/0,https://services1.arcgis.com/O1JpcwDW8sjYuddV/arcgis/rest/services/Annual_Average_Daily_Traffic_TDA/FeatureServer/0/query?where=COUNTY%3D%27Miami-Dade%27&outFields=ROADWAY%2CAADT%2CAADTFLG%2CCOUNTY%2CDISTRICT%2CYEAR_%2CDESC_FRM%2CDESC_TO%2CBEGIN_POST%2CEND_POST&returnGeometry=false&f=json
87270178,12000,C,Miami-Dade,6,2025,87004002 SB OFF,I-95/SB,0,0.508,FDOT Annual Average Daily Traffic TDA,https://services1.arcgis.com/O1JpcwDW8sjYuddV/arcgis/rest/services/Annual_Average_Daily_Traffic_TDA/FeatureServer/0,https://services1.arcgis.com/O1JpcwDW8sjYuddV/arcgis/rest/services/Annual_Average_Daily_Traffic_TDA/FeatureServer/0/query?where=COUNTY%3D%27Miami-Dade%27&outFields=ROADWAY%2CAADT%2CAADTFLG%2CCOUNTY%2CDISTRICT%2CYEAR_%2CDESC_FRM%2CDESC_TO%2CBEGIN_POST%2CEND_POST&returnGeometry=false&f=json
87270901,35000,C,Miami-Dade,6,2025,N/A,Bridge No-870431,2.2,2.83,FDOT Annual Average Daily Traffic TDA,https://services1.arcgis.com/O1JpcwDW8sjYuddV/arcgis/rest/services/Annual_Average_Daily_Traffic_TDA/FeatureServer/0,https://services1.arcgis.com/O1JpcwDW8sjYuddV/arcgis/rest/services/Annual_Average_Daily_Traffic_TDA/FeatureServer/0/query?where=COUNTY%3D%27Miami-Dade%27&outFields=ROADWAY%2CAADT%2CAADTFLG%2CCOUNTY%2CDISTRICT%2CYEAR_%2CDESC_FRM%2CDESC_TO%2CBEGIN_POST%2CEND_POST&returnGeometry=false&f=json
87260600,1500,E,Miami-Dade,6,2025,SR-817/NW 27 AVE,NW 17 AVE,0,1.007,FDOT Annual Average Daily Traffic TDA,https://services1.arcgis.com/O1JpcwDW8sjYuddV/arcgis/rest/services/Annual_Average_Daily_Traffic_TDA/FeatureServer/0,https://services1.arcgis.com/O1JpcwDW8sjYuddV/arcgis/rest/services/Annual_Average_Daily_Traffic_TDA/FeatureServer/0/query?where=COUNTY%3D%27Miami-Dade%27&outFields=ROADWAY%2CAADT%2CAADTFLG%2CCOUNTY%2CDISTRICT%2CYEAR_%2CDESC_FRM%2CDESC_TO%2CBEGIN_POST%2CEND_POST&returnGeometry=false&f=json
87260235,16500,F,Miami-Dade,6,2025,SR-976/SW 40 ST,SB SR 826,0,0.927,FDOT Annual Average Daily Traffic TDA,https://services1.arcgis.com/O1JpcwDW8sjYuddV/arcgis/rest/services/Annual_Average_Daily_Traffic_TDA/FeatureServer/0,https://services1.arcgis.com/O1JpcwDW8sjYuddV/arcgis/rest/services/Annual_Average_Daily_Traffic_TDA/FeatureServer/0/query?where=COUNTY%3D%27Miami-Dade%27&outFields=ROADWAY%2CAADT%2CAADTFLG%2CCOUNTY%2CDISTRICT%2CYEAR_%2CDESC_FRM%2CDESC_TO%2CBEGIN_POST%2CEND_POST&returnGeometry=false&f=json
87300502,3000,C,Miami-Dade,6,2025,SR-823/NW 57 AVE/RED,EB SR-924,0,0.194,FDOT Annual Average Daily Traffic TDA,https://services1.arcgis.com/O1JpcwDW8sjYuddV/arcgis/rest/services/Annual_Average_Daily_Traffic_TDA/FeatureServer/0,https://services1.arcgis.com/O1JpcwDW8sjYuddV/arcgis/rest/services/Annual_Average_Daily_Traffic_TDA/FeatureServer/0/query?where=COUNTY%3D%27Miami-Dade%27&outFields=ROADWAY%2CAADT%2CAADTFLG%2CCOUNTY%2CDISTRICT%2CYEAR_%2CDESC_FRM%2CDESC_TO%2CBEGIN_POST%2CEND_POST&returnGeometry=false&f=json
87270193,7600,C,Miami-Dade,6,2025,I-95/NB,NW 6 AVE/NB,0,0.1,FDOT Annual Average Daily Traffic TDA,https://services1.arcgis.com/O1JpcwDW8sjYuddV/arcgis/rest/services/Annual_Average_Daily_Traffic_TDA/FeatureServer/0,https://services1.arcgis.com/O1JpcwDW8sjYuddV/arcgis/rest/services/Annual_Average_Daily_Traffic_TDA/FeatureServer/0/query?where=COUNTY%3D%27Miami-Dade%27&outFields=ROADWAY%2CAADT%2CAADTFLG%2CCOUNTY%2CDISTRICT%2CYEAR_%2CDESC_FRM%2CDESC_TO%2CBEGIN_POST%2CEND_POST&returnGeometry=false&f=json
87260527,9000,C,Miami-Dade,6,2025,NW 67 AVE/ LUDLAM RD,SR-823 / NW 57 AVE,0,1.008,FDOT Annual Average Daily Traffic TDA,https://services1.arcgis.com/O1JpcwDW8sjYuddV/arcgis/rest/services/Annual_Average_Daily_Traffic_TDA/FeatureServer/0,https://services1.arcgis.com/O1JpcwDW8sjYuddV/arcgis/rest/services/Annual_Average_Daily_Traffic_TDA/FeatureServer/0/query?where=COUNTY%3D%27Miami-Dade%27&outFields=ROADWAY%2CAADT%2CAADTFLG%2CCOUNTY%2CDISTRICT%2CYEAR_%2CDESC_FRM%2CDESC_TO%2CBEGIN_POST%2CEND_POST&returnGeometry=false&f=json
87270510,10000,C,Miami-Dade,6,2025,I-95/SB,NW 125 ST,0,0.131,FDOT Annual Average Daily Traffic TDA,https://services1.arcgis.com/O1JpcwDW8sjYuddV/arcgis/rest/services/Annual_Average_Daily_Traffic_TDA/FeatureServer/0,https://services1.arcgis.com/O1JpcwDW8sjYuddV/arcgis/rest/services/Annual_Average_Daily_Traffic_TDA/FeatureServer/0/query?where=COUNTY%3D%27Miami-Dade%27&outFields=ROADWAY%2CAADT%2CAADTFLG%2CCOUNTY%2CDISTRICT%2CYEAR_%2CDESC_FRM%2CDESC_TO%2CBEGIN_POST%2CEND_POST&returnGeometry=false&f=json
87270187,4000,C,Miami-Dade,6,2025,NW 5 CT,I-95/NB,0,0.034,FDOT Annual Average Daily Traffic TDA,https://services1.arcgis.com/O1JpcwDW8sjYuddV/arcgis/rest/services/Annual_Average_Daily_Traffic_TDA/FeatureServer/0,https://services1.arcgis.com/O1JpcwDW8sjYuddV/arcgis/rest/services/Annual_Average_Daily_Traffic_TDA/FeatureServer/0/query?where=COUNTY%3D%27Miami-Dade%27&outFields=ROADWAY%2CAADT%2CAADTFLG%2CCOUNTY%2CDISTRICT%2CYEAR_%2CDESC_FRM%2CDESC_TO%2CBEGIN_POST%2CEND_POST&returnGeometry=false&f=json
87260129,3900,F,Miami-Dade,6,2025,NB SR-826,EB SR-986 / SW 72 ST,0,0.179,FDOT Annual Average Daily Traffic TDA,https://services1.arcgis.com/O1JpcwDW8sjYuddV/arcgis/rest/services/Annual_Average_Daily_Traffic_TDA/FeatureServer/0,https://services1.arcgis.com/O1JpcwDW8sjYuddV/arcgis/rest/services/Annual_Average_Daily_Traffic_TDA/FeatureServer/0/query?where=COUNTY%3D%27Miami-Dade%27&outFields=ROADWAY%2CAADT%2CAADTFLG%2CCOUNTY%2CDISTRICT%2CYEAR_%2CDESC_FRM%2CDESC_TO%2CBEGIN_POST%2CEND_POST&returnGeometry=false&f=json
87270171,22500,C,Miami-Dade,6,2025,I-95/SB,SW 4 AVE/SB,0,0.572,FDOT Annual Average Daily Traffic TDA,https://services1.arcgis.com/O1JpcwDW8sjYuddV/arcgis/rest/services/Annual_Average_Daily_Traffic_TDA/FeatureServer/0,https://services1.arcgis.com/O1JpcwDW8sjYuddV/arcgis/rest/services/Annual_Average_Daily_Traffic_TDA/FeatureServer/0/query?where=COUNTY%3D%27Miami-Dade%27&outFields=ROADWAY%2CAADT%2CAADTFLG%2CCOUNTY%2CDISTRICT%2CYEAR_%2CDESC_FRM%2CDESC_TO%2CBEGIN_POST%2CEND_POST&returnGeometry=false&f=json
87270130,850,S,Miami-Dade,6,2025,N/A,NW 102 ST,0.388,0.735,FDOT Annual Average Daily Traffic TDA,https://services1.arcgis.com/O1JpcwDW8sjYuddV/arcgis/rest/services/Annual_Average_Daily_Traffic_TDA/FeatureServer/0,https://services1.arcgis.com/O1JpcwDW8sjYuddV/arcgis/rest/services/Annual_Average_Daily_Traffic_TDA/FeatureServer/0/query?where=COUNTY%3D%27Miami-Dade%27&outFields=ROADWAY%2CAADT%2CAADTFLG%2CCOUNTY%2CDISTRICT%2CYEAR_%2CDESC_FRM%2CDESC_TO%2CBEGIN_POST%2CEND_POST&returnGeometry=false&f=json
87281000,20500,C,Miami-Dade,6,2025,E 65 ST/NW 119 ST,SR-916 / NW 135 ST,10.707,11.735,FDOT Annual Average Daily Traffic TDA,https://services1.arcgis.com/O1JpcwDW8sjYuddV/arcgis/rest/services/Annual_Average_Daily_Traffic_TDA/FeatureServer/0,https://services1.arcgis.com/O1JpcwDW8sjYuddV/arcgis/rest/services/Annual_Average_Daily_Traffic_TDA/FeatureServer/0/query?where=COUNTY%3D%27Miami-Dade%27&outFields=ROADWAY%2CAADT%2CAADTFLG%2CCOUNTY%2CDISTRICT%2CYEAR_%2CDESC_FRM%2CDESC_TO%2CBEGIN_POST%2CEND_POST&returnGeometry=false&f=json
87270000,214000,E,Miami-Dade,6,2025,Bridge No-870344,87270902 I-95 SB,10.763,12.38,FDOT Annual Average Daily Traffic TDA,https://services1.arcgis.com/O1JpcwDW8sjYuddV/arcgis/rest/services/Annual_Average_Daily_Traffic_TDA/FeatureServer/0,https://services1.arcgis.com/O1JpcwDW8sjYuddV/arcgis/rest/services/Annual_Average_Daily_Traffic_TDA/FeatureServer/0/query?where=COUNTY%3D%27Miami-Dade%27&outFields=ROADWAY%2CAADT%2CAADTFLG%2CCOUNTY%2CDISTRICT%2CYEAR_%2CDESC_FRM%2CDESC_TO%2CBEGIN_POST%2CEND_POST&returnGeometry=false&f=json
87300503,4900,C,Miami-Dade,6,2025,SR-924 WB,SR-823/NW 57 AVE/RED,0,0.183,FDOT Annual Average Daily Traffic TDA,https://services1.arcgis.com/O1JpcwDW8sjYuddV/arcgis/rest/services/Annual_Average_Daily_Traffic_TDA/FeatureServer/0,https://services1.arcgis.com/O1JpcwDW8sjYuddV/arcgis/rest/services/Annual_Average_Daily_Traffic_TDA/FeatureServer/0/query?where=COUNTY%3D%27Miami-Dade%27&outFields=ROADWAY%2CAADT%2CAADTFLG%2CCOUNTY%2CDISTRICT%2CYEAR_%2CDESC_FRM%2CDESC_TO%2CBEGIN_POST%2CEND_POST&returnGeometry=false&f=json
87260505,10000,C,Miami-Dade,6,2025,EB SR-826,EB NW 167 ST,0,0.012,FDOT Annual Average Daily Traffic TDA,https://services1.arcgis.com/O1JpcwDW8sjYuddV/arcgis/rest/services/Annual_Average_Daily_Traffic_TDA/FeatureServer/0,https://services1.arcgis.com/O1JpcwDW8sjYuddV/arcgis/rest/services/Annual_Average_Daily_Traffic_TDA/FeatureServer/0/query?where=COUNTY%3D%27Miami-Dade%27&outFields=ROADWAY%2CAADT%2CAADTFLG%2CCOUNTY%2CDISTRICT%2CYEAR_%2CDESC_FRM%2CDESC_TO%2CBEGIN_POST%2CEND_POST&returnGeometry=false&f=json
87260231,3600,F,Miami-Dade,6,2025,SW 56 ST / MILLER DR,SB SR-826/PALMETTO,0,0.202,FDOT Annual Average Daily Traffic TDA,https://services1.arcgis.com/O1JpcwDW8sjYuddV/arcgis/rest/services/Annual_Average_Daily_Traffic_TDA/FeatureServer/0,https://services1.arcgis.com/O1JpcwDW8sjYuddV/arcgis/rest/services/Annual_Average_Daily_Traffic_TDA/FeatureServer/0/query?where=COUNTY%3D%27Miami-Dade%27&outFields=ROADWAY%2CAADT%2CAADTFLG%2CCOUNTY%2CDISTRICT%2CYEAR_%2CDESC_FRM%2CDESC_TO%2CBEGIN_POST%2CEND_POST&returnGeometry=false&f=json
87300499,3000,C,Miami-Dade,6,2025,WB SR 924,87260329 NB OFF,0,0.513,FDOT Annual Average Daily Traffic TDA,https://services1.arcgis.com/O1JpcwDW8sjYuddV/arcgis/rest/services/Annual_Average_Daily_Traffic_TDA/FeatureServer/0,https://services1.arcgis.com/O1JpcwDW8sjYuddV/arcgis/rest/services/Annual_Average_Daily_Traffic_TDA/FeatureServer/0/query?where=COUNTY%3D%27Miami-Dade%27&outFields=ROADWAY%2CAADT%2CAADTFLG%2CCOUNTY%2CDISTRICT%2CYEAR_%2CDESC_FRM%2CDESC_TO%2CBEGIN_POST%2CEND_POST&returnGeometry=false&f=json
87260000,141449,C,Miami-Dade,6,2025,N/A,ON RAMP 87260337,17.862,18.799,FDOT Annual Average Daily Traffic TDA,https://services1.arcgis.com/O1JpcwDW8sjYuddV/arcgis/rest/services/Annual_Average_Daily_Traffic_TDA/FeatureServer/0,https://services1.arcgis.com/O1JpcwDW8sjYuddV/arcgis/rest/services/Annual_Average_Daily_Traffic_TDA/FeatureServer/0/query?where=COUNTY%3D%27Miami-Dade%27&outFields=ROADWAY%2CAADT%2CAADTFLG%2CCOUNTY%2CDISTRICT%2CYEAR_%2CDESC_FRM%2CDESC_TO%2CBEGIN_POST%2CEND_POST&returnGeometry=false&f=json
87270169,5900,C,Miami-Dade,6,2025,I-95/NB,SW 3 AVE/NB,0,0.159,FDOT Annual Average Daily Traffic TDA,https://services1.arcgis.com/O1JpcwDW8sjYuddV/arcgis/rest/services/Annual_Average_Daily_Traffic_TDA/FeatureServer/0,https://services1.arcgis.com/O1JpcwDW8sjYuddV/arcgis/rest/services/Annual_Average_Daily_Traffic_TDA/FeatureServer/0/query?where=COUNTY%3D%27Miami-Dade%27&outFields=ROADWAY%2CAADT%2CAADTFLG%2CCOUNTY%2CDISTRICT%2CYEAR_%2CDESC_FRM%2CDESC_TO%2CBEGIN_POST%2CEND_POST&returnGeometry=false&f=json
87281225,25000,F,Miami-Dade,6,2025,87200131 NB ON,NW 25 ST,0,0.477,FDOT Annual Average Daily Traffic TDA,https://services1.arcgis.com/O1JpcwDW8sjYuddV/arcgis/rest/services/Annual_Average_Daily_Traffic_TDA/FeatureServer/0,https://services1.arcgis.com/O1JpcwDW8sjYuddV/arcgis/rest/services/Annual_Average_Daily_Traffic_TDA/FeatureServer/0/query?where=COUNTY%3D%27Miami-Dade%27&outFields=ROADWAY%2CAADT%2CAADTFLG%2CCOUNTY%2CDISTRICT%2CYEAR_%2CDESC_FRM%2CDESC_TO%2CBEGIN_POST%2CEND_POST&returnGeometry=false&f=json
87260508,10500,C,Miami-Dade,6,2025,WB NW 167 ST,WB SR 826,0,0.031,FDOT Annual Average Daily Traffic TDA,https://services1.arcgis.com/O1JpcwDW8sjYuddV/arcgis/rest/services/Annual_Average_Daily_Traffic_TDA/FeatureServer/0,https://services1.arcgis.com/O1JpcwDW8sjYuddV/arcgis/rest/services/Annual_Average_Daily_Traffic_TDA/FeatureServer/0/query?where=COUNTY%3D%27Miami-Dade%27&outFields=ROADWAY%2CAADT%2CAADTFLG%2CCOUNTY%2CDISTRICT%2CYEAR_%2CDESC_FRM%2CDESC_TO%2CBEGIN_POST%2CEND_POST&returnGeometry=false&f=json
87260640,13000,C,Miami-Dade,6,2025,NW 25 ST,SR-826/PALMETTO EXPW,0,0.159,FDOT Annual Average Daily Traffic TDA,https://services1.arcgis.com/O1JpcwDW8sjYuddV/arcgis/rest/services/Annual_Average_Daily_Traffic_TDA/FeatureServer/0,https://services1.arcgis.com/O1JpcwDW8sjYuddV/arcgis/rest/services/Annual_Average_Daily_Traffic_TDA/FeatureServer/0/query?where=COUNTY%3D%27Miami-Dade%27&outFields=ROADWAY%2CAADT%2CAADTFLG%2CCOUNTY%2CDISTRICT%2CYEAR_%2CDESC_FRM%2CDESC_TO%2CBEGIN_POST%2CEND_POST&returnGeometry=false&f=json
87260000,144000,C,Miami-Dade,6,2025,Bridge No-870467,N/A,15.349,16.4,FDOT Annual Average Daily Traffic TDA,https://services1.arcgis.com/O1JpcwDW8sjYuddV/arcgis/rest/services/Annual_Average_Daily_Traffic_TDA/FeatureServer/0,https://services1.arcgis.com/O1JpcwDW8sjYuddV/arcgis/rest/services/Annual_Average_Daily_Traffic_TDA/FeatureServer/0/query?where=COUNTY%3D%27Miami-Dade%27&outFields=ROADWAY%2CAADT%2CAADTFLG%2CCOUNTY%2CDISTRICT%2CYEAR_%2CDESC_FRM%2CDESC_TO%2CBEGIN_POST%2CEND_POST&returnGeometry=false&f=json
87270100,300,S,Miami-Dade,6,2025,N/A,N/A,0.204,0.241,FDOT Annual Average Daily Traffic TDA,https://services1.arcgis.com/O1JpcwDW8sjYuddV/arcgis/rest/services/Annual_Average_Daily_Traffic_TDA/FeatureServer/0,https://services1.arcgis.com/O1JpcwDW8sjYuddV/arcgis/rest/services/Annual_Average_Daily_Traffic_TDA/FeatureServer/0/query?where=COUNTY%3D%27Miami-Dade%27&outFields=ROADWAY%2CAADT%2CAADTFLG%2CCOUNTY%2CDISTRICT%2CYEAR_%2CDESC_FRM%2CDESC_TO%2CBEGIN_POST%2CEND_POST&returnGeometry=false&f=json
87270700,5000,S,Miami-Dade,6,2025,87270182 SB ON,N/A,0,0.375,FDOT Annual Average Daily Traffic TDA,https://services1.arcgis.com/O1JpcwDW8sjYuddV/arcgis/rest/services/Annual_Average_Daily_Traffic_TDA/FeatureServer/0,https://services1.arcgis.com/O1JpcwDW8sjYuddV/arcgis/rest/services/Annual_Average_Daily_Traffic_TDA/FeatureServer/0/query?where=COUNTY%3D%27Miami-Dade%27&outFields=ROADWAY%2CAADT%2CAADTFLG%2CCOUNTY%2CDISTRICT%2CYEAR_%2CDESC_FRM%2CDESC_TO%2CBEGIN_POST%2CEND_POST&returnGeometry=false&f=json
87300505,4800,C,Miami-Dade,6,2025,EB SR-924,NW 42/37 AV CONNECTO,0,0.204,FDOT Annual Average Daily Traffic TDA,https://services1.arcgis.com/O1JpcwDW8sjYuddV/arcgis/rest/services/Annual_Average_Daily_Traffic_TDA/FeatureServer/0,https://services1.arcgis.com/O1JpcwDW8sjYuddV/arcgis/rest/services/Annual_Average_Daily_Traffic_TDA/FeatureServer/0/query?where=COUNTY%3D%27Miami-Dade%27&outFields=ROADWAY%2CAADT%2CAADTFLG%2CCOUNTY%2CDISTRICT%2CYEAR_%2CDESC_FRM%2CDESC_TO%2CBEGIN_POST%2CEND_POST&returnGeometry=false&f=json
87270211,600,T,Miami-Dade,6,2025,I-95/NB,FRONTAGE RD,0,0.196,FDOT Annual Average Daily Traffic TDA,https://services1.arcgis.com/O1JpcwDW8sjYuddV/arcgis/rest/services/Annual_Average_Daily_Traffic_TDA/FeatureServer/0,https://services1.arcgis.com/O1JpcwDW8sjYuddV/arcgis/rest/services/Annual_Average_Daily_Traffic_TDA/FeatureServer/0/query?where=COUNTY%3D%27Miami-Dade%27&outFields=ROADWAY%2CAADT%2CAADTFLG%2CCOUNTY%2CDISTRICT%2CYEAR_%2CDESC_FRM%2CDESC_TO%2CBEGIN_POST%2CEND_POST&returnGeometry=false&f=json
87270515,6100,C,Miami-Dade,6,2025,NW 10 AVE,87270514 NB ON,0,0.257,FDOT Annual Average Daily Traffic TDA,https://services1.arcgis.com/O1JpcwDW8sjYuddV/arcgis/rest/services/Annual_Average_Daily_Traffic_TDA/FeatureServer/0,https://services1.arcgis.com/O1JpcwDW8sjYuddV/arcgis/rest/services/Annual_Average_Daily_Traffic_TDA/FeatureServer/0/query?where=COUNTY%3D%27Miami-Dade%27&outFields=ROADWAY%2CAADT%2CAADTFLG%2CCOUNTY%2CDISTRICT%2CYEAR_%2CDESC_FRM%2CDESC_TO%2CBEGIN_POST%2CEND_POST&returnGeometry=false&f=json
87270217,10000,F,Miami-Dade,6,2025,NB I-95,NW 183 ST,0,0.174,FDOT Annual Average Daily Traffic TDA,https://services1.arcgis.com/O1JpcwDW8sjYuddV/arcgis/rest/services/Annual_Average_Daily_Traffic_TDA/FeatureServer/0,https://services1.arcgis.com/O1JpcwDW8sjYuddV/arcgis/rest/services/Annual_Average_Daily_Traffic_TDA/FeatureServer/0/query?where=COUNTY%3D%27Miami-Dade%27&outFields=ROADWAY%2CAADT%2CAADTFLG%2CCOUNTY%2CDISTRICT%2CYEAR_%2CDESC_FRM%2CDESC_TO%2CBEGIN_POST%2CEND_POST&returnGeometry=false&f=json
87281236,22500,F,Miami-Dade,6,2025,BEG BRIDGE 870993,WB NW 21 ST,0,0.236,FDOT Annual Average Daily Traffic TDA,https://services1.arcgis.com/O1JpcwDW8sjYuddV/arcgis/rest/services/Annual_Average_Daily_Traffic_TDA/FeatureServer/0,https://services1.arcgis.com/O1JpcwDW8sjYuddV/arcgis/rest/services/Annual_Average_Daily_Traffic_TDA/FeatureServer/0/query?where=COUNTY%3D%27Miami-Dade%27&outFields=ROADWAY%2CAADT%2CAADTFLG%2CCOUNTY%2CDISTRICT%2CYEAR_%2CDESC_FRM%2CDESC_TO%2CBEGIN_POST%2CEND_POST&returnGeometry=false&f=json
87260537,16000,C,Miami-Dade,6,2025,NW 25 ST,SR-826/SB,0,0.149,FDOT Annual Average Daily Traffic TDA,https://services1.arcgis.com/O1JpcwDW8sjYuddV/arcgis/rest/services/Annual_Average_Daily_Traffic_TDA/FeatureServer/0,https://services1.arcgis.com/O1JpcwDW8sjYuddV/arcgis/rest/services/Annual_Average_Daily_Traffic_TDA/FeatureServer/0/query?where=COUNTY%3D%27Miami-Dade%27&outFields=ROADWAY%2CAADT%2CAADTFLG%2CCOUNTY%2CDISTRICT%2CYEAR_%2CDESC_FRM%2CDESC_TO%2CBEGIN_POST%2CEND_POST&returnGeometry=false&f=json
87260511,7500,C,Miami-Dade,6,2025,EB NW 167 ST,EB SR-826,0,0.077,FDOT Annual Average Daily Traffic TDA,https://services1.arcgis.com/O1JpcwDW8sjYuddV/arcgis/rest/services/Annual_Average_Daily_Traffic_TDA/FeatureServer/0,https://services1.arcgis.com/O1JpcwDW8sjYuddV/arcgis/rest/services/Annual_Average_Daily_Traffic_TDA/FeatureServer/0/query?where=COUNTY%3D%27Miami-Dade%27&outFields=ROADWAY%2CAADT%2CAADTFLG%2CCOUNTY%2CDISTRICT%2CYEAR_%2CDESC_FRM%2CDESC_TO%2CBEGIN_POST%2CEND_POST&returnGeometry=false&f=json
87281000,15700,C,Miami-Dade,6,2025,SR-932 / E 49 ST,E 65 ST/NW 119 ST,9.706,10.707,FDOT Annual Average Daily Traffic TDA,https://services1.arcgis.com/O1JpcwDW8sjYuddV/arcgis/rest/services/Annual_Average_Daily_Traffic_TDA/FeatureServer/0,https://services1.arcgis.com/O1JpcwDW8sjYuddV/arcgis/rest/services/Annual_Average_Daily_Traffic_TDA/FeatureServer/0/query?where=COUNTY%3D%27Miami-Dade%27&outFields=ROADWAY%2CAADT%2CAADTFLG%2CCOUNTY%2CDISTRICT%2CYEAR_%2CDESC_FRM%2CDESC_TO%2CBEGIN_POST%2CEND_POST&returnGeometry=false&f=json
87260412,17000,C,Miami-Dade,6,2025,SR-25/OKEECHOBEE RD,NB SR-826,0,0.206,FDOT Annual Average Daily Traffic TDA,https://services1.arcgis.com/O1JpcwDW8sjYuddV/arcgis/rest/services/Annual_Average_Daily_Traffic_TDA/FeatureServer/0,https://services1.arcgis.com/O1JpcwDW8sjYuddV/arcgis/rest/services/Annual_Average_Daily_Traffic_TDA/FeatureServer/0/query?where=COUNTY%3D%27Miami-Dade%27&outFields=ROADWAY%2CAADT%2CAADTFLG%2CCOUNTY%2CDISTRICT%2CYEAR_%2CDESC_FRM%2CDESC_TO%2CBEGIN_POST%2CEND_POST&returnGeometry=false&f=json
87260153,8200,C,Miami-Dade,6,2025,NW 167 ST,WB SR 826,0,0.048,FDOT Annual Average Daily Traffic TDA,https://services1.arcgis.com/O1JpcwDW8sjYuddV/arcgis/rest/services/Annual_Average_Daily_Traffic_TDA/FeatureServer/0,https://services1.arcgis.com/O1JpcwDW8sjYuddV/arcgis/rest/services/Annual_Average_Daily_Traffic_TDA/FeatureServer/0/query?where=COUNTY%3D%27Miami-Dade%27&outFields=ROADWAY%2CAADT%2CAADTFLG%2CCOUNTY%2CDISTRICT%2CYEAR_%2CDESC_FRM%2CDESC_TO%2CBEGIN_POST%2CEND_POST&returnGeometry=false&f=json
87270224,43500,T,Miami-Dade,6,2025,I-95/SB,SR-836/WB,0,0.295,FDOT Annual Average Daily Traffic TDA,https://services1.arcgis.com/O1JpcwDW8sjYuddV/arcgis/rest/services/Annual_Average_Daily_Traffic_TDA/FeatureServer/0,https://services1.arcgis.com/O1JpcwDW8sjYuddV/arcgis/rest/services/Annual_Average_Daily_Traffic_TDA/FeatureServer/0/query?where=COUNTY%3D%27Miami-Dade%27&outFields=ROADWAY%2CAADT%2CAADTFLG%2CCOUNTY%2CDISTRICT%2CYEAR_%2CDESC_FRM%2CDESC_TO%2CBEGIN_POST%2CEND_POST&returnGeometry=false&f=json
87471265,5460,C,Miami-Dade,6,2025,SR 821 SB,SW 8 ST/TAMIAMI TRL,0,0.219,FDOT Annual Average Daily Traffic TDA,https://services1.arcgis.com/O1JpcwDW8sjYuddV/arcgis/rest/services/Annual_Average_Daily_Traffic_TDA/FeatureServer/0,https://services1.arcgis.com/O1JpcwDW8sjYuddV/arcgis/rest/services/Annual_Average_Daily_Traffic_TDA/FeatureServer/0/query?where=COUNTY%3D%27Miami-Dade%27&outFields=ROADWAY%2CAADT%2CAADTFLG%2CCOUNTY%2CDISTRICT%2CYEAR_%2CDESC_FRM%2CDESC_TO%2CBEGIN_POST%2CEND_POST&returnGeometry=false&f=json
87580500,28500,F,Miami-Dade,6,2025,NW 37 AV/DOUGLAS RD,NW 27 AV,0.52,1.537,FDOT Annual Average Daily Traffic TDA,https://services1.arcgis.com/O1JpcwDW8sjYuddV/arcgis/rest/services/Annual_Average_Daily_Traffic_TDA/FeatureServer/0,https://services1.arcgis.com/O1JpcwDW8sjYuddV/arcgis/rest/services/Annual_Average_Daily_Traffic_TDA/FeatureServer/0/query?where=COUNTY%3D%27Miami-Dade%27&outFields=ROADWAY%2CAADT%2CAADTFLG%2CCOUNTY%2CDISTRICT%2CYEAR_%2CDESC_FRM%2CDESC_TO%2CBEGIN_POST%2CEND_POST&returnGeometry=false&f=json
87471277,11000,C,Miami-Dade,6,2025,SW 117TH AVE,SW 152ND ST,0,0.163,FDOT Annual Average Daily Traffic TDA,https://services1.arcgis.com/O1JpcwDW8sjYuddV/arcgis/rest/services/Annual_Average_Daily_Traffic_TDA/FeatureServer/0,https://services1.arcgis.com/O1JpcwDW8sjYuddV/arcgis/rest/services/Annual_Average_Daily_Traffic_TDA/FeatureServer/0/query?where=COUNTY%3D%27Miami-Dade%27&outFields=ROADWAY%2CAADT%2CAADTFLG%2CCOUNTY%2CDISTRICT%2CYEAR_%2CDESC_FRM%2CDESC_TO%2CBEGIN_POST%2CEND_POST&returnGeometry=false&f=json
87471235,13500,C,Miami-Dade,6,2025,SR 989/ALLAPATAH RD,SR 821 NB,0,0.32,FDOT Annual Average Daily Traffic TDA,https://services1.arcgis.com/O1JpcwDW8sjYuddV/arcgis/rest/services/Annual_Average_Daily_Traffic_TDA/FeatureServer/0,https://services1.arcgis.com/O1JpcwDW8sjYuddV/arcgis/rest/services/Annual_Average_Daily_Traffic_TDA/FeatureServer/0/query?where=COUNTY%3D%27Miami-Dade%27&outFields=ROADWAY%2CAADT%2CAADTFLG%2CCOUNTY%2CDISTRICT%2CYEAR_%2CDESC_FRM%2CDESC_TO%2CBEGIN_POST%2CEND_POST&returnGeometry=false&f=json
87674505,16200,F,Miami-Dade,6,2025,CANAL ST,ROYAL POINCIANA BLVD,0.047,0.103,FDOT Annual Average Daily Traffic TDA,https://services1.arcgis.com/O1JpcwDW8sjYuddV/arcgis/rest/services/Annual_Average_Daily_Traffic_TDA/FeatureServer/0,https://services1.arcgis.com/O1JpcwDW8sjYuddV/arcgis/rest/services/Annual_Average_Daily_Traffic_TDA/FeatureServer/0/query?where=COUNTY%3D%27Miami-Dade%27&outFields=ROADWAY%2CAADT%2CAADTFLG%2CCOUNTY%2CDISTRICT%2CYEAR_%2CDESC_FRM%2CDESC_TO%2CBEGIN_POST%2CEND_POST&returnGeometry=false&f=json
87471505,6000,C,Miami-Dade,6,2025,NW 106TH STREET,SR 821 SB,0,0.777,FDOT Annual Average Daily Traffic TDA,https://services1.arcgis.com/O1JpcwDW8sjYuddV/arcgis/rest/services/Annual_Average_Daily_Traffic_TDA/FeatureServer/0,https://services1.arcgis.com/O1JpcwDW8sjYuddV/arcgis/rest/services/Annual_Average_Daily_Traffic_TDA/FeatureServer/0/query?where=COUNTY%3D%27Miami-Dade%27&outFields=ROADWAY%2CAADT%2CAADTFLG%2CCOUNTY%2CDISTRICT%2CYEAR_%2CDESC_FRM%2CDESC_TO%2CBEGIN_POST%2CEND_POST&returnGeometry=false&f=json
87471395,3100,C,Miami-Dade,6,2025,87471391 RAMP,87075609 RAMP,0,0.192,FDOT Annual Average Daily Traffic TDA,https://services1.arcgis.com/O1JpcwDW8sjYuddV/arcgis/rest/services/Annual_Average_Daily_Traffic_TDA/FeatureServer/0,https://services1.arcgis.com/O1JpcwDW8sjYuddV/arcgis/rest/services/Annual_Average_Daily_Traffic_TDA/FeatureServer/0/query?where=COUNTY%3D%27Miami-Dade%27&outFields=ROADWAY%2CAADT%2CAADTFLG%2CCOUNTY%2CDISTRICT%2CYEAR_%2CDESC_FRM%2CDESC_TO%2CBEGIN_POST%2CEND_POST&returnGeometry=false&f=json
87471000,135900,C,Miami-Dade,6,2025,Bridge No-870407,Bridge No-870734,17.99,18.436,FDOT Annual Average Daily Traffic TDA,https://services1.arcgis.com/O1JpcwDW8sjYuddV/arcgis/rest/services/Annual_Average_Daily_Traffic_TDA/FeatureServer/0,https://services1.arcgis.com/O1JpcwDW8sjYuddV/arcgis/rest/services/Annual_Average_Daily_Traffic_TDA/FeatureServer/0/query?where=COUNTY%3D%27Miami-Dade%27&outFields=ROADWAY%2CAADT%2CAADTFLG%2CCOUNTY%2CDISTRICT%2CYEAR_%2CDESC_FRM%2CDESC_TO%2CBEGIN_POST%2CEND_POST&returnGeometry=false&f=json
87521502,39000,F,Miami-Dade,6,2025,MIAMI LAKEWAY S,NW 167 ST,0,1.484,FDOT Annual Average Daily Traffic TDA,https://services1.arcgis.com/O1JpcwDW8sjYuddV/arcgis/rest/services/Annual_Average_Daily_Traffic_TDA/FeatureServer/0,https://services1.arcgis.com/O1JpcwDW8sjYuddV/arcgis/rest/services/Annual_Average_Daily_Traffic_TDA/FeatureServer/0/query?where=COUNTY%3D%27Miami-Dade%27&outFields=ROADWAY%2CAADT%2CAADTFLG%2CCOUNTY%2CDISTRICT%2CYEAR_%2CDESC_FRM%2CDESC_TO%2CBEGIN_POST%2CEND_POST&returnGeometry=false&f=json
87471246,27000,C,Miami-Dade,6,2025,SR 821 SB,EUREKA DRIVE,0,0.199,FDOT Annual Average Daily Traffic TDA,https://services1.arcgis.com/O1JpcwDW8sjYuddV/arcgis/rest/services/Annual_Average_Daily_Traffic_TDA/FeatureServer/0,https://services1.arcgis.com/O1JpcwDW8sjYuddV/arcgis/rest/services/Annual_Average_Daily_Traffic_TDA/FeatureServer/0/query?where=COUNTY%3D%27Miami-Dade%27&outFields=ROADWAY%2CAADT%2CAADTFLG%2CCOUNTY%2CDISTRICT%2CYEAR_%2CDESC_FRM%2CDESC_TO%2CBEGIN_POST%2CEND_POST&returnGeometry=false&f=json
87471530,8500,C,Miami-Dade,6,2025,SR 821 NB,NW 41ST STREET,0,0.325,FDOT Annual Average Daily Traffic TDA,https://services1.arcgis.com/O1JpcwDW8sjYuddV/arcgis/rest/services/Annual_Average_Daily_Traffic_TDA/FeatureServer/0,https://services1.arcgis.com/O1JpcwDW8sjYuddV/arcgis/rest/services/Annual_Average_Daily_Traffic_TDA/FeatureServer/0/query?where=COUNTY%3D%27Miami-Dade%27&outFields=ROADWAY%2CAADT%2CAADTFLG%2CCOUNTY%2CDISTRICT%2CYEAR_%2CDESC_FRM%2CDESC_TO%2CBEGIN_POST%2CEND_POST&returnGeometry=false&f=json
87471000,190000,C,Miami-Dade,6,2025,Bridge No-870181,Bridge No-870194,11.805,13.91,FDOT Annual Average Daily Traffic TDA,https://services1.arcgis.com/O1JpcwDW8sjYuddV/arcgis/rest/services/Annual_Average_Daily_Traffic_TDA/FeatureServer/0,https://services1.arcgis.com/O1JpcwDW8sjYuddV/arcgis/rest/services/Annual_Average_Daily_Traffic_TDA/FeatureServer/0/query?where=COUNTY%3D%27Miami-Dade%27&outFields=ROADWAY%2CAADT%2CAADTFLG%2CCOUNTY%2CDISTRICT%2CYEAR_%2CDESC_FRM%2CDESC_TO%2CBEGIN_POST%2CEND_POST&returnGeometry=false&f=json
87504505,18200,F,Miami-Dade,6,2025,SR-9,NW 167 ST,0,1.318,FDOT Annual Average Daily Traffic TDA,https://services1.arcgis.com/O1JpcwDW8sjYuddV/arcgis/rest/services/Annual_Average_Daily_Traffic_TDA/FeatureServer/0,https://services1.arcgis.com/O1JpcwDW8sjYuddV/arcgis/rest/services/Annual_Average_Daily_Traffic_TDA/FeatureServer/0/query?where=COUNTY%3D%27Miami-Dade%27&outFields=ROADWAY%2CAADT%2CAADTFLG%2CCOUNTY%2CDISTRICT%2CYEAR_%2CDESC_FRM%2CDESC_TO%2CBEGIN_POST%2CEND_POST&returnGeometry=false&f=json
87471000,26300,C,Miami-Dade,6,2025,N/A,87471105 SB OFF,0.284,0.538,FDOT Annual Average Daily Traffic TDA,https://services1.arcgis.com/O1JpcwDW8sjYuddV/arcgis/rest/services/Annual_Average_Daily_Traffic_TDA/FeatureServer/0,https://services1.arcgis.com/O1JpcwDW8sjYuddV/arcgis/rest/services/Annual_Average_Daily_Traffic_TDA/FeatureServer/0/query?where=COUNTY%3D%27Miami-Dade%27&outFields=ROADWAY%2CAADT%2CAADTFLG%2CCOUNTY%2CDISTRICT%2CYEAR_%2CDESC_FRM%2CDESC_TO%2CBEGIN_POST%2CEND_POST&returnGeometry=false&f=json
87522500,4800,F,Miami-Dade,6,2025,S VENETIAN WAY,N VENETIAN WAY,1.154,1.422,FDOT Annual Average Daily Traffic TDA,https://services1.arcgis.com/O1JpcwDW8sjYuddV/arcgis/rest/services/Annual_Average_Daily_Traffic_TDA/FeatureServer/0,https://services1.arcgis.com/O1JpcwDW8sjYuddV/arcgis/rest/services/Annual_Average_Daily_Traffic_TDA/FeatureServer/0/query?where=COUNTY%3D%27Miami-Dade%27&outFields=ROADWAY%2CAADT%2CAADTFLG%2CCOUNTY%2CDISTRICT%2CYEAR_%2CDESC_FRM%2CDESC_TO%2CBEGIN_POST%2CEND_POST&returnGeometry=false&f=json
87470004,200,C,Miami-Dade,6,2025,87470002 RAMP,SR 91 SB,0,0.208,FDOT Annual Average Daily Traffic TDA,https://services1.arcgis.com/O1JpcwDW8sjYuddV/arcgis/rest/services/Annual_Average_Daily_Traffic_TDA/FeatureServer/0,https://services1.arcgis.com/O1JpcwDW8sjYuddV/arcgis/rest/services/Annual_Average_Daily_Traffic_TDA/FeatureServer/0/query?where=COUNTY%3D%27Miami-Dade%27&outFields=ROADWAY%2CAADT%2CAADTFLG%2CCOUNTY%2CDISTRICT%2CYEAR_%2CDESC_FRM%2CDESC_TO%2CBEGIN_POST%2CEND_POST&returnGeometry=false&f=json
87471268,12500,C,Miami-Dade,6,2025,SR 836/DOLPHIN EXPY,87471544 RAMP,0,0.234,FDOT Annual Average Daily Traffic TDA,https://services1.arcgis.com/O1JpcwDW8sjYuddV/arcgis/rest/services/Annual_Average_Daily_Traffic_TDA/FeatureServer/0,https://services1.arcgis.com/O1JpcwDW8sjYuddV/arcgis/rest/services/Annual_Average_Daily_Traffic_TDA/FeatureServer/0/query?where=COUNTY%3D%27Miami-Dade%27&outFields=ROADWAY%2CAADT%2CAADTFLG%2CCOUNTY%2CDISTRICT%2CYEAR_%2CDESC_FRM%2CDESC_TO%2CBEGIN_POST%2CEND_POST&returnGeometry=false&f=json
87470000,95600,C,Miami-Dade,6,2025,BRIDGE 870038,BROWARD CO LINE,0,3.342,FDOT Annual Average Daily Traffic TDA,https://services1.arcgis.com/O1JpcwDW8sjYuddV/arcgis/rest/services/Annual_Average_Daily_Traffic_TDA/FeatureServer/0,https://services1.arcgis.com/O1JpcwDW8sjYuddV/arcgis/rest/services/Annual_Average_Daily_Traffic_TDA/FeatureServer/0/query?where=COUNTY%3D%27Miami-Dade%27&outFields=ROADWAY%2CAADT%2CAADTFLG%2CCOUNTY%2CDISTRICT%2CYEAR_%2CDESC_FRM%2CDESC_TO%2CBEGIN_POST%2CEND_POST&returnGeometry=false&f=json
87471228,3650,C,Miami-Dade,6,2025,BISCAYNE DRIVE,SR 821 SB,0,0.214,FDOT Annual Average Daily Traffic TDA,https://services1.arcgis.com/O1JpcwDW8sjYuddV/arcgis/rest/services/Annual_Average_Daily_Traffic_TDA/FeatureServer/0,https://services1.arcgis.com/O1JpcwDW8sjYuddV/arcgis/rest/services/Annual_Average_Daily_Traffic_TDA/FeatureServer/0/query?where=COUNTY%3D%27Miami-Dade%27&outFields=ROADWAY%2CAADT%2CAADTFLG%2CCOUNTY%2CDISTRICT%2CYEAR_%2CDESC_FRM%2CDESC_TO%2CBEGIN_POST%2CEND_POST&returnGeometry=false&f=json
87674505,8100,F,Miami-Dade,6,2025,OKEECHOBEE RD,CANAL ST,0,0.047,FDOT Annual Average Daily Traffic TDA,https://services1.arcgis.com/O1JpcwDW8sjYuddV/arcgis/rest/services/Annual_Average_Daily_Traffic_TDA/FeatureServer/0,https://services1.arcgis.com/O1JpcwDW8sjYuddV/arcgis/rest/services/Annual_Average_Daily_Traffic_TDA/FeatureServer/0/query?where=COUNTY%3D%27Miami-Dade%27&outFields=ROADWAY%2CAADT%2CAADTFLG%2CCOUNTY%2CDISTRICT%2CYEAR_%2CDESC_FRM%2CDESC_TO%2CBEGIN_POST%2CEND_POST&returnGeometry=false&f=json
87550505,6700,F,Miami-Dade,6,2025,NE 195 ST,NE 215 ST,0,1.3,FDOT Annual Average Daily Traffic TDA,https://services1.arcgis.com/O1JpcwDW8sjYuddV/arcgis/rest/services/Annual_Average_Daily_Traffic_TDA/FeatureServer/0,https://services1.arcgis.com/O1JpcwDW8sjYuddV/arcgis/rest/services/Annual_Average_Daily_Traffic_TDA/FeatureServer/0/query?where=COUNTY%3D%27Miami-Dade%27&outFields=ROADWAY%2CAADT%2CAADTFLG%2CCOUNTY%2CDISTRICT%2CYEAR_%2CDESC_FRM%2CDESC_TO%2CBEGIN_POST%2CEND_POST&returnGeometry=false&f=json
87471253,23000,C,Miami-Dade,6,2025,SW 117TH AVENUE,SR 821 NB,0,1.596,FDOT Annual Average Daily Traffic TDA,https://services1.arcgis.com/O1JpcwDW8sjYuddV/arcgis/rest/services/Annual_Average_Daily_Traffic_TDA/FeatureServer/0,https://services1.arcgis.com/O1JpcwDW8sjYuddV/arcgis/rest/services/Annual_Average_Daily_Traffic_TDA/FeatureServer/0/query?where=COUNTY%3D%27Miami-Dade%27&outFields=ROADWAY%2CAADT%2CAADTFLG%2CCOUNTY%2CDISTRICT%2CYEAR_%2CDESC_FRM%2CDESC_TO%2CBEGIN_POST%2CEND_POST&returnGeometry=false&f=json
87674507,25000,F,Miami-Dade,6,2025,NW 58 ST,SR-932/NW 103 ST,0,2.896,FDOT Annual Average Daily Traffic TDA,https://services1.arcgis.com/O1JpcwDW8sjYuddV/arcgis/rest/services/Annual_Average_Daily_Traffic_TDA/FeatureServer/0,https://services1.arcgis.com/O1JpcwDW8sjYuddV/arcgis/rest/services/Annual_Average_Daily_Traffic_TDA/FeatureServer/0/query?where=COUNTY%3D%27Miami-Dade%27&outFields=ROADWAY%2CAADT%2CAADTFLG%2CCOUNTY%2CDISTRICT%2CYEAR_%2CDESC_FRM%2CDESC_TO%2CBEGIN_POST%2CEND_POST&returnGeometry=false&f=json
87471515,10100,C,Miami-Dade,6,2025,NW 114TH AVE,SR 821 SB,0,0.69,FDOT Annual Average Daily Traffic TDA,https://services1.arcgis.com/O1JpcwDW8sjYuddV/arcgis/rest/services/Annual_Average_Daily_Traffic_TDA/FeatureServer/0,https://services1.arcgis.com/O1JpcwDW8sjYuddV/arcgis/rest/services/Annual_Average_Daily_Traffic_TDA/FeatureServer/0/query?where=COUNTY%3D%27Miami-Dade%27&outFields=ROADWAY%2CAADT%2CAADTFLG%2CCOUNTY%2CDISTRICT%2CYEAR_%2CDESC_FRM%2CDESC_TO%2CBEGIN_POST%2CEND_POST&returnGeometry=false&f=json
87504504,23000,F,Miami-Dade,6,2025,SR-924/NW 119 ST,SR-9,0,1.73,FDOT Annual Average Daily Traffic TDA,https://services1.arcgis.com/O1JpcwDW8sjYuddV/arcgis/rest/services/Annual_Average_Daily_Traffic_TDA/FeatureServer/0,https://services1.arcgis.com/O1JpcwDW8sjYuddV/arcgis/rest/services/Annual_Average_Daily_Traffic_TDA/FeatureServer/0/query?where=COUNTY%3D%27Miami-Dade%27&outFields=ROADWAY%2CAADT%2CAADTFLG%2CCOUNTY%2CDISTRICT%2CYEAR_%2CDESC_FRM%2CDESC_TO%2CBEGIN_POST%2CEND_POST&returnGeometry=false&f=json
87471391,300,C,Miami-Dade,6,2025,SR 821 SB,I-75 XPRESS LN NB,0,0.991,FDOT Annual Average Daily Traffic TDA,https://services1.arcgis.com/O1JpcwDW8sjYuddV/arcgis/rest/services/Annual_Average_Daily_Traffic_TDA/FeatureServer/0,https://services1.arcgis.com/O1JpcwDW8sjYuddV/arcgis/rest/services/Annual_Average_Daily_Traffic_TDA/FeatureServer/0/query?where=COUNTY%3D%27Miami-Dade%27&outFields=ROADWAY%2CAADT%2CAADTFLG%2CCOUNTY%2CDISTRICT%2CYEAR_%2CDESC_FRM%2CDESC_TO%2CBEGIN_POST%2CEND_POST&returnGeometry=false&f=json
87471241,4500,C,Miami-Dade,6,2025,CARRIBEAN BLVD,SW 216TH ST,0,0.746,FDOT Annual Average Daily Traffic TDA,https://services1.arcgis.com/O1JpcwDW8sjYuddV/arcgis/rest/services/Annual_Average_Daily_Traffic_TDA/FeatureServer/0,https://services1.arcgis.com/O1JpcwDW8sjYuddV/arcgis/rest/services/Annual_Average_Daily_Traffic_TDA/FeatureServer/0/query?where=COUNTY%3D%27Miami-Dade%27&outFields=ROADWAY%2CAADT%2CAADTFLG%2CCOUNTY%2CDISTRICT%2CYEAR_%2CDESC_FRM%2CDESC_TO%2CBEGIN_POST%2CEND_POST&returnGeometry=false&f=json
87471533,8300,C,Miami-Dade,6,2025,NW 41ST STREET,SR 821 SB,0,0.644,FDOT Annual Average Daily Traffic TDA,https://services1.arcgis.com/O1JpcwDW8sjYuddV/arcgis/rest/services/Annual_Average_Daily_Traffic_TDA/FeatureServer/0,https://services1.arcgis.com/O1JpcwDW8sjYuddV/arcgis/rest/services/Annual_Average_Daily_Traffic_TDA/FeatureServer/0/query?where=COUNTY%3D%27Miami-Dade%27&outFields=ROADWAY%2CAADT%2CAADTFLG%2CCOUNTY%2CDISTRICT%2CYEAR_%2CDESC_FRM%2CDESC_TO%2CBEGIN_POST%2CEND_POST&returnGeometry=false&f=json
87471000,144000,C,Miami-Dade,6,2025,Bridge No-870734,Bridge No-870203,18.436,20.47,FDOT Annual Average Daily Traffic TDA,https://services1.arcgis.com/O1JpcwDW8sjYuddV/arcgis/rest/services/Annual_Average_Daily_Traffic_TDA/FeatureServer/0,https://services1.arcgis.com/O1JpcwDW8sjYuddV/arcgis/rest/services/Annual_Average_Daily_Traffic_TDA/FeatureServer/0/query?where=COUNTY%3D%27Miami-Dade%27&outFields=ROADWAY%2CAADT%2CAADTFLG%2CCOUNTY%2CDISTRICT%2CYEAR_%2CDESC_FRM%2CDESC_TO%2CBEGIN_POST%2CEND_POST&returnGeometry=false&f=json
87674500,25500,F,Miami-Dade,6,2025,NW 27 AVE,NW 36 ST,0,1.6,FDOT Annual Average Daily Traffic TDA,https://services1.arcgis.com/O1JpcwDW8sjYuddV/arcgis/rest/services/Annual_Average_Daily_Traffic_TDA/FeatureServer/0,https://services1.arcgis.com/O1JpcwDW8sjYuddV/arcgis/rest/services/Annual_Average_Daily_Traffic_TDA/FeatureServer/0/query?where=COUNTY%3D%27Miami-Dade%27&outFields=ROADWAY%2CAADT%2CAADTFLG%2CCOUNTY%2CDISTRICT%2CYEAR_%2CDESC_FRM%2CDESC_TO%2CBEGIN_POST%2CEND_POST&returnGeometry=false&f=json
87471266,16050,C,Miami-Dade,6,2025,SW 8 ST/TAMIAMI TRL,SR 821 NB,0,0.256,FDOT Annual Average Daily Traffic TDA,https://services1.arcgis.com/O1JpcwDW8sjYuddV/arcgis/rest/services/Annual_Average_Daily_Traffic_TDA/FeatureServer/0,https://services1.arcgis.com/O1JpcwDW8sjYuddV/arcgis/rest/services/Annual_Average_Daily_Traffic_TDA/FeatureServer/0/query?where=COUNTY%3D%27Miami-Dade%27&outFields=ROADWAY%2CAADT%2CAADTFLG%2CCOUNTY%2CDISTRICT%2CYEAR_%2CDESC_FRM%2CDESC_TO%2CBEGIN_POST%2CEND_POST&returnGeometry=false&f=json
87471250,7000,C,Miami-Dade,6,2025,CORAL REEF DRIVE,SR 821 SB,0,0.244,FDOT Annual Average Daily Traffic TDA,https://services1.arcgis.com/O1JpcwDW8sjYuddV/arcgis/rest/services/Annual_Average_Daily_Traffic_TDA/FeatureServer/0,https://services1.arcgis.com/O1JpcwDW8sjYuddV/arcgis/rest/services/Annual_Average_Daily_Traffic_TDA/FeatureServer/0/query?where=COUNTY%3D%27Miami-Dade%27&outFields=ROADWAY%2CAADT%2CAADTFLG%2CCOUNTY%2CDISTRICT%2CYEAR_%2CDESC_FRM%2CDESC_TO%2CBEGIN_POST%2CEND_POST&returnGeometry=false&f=json
87471516,4700,C,Miami-Dade,6,2025,87471515 RAMP,SR 821 NB,0,0.245,FDOT Annual Average Daily Traffic TDA,https://services1.arcgis.com/O1JpcwDW8sjYuddV/arcgis/rest/services/Annual_Average_Daily_Traffic_TDA/FeatureServer/0,https://services1.arcgis.com/O1JpcwDW8sjYuddV/arcgis/rest/services/Annual_Average_Daily_Traffic_TDA/FeatureServer/0/query?where=COUNTY%3D%27Miami-Dade%27&outFields=ROADWAY%2CAADT%2CAADTFLG%2CCOUNTY%2CDISTRICT%2CYEAR_%2CDESC_FRM%2CDESC_TO%2CBEGIN_POST%2CEND_POST&returnGeometry=false&f=json
87500500,25000,C,Miami-Dade,6,2025,US-1/SR-5/DIXIE HWY,END OF BRIDGE SR-821,0,1.8,FDOT Annual Average Daily Traffic TDA,https://services1.arcgis.com/O1JpcwDW8sjYuddV/arcgis/rest/services/Annual_Average_Daily_Traffic_TDA/FeatureServer/0,https://services1.arcgis.com/O1JpcwDW8sjYuddV/arcgis/rest/services/Annual_Average_Daily_Traffic_TDA/FeatureServer/0/query?where=COUNTY%3D%27Miami-Dade%27&outFields=ROADWAY%2CAADT%2CAADTFLG%2CCOUNTY%2CDISTRICT%2CYEAR_%2CDESC_FRM%2CDESC_TO%2CBEGIN_POST%2CEND_POST&returnGeometry=false&f=json
87471000,118200,C,Miami-Dade,6,2025,Bridge No-870171,Bridge No-870175,6.137,9.205,FDOT Annual Average Daily Traffic TDA,https://services1.arcgis.com/O1JpcwDW8sjYuddV/arcgis/rest/services/Annual_Average_Daily_Traffic_TDA/FeatureServer/0,https://services1.arcgis.com/O1JpcwDW8sjYuddV/arcgis/rest/services/Annual_Average_Daily_Traffic_TDA/FeatureServer/0/query?where=COUNTY%3D%27Miami-Dade%27&outFields=ROADWAY%2CAADT%2CAADTFLG%2CCOUNTY%2CDISTRICT%2CYEAR_%2CDESC_FRM%2CDESC_TO%2CBEGIN_POST%2CEND_POST&returnGeometry=false&f=json
87471272,4600,C,Miami-Dade,6,2025,SR 821 SB,US 27/OKEECHOBEE RD,0,0.331,FDOT Annual Average Daily Traffic TDA,https://services1.arcgis.com/O1JpcwDW8sjYuddV/arcgis/rest/services/Annual_Average_Daily_Traffic_TDA/FeatureServer/0,https://services1.arcgis.com/O1JpcwDW8sjYuddV/arcgis/rest/services/Annual_Average_Daily_Traffic_TDA/FeatureServer/0/query?where=COUNTY%3D%27Miami-Dade%27&outFields=ROADWAY%2CAADT%2CAADTFLG%2CCOUNTY%2CDISTRICT%2CYEAR_%2CDESC_FRM%2CDESC_TO%2CBEGIN_POST%2CEND_POST&returnGeometry=false&f=json
87471000,111700,C,Miami-Dade,6,2025,N/A,87075608 RAMP,35.329,39.36,FDOT Annual Average Daily Traffic TDA,https://services1.arcgis.com/O1JpcwDW8sjYuddV/arcgis/rest/services/Annual_Average_Daily_Traffic_TDA/FeatureServer/0,https://services1.arcgis.com/O1JpcwDW8sjYuddV/arcgis/rest/services/Annual_Average_Daily_Traffic_TDA/FeatureServer/0/query?where=COUNTY%3D%27Miami-Dade%27&outFields=ROADWAY%2CAADT%2CAADTFLG%2CCOUNTY%2CDISTRICT%2CYEAR_%2CDESC_FRM%2CDESC_TO%2CBEGIN_POST%2CEND_POST&returnGeometry=false&f=json
87471269,12500,C,Miami-Dade,6,2025,87471545 RAMP,SR 836 EB EXT.,0,0.768,FDOT Annual Average Daily Traffic TDA,https://services1.arcgis.com/O1JpcwDW8sjYuddV/arcgis/rest/services/Annual_Average_Daily_Traffic_TDA/FeatureServer/0,https://services1.arcgis.com/O1JpcwDW8sjYuddV/arcgis/rest/services/Annual_Average_Daily_Traffic_TDA/FeatureServer/0/query?where=COUNTY%3D%27Miami-Dade%27&outFields=ROADWAY%2CAADT%2CAADTFLG%2CCOUNTY%2CDISTRICT%2CYEAR_%2CDESC_FRM%2CDESC_TO%2CBEGIN_POST%2CEND_POST&returnGeometry=false&f=json
87470003,6600,C,Miami-Dade,6,2025,SR 91 SB,87470001 RAMP,0,0.621,FDOT Annual Average Daily Traffic TDA,https://services1.arcgis.com/O1JpcwDW8sjYuddV/arcgis/rest/services/Annual_Average_Daily_Traffic_TDA/FeatureServer/0,https://services1.arcgis.com/O1JpcwDW8sjYuddV/arcgis/rest/services/Annual_Average_Daily_Traffic_TDA/FeatureServer/0/query?where=COUNTY%3D%27Miami-Dade%27&outFields=ROADWAY%2CAADT%2CAADTFLG%2CCOUNTY%2CDISTRICT%2CYEAR_%2CDESC_FRM%2CDESC_TO%2CBEGIN_POST%2CEND_POST&returnGeometry=false&f=json
87550501,17300,F,Miami-Dade,6,2025,NE 103 ST,NE 118 TER,1.529,2.554,FDOT Annual Average Daily Traffic TDA,https://services1.arcgis.com/O1JpcwDW8sjYuddV/arcgis/rest/services/Annual_Average_Daily_Traffic_TDA/FeatureServer/0,https://services1.arcgis.com/O1JpcwDW8sjYuddV/arcgis/rest/services/Annual_Average_Daily_Traffic_TDA/FeatureServer/0/query?where=COUNTY%3D%27Miami-Dade%27&outFields=ROADWAY%2CAADT%2CAADTFLG%2CCOUNTY%2CDISTRICT%2CYEAR_%2CDESC_FRM%2CDESC_TO%2CBEGIN_POST%2CEND_POST&returnGeometry=false&f=json
87521500,30000,C,Miami-Dade,6,2025,OKEECHOBEE RD/SR-25,N/A,0,1.706,FDOT Annual Average Daily Traffic TDA,https://services1.arcgis.com/O1JpcwDW8sjYuddV/arcgis/rest/services/Annual_Average_Daily_Traffic_TDA/FeatureServer/0,https://services1.arcgis.com/O1JpcwDW8sjYuddV/arcgis/rest/services/Annual_Average_Daily_Traffic_TDA/FeatureServer/0/query?where=COUNTY%3D%27Miami-Dade%27&outFields=ROADWAY%2CAADT%2CAADTFLG%2CCOUNTY%2CDISTRICT%2CYEAR_%2CDESC_FRM%2CDESC_TO%2CBEGIN_POST%2CEND_POST&returnGeometry=false&f=json
87471261,18400,C,Miami-Dade,6,2025,SR 821 SB,SW 40TH ST/BIRD ROAD,0,0.292,FDOT Annual Average Daily Traffic TDA,https://services1.arcgis.com/O1JpcwDW8sjYuddV/arcgis/rest/services/Annual_Average_Daily_Traffic_TDA/FeatureServer/0,https://services1.arcgis.com/O1JpcwDW8sjYuddV/arcgis/rest/services/Annual_Average_Daily_Traffic_TDA/FeatureServer/0/query?where=COUNTY%3D%27Miami-Dade%27&outFields=ROADWAY%2CAADT%2CAADTFLG%2CCOUNTY%2CDISTRICT%2CYEAR_%2CDESC_FRM%2CDESC_TO%2CBEGIN_POST%2CEND_POST&returnGeometry=false&f=json
87471532,8400,C,Miami-Dade,6,2025,NW 41ST STREET,SR 821 NB,0,0.15,FDOT Annual Average Daily Traffic TDA,https://services1.arcgis.com/O1JpcwDW8sjYuddV/arcgis/rest/services/Annual_Average_Daily_Traffic_TDA/FeatureServer/0,https://services1.arcgis.com/O1JpcwDW8sjYuddV/arcgis/rest/services/Annual_Average_Daily_Traffic_TDA/FeatureServer/0/query?where=COUNTY%3D%27Miami-Dade%27&outFields=ROADWAY%2CAADT%2CAADTFLG%2CCOUNTY%2CDISTRICT%2CYEAR_%2CDESC_FRM%2CDESC_TO%2CBEGIN_POST%2CEND_POST&returnGeometry=false&f=json
87504500,18500,C,Miami-Dade,6,2025,US-1/SR-5,NW 11 ST,0,2.784,FDOT Annual Average Daily Traffic TDA,https://services1.arcgis.com/O1JpcwDW8sjYuddV/arcgis/rest/services/Annual_Average_Daily_Traffic_TDA/FeatureServer/0,https://services1.arcgis.com/O1JpcwDW8sjYuddV/arcgis/rest/services/Annual_Average_Daily_Traffic_TDA/FeatureServer/0/query?where=COUNTY%3D%27Miami-Dade%27&outFields=ROADWAY%2CAADT%2CAADTFLG%2CCOUNTY%2CDISTRICT%2CYEAR_%2CDESC_FRM%2CDESC_TO%2CBEGIN_POST%2CEND_POST&returnGeometry=false&f=json
87471000,80846,C,Miami-Dade,6,2025,Bridge No-870179,Bridge No-870170,3.098,5.289,FDOT Annual Average Daily Traffic TDA,https://services1.arcgis.com/O1JpcwDW8sjYuddV/arcgis/rest/services/Annual_Average_Daily_Traffic_TDA/FeatureServer/0,https://services1.arcgis.com/O1JpcwDW8sjYuddV/arcgis/rest/services/Annual_Average_Daily_Traffic_TDA/FeatureServer/0/query?where=COUNTY%3D%27Miami-Dade%27&outFields=ROADWAY%2CAADT%2CAADTFLG%2CCOUNTY%2CDISTRICT%2CYEAR_%2CDESC_FRM%2CDESC_TO%2CBEGIN_POST%2CEND_POST&returnGeometry=false&f=json
87471236,3400,C,Miami-Dade,6,2025,SW 216 ST/H MILL RD,SR 821 SB,0,0.223,FDOT Annual Average Daily Traffic TDA,https://services1.arcgis.com/O1JpcwDW8sjYuddV/arcgis/rest/services/Annual_Average_Daily_Traffic_TDA/FeatureServer/0,https://services1.arcgis.com/O1JpcwDW8sjYuddV/arcgis/rest/services/Annual_Average_Daily_Traffic_TDA/FeatureServer/0/query?where=COUNTY%3D%27Miami-Dade%27&outFields=ROADWAY%2CAADT%2CAADTFLG%2CCOUNTY%2CDISTRICT%2CYEAR_%2CDESC_FRM%2CDESC_TO%2CBEGIN_POST%2CEND_POST&returnGeometry=false&f=json
87471511,7600,C,Miami-Dade,6,2025,SR 821 NB,SW 120TH STREET,0,0.164,FDOT Annual Average Daily Traffic TDA,https://services1.arcgis.com/O1JpcwDW8sjYuddV/arcgis/rest/services/Annual_Average_Daily_Traffic_TDA/FeatureServer/0,https://services1.arcgis.com/O1JpcwDW8sjYuddV/arcgis/rest/services/Annual_Average_Daily_Traffic_TDA/FeatureServer/0/query?where=COUNTY%3D%27Miami-Dade%27&outFields=ROADWAY%2CAADT%2CAADTFLG%2CCOUNTY%2CDISTRICT%2CYEAR_%2CDESC_FRM%2CDESC_TO%2CBEGIN_POST%2CEND_POST&returnGeometry=false&f=json
87470006,1900,C,Miami-Dade,6,2025,CR 854/NW 199 ST,SR 91 SB,0,0.16,FDOT Annual Average Daily Traffic TDA,https://services1.arcgis.com/O1JpcwDW8sjYuddV/arcgis/rest/services/Annual_Average_Daily_Traffic_TDA/FeatureServer/0,https://services1.arcgis.com/O1JpcwDW8sjYuddV/arcgis/rest/services/Annual_Average_Daily_Traffic_TDA/FeatureServer/0/query?where=COUNTY%3D%27Miami-Dade%27&outFields=ROADWAY%2CAADT%2CAADTFLG%2CCOUNTY%2CDISTRICT%2CYEAR_%2CDESC_FRM%2CDESC_TO%2CBEGIN_POST%2CEND_POST&returnGeometry=false&f=json
87471243,10500,C,Miami-Dade,6,2025,US 1/SOUTH DIXIE HWY,SR 821 NB,0,0.161,FDOT Annual Average Daily Traffic TDA,https://services1.arcgis.com/O1JpcwDW8sjYuddV/arcgis/rest/services/Annual_Average_Daily_Traffic_TDA/FeatureServer/0,https://services1.arcgis.com/O1JpcwDW8sjYuddV/arcgis/rest/services/Annual_Average_Daily_Traffic_TDA/FeatureServer/0/query?where=COUNTY%3D%27Miami-Dade%27&outFields=ROADWAY%2CAADT%2CAADTFLG%2CCOUNTY%2CDISTRICT%2CYEAR_%2CDESC_FRM%2CDESC_TO%2CBEGIN_POST%2CEND_POST&returnGeometry=false&f=json
87471534,400,C,Miami-Dade,6,2025,NW 41ST/DORAL BLVD,87471533 RAMP,0,0.102,FDOT Annual Average Daily Traffic TDA,https://services1.arcgis.com/O1JpcwDW8sjYuddV/arcgis/rest/services/Annual_Average_Daily_Traffic_TDA/FeatureServer/0,https://services1.arcgis.com/O1JpcwDW8sjYuddV/arcgis/rest/services/Annual_Average_Daily_Traffic_TDA/FeatureServer/0/query?where=COUNTY%3D%27Miami-Dade%27&outFields=ROADWAY%2CAADT%2CAADTFLG%2CCOUNTY%2CDISTRICT%2CYEAR_%2CDESC_FRM%2CDESC_TO%2CBEGIN_POST%2CEND_POST&returnGeometry=false&f=json
87471276,19000,C,Miami-Dade,6,2025,SW 152ND ST,SW 117TH AVE,0,0.279,FDOT Annual Average Daily Traffic TDA,https://services1.arcgis.com/O1JpcwDW8sjYuddV/arcgis/rest/services/Annual_Average_Daily_Traffic_TDA/FeatureServer/0,https://services1.arcgis.com/O1JpcwDW8sjYuddV/arcgis/rest/services/Annual_Average_Daily_Traffic_TDA/FeatureServer/0/query?where=COUNTY%3D%27Miami-Dade%27&outFields=ROADWAY%2CAADT%2CAADTFLG%2CCOUNTY%2CDISTRICT%2CYEAR_%2CDESC_FRM%2CDESC_TO%2CBEGIN_POST%2CEND_POST&returnGeometry=false&f=json
87471225,2350,C,Miami-Dade,6,2025,SR 821 NB,SW312 ST/CAMPBELL DR,0,0.578,FDOT Annual Average Daily Traffic TDA,https://services1.arcgis.com/O1JpcwDW8sjYuddV/arcgis/rest/services/Annual_Average_Daily_Traffic_TDA/FeatureServer/0,https://services1.arcgis.com/O1JpcwDW8sjYuddV/arcgis/rest/services/Annual_Average_Daily_Traffic_TDA/FeatureServer/0/query?where=COUNTY%3D%27Miami-Dade%27&outFields=ROADWAY%2CAADT%2CAADTFLG%2CCOUNTY%2CDISTRICT%2CYEAR_%2CDESC_FRM%2CDESC_TO%2CBEGIN_POST%2CEND_POST&returnGeometry=false&f=json
87471393,4700,C,Miami-Dade,6,2025,87471391 RAMP,BMP BR #871110,0,0.386,FDOT Annual Average Daily Traffic TDA,https://services1.arcgis.com/O1JpcwDW8sjYuddV/arcgis/rest/services/Annual_Average_Daily_Traffic_TDA/FeatureServer/0,https://services1.arcgis.com/O1JpcwDW8sjYuddV/arcgis/rest/services/Annual_Average_Daily_Traffic_TDA/FeatureServer/0/query?where=COUNTY%3D%27Miami-Dade%27&outFields=ROADWAY%2CAADT%2CAADTFLG%2CCOUNTY%2CDISTRICT%2CYEAR_%2CDESC_FRM%2CDESC_TO%2CBEGIN_POST%2CEND_POST&returnGeometry=false&f=json
87471264,10500,C,Miami-Dade,6,2025,SR 821 NB,SW 8 ST/TAMIAMI TRL,0,0.313,FDOT Annual Average Daily Traffic TDA,https://services1.arcgis.com/O1JpcwDW8sjYuddV/arcgis/rest/services/Annual_Average_Daily_Traffic_TDA/FeatureServer/0,https://services1.arcgis.com/O1JpcwDW8sjYuddV/arcgis/rest/services/Annual_Average_Daily_Traffic_TDA/FeatureServer/0/query?where=COUNTY%3D%27Miami-Dade%27&outFields=ROADWAY%2CAADT%2CAADTFLG%2CCOUNTY%2CDISTRICT%2CYEAR_%2CDESC_FRM%2CDESC_TO%2CBEGIN_POST%2CEND_POST&returnGeometry=false&f=json
87471507,4400,C,Miami-Dade,6,2025,SR 821 SB,NW 112TH AVE,0,0.922,FDOT Annual Average Daily Traffic TDA,https://services1.arcgis.com/O1JpcwDW8sjYuddV/arcgis/rest/services/Annual_Average_Daily_Traffic_TDA/FeatureServer/0,https://services1.arcgis.com/O1JpcwDW8sjYuddV/arcgis/rest/services/Annual_Average_Daily_Traffic_TDA/FeatureServer/0/query?where=COUNTY%3D%27Miami-Dade%27&outFields=ROADWAY%2CAADT%2CAADTFLG%2CCOUNTY%2CDISTRICT%2CYEAR_%2CDESC_FRM%2CDESC_TO%2CBEGIN_POST%2CEND_POST&returnGeometry=false&f=json
87471000,125600,C,Miami-Dade,6,2025,N/A,N/A,29.187,33.191,FDOT Annual Average Daily Traffic TDA,https://services1.arcgis.com/O1JpcwDW8sjYuddV/arcgis/rest/services/Annual_Average_Daily_Traffic_TDA/FeatureServer/0,https://services1.arcgis.com/O1JpcwDW8sjYuddV/arcgis/rest/services/Annual_Average_Daily_Traffic_TDA/FeatureServer/0/query?where=COUNTY%3D%27Miami-Dade%27&outFields=ROADWAY%2CAADT%2CAADTFLG%2CCOUNTY%2CDISTRICT%2CYEAR_%2CDESC_FRM%2CDESC_TO%2CBEGIN_POST%2CEND_POST&returnGeometry=false&f=json
87900046,10800,F,Miami-Dade,6,2025,SW 136 ST,SW 120 ST,0,1.066,FDOT Annual Average Daily Traffic TDA,https://services1.arcgis.com/O1JpcwDW8sjYuddV/arcgis/rest/services/Annual_Average_Daily_Traffic_TDA/FeatureServer/0,https://services1.arcgis.com/O1JpcwDW8sjYuddV/arcgis/rest/services/Annual_Average_Daily_Traffic_TDA/FeatureServer/0/query?where=COUNTY%3D%27Miami-Dade%27&outFields=ROADWAY%2CAADT%2CAADTFLG%2CCOUNTY%2CDISTRICT%2CYEAR_%2CDESC_FRM%2CDESC_TO%2CBEGIN_POST%2CEND_POST&returnGeometry=false&f=json
87550504,16100,C,Miami-Dade,6,2025,SR-826/NE 163 ST,NE 195 ST,0,2.198,FDOT Annual Average Daily Traffic TDA,https://services1.arcgis.com/O1JpcwDW8sjYuddV/arcgis/rest/services/Annual_Average_Daily_Traffic_TDA/FeatureServer/0,https://services1.arcgis.com/O1JpcwDW8sjYuddV/arcgis/rest/services/Annual_Average_Daily_Traffic_TDA/FeatureServer/0/query?where=COUNTY%3D%27Miami-Dade%27&outFields=ROADWAY%2CAADT%2CAADTFLG%2CCOUNTY%2CDISTRICT%2CYEAR_%2CDESC_FRM%2CDESC_TO%2CBEGIN_POST%2CEND_POST&returnGeometry=false&f=json
87471263,10500,C,Miami-Dade,6,2025,SW 8 ST/TAMIAMI TRL,SR 821 SB,0,0.67,FDOT Annual Average Daily Traffic TDA,https://services1.arcgis.com/O1JpcwDW8sjYuddV/arcgis/rest/services/Annual_Average_Daily_Traffic_TDA/FeatureServer/0,https://services1.arcgis.com/O1JpcwDW8sjYuddV/arcgis/rest/services/Annual_Average_Daily_Traffic_TDA/FeatureServer/0/query?where=COUNTY%3D%27Miami-Dade%27&outFields=ROADWAY%2CAADT%2CAADTFLG%2CCOUNTY%2CDISTRICT%2CYEAR_%2CDESC_FRM%2CDESC_TO%2CBEGIN_POST%2CEND_POST&returnGeometry=false&f=json
87471521,2600,C,Miami-Dade,6,2025,BISCAYNE DRIVE,SR 821 NB,0,0.262,FDOT Annual Average Daily Traffic TDA,https://services1.arcgis.com/O1JpcwDW8sjYuddV/arcgis/rest/services/Annual_Average_Daily_Traffic_TDA/FeatureServer/0,https://services1.arcgis.com/O1JpcwDW8sjYuddV/arcgis/rest/services/Annual_Average_Daily_Traffic_TDA/FeatureServer/0/query?where=COUNTY%3D%27Miami-Dade%27&outFields=ROADWAY%2CAADT%2CAADTFLG%2CCOUNTY%2CDISTRICT%2CYEAR_%2CDESC_FRM%2CDESC_TO%2CBEGIN_POST%2CEND_POST&returnGeometry=false&f=json
87470005,9000,C,Miami-Dade,6,2025,SR 91 NB,SR 821 SB,0,0.599,FDOT Annual Average Daily Traffic TDA,https://services1.arcgis.com/O1JpcwDW8sjYuddV/arcgis/rest/services/Annual_Average_Daily_Traffic_TDA/FeatureServer/0,https://services1.arcgis.com/O1JpcwDW8sjYuddV/arcgis/rest/services/Annual_Average_Daily_Traffic_TDA/FeatureServer/0/query?where=COUNTY%3D%27Miami-Dade%27&outFields=ROADWAY%2CAADT%2CAADTFLG%2CCOUNTY%2CDISTRICT%2CYEAR_%2CDESC_FRM%2CDESC_TO%2CBEGIN_POST%2CEND_POST&returnGeometry=false&f=json
87550501,12600,C,Miami-Dade,6,2025,NW 79 ST/SR-934,NE 103 ST,0,1.529,FDOT Annual Average Daily Traffic TDA,https://services1.arcgis.com/O1JpcwDW8sjYuddV/arcgis/rest/services/Annual_Average_Daily_Traffic_TDA/FeatureServer/0,https://services1.arcgis.com/O1JpcwDW8sjYuddV/arcgis/rest/services/Annual_Average_Daily_Traffic_TDA/FeatureServer/0/query?where=COUNTY%3D%27Miami-Dade%27&outFields=ROADWAY%2CAADT%2CAADTFLG%2CCOUNTY%2CDISTRICT%2CYEAR_%2CDESC_FRM%2CDESC_TO%2CBEGIN_POST%2CEND_POST&returnGeometry=false&f=json
87471242,13000,C,Miami-Dade,6,2025,SR 821 SB,CARIBBEAN BOULEVARD,0,0.206,FDOT Annual Average Daily Traffic TDA,https://services1.arcgis.com/O1JpcwDW8sjYuddV/arcgis/rest/services/Annual_Average_Daily_Traffic_TDA/FeatureServer/0,https://services1.arcgis.com/O1JpcwDW8sjYuddV/arcgis/rest/services/Annual_Average_Daily_Traffic_TDA/FeatureServer/0/query?where=COUNTY%3D%27Miami-Dade%27&outFields=ROADWAY%2CAADT%2CAADTFLG%2CCOUNTY%2CDISTRICT%2CYEAR_%2CDESC_FRM%2CDESC_TO%2CBEGIN_POST%2CEND_POST&returnGeometry=false&f=json
87610500,19100,F,Miami-Dade,6,2025,NW 72 AV,NW 15 ST,0,2.62,FDOT Annual Average Daily Traffic TDA,https://services1.arcgis.com/O1JpcwDW8sjYuddV/arcgis/rest/services/Annual_Average_Daily_Traffic_TDA/FeatureServer/0,https://services1.arcgis.com/O1JpcwDW8sjYuddV/arcgis/rest/services/Annual_Average_Daily_Traffic_TDA/FeatureServer/0/query?where=COUNTY%3D%27Miami-Dade%27&outFields=ROADWAY%2CAADT%2CAADTFLG%2CCOUNTY%2CDISTRICT%2CYEAR_%2CDESC_FRM%2CDESC_TO%2CBEGIN_POST%2CEND_POST&returnGeometry=false&f=json
87471238,20500,C,Miami-Dade,6,2025,87471240 RAMP,SR 821 NB,0,0.056,FDOT Annual Average Daily Traffic TDA,https://services1.arcgis.com/O1JpcwDW8sjYuddV/arcgis/rest/services/Annual_Average_Daily_Traffic_TDA/FeatureServer/0,https://services1.arcgis.com/O1JpcwDW8sjYuddV/arcgis/rest/services/Annual_Average_Daily_Traffic_TDA/FeatureServer/0/query?where=COUNTY%3D%27Miami-Dade%27&outFields=ROADWAY%2CAADT%2CAADTFLG%2CCOUNTY%2CDISTRICT%2CYEAR_%2CDESC_FRM%2CDESC_TO%2CBEGIN_POST%2CEND_POST&returnGeometry=false&f=json
87471506,6000,C,Miami-Dade,6,2025,SR 821 NB,87471507 RAMP,0,0.242,FDOT Annual Average Daily Traffic TDA,https://services1.arcgis.com/O1JpcwDW8sjYuddV/arcgis/rest/services/Annual_Average_Daily_Traffic_TDA/FeatureServer/0,https://services1.arcgis.com/O1JpcwDW8sjYuddV/arcgis/rest/services/Annual_Average_Daily_Traffic_TDA/FeatureServer/0/query?where=COUNTY%3D%27Miami-Dade%27&outFields=ROADWAY%2CAADT%2CAADTFLG%2CCOUNTY%2CDISTRICT%2CYEAR_%2CDESC_FRM%2CDESC_TO%2CBEGIN_POST%2CEND_POST&returnGeometry=false&f=json
87471397,4600,C,Miami-Dade,6,2025,I-75 XPRESS LN SB,SR 821 SB,0,0.703,FDOT Annual Average Daily Traffic TDA,https://services1.arcgis.com/O1JpcwDW8sjYuddV/arcgis/rest/services/Annual_Average_Daily_Traffic_TDA/FeatureServer/0,https://services1.arcgis.com/O1JpcwDW8sjYuddV/arcgis/rest/services/Annual_Average_Daily_Traffic_TDA/FeatureServer/0/query?where=COUNTY%3D%27Miami-Dade%27&outFields=ROADWAY%2CAADT%2CAADTFLG%2CCOUNTY%2CDISTRICT%2CYEAR_%2CDESC_FRM%2CDESC_TO%2CBEGIN_POST%2CEND_POST&returnGeometry=false&f=json
87471000,178000,C,Miami-Dade,6,2025,N/A,N/A,23.71,25.688,FDOT Annual Average Daily Traffic TDA,https://services1.arcgis.com/O1JpcwDW8sjYuddV/arcgis/rest/services/Annual_Average_Daily_Traffic_TDA/FeatureServer/0,https://services1.arcgis.com/O1JpcwDW8sjYuddV/arcgis/rest/services/Annual_Average_Daily_Traffic_TDA/FeatureServer/0/query?where=COUNTY%3D%27Miami-Dade%27&outFields=ROADWAY%2CAADT%2CAADTFLG%2CCOUNTY%2CDISTRICT%2CYEAR_%2CDESC_FRM%2CDESC_TO%2CBEGIN_POST%2CEND_POST&returnGeometry=false&f=json
87471267,3800,C,Miami-Dade,6,2025,AUX LANE FR 87471545,SR 836 RAMP 87200050,0,0.478,FDOT Annual Average Daily Traffic TDA,https://services1.arcgis.com/O1JpcwDW8sjYuddV/arcgis/rest/services/Annual_Average_Daily_Traffic_TDA/FeatureServer/0,https://services1.arcgis.com/O1JpcwDW8sjYuddV/arcgis/rest/services/Annual_Average_Daily_Traffic_TDA/FeatureServer/0/query?where=COUNTY%3D%27Miami-Dade%27&outFields=ROADWAY%2CAADT%2CAADTFLG%2CCOUNTY%2CDISTRICT%2CYEAR_%2CDESC_FRM%2CDESC_TO%2CBEGIN_POST%2CEND_POST&returnGeometry=false&f=json
87470001,2100,C,Miami-Dade,6,2025,SR 91 NB,N/A,0,0.842,FDOT Annual Average Daily Traffic TDA,https://services1.arcgis.com/O1JpcwDW8sjYuddV/arcgis/rest/services/Annual_Average_Daily_Traffic_TDA/FeatureServer/0,https://services1.arcgis.com/O1JpcwDW8sjYuddV/arcgis/rest/services/Annual_Average_Daily_Traffic_TDA/FeatureServer/0/query?where=COUNTY%3D%27Miami-Dade%27&outFields=ROADWAY%2CAADT%2CAADTFLG%2CCOUNTY%2CDISTRICT%2CYEAR_%2CDESC_FRM%2CDESC_TO%2CBEGIN_POST%2CEND_POST&returnGeometry=false&f=json
87502501,4900,F,Miami-Dade,6,2025,NW 87 ST,NW 135 ST,0,3,FDOT Annual Average Daily Traffic TDA,https://services1.arcgis.com/O1JpcwDW8sjYuddV/arcgis/rest/services/Annual_Average_Daily_Traffic_TDA/FeatureServer/0,https://services1.arcgis.com/O1JpcwDW8sjYuddV/arcgis/rest/services/Annual_Average_Daily_Traffic_TDA/FeatureServer/0/query?where=COUNTY%3D%27Miami-Dade%27&outFields=ROADWAY%2CAADT%2CAADTFLG%2CCOUNTY%2CDISTRICT%2CYEAR_%2CDESC_FRM%2CDESC_TO%2CBEGIN_POST%2CEND_POST&returnGeometry=false&f=json
87471252,23000,C,Miami-Dade,6,2025,SR 821 SB,SW 117TH AVENUE,0,1.177,FDOT Annual Average Daily Traffic TDA,https://services1.arcgis.com/O1JpcwDW8sjYuddV/arcgis/rest/services/Annual_Average_Daily_Traffic_TDA/FeatureServer/0,https://services1.arcgis.com/O1JpcwDW8sjYuddV/arcgis/rest/services/Annual_Average_Daily_Traffic_TDA/FeatureServer/0/query?where=COUNTY%3D%27Miami-Dade%27&outFields=ROADWAY%2CAADT%2CAADTFLG%2CCOUNTY%2CDISTRICT%2CYEAR_%2CDESC_FRM%2CDESC_TO%2CBEGIN_POST%2CEND_POST&returnGeometry=false&f=json
87471600,4100,C,Miami-Dade,6,2025,SR 821 SB,SR 989/ALLAPATTAH RD,0,0.258,FDOT Annual Average Daily Traffic TDA,https://services1.arcgis.com/O1JpcwDW8sjYuddV/arcgis/rest/services/Annual_Average_Daily_Traffic_TDA/FeatureServer/0,https://services1.arcgis.com/O1JpcwDW8sjYuddV/arcgis/rest/services/Annual_Average_Daily_Traffic_TDA/FeatureServer/0/query?where=COUNTY%3D%27Miami-Dade%27&outFields=ROADWAY%2CAADT%2CAADTFLG%2CCOUNTY%2CDISTRICT%2CYEAR_%2CDESC_FRM%2CDESC_TO%2CBEGIN_POST%2CEND_POST&returnGeometry=false&f=json
87471000,52600,C,Miami-Dade,6,2025,87471105 SB OFF,Bridge No-870179,0.538,3.098,FDOT Annual Average Daily Traffic TDA,https://services1.arcgis.com/O1JpcwDW8sjYuddV/arcgis/rest/services/Annual_Average_Daily_Traffic_TDA/FeatureServer/0,https://services1.arcgis.com/O1JpcwDW8sjYuddV/arcgis/rest/services/Annual_Average_Daily_Traffic_TDA/FeatureServer/0/query?where=COUNTY%3D%27Miami-Dade%27&outFields=ROADWAY%2CAADT%2CAADTFLG%2CCOUNTY%2CDISTRICT%2CYEAR_%2CDESC_FRM%2CDESC_TO%2CBEGIN_POST%2CEND_POST&returnGeometry=false&f=json
87471271,10500,C,Miami-Dade,6,2025,US 27/OKEECHOBEE RD,SR 821 SB,0,0.224,FDOT Annual Average Daily Traffic TDA,https://services1.arcgis.com/O1JpcwDW8sjYuddV/arcgis/rest/services/Annual_Average_Daily_Traffic_TDA/FeatureServer/0,https://services1.arcgis.com/O1JpcwDW8sjYuddV/arcgis/rest/services/Annual_Average_Daily_Traffic_TDA/FeatureServer/0/query?where=COUNTY%3D%27Miami-Dade%27&outFields=ROADWAY%2CAADT%2CAADTFLG%2CCOUNTY%2CDISTRICT%2CYEAR_%2CDESC_FRM%2CDESC_TO%2CBEGIN_POST%2CEND_POST&returnGeometry=false&f=json
87471503,22000,C,Miami-Dade,6,2025,SR 821 SB,SR94/N KENDALL DRIVE,0,0.275,FDOT Annual Average Daily Traffic TDA,https://services1.arcgis.com/O1JpcwDW8sjYuddV/arcgis/rest/services/Annual_Average_Daily_Traffic_TDA/FeatureServer/0,https://services1.arcgis.com/O1JpcwDW8sjYuddV/arcgis/rest/services/Annual_Average_Daily_Traffic_TDA/FeatureServer/0/query?where=COUNTY%3D%27Miami-Dade%27&outFields=ROADWAY%2CAADT%2CAADTFLG%2CCOUNTY%2CDISTRICT%2CYEAR_%2CDESC_FRM%2CDESC_TO%2CBEGIN_POST%2CEND_POST&returnGeometry=false&f=json
87471000,214300,C,Miami-Dade,6,2025,Bridge No-870194,Bridge No-870198,13.91,16.25,FDOT Annual Average Daily Traffic TDA,https://services1.arcgis.com/O1JpcwDW8sjYuddV/arcgis/rest/services/Annual_Average_Daily_Traffic_TDA/FeatureServer/0,https://services1.arcgis.com/O1JpcwDW8sjYuddV/arcgis/rest/services/Annual_Average_Daily_Traffic_TDA/FeatureServer/0/query?where=COUNTY%3D%27Miami-Dade%27&outFields=ROADWAY%2CAADT%2CAADTFLG%2CCOUNTY%2CDISTRICT%2CYEAR_%2CDESC_FRM%2CDESC_TO%2CBEGIN_POST%2CEND_POST&returnGeometry=false&f=json
87508500,22000,F,Miami-Dade,6,2025,SR-5/US-1,FRANJO RD,0,2.002,FDOT Annual Average Daily Traffic TDA,https://services1.arcgis.com/O1JpcwDW8sjYuddV/arcgis/rest/services/Annual_Average_Daily_Traffic_TDA/FeatureServer/0,https://services1.arcgis.com/O1JpcwDW8sjYuddV/arcgis/rest/services/Annual_Average_Daily_Traffic_TDA/FeatureServer/0/query?where=COUNTY%3D%27Miami-Dade%27&outFields=ROADWAY%2CAADT%2CAADTFLG%2CCOUNTY%2CDISTRICT%2CYEAR_%2CDESC_FRM%2CDESC_TO%2CBEGIN_POST%2CEND_POST&returnGeometry=false&f=json
87471247,27000,C,Miami-Dade,6,2025,EUREKA DRIVE,SR 821 NB,0,0.189,FDOT Annual Average Daily Traffic TDA,https://services1.arcgis.com/O1JpcwDW8sjYuddV/arcgis/rest/services/Annual_Average_Daily_Traffic_TDA/FeatureServer/0,https://services1.arcgis.com/O1JpcwDW8sjYuddV/arcgis/rest/services/Annual_Average_Daily_Traffic_TDA/FeatureServer/0/query?where=COUNTY%3D%27Miami-Dade%27&outFields=ROADWAY%2CAADT%2CAADTFLG%2CCOUNTY%2CDISTRICT%2CYEAR_%2CDESC_FRM%2CDESC_TO%2CBEGIN_POST%2CEND_POST&returnGeometry=false&f=json
87471542,8900,C,Miami-Dade,6,2025,NW 12TH STREET,87471544 RAMP,0,0.368,FDOT Annual Average Daily Traffic TDA,https://services1.arcgis.com/O1JpcwDW8sjYuddV/arcgis/rest/services/Annual_Average_Daily_Traffic_TDA/FeatureServer/0,https://services1.arcgis.com/O1JpcwDW8sjYuddV/arcgis/rest/services/Annual_Average_Daily_Traffic_TDA/FeatureServer/0/query?where=COUNTY%3D%27Miami-Dade%27&outFields=ROADWAY%2CAADT%2CAADTFLG%2CCOUNTY%2CDISTRICT%2CYEAR_%2CDESC_FRM%2CDESC_TO%2CBEGIN_POST%2CEND_POST&returnGeometry=false&f=json
87610501,500,F,Miami-Dade,6,2025,NW 15 ST,MIAFUEL FARM ENT,0,0.261,FDOT Annual Average Daily Traffic TDA,https://services1.arcgis.com/O1JpcwDW8sjYuddV/arcgis/rest/services/Annual_Average_Daily_Traffic_TDA/FeatureServer/0,https://services1.arcgis.com/O1JpcwDW8sjYuddV/arcgis/rest/services/Annual_Average_Daily_Traffic_TDA/FeatureServer/0/query?where=COUNTY%3D%27Miami-Dade%27&outFields=ROADWAY%2CAADT%2CAADTFLG%2CCOUNTY%2CDISTRICT%2CYEAR_%2CDESC_FRM%2CDESC_TO%2CBEGIN_POST%2CEND_POST&returnGeometry=false&f=json
87471244,4800,C,Miami-Dade,6,2025,87471241 RAMP,SR 821 SB,0,0.108,FDOT Annual Average Daily Traffic TDA,https://services1.arcgis.com/O1JpcwDW8sjYuddV/arcgis/rest/services/Annual_Average_Daily_Traffic_TDA/FeatureServer/0,https://services1.arcgis.com/O1JpcwDW8sjYuddV/arcgis/rest/services/Annual_Average_Daily_Traffic_TDA/FeatureServer/0/query?where=COUNTY%3D%27Miami-Dade%27&outFields=ROADWAY%2CAADT%2CAADTFLG%2CCOUNTY%2CDISTRICT%2CYEAR_%2CDESC_FRM%2CDESC_TO%2CBEGIN_POST%2CEND_POST&returnGeometry=false&f=json
87471540,6450,C,Miami-Dade,6,2025,87471544 RAMP,NW 12TH STREET,0,0.259,FDOT Annual Average Daily Traffic TDA,https://services1.arcgis.com/O1JpcwDW8sjYuddV/arcgis/rest/services/Annual_Average_Daily_Traffic_TDA/FeatureServer/0,https://services1.arcgis.com/O1JpcwDW8sjYuddV/arcgis/rest/services/Annual_Average_Daily_Traffic_TDA/FeatureServer/0/query?where=COUNTY%3D%27Miami-Dade%27&outFields=ROADWAY%2CAADT%2CAADTFLG%2CCOUNTY%2CDISTRICT%2CYEAR_%2CDESC_FRM%2CDESC_TO%2CBEGIN_POST%2CEND_POST&returnGeometry=false&f=json
87471234,4450,C,Miami-Dade,6,2025,SR 821 NB,SR 989/ALLAPATTAH RD,0,0.225,FDOT Annual Average Daily Traffic TDA,https://services1.arcgis.com/O1JpcwDW8sjYuddV/arcgis/rest/services/Annual_Average_Daily_Traffic_TDA/FeatureServer/0,https://services1.arcgis.com/O1JpcwDW8sjYuddV/arcgis/rest/services/Annual_Average_Daily_Traffic_TDA/FeatureServer/0/query?where=COUNTY%3D%27Miami-Dade%27&outFields=ROADWAY%2CAADT%2CAADTFLG%2CCOUNTY%2CDISTRICT%2CYEAR_%2CDESC_FRM%2CDESC_TO%2CBEGIN_POST%2CEND_POST&returnGeometry=false&f=json
87471512,12000,C,Miami-Dade,6,2025,SR 821 SB,SW 120TH STREET,0,0.267,FDOT Annual Average Daily Traffic TDA,https://services1.arcgis.com/O1JpcwDW8sjYuddV/arcgis/rest/services/Annual_Average_Daily_Traffic_TDA/FeatureServer/0,https://services1.arcgis.com/O1JpcwDW8sjYuddV/arcgis/rest/services/Annual_Average_Daily_Traffic_TDA/FeatureServer/0/query?where=COUNTY%3D%27Miami-Dade%27&outFields=ROADWAY%2CAADT%2CAADTFLG%2CCOUNTY%2CDISTRICT%2CYEAR_%2CDESC_FRM%2CDESC_TO%2CBEGIN_POST%2CEND_POST&returnGeometry=false&f=json
87471223,11000,C,Miami-Dade,6,2025,CAMPBELL DR/SW 312,SR 821 NB,0,0.142,FDOT Annual Average Daily Traffic TDA,https://services1.arcgis.com/O1JpcwDW8sjYuddV/arcgis/rest/services/Annual_Average_Daily_Traffic_TDA/FeatureServer/0,https://services1.arcgis.com/O1JpcwDW8sjYuddV/arcgis/rest/services/Annual_Average_Daily_Traffic_TDA/FeatureServer/0/query?where=COUNTY%3D%27Miami-Dade%27&outFields=ROADWAY%2CAADT%2CAADTFLG%2CCOUNTY%2CDISTRICT%2CYEAR_%2CDESC_FRM%2CDESC_TO%2CBEGIN_POST%2CEND_POST&returnGeometry=false&f=json
87674504,13500,F,Miami-Dade,6,2025,Bridge No-874129,OKEECHOBEE RD,0.087,0.121,FDOT Annual Average Daily Traffic TDA,https://services1.arcgis.com/O1JpcwDW8sjYuddV/arcgis/rest/services/Annual_Average_Daily_Traffic_TDA/FeatureServer/0,https://services1.arcgis.com/O1JpcwDW8sjYuddV/arcgis/rest/services/Annual_Average_Daily_Traffic_TDA/FeatureServer/0/query?where=COUNTY%3D%27Miami-Dade%27&outFields=ROADWAY%2CAADT%2CAADTFLG%2CCOUNTY%2CDISTRICT%2CYEAR_%2CDESC_FRM%2CDESC_TO%2CBEGIN_POST%2CEND_POST&returnGeometry=false&f=json
87471390,6300,C,Miami-Dade,6,2025,SR 821 NB,I-75 XPRESS LN NB,0,0.807,FDOT Annual Average Daily Traffic TDA,https://services1.arcgis.com/O1JpcwDW8sjYuddV/arcgis/rest/services/Annual_Average_Daily_Traffic_TDA/FeatureServer/0,https://services1.arcgis.com/O1JpcwDW8sjYuddV/arcgis/rest/services/Annual_Average_Daily_Traffic_TDA/FeatureServer/0/query?where=COUNTY%3D%27Miami-Dade%27&outFields=ROADWAY%2CAADT%2CAADTFLG%2CCOUNTY%2CDISTRICT%2CYEAR_%2CDESC_FRM%2CDESC_TO%2CBEGIN_POST%2CEND_POST&returnGeometry=false&f=json
87471258,7400,C,Miami-Dade,6,2025,87471500 RAMP,87471501 RAMP,0,0.095,FDOT Annual Average Daily Traffic TDA,https://services1.arcgis.com/O1JpcwDW8sjYuddV/arcgis/rest/services/Annual_Average_Daily_Traffic_TDA/FeatureServer/0,https://services1.arcgis.com/O1JpcwDW8sjYuddV/arcgis/rest/services/Annual_Average_Daily_Traffic_TDA/FeatureServer/0/query?where=COUNTY%3D%27Miami-Dade%27&outFields=ROADWAY%2CAADT%2CAADTFLG%2CCOUNTY%2CDISTRICT%2CYEAR_%2CDESC_FRM%2CDESC_TO%2CBEGIN_POST%2CEND_POST&returnGeometry=false&f=json
87471504,6400,C,Miami-Dade,6,2025,SR94/N KENDALL DRIVE,SR 821 NB,0,0.243,FDOT Annual Average Daily Traffic TDA,https://services1.arcgis.com/O1JpcwDW8sjYuddV/arcgis/rest/services/Annual_Average_Daily_Traffic_TDA/FeatureServer/0,https://services1.arcgis.com/O1JpcwDW8sjYuddV/arcgis/rest/services/Annual_Average_Daily_Traffic_TDA/FeatureServer/0/query?where=COUNTY%3D%27Miami-Dade%27&outFields=ROADWAY%2CAADT%2CAADTFLG%2CCOUNTY%2CDISTRICT%2CYEAR_%2CDESC_FRM%2CDESC_TO%2CBEGIN_POST%2CEND_POST&returnGeometry=false&f=json
87471000,96200,C,Miami-Dade,6,2025,87075608 RAMP,BROWARD COUNTY LINE,39.36,40.15,FDOT Annual Average Daily Traffic TDA,https://services1.arcgis.com/O1JpcwDW8sjYuddV/arcgis/rest/services/Annual_Average_Daily_Traffic_TDA/FeatureServer/0,https://services1.arcgis.com/O1JpcwDW8sjYuddV/arcgis/rest/services/Annual_Average_Daily_Traffic_TDA/FeatureServer/0/query?where=COUNTY%3D%27Miami-Dade%27&outFields=ROADWAY%2CAADT%2CAADTFLG%2CCOUNTY%2CDISTRICT%2CYEAR_%2CDESC_FRM%2CDESC_TO%2CBEGIN_POST%2CEND_POST&returnGeometry=false&f=json
87471000,132800,C,Miami-Dade,6,2025,N/A,N/A,26.774,27.162,FDOT Annual Average Daily Traffic TDA,https://services1.arcgis.com/O1JpcwDW8sjYuddV/arcgis/rest/services/Annual_Average_Daily_Traffic_TDA/FeatureServer/0,https://services1.arcgis.com/O1JpcwDW8sjYuddV/arcgis/rest/services/Annual_Average_Daily_Traffic_TDA/FeatureServer/0/query?where=COUNTY%3D%27Miami-Dade%27&outFields=ROADWAY%2CAADT%2CAADTFLG%2CCOUNTY%2CDISTRICT%2CYEAR_%2CDESC_FRM%2CDESC_TO%2CBEGIN_POST%2CEND_POST&returnGeometry=false&f=json
87550500,13600,S,Miami-Dade,6,2025,SR-944/NE 54 ST,SR-934/NE 79 ST,0,1.533,FDOT Annual Average Daily Traffic TDA,https://services1.arcgis.com/O1JpcwDW8sjYuddV/arcgis/rest/services/Annual_Average_Daily_Traffic_TDA/FeatureServer/0,https://services1.arcgis.com/O1JpcwDW8sjYuddV/arcgis/rest/services/Annual_Average_Daily_Traffic_TDA/FeatureServer/0/query?where=COUNTY%3D%27Miami-Dade%27&outFields=ROADWAY%2CAADT%2CAADTFLG%2CCOUNTY%2CDISTRICT%2CYEAR_%2CDESC_FRM%2CDESC_TO%2CBEGIN_POST%2CEND_POST&returnGeometry=false&f=json
87471231,11500,C,Miami-Dade,6,2025,SR 821 SB,SW 137TH AVE,0,0.26,FDOT Annual Average Daily Traffic TDA,https://services1.arcgis.com/O1JpcwDW8sjYuddV/arcgis/rest/services/Annual_Average_Daily_Traffic_TDA/FeatureServer/0,https://services1.arcgis.com/O1JpcwDW8sjYuddV/arcgis/rest/services/Annual_Average_Daily_Traffic_TDA/FeatureServer/0/query?where=COUNTY%3D%27Miami-Dade%27&outFields=ROADWAY%2CAADT%2CAADTFLG%2CCOUNTY%2CDISTRICT%2CYEAR_%2CDESC_FRM%2CDESC_TO%2CBEGIN_POST%2CEND_POST&returnGeometry=false&f=json
87471522,10500,C,Miami-Dade,6,2025,SR 821 SB,BISCAYNE DRIVE,0,0.222,FDOT Annual Average Daily Traffic TDA,https://services1.arcgis.com/O1JpcwDW8sjYuddV/arcgis/rest/services/Annual_Average_Daily_Traffic_TDA/FeatureServer/0,https://services1.arcgis.com/O1JpcwDW8sjYuddV/arcgis/rest/services/Annual_Average_Daily_Traffic_TDA/FeatureServer/0/query?where=COUNTY%3D%27Miami-Dade%27&outFields=ROADWAY%2CAADT%2CAADTFLG%2CCOUNTY%2CDISTRICT%2CYEAR_%2CDESC_FRM%2CDESC_TO%2CBEGIN_POST%2CEND_POST&returnGeometry=false&f=json
87470110,3900,C,Miami-Dade,6,2025,SR852/COUNTY LINE RD,86471132 RAMP,0,0.131,FDOT Annual Average Daily Traffic TDA,https://services1.arcgis.com/O1JpcwDW8sjYuddV/arcgis/rest/services/Annual_Average_Daily_Traffic_TDA/FeatureServer/0,https://services1.arcgis.com/O1JpcwDW8sjYuddV/arcgis/rest/services/Annual_Average_Daily_Traffic_TDA/FeatureServer/0/query?where=COUNTY%3D%27Miami-Dade%27&outFields=ROADWAY%2CAADT%2CAADTFLG%2CCOUNTY%2CDISTRICT%2CYEAR_%2CDESC_FRM%2CDESC_TO%2CBEGIN_POST%2CEND_POST&returnGeometry=false&f=json
87522500,11600,C,Miami-Dade,6,2025,SR-5/US-1,S VENETIAN WAY,0,1.154,FDOT Annual Average Daily Traffic TDA,https://services1.arcgis.com/O1JpcwDW8sjYuddV/arcgis/rest/services/Annual_Average_Daily_Traffic_TDA/FeatureServer/0,https://services1.arcgis.com/O1JpcwDW8sjYuddV/arcgis/rest/services/Annual_Average_Daily_Traffic_TDA/FeatureServer/0/query?where=COUNTY%3D%27Miami-Dade%27&outFields=ROADWAY%2CAADT%2CAADTFLG%2CCOUNTY%2CDISTRICT%2CYEAR_%2CDESC_FRM%2CDESC_TO%2CBEGIN_POST%2CEND_POST&returnGeometry=false&f=json
87521501,28500,F,Miami-Dade,6,2025,W 68 ST/NW 122 ST,MIAMI LAKEWAY S,0,1.354,FDOT Annual Average Daily Traffic TDA,https://services1.arcgis.com/O1JpcwDW8sjYuddV/arcgis/rest/services/Annual_Average_Daily_Traffic_TDA/FeatureServer/0,https://services1.arcgis.com/O1JpcwDW8sjYuddV/arcgis/rest/services/Annual_Average_Daily_Traffic_TDA/FeatureServer/0/query?where=COUNTY%3D%27Miami-Dade%27&outFields=ROADWAY%2CAADT%2CAADTFLG%2CCOUNTY%2CDISTRICT%2CYEAR_%2CDESC_FRM%2CDESC_TO%2CBEGIN_POST%2CEND_POST&returnGeometry=false&f=json
87471260,11500,C,Miami-Dade,6,2025,SW 40TH ST/BIRD ROAD,SR 821 SB,0,0.154,FDOT Annual Average Daily Traffic TDA,https://services1.arcgis.com/O1JpcwDW8sjYuddV/arcgis/rest/services/Annual_Average_Daily_Traffic_TDA/FeatureServer/0,https://services1.arcgis.com/O1JpcwDW8sjYuddV/arcgis/rest/services/Annual_Average_Daily_Traffic_TDA/FeatureServer/0/query?where=COUNTY%3D%27Miami-Dade%27&outFields=ROADWAY%2CAADT%2CAADTFLG%2CCOUNTY%2CDISTRICT%2CYEAR_%2CDESC_FRM%2CDESC_TO%2CBEGIN_POST%2CEND_POST&returnGeometry=false&f=json
87471541,6450,C,Miami-Dade,6,2025,NW 12TH STREET,87471545 RAMP,0,0.323,FDOT Annual Average Daily Traffic TDA,https://services1.arcgis.com/O1JpcwDW8sjYuddV/arcgis/rest/services/Annual_Average_Daily_Traffic_TDA/FeatureServer/0,https://services1.arcgis.com/O1JpcwDW8sjYuddV/arcgis/rest/services/Annual_Average_Daily_Traffic_TDA/FeatureServer/0/query?where=COUNTY%3D%27Miami-Dade%27&outFields=ROADWAY%2CAADT%2CAADTFLG%2CCOUNTY%2CDISTRICT%2CYEAR_%2CDESC_FRM%2CDESC_TO%2CBEGIN_POST%2CEND_POST&returnGeometry=false&f=json
87471000,135100,C,Miami-Dade,6,2025,Bridge No-870175,Bridge No-870181,9.205,11.805,FDOT Annual Average Daily Traffic TDA,https://services1.arcgis.com/O1JpcwDW8sjYuddV/arcgis/rest/services/Annual_Average_Daily_Traffic_TDA/FeatureServer/0,https://services1.arcgis.com/O1JpcwDW8sjYuddV/arcgis/rest/services/Annual_Average_Daily_Traffic_TDA/FeatureServer/0/query?where=COUNTY%3D%27Miami-Dade%27&outFields=ROADWAY%2CAADT%2CAADTFLG%2CCOUNTY%2CDISTRICT%2CYEAR_%2CDESC_FRM%2CDESC_TO%2CBEGIN_POST%2CEND_POST&returnGeometry=false&f=json
87471237,4000,C,Miami-Dade,6,2025,SR 821 NB,SW 216 ST/H MILL RD,0,0.205,FDOT Annual Average Daily Traffic TDA,https://services1.arcgis.com/O1JpcwDW8sjYuddV/arcgis/rest/services/Annual_Average_Daily_Traffic_TDA/FeatureServer/0,https://services1.arcgis.com/O1JpcwDW8sjYuddV/arcgis/rest/services/Annual_Average_Daily_Traffic_TDA/FeatureServer/0/query?where=COUNTY%3D%27Miami-Dade%27&outFields=ROADWAY%2CAADT%2CAADTFLG%2CCOUNTY%2CDISTRICT%2CYEAR_%2CDESC_FRM%2CDESC_TO%2CBEGIN_POST%2CEND_POST&returnGeometry=false&f=json
87471544,6600,C,Miami-Dade,6,2025,SR 821 NB,SR 821 NB,0,1.032,FDOT Annual Average Daily Traffic TDA,https://services1.arcgis.com/O1JpcwDW8sjYuddV/arcgis/rest/services/Annual_Average_Daily_Traffic_TDA/FeatureServer/0,https://services1.arcgis.com/O1JpcwDW8sjYuddV/arcgis/rest/services/Annual_Average_Daily_Traffic_TDA/FeatureServer/0/query?where=COUNTY%3D%27Miami-Dade%27&outFields=ROADWAY%2CAADT%2CAADTFLG%2CCOUNTY%2CDISTRICT%2CYEAR_%2CDESC_FRM%2CDESC_TO%2CBEGIN_POST%2CEND_POST&returnGeometry=false&f=json
87504503,24000,F,Miami-Dade,6,2025,NW 79 ST/SR-934,NW 119 ST/SR-924,0,2.51,FDOT Annual Average Daily Traffic TDA,https://services1.arcgis.com/O1JpcwDW8sjYuddV/arcgis/rest/services/Annual_Average_Daily_Traffic_TDA/FeatureServer/0,https://services1.arcgis.com/O1JpcwDW8sjYuddV/arcgis/rest/services/Annual_Average_Daily_Traffic_TDA/FeatureServer/0/query?where=COUNTY%3D%27Miami-Dade%27&outFields=ROADWAY%2CAADT%2CAADTFLG%2CCOUNTY%2CDISTRICT%2CYEAR_%2CDESC_FRM%2CDESC_TO%2CBEGIN_POST%2CEND_POST&returnGeometry=false&f=json
87471224,2350,C,Miami-Dade,6,2025,SW312 ST/CAMPBELL DR,SR 821 SB,0,0.326,FDOT Annual Average Daily Traffic TDA,https://services1.arcgis.com/O1JpcwDW8sjYuddV/arcgis/rest/services/Annual_Average_Daily_Traffic_TDA/FeatureServer/0,https://services1.arcgis.com/O1JpcwDW8sjYuddV/arcgis/rest/services/Annual_Average_Daily_Traffic_TDA/FeatureServer/0/query?where=COUNTY%3D%27Miami-Dade%27&outFields=ROADWAY%2CAADT%2CAADTFLG%2CCOUNTY%2CDISTRICT%2CYEAR_%2CDESC_FRM%2CDESC_TO%2CBEGIN_POST%2CEND_POST&returnGeometry=false&f=json
87471251,7000,C,Miami-Dade,6,2025,SR 821 NB,CORAL REEF DRIVE,0,0.311,FDOT Annual Average Daily Traffic TDA,https://services1.arcgis.com/O1JpcwDW8sjYuddV/arcgis/rest/services/Annual_Average_Daily_Traffic_TDA/FeatureServer/0,https://services1.arcgis.com/O1JpcwDW8sjYuddV/arcgis/rest/services/Annual_Average_Daily_Traffic_TDA/FeatureServer/0/query?where=COUNTY%3D%27Miami-Dade%27&outFields=ROADWAY%2CAADT%2CAADTFLG%2CCOUNTY%2CDISTRICT%2CYEAR_%2CDESC_FRM%2CDESC_TO%2CBEGIN_POST%2CEND_POST&returnGeometry=false&f=json
87471520,7700,C,Miami-Dade,6,2025,BISCAYNE DRIVE,SR 821 NB,0,0.194,FDOT Annual Average Daily Traffic TDA,https://services1.arcgis.com/O1JpcwDW8sjYuddV/arcgis/rest/services/Annual_Average_Daily_Traffic_TDA/FeatureServer/0,https://services1.arcgis.com/O1JpcwDW8sjYuddV/arcgis/rest/services/Annual_Average_Daily_Traffic_TDA/FeatureServer/0/query?where=COUNTY%3D%27Miami-Dade%27&outFields=ROADWAY%2CAADT%2CAADTFLG%2CCOUNTY%2CDISTRICT%2CYEAR_%2CDESC_FRM%2CDESC_TO%2CBEGIN_POST%2CEND_POST&returnGeometry=false&f=json
87471274,17500,C,Miami-Dade,6,2025,SR 821 SB,SR 821 SB THRU LANES,0,0.264,FDOT Annual Average Daily Traffic TDA,https://services1.arcgis.com/O1JpcwDW8sjYuddV/arcgis/rest/services/Annual_Average_Daily_Traffic_TDA/FeatureServer/0,https://services1.arcgis.com/O1JpcwDW8sjYuddV/arcgis/rest/services/Annual_Average_Daily_Traffic_TDA/FeatureServer/0/query?where=COUNTY%3D%27Miami-Dade%27&outFields=ROADWAY%2CAADT%2CAADTFLG%2CCOUNTY%2CDISTRICT%2CYEAR_%2CDESC_FRM%2CDESC_TO%2CBEGIN_POST%2CEND_POST&returnGeometry=false&f=json
87471226,18500,C,Miami-Dade,6,2025,SR 821 SB,SW312 ST/CAMPBELL DR,0,0.141,FDOT Annual Average Daily Traffic TDA,https://services1.arcgis.com/O1JpcwDW8sjYuddV/arcgis/rest/services/Annual_Average_Daily_Traffic_TDA/FeatureServer/0,https://services1.arcgis.com/O1JpcwDW8sjYuddV/arcgis/rest/services/Annual_Average_Daily_Traffic_TDA/FeatureServer/0/query?where=COUNTY%3D%27Miami-Dade%27&outFields=ROADWAY%2CAADT%2CAADTFLG%2CCOUNTY%2CDISTRICT%2CYEAR_%2CDESC_FRM%2CDESC_TO%2CBEGIN_POST%2CEND_POST&returnGeometry=false&f=json
87471249,9200,C,Miami-Dade,6,2025,SR 821 NB,SR994/QUAIL ROOST DR,0,0.24,FDOT Annual Average Daily Traffic TDA,https://services1.arcgis.com/O1JpcwDW8sjYuddV/arcgis/rest/services/Annual_Average_Daily_Traffic_TDA/FeatureServer/0,https://services1.arcgis.com/O1JpcwDW8sjYuddV/arcgis/rest/services/Annual_Average_Daily_Traffic_TDA/FeatureServer/0/query?where=COUNTY%3D%27Miami-Dade%27&outFields=ROADWAY%2CAADT%2CAADTFLG%2CCOUNTY%2CDISTRICT%2CYEAR_%2CDESC_FRM%2CDESC_TO%2CBEGIN_POST%2CEND_POST&returnGeometry=false&f=json
87471531,8400,C,Miami-Dade,6,2025,SR 821 SB,NW 41ST STREET,0,0.336,FDOT Annual Average Daily Traffic TDA,https://services1.arcgis.com/O1JpcwDW8sjYuddV/arcgis/rest/services/Annual_Average_Daily_Traffic_TDA/FeatureServer/0,https://services1.arcgis.com/O1JpcwDW8sjYuddV/arcgis/rest/services/Annual_Average_Daily_Traffic_TDA/FeatureServer/0/query?where=COUNTY%3D%27Miami-Dade%27&outFields=ROADWAY%2CAADT%2CAADTFLG%2CCOUNTY%2CDISTRICT%2CYEAR_%2CDESC_FRM%2CDESC_TO%2CBEGIN_POST%2CEND_POST&returnGeometry=false&f=json
87502500,5500,F,Miami-Dade,6,2025,NW 38 ST,SR-934/NW 79 ST,0,2.444,FDOT Annual Average Daily Traffic TDA,https://services1.arcgis.com/O1JpcwDW8sjYuddV/arcgis/rest/services/Annual_Average_Daily_Traffic_TDA/FeatureServer/0,https://services1.arcgis.com/O1JpcwDW8sjYuddV/arcgis/rest/services/Annual_Average_Daily_Traffic_TDA/FeatureServer/0/query?where=COUNTY%3D%27Miami-Dade%27&outFields=ROADWAY%2CAADT%2CAADTFLG%2CCOUNTY%2CDISTRICT%2CYEAR_%2CDESC_FRM%2CDESC_TO%2CBEGIN_POST%2CEND_POST&returnGeometry=false&f=json
87471105,7800,C,Miami-Dade,6,2025,SR 821 SB,US 1/SOUTH DIXIE HWY,0,0.134,FDOT Annual Average Daily Traffic TDA,https://services1.arcgis.com/O1JpcwDW8sjYuddV/arcgis/rest/services/Annual_Average_Daily_Traffic_TDA/FeatureServer/0,https://services1.arcgis.com/O1JpcwDW8sjYuddV/arcgis/rest/services/Annual_Average_Daily_Traffic_TDA/FeatureServer/0/query?where=COUNTY%3D%27Miami-Dade%27&outFields=ROADWAY%2CAADT%2CAADTFLG%2CCOUNTY%2CDISTRICT%2CYEAR_%2CDESC_FRM%2CDESC_TO%2CBEGIN_POST%2CEND_POST&returnGeometry=false&f=json
87522500,11600,C,Miami-Dade,6,2025,N VENETIAN WAY,23 ST,1.422,3.818,FDOT Annual Average Daily Traffic TDA,https://services1.arcgis.com/O1JpcwDW8sjYuddV/arcgis/rest/services/Annual_Average_Daily_Traffic_TDA/FeatureServer/0,https://services1.arcgis.com/O1JpcwDW8sjYuddV/arcgis/rest/services/Annual_Average_Daily_Traffic_TDA/FeatureServer/0/query?where=COUNTY%3D%27Miami-Dade%27&outFields=ROADWAY%2CAADT%2CAADTFLG%2CCOUNTY%2CDISTRICT%2CYEAR_%2CDESC_FRM%2CDESC_TO%2CBEGIN_POST%2CEND_POST&returnGeometry=false&f=json
87630502,9550,F,Miami-Dade,6,2025,HUNTING LODGE DR,ROYAL POINCIANA BLVD,0.334,1.082,FDOT Annual Average Daily Traffic TDA,https://services1.arcgis.com/O1JpcwDW8sjYuddV/arcgis/rest/services/Annual_Average_Daily_Traffic_TDA/FeatureServer/0,https://services1.arcgis.com/O1JpcwDW8sjYuddV/arcgis/rest/services/Annual_Average_Daily_Traffic_TDA/FeatureServer/0/query?where=COUNTY%3D%27Miami-Dade%27&outFields=ROADWAY%2CAADT%2CAADTFLG%2CCOUNTY%2CDISTRICT%2CYEAR_%2CDESC_FRM%2CDESC_TO%2CBEGIN_POST%2CEND_POST&returnGeometry=false&f=json
87580500,32500,F,Miami-Dade,6,2025,NW 42 AVE/LEJEUNE RD,NW 37 AV/DOUGLAS RD,0,0.52,FDOT Annual Average Daily Traffic TDA,https://services1.arcgis.com/O1JpcwDW8sjYuddV/arcgis/rest/services/Annual_Average_Daily_Traffic_TDA/FeatureServer/0,https://services1.arcgis.com/O1JpcwDW8sjYuddV/arcgis/rest/services/Annual_Average_Daily_Traffic_TDA/FeatureServer/0/query?where=COUNTY%3D%27Miami-Dade%27&outFields=ROADWAY%2CAADT%2CAADTFLG%2CCOUNTY%2CDISTRICT%2CYEAR_%2CDESC_FRM%2CDESC_TO%2CBEGIN_POST%2CEND_POST&returnGeometry=false&f=json
87471230,11500,C,Miami-Dade,6,2025,SW 137TH AVE,SR 821 NB,0,0.224,FDOT Annual Average Daily Traffic TDA,https://services1.arcgis.com/O1JpcwDW8sjYuddV/arcgis/rest/services/Annual_Average_Daily_Traffic_TDA/FeatureServer/0,https://services1.arcgis.com/O1JpcwDW8sjYuddV/arcgis/rest/services/Annual_Average_Daily_Traffic_TDA/FeatureServer/0/query?where=COUNTY%3D%27Miami-Dade%27&outFields=ROADWAY%2CAADT%2CAADTFLG%2CCOUNTY%2CDISTRICT%2CYEAR_%2CDESC_FRM%2CDESC_TO%2CBEGIN_POST%2CEND_POST&returnGeometry=false&f=json
87471510,7600,C,Miami-Dade,6,2025,SW 120TH STREET,SR 821 SB,0,0.179,FDOT Annual Average Daily Traffic TDA,https://services1.arcgis.com/O1JpcwDW8sjYuddV/arcgis/rest/services/Annual_Average_Daily_Traffic_TDA/FeatureServer/0,https://services1.arcgis.com/O1JpcwDW8sjYuddV/arcgis/rest/services/Annual_Average_Daily_Traffic_TDA/FeatureServer/0/query?where=COUNTY%3D%27Miami-Dade%27&outFields=ROADWAY%2CAADT%2CAADTFLG%2CCOUNTY%2CDISTRICT%2CYEAR_%2CDESC_FRM%2CDESC_TO%2CBEGIN_POST%2CEND_POST&returnGeometry=false&f=json
87470111,4600,C,Miami-Dade,6,2025,SR852/COUNTY LINE RD,SR 91 NB,0,0.178,FDOT Annual Average Daily Traffic TDA,https://services1.arcgis.com/O1JpcwDW8sjYuddV/arcgis/rest/services/Annual_Average_Daily_Traffic_TDA/FeatureServer/0,https://services1.arcgis.com/O1JpcwDW8sjYuddV/arcgis/rest/services/Annual_Average_Daily_Traffic_TDA/FeatureServer/0/query?where=COUNTY%3D%27Miami-Dade%27&outFields=ROADWAY%2CAADT%2CAADTFLG%2CCOUNTY%2CDISTRICT%2CYEAR_%2CDESC_FRM%2CDESC_TO%2CBEGIN_POST%2CEND_POST&returnGeometry=false&f=json
87471501,4410,C,Miami-Dade,6,2025,SR94/N KENDALL DRIVE,SR 821 SB,0,0.694,FDOT Annual Average Daily Traffic TDA,https://services1.arcgis.com/O1JpcwDW8sjYuddV/arcgis/rest/services/Annual_Average_Daily_Traffic_TDA/FeatureServer/0,https://services1.arcgis.com/O1JpcwDW8sjYuddV/arcgis/rest/services/Annual_Average_Daily_Traffic_TDA/FeatureServer/0/query?where=COUNTY%3D%27Miami-Dade%27&outFields=ROADWAY%2CAADT%2CAADTFLG%2CCOUNTY%2CDISTRICT%2CYEAR_%2CDESC_FRM%2CDESC_TO%2CBEGIN_POST%2CEND_POST&returnGeometry=false&f=json
87471227,7500,C,Miami-Dade,6,2025,SW 312ST/CAMPBELL DR,SR 821 NB,0,0.365,FDOT Annual Average Daily Traffic TDA,https://services1.arcgis.com/O1JpcwDW8sjYuddV/arcgis/rest/services/Annual_Average_Daily_Traffic_TDA/FeatureServer/0,https://services1.arcgis.com/O1JpcwDW8sjYuddV/arcgis/rest/services/Annual_Average_Daily_Traffic_TDA/FeatureServer/0/query?where=COUNTY%3D%27Miami-Dade%27&outFields=ROADWAY%2CAADT%2CAADTFLG%2CCOUNTY%2CDISTRICT%2CYEAR_%2CDESC_FRM%2CDESC_TO%2CBEGIN_POST%2CEND_POST&returnGeometry=false&f=json
87471502,11600,C,Miami-Dade,6,2025,SR 821 NB,SR94/N KENDALL DRIVE,0,0.313,FDOT Annual Average Daily Traffic TDA,https://services1.arcgis.com/O1JpcwDW8sjYuddV/arcgis/rest/services/Annual_Average_Daily_Traffic_TDA/FeatureServer/0,https://services1.arcgis.com/O1JpcwDW8sjYuddV/arcgis/rest/services/Annual_Average_Daily_Traffic_TDA/FeatureServer/0/query?where=COUNTY%3D%27Miami-Dade%27&outFields=ROADWAY%2CAADT%2CAADTFLG%2CCOUNTY%2CDISTRICT%2CYEAR_%2CDESC_FRM%2CDESC_TO%2CBEGIN_POST%2CEND_POST&returnGeometry=false&f=json
87471500,15500,C,Miami-Dade,6,2025,SR94/N KENDALL DRIVE,SR 821 NB,0,0.441,FDOT Annual Average Daily Traffic TDA,https://services1.arcgis.com/O1JpcwDW8sjYuddV/arcgis/rest/services/Annual_Average_Daily_Traffic_TDA/FeatureServer/0,https://services1.arcgis.com/O1JpcwDW8sjYuddV/arcgis/rest/services/Annual_Average_Daily_Traffic_TDA/FeatureServer/0/query?where=COUNTY%3D%27Miami-Dade%27&outFields=ROADWAY%2CAADT%2CAADTFLG%2CCOUNTY%2CDISTRICT%2CYEAR_%2CDESC_FRM%2CDESC_TO%2CBEGIN_POST%2CEND_POST&returnGeometry=false&f=json
87504502,30500,F,Miami-Dade,6,2025,NW 54 ST,NW 79 ST,0,1.523,FDOT Annual Average Daily Traffic TDA,https://services1.arcgis.com/O1JpcwDW8sjYuddV/arcgis/rest/services/Annual_Average_Daily_Traffic_TDA/FeatureServer/0,https://services1.arcgis.com/O1JpcwDW8sjYuddV/arcgis/rest/services/Annual_Average_Daily_Traffic_TDA/FeatureServer/0/query?where=COUNTY%3D%27Miami-Dade%27&outFields=ROADWAY%2CAADT%2CAADTFLG%2CCOUNTY%2CDISTRICT%2CYEAR_%2CDESC_FRM%2CDESC_TO%2CBEGIN_POST%2CEND_POST&returnGeometry=false&f=json
87471000,163600,C,Miami-Dade,6,2025,Bridge No-870203,N/A,20.47,23.71,FDOT Annual Average Daily Traffic TDA,https://services1.arcgis.com/O1JpcwDW8sjYuddV/arcgis/rest/services/Annual_Average_Daily_Traffic_TDA/FeatureServer/0,https://services1.arcgis.com/O1JpcwDW8sjYuddV/arcgis/rest/services/Annual_Average_Daily_Traffic_TDA/FeatureServer/0/query?where=COUNTY%3D%27Miami-Dade%27&outFields=ROADWAY%2CAADT%2CAADTFLG%2CCOUNTY%2CDISTRICT%2CYEAR_%2CDESC_FRM%2CDESC_TO%2CBEGIN_POST%2CEND_POST&returnGeometry=false&f=json
87471229,3650,C,Miami-Dade,6,2025,SR 821 NB,BISCAYNE DRIVE,0,0.3,FDOT Annual Average Daily Traffic TDA,https://services1.arcgis.com/O1JpcwDW8sjYuddV/arcgis/rest/services/Annual_Average_Daily_Traffic_TDA/FeatureServer/0,https://services1.arcgis.com/O1JpcwDW8sjYuddV/arcgis/rest/services/Annual_Average_Daily_Traffic_TDA/FeatureServer/0/query?where=COUNTY%3D%27Miami-Dade%27&outFields=ROADWAY%2CAADT%2CAADTFLG%2CCOUNTY%2CDISTRICT%2CYEAR_%2CDESC_FRM%2CDESC_TO%2CBEGIN_POST%2CEND_POST&returnGeometry=false&f=json
87674506,10500,F,Miami-Dade,6,2025,ROYAL PONCIANA BLVD,HUNTING LODGE DR,0,0.755,FDOT Annual Average Daily Traffic TDA,https://services1.arcgis.com/O1JpcwDW8sjYuddV/arcgis/rest/services/Annual_Average_Daily_Traffic_TDA/FeatureServer/0,https://services1.arcgis.com/O1JpcwDW8sjYuddV/arcgis/rest/services/Annual_Average_Daily_Traffic_TDA/FeatureServer/0/query?where=COUNTY%3D%27Miami-Dade%27&outFields=ROADWAY%2CAADT%2CAADTFLG%2CCOUNTY%2CDISTRICT%2CYEAR_%2CDESC_FRM%2CDESC_TO%2CBEGIN_POST%2CEND_POST&returnGeometry=false&f=json
87471508,4400,C,Miami-Dade,6,2025,87471505 RAMP,SR 821 NB,0,0.481,FDOT Annual Average Daily Traffic TDA,https://services1.arcgis.com/O1JpcwDW8sjYuddV/arcgis/rest/services/Annual_Average_Daily_Traffic_TDA/FeatureServer/0,https://services1.arcgis.com/O1JpcwDW8sjYuddV/arcgis/rest/services/Annual_Average_Daily_Traffic_TDA/FeatureServer/0/query?where=COUNTY%3D%27Miami-Dade%27&outFields=ROADWAY%2CAADT%2CAADTFLG%2CCOUNTY%2CDISTRICT%2CYEAR_%2CDESC_FRM%2CDESC_TO%2CBEGIN_POST%2CEND_POST&returnGeometry=false&f=json
87471000,189800,C,Miami-Dade,6,2025,N/A,N/A,25.688,26.774,FDOT Annual Average Daily Traffic TDA,https://services1.arcgis.com/O1JpcwDW8sjYuddV/arcgis/rest/services/Annual_Average_Daily_Traffic_TDA/FeatureServer/0,https://services1.arcgis.com/O1JpcwDW8sjYuddV/arcgis/rest/services/Annual_Average_Daily_Traffic_TDA/FeatureServer/0/query?where=COUNTY%3D%27Miami-Dade%27&outFields=ROADWAY%2CAADT%2CAADTFLG%2CCOUNTY%2CDISTRICT%2CYEAR_%2CDESC_FRM%2CDESC_TO%2CBEGIN_POST%2CEND_POST&returnGeometry=false&f=json
87471273,4600,C,Miami-Dade,6,2025,US 27/OKEECHOBEE RD,SR 821 NB,0,0.454,FDOT Annual Average Daily Traffic TDA,https://services1.arcgis.com/O1JpcwDW8sjYuddV/arcgis/rest/services/Annual_Average_Daily_Traffic_TDA/FeatureServer/0,https://services1.arcgis.com/O1JpcwDW8sjYuddV/arcgis/rest/services/Annual_Average_Daily_Traffic_TDA/FeatureServer/0/query?where=COUNTY%3D%27Miami-Dade%27&outFields=ROADWAY%2CAADT%2CAADTFLG%2CCOUNTY%2CDISTRICT%2CYEAR_%2CDESC_FRM%2CDESC_TO%2CBEGIN_POST%2CEND_POST&returnGeometry=false&f=json
87470002,6600,C,Miami-Dade,6,2025,CR 854/NW 199 ST,SR 91 NB,0,0.739,FDOT Annual Average Daily Traffic TDA,https://services1.arcgis.com/O1JpcwDW8sjYuddV/arcgis/rest/services/Annual_Average_Daily_Traffic_TDA/FeatureServer/0,https://services1.arcgis.com/O1JpcwDW8sjYuddV/arcgis/rest/services/Annual_Average_Daily_Traffic_TDA/FeatureServer/0/query?where=COUNTY%3D%27Miami-Dade%27&outFields=ROADWAY%2CAADT%2CAADTFLG%2CCOUNTY%2CDISTRICT%2CYEAR_%2CDESC_FRM%2CDESC_TO%2CBEGIN_POST%2CEND_POST&returnGeometry=false&f=json
87630502,19100,F,Miami-Dade,6,2025,NW 36 ST,HUNTING LODGE DR,0,0.334,FDOT Annual Average Daily Traffic TDA,https://services1.arcgis.com/O1JpcwDW8sjYuddV/arcgis/rest/services/Annual_Average_Daily_Traffic_TDA/FeatureServer/0,https://services1.arcgis.com/O1JpcwDW8sjYuddV/arcgis/rest/services/Annual_Average_Daily_Traffic_TDA/FeatureServer/0/query?where=COUNTY%3D%27Miami-Dade%27&outFields=ROADWAY%2CAADT%2CAADTFLG%2CCOUNTY%2CDISTRICT%2CYEAR_%2CDESC_FRM%2CDESC_TO%2CBEGIN_POST%2CEND_POST&returnGeometry=false&f=json
87620500,18600,F,Miami-Dade,6,2025,INGRAHAM TERR,US-1/SR-5,0,1.33,FDOT Annual Average Daily Traffic TDA,https://services1.arcgis.com/O1JpcwDW8sjYuddV/arcgis/rest/services/Annual_Average_Daily_Traffic_TDA/FeatureServer/0,https://services1.arcgis.com/O1JpcwDW8sjYuddV/arcgis/rest/services/Annual_Average_Daily_Traffic_TDA/FeatureServer/0/query?where=COUNTY%3D%27Miami-Dade%27&outFields=ROADWAY%2CAADT%2CAADTFLG%2CCOUNTY%2CDISTRICT%2CYEAR_%2CDESC_FRM%2CDESC_TO%2CBEGIN_POST%2CEND_POST&returnGeometry=false&f=json
87471233,9200,C,Miami-Dade,6,2025,SR 821; MP 9.532,SR 989/ALLAPATTAH RD,0,0.278,FDOT Annual Average Daily Traffic TDA,https://services1.arcgis.com/O1JpcwDW8sjYuddV/arcgis/rest/services/Annual_Average_Daily_Traffic_TDA/FeatureServer/0,https://services1.arcgis.com/O1JpcwDW8sjYuddV/arcgis/rest/services/Annual_Average_Daily_Traffic_TDA/FeatureServer/0/query?where=COUNTY%3D%27Miami-Dade%27&outFields=ROADWAY%2CAADT%2CAADTFLG%2CCOUNTY%2CDISTRICT%2CYEAR_%2CDESC_FRM%2CDESC_TO%2CBEGIN_POST%2CEND_POST&returnGeometry=false&f=json
87471275,11500,C,Miami-Dade,6,2025,SR 821 NB,SW 117TH AVE,0,0.141,FDOT Annual Average Daily Traffic TDA,https://services1.arcgis.com/O1JpcwDW8sjYuddV/arcgis/rest/services/Annual_Average_Daily_Traffic_TDA/FeatureServer/0,https://services1.arcgis.com/O1JpcwDW8sjYuddV/arcgis/rest/services/Annual_Average_Daily_Traffic_TDA/FeatureServer/0/query?where=COUNTY%3D%27Miami-Dade%27&outFields=ROADWAY%2CAADT%2CAADTFLG%2CCOUNTY%2CDISTRICT%2CYEAR_%2CDESC_FRM%2CDESC_TO%2CBEGIN_POST%2CEND_POST&returnGeometry=false&f=json
87471000,96200,C,Miami-Dade,6,2025,Bridge No-870170,Bridge No-870171,5.289,6.137,FDOT Annual Average Daily Traffic TDA,https://services1.arcgis.com/O1JpcwDW8sjYuddV/arcgis/rest/services/Annual_Average_Daily_Traffic_TDA/FeatureServer/0,https://services1.arcgis.com/O1JpcwDW8sjYuddV/arcgis/rest/services/Annual_Average_Daily_Traffic_TDA/FeatureServer/0/query?where=COUNTY%3D%27Miami-Dade%27&outFields=ROADWAY%2CAADT%2CAADTFLG%2CCOUNTY%2CDISTRICT%2CYEAR_%2CDESC_FRM%2CDESC_TO%2CBEGIN_POST%2CEND_POST&returnGeometry=false&f=json
87471239,17500,C,Miami-Dade,6,2025,SR 821 SB,87471241 RAMP,0,0.111,FDOT Annual Average Daily Traffic TDA,https://services1.arcgis.com/O1JpcwDW8sjYuddV/arcgis/rest/services/Annual_Average_Daily_Traffic_TDA/FeatureServer/0,https://services1.arcgis.com/O1JpcwDW8sjYuddV/arcgis/rest/services/Annual_Average_Daily_Traffic_TDA/FeatureServer/0/query?where=COUNTY%3D%27Miami-Dade%27&outFields=ROADWAY%2CAADT%2CAADTFLG%2CCOUNTY%2CDISTRICT%2CYEAR_%2CDESC_FRM%2CDESC_TO%2CBEGIN_POST%2CEND_POST&returnGeometry=false&f=json
87471270,10500,C,Miami-Dade,6,2025,SR 821 NB,US 27/OKEECHOBEE RD,0,0.299,FDOT Annual Average Daily Traffic TDA,https://services1.arcgis.com/O1JpcwDW8sjYuddV/arcgis/rest/services/Annual_Average_Daily_Traffic_TDA/FeatureServer/0,https://services1.arcgis.com/O1JpcwDW8sjYuddV/arcgis/rest/services/Annual_Average_Daily_Traffic_TDA/FeatureServer/0/query?where=COUNTY%3D%27Miami-Dade%27&outFields=ROADWAY%2CAADT%2CAADTFLG%2CCOUNTY%2CDISTRICT%2CYEAR_%2CDESC_FRM%2CDESC_TO%2CBEGIN_POST%2CEND_POST&returnGeometry=false&f=json
87471232,4450,C,Miami-Dade,6,2025,SR 989/ALLAPATTAH RD,SR 821 SB,0,0.353,FDOT Annual Average Daily Traffic TDA,https://services1.arcgis.com/O1JpcwDW8sjYuddV/arcgis/rest/services/Annual_Average_Daily_Traffic_TDA/FeatureServer/0,https://services1.arcgis.com/O1JpcwDW8sjYuddV/arcgis/rest/services/Annual_Average_Daily_Traffic_TDA/FeatureServer/0/query?where=COUNTY%3D%27Miami-Dade%27&outFields=ROADWAY%2CAADT%2CAADTFLG%2CCOUNTY%2CDISTRICT%2CYEAR_%2CDESC_FRM%2CDESC_TO%2CBEGIN_POST%2CEND_POST&returnGeometry=false&f=json
87471517,4700,C,Miami-Dade,6,2025,SR 91 SB,NW 114TH AVE,0,0.734,FDOT Annual Average Daily Traffic TDA,https://services1.arcgis.com/O1JpcwDW8sjYuddV/arcgis/rest/services/Annual_Average_Daily_Traffic_TDA/FeatureServer/0,https://services1.arcgis.com/O1JpcwDW8sjYuddV/arcgis/rest/services/Annual_Average_Daily_Traffic_TDA/FeatureServer/0/query?where=COUNTY%3D%27Miami-Dade%27&outFields=ROADWAY%2CAADT%2CAADTFLG%2CCOUNTY%2CDISTRICT%2CYEAR_%2CDESC_FRM%2CDESC_TO%2CBEGIN_POST%2CEND_POST&returnGeometry=false&f=json
87471000,245200,C,Miami-Dade,6,2025,Bridge No-870198,Bridge No-870407,16.25,17.99,FDOT Annual Average Daily Traffic TDA,https://services1.arcgis.com/O1JpcwDW8sjYuddV/arcgis/rest/services/Annual_Average_Daily_Traffic_TDA/FeatureServer/0,https://services1.arcgis.com/O1JpcwDW8sjYuddV/arcgis/rest/services/Annual_Average_Daily_Traffic_TDA/FeatureServer/0/query?where=COUNTY%3D%27Miami-Dade%27&outFields=ROADWAY%2CAADT%2CAADTFLG%2CCOUNTY%2CDISTRICT%2CYEAR_%2CDESC_FRM%2CDESC_TO%2CBEGIN_POST%2CEND_POST&returnGeometry=false&f=json
87471248,9200,C,Miami-Dade,6,2025,SR994/QUAIL ROOST DR,SR 821 SB,0,0.233,FDOT Annual Average Daily Traffic TDA,https://services1.arcgis.com/O1JpcwDW8sjYuddV/arcgis/rest/services/Annual_Average_Daily_Traffic_TDA/FeatureServer/0,https://services1.arcgis.com/O1JpcwDW8sjYuddV/arcgis/rest/services/Annual_Average_Daily_Traffic_TDA/FeatureServer/0/query?where=COUNTY%3D%27Miami-Dade%27&outFields=ROADWAY%2CAADT%2CAADTFLG%2CCOUNTY%2CDISTRICT%2CYEAR_%2CDESC_FRM%2CDESC_TO%2CBEGIN_POST%2CEND_POST&returnGeometry=false&f=json
87471543,8900,C,Miami-Dade,6,2025,RAMP 545,NW 12TH STREET,0,0.427,FDOT Annual Average Daily Traffic TDA,https://services1.arcgis.com/O1JpcwDW8sjYuddV/arcgis/rest/services/Annual_Average_Daily_Traffic_TDA/FeatureServer/0,https://services1.arcgis.com/O1JpcwDW8sjYuddV/arcgis/rest/services/Annual_Average_Daily_Traffic_TDA/FeatureServer/0/query?where=COUNTY%3D%27Miami-Dade%27&outFields=ROADWAY%2CAADT%2CAADTFLG%2CCOUNTY%2CDISTRICT%2CYEAR_%2CDESC_FRM%2CDESC_TO%2CBEGIN_POST%2CEND_POST&returnGeometry=false&f=json
87471000,141183,C,Miami-Dade,6,2025,N/A,N/A,27.162,29.187,FDOT Annual Average Daily Traffic TDA,https://services1.arcgis.com/O1JpcwDW8sjYuddV/arcgis/rest/services/Annual_Average_Daily_Traffic_TDA/FeatureServer/0,https://services1.arcgis.com/O1JpcwDW8sjYuddV/arcgis/rest/services/Annual_Average_Daily_Traffic_TDA/FeatureServer/0/query?where=COUNTY%3D%27Miami-Dade%27&outFields=ROADWAY%2CAADT%2CAADTFLG%2CCOUNTY%2CDISTRICT%2CYEAR_%2CDESC_FRM%2CDESC_TO%2CBEGIN_POST%2CEND_POST&returnGeometry=false&f=json
87471514,10100,C,Miami-Dade,6,2025,SR 821 NB,87471517 RAMP,0,0.295,FDOT Annual Average Daily Traffic TDA,https://services1.arcgis.com/O1JpcwDW8sjYuddV/arcgis/rest/services/Annual_Average_Daily_Traffic_TDA/FeatureServer/0,https://services1.arcgis.com/O1JpcwDW8sjYuddV/arcgis/rest/services/Annual_Average_Daily_Traffic_TDA/FeatureServer/0/query?where=COUNTY%3D%27Miami-Dade%27&outFields=ROADWAY%2CAADT%2CAADTFLG%2CCOUNTY%2CDISTRICT%2CYEAR_%2CDESC_FRM%2CDESC_TO%2CBEGIN_POST%2CEND_POST&returnGeometry=false&f=json
87504501,28000,F,Miami-Dade,6,2025,NW 11 ST,NW 54 ST,0,2.819,FDOT Annual Average Daily Traffic TDA,https://services1.arcgis.com/O1JpcwDW8sjYuddV/arcgis/rest/services/Annual_Average_Daily_Traffic_TDA/FeatureServer/0,https://services1.arcgis.com/O1JpcwDW8sjYuddV/arcgis/rest/services/Annual_Average_Daily_Traffic_TDA/FeatureServer/0/query?where=COUNTY%3D%27Miami-Dade%27&outFields=ROADWAY%2CAADT%2CAADTFLG%2CCOUNTY%2CDISTRICT%2CYEAR_%2CDESC_FRM%2CDESC_TO%2CBEGIN_POST%2CEND_POST&returnGeometry=false&f=json
87471000,122800,C,Miami-Dade,6,2025,N/A,N/A,33.191,35.329,FDOT Annual Average Daily Traffic TDA,https://services1.arcgis.com/O1JpcwDW8sjYuddV/arcgis/rest/services/Annual_Average_Daily_Traffic_TDA/FeatureServer/0,https://services1.arcgis.com/O1JpcwDW8sjYuddV/arcgis/rest/services/Annual_Average_Daily_Traffic_TDA/FeatureServer/0/query?where=COUNTY%3D%27Miami-Dade%27&outFields=ROADWAY%2CAADT%2CAADTFLG%2CCOUNTY%2CDISTRICT%2CYEAR_%2CDESC_FRM%2CDESC_TO%2CBEGIN_POST%2CEND_POST&returnGeometry=false&f=json
87674504,13000,F,Miami-Dade,6,2025,S ROYAL POINCIANA BL,Bridge No-874129,0,0.087,FDOT Annual Average Daily Traffic TDA,https://services1.arcgis.com/O1JpcwDW8sjYuddV/arcgis/rest/services/Annual_Average_Daily_Traffic_TDA/FeatureServer/0,https://services1.arcgis.com/O1JpcwDW8sjYuddV/arcgis/rest/services/Annual_Average_Daily_Traffic_TDA/FeatureServer/0/query?where=COUNTY%3D%27Miami-Dade%27&outFields=ROADWAY%2CAADT%2CAADTFLG%2CCOUNTY%2CDISTRICT%2CYEAR_%2CDESC_FRM%2CDESC_TO%2CBEGIN_POST%2CEND_POST&returnGeometry=false&f=json
87521500,26500,C,Miami-Dade,6,2025,N/A,W 68 ST/NW 122 ST,1.706,2.913,FDOT Annual Average Daily Traffic TDA,https://services1.arcgis.com/O1JpcwDW8sjYuddV/arcgis/rest/services/Annual_Average_Daily_Traffic_TDA/FeatureServer/0,https://services1.arcgis.com/O1JpcwDW8sjYuddV/arcgis/rest/services/Annual_Average_Daily_Traffic_TDA/FeatureServer/0/query?where=COUNTY%3D%27Miami-Dade%27&outFields=ROADWAY%2CAADT%2CAADTFLG%2CCOUNTY%2CDISTRICT%2CYEAR_%2CDESC_FRM%2CDESC_TO%2CBEGIN_POST%2CEND_POST&returnGeometry=false&f=json
87471240,4000,C,Miami-Dade,6,2025,SW 216TH ST,CARRIBEAN BLVD,0,0.69,FDOT Annual Average Daily Traffic TDA,https://services1.arcgis.com/O1JpcwDW8sjYuddV/arcgis/rest/services/Annual_Average_Daily_Traffic_TDA/FeatureServer/0,https://services1.arcgis.com/O1JpcwDW8sjYuddV/arcgis/rest/services/Annual_Average_Daily_Traffic_TDA/FeatureServer/0/query?where=COUNTY%3D%27Miami-Dade%27&outFields=ROADWAY%2CAADT%2CAADTFLG%2CCOUNTY%2CDISTRICT%2CYEAR_%2CDESC_FRM%2CDESC_TO%2CBEGIN_POST%2CEND_POST&returnGeometry=false&f=json
87471513,12000,C,Miami-Dade,6,2025,SW 120TH STREET,SR 821 NB,0,0.205,FDOT Annual Average Daily Traffic TDA,https://services1.arcgis.com/O1JpcwDW8sjYuddV/arcgis/rest/services/Annual_Average_Daily_Traffic_TDA/FeatureServer/0,https://services1.arcgis.com/O1JpcwDW8sjYuddV/arcgis/rest/services/Annual_Average_Daily_Traffic_TDA/FeatureServer/0/query?where=COUNTY%3D%27Miami-Dade%27&outFields=ROADWAY%2CAADT%2CAADTFLG%2CCOUNTY%2CDISTRICT%2CYEAR_%2CDESC_FRM%2CDESC_TO%2CBEGIN_POST%2CEND_POST&returnGeometry=false&f=json
87471102,5500,C,Miami-Dade,6,2025,US 1/SOUTH DIXIE HWY,SR 821 NB,0,0.117,FDOT Annual Average Daily Traffic TDA,https://services1.arcgis.com/O1JpcwDW8sjYuddV/arcgis/rest/services/Annual_Average_Daily_Traffic_TDA/FeatureServer/0,https://services1.arcgis.com/O1JpcwDW8sjYuddV/arcgis/rest/services/Annual_Average_Daily_Traffic_TDA/FeatureServer/0/query?where=COUNTY%3D%27Miami-Dade%27&outFields=ROADWAY%2CAADT%2CAADTFLG%2CCOUNTY%2CDISTRICT%2CYEAR_%2CDESC_FRM%2CDESC_TO%2CBEGIN_POST%2CEND_POST&returnGeometry=false&f=json
87000322,5800,F,Miami-Dade,6,2025,W 16 AVE,PALM AVE,0,1.989,FDOT Annual Average Daily Traffic TDA,https://services1.arcgis.com/O1JpcwDW8sjYuddV/arcgis/rest/services/Annual_Average_Daily_Traffic_TDA/FeatureServer/0,https://services1.arcgis.com/O1JpcwDW8sjYuddV/arcgis/rest/services/Annual_Average_Daily_Traffic_TDA/FeatureServer/0/query?where=COUNTY%3D%27Miami-Dade%27&outFields=ROADWAY%2CAADT%2CAADTFLG%2CCOUNTY%2CDISTRICT%2CYEAR_%2CDESC_FRM%2CDESC_TO%2CBEGIN_POST%2CEND_POST&returnGeometry=false&f=json
87000413,11400,S,Miami-Dade,6,2025,SW 328 ST/SW 8 ST,SW 288 ST,0,2.523,FDOT Annual Average Daily Traffic TDA,https://services1.arcgis.com/O1JpcwDW8sjYuddV/arcgis/rest/services/Annual_Average_Daily_Traffic_TDA/FeatureServer/0,https://services1.arcgis.com/O1JpcwDW8sjYuddV/arcgis/rest/services/Annual_Average_Daily_Traffic_TDA/FeatureServer/0/query?where=COUNTY%3D%27Miami-Dade%27&outFields=ROADWAY%2CAADT%2CAADTFLG%2CCOUNTY%2CDISTRICT%2CYEAR_%2CDESC_FRM%2CDESC_TO%2CBEGIN_POST%2CEND_POST&returnGeometry=false&f=json
87000400,2600,S,Miami-Dade,6,2025,SW 57 AVE/RED RD,SW 24 ST/CORAL WAY,0,1.908,FDOT Annual Average Daily Traffic TDA,https://services1.arcgis.com/O1JpcwDW8sjYuddV/arcgis/rest/services/Annual_Average_Daily_Traffic_TDA/FeatureServer/0,https://services1.arcgis.com/O1JpcwDW8sjYuddV/arcgis/rest/services/Annual_Average_Daily_Traffic_TDA/FeatureServer/0/query?where=COUNTY%3D%27Miami-Dade%27&outFields=ROADWAY%2CAADT%2CAADTFLG%2CCOUNTY%2CDISTRICT%2CYEAR_%2CDESC_FRM%2CDESC_TO%2CBEGIN_POST%2CEND_POST&returnGeometry=false&f=json
87000411,7100,T,Miami-Dade,6,2025,SW 137 AVE,SW 127 AVE,0,1.02,FDOT Annual Average Daily Traffic TDA,https://services1.arcgis.com/O1JpcwDW8sjYuddV/arcgis/rest/services/Annual_Average_Daily_Traffic_TDA/FeatureServer/0,https://services1.arcgis.com/O1JpcwDW8sjYuddV/arcgis/rest/services/Annual_Average_Daily_Traffic_TDA/FeatureServer/0/query?where=COUNTY%3D%27Miami-Dade%27&outFields=ROADWAY%2CAADT%2CAADTFLG%2CCOUNTY%2CDISTRICT%2CYEAR_%2CDESC_FRM%2CDESC_TO%2CBEGIN_POST%2CEND_POST&returnGeometry=false&f=json
87000470,29000,T,Miami-Dade,6,2025,SW 104 ST,SW 147 AVE,0,0.711,FDOT Annual Average Daily Traffic TDA,https://services1.arcgis.com/O1JpcwDW8sjYuddV/arcgis/rest/services/Annual_Average_Daily_Traffic_TDA/FeatureServer/0,https://services1.arcgis.com/O1JpcwDW8sjYuddV/arcgis/rest/services/Annual_Average_Daily_Traffic_TDA/FeatureServer/0/query?where=COUNTY%3D%27Miami-Dade%27&outFields=ROADWAY%2CAADT%2CAADTFLG%2CCOUNTY%2CDISTRICT%2CYEAR_%2CDESC_FRM%2CDESC_TO%2CBEGIN_POST%2CEND_POST&returnGeometry=false&f=json
87000404,3600,F,Miami-Dade,6,2025,N/A,NE 2 AVE/ABEL HOLTZ,0.904,2.024,FDOT Annual Average Daily Traffic TDA,https://services1.arcgis.com/O1JpcwDW8sjYuddV/arcgis/rest/services/Annual_Average_Daily_Traffic_TDA/FeatureServer/0,https://services1.arcgis.com/O1JpcwDW8sjYuddV/arcgis/rest/services/Annual_Average_Daily_Traffic_TDA/FeatureServer/0/query?where=COUNTY%3D%27Miami-Dade%27&outFields=ROADWAY%2CAADT%2CAADTFLG%2CCOUNTY%2CDISTRICT%2CYEAR_%2CDESC_FRM%2CDESC_TO%2CBEGIN_POST%2CEND_POST&returnGeometry=false&f=json
87000631,7200,C,Miami-Dade,6,2025,SW 72 ST,SW 70 ST,0,0.12,FDOT Annual Average Daily Traffic TDA,https://services1.arcgis.com/O1JpcwDW8sjYuddV/arcgis/rest/services/Annual_Average_Daily_Traffic_TDA/FeatureServer/0,https://services1.arcgis.com/O1JpcwDW8sjYuddV/arcgis/rest/services/Annual_Average_Daily_Traffic_TDA/FeatureServer/0/query?where=COUNTY%3D%27Miami-Dade%27&outFields=ROADWAY%2CAADT%2CAADTFLG%2CCOUNTY%2CDISTRICT%2CYEAR_%2CDESC_FRM%2CDESC_TO%2CBEGIN_POST%2CEND_POST&returnGeometry=false&f=json
87000512,9700,S,Miami-Dade,6,2025,SR-990/KILLIAN PKWY,SW 87 AVE,0,1.729,FDOT Annual Average Daily Traffic TDA,https://services1.arcgis.com/O1JpcwDW8sjYuddV/arcgis/rest/services/Annual_Average_Daily_Traffic_TDA/FeatureServer/0,https://services1.arcgis.com/O1JpcwDW8sjYuddV/arcgis/rest/services/Annual_Average_Daily_Traffic_TDA/FeatureServer/0/query?where=COUNTY%3D%27Miami-Dade%27&outFields=ROADWAY%2CAADT%2CAADTFLG%2CCOUNTY%2CDISTRICT%2CYEAR_%2CDESC_FRM%2CDESC_TO%2CBEGIN_POST%2CEND_POST&returnGeometry=false&f=json
87000319,14500,T,Miami-Dade,6,2025,E 8 AV/NW 42 AV,NW 42 AV/NW 37 CONN,0,0.185,FDOT Annual Average Daily Traffic TDA,https://services1.arcgis.com/O1JpcwDW8sjYuddV/arcgis/rest/services/Annual_Average_Daily_Traffic_TDA/FeatureServer/0,https://services1.arcgis.com/O1JpcwDW8sjYuddV/arcgis/rest/services/Annual_Average_Daily_Traffic_TDA/FeatureServer/0/query?where=COUNTY%3D%27Miami-Dade%27&outFields=ROADWAY%2CAADT%2CAADTFLG%2CCOUNTY%2CDISTRICT%2CYEAR_%2CDESC_FRM%2CDESC_TO%2CBEGIN_POST%2CEND_POST&returnGeometry=false&f=json
87000428,22500,C,Miami-Dade,6,2025,SW 26 ST/CORAL WAY,SW 8 ST/TAMIAMI TRL,0,1.204,FDOT Annual Average Daily Traffic TDA,https://services1.arcgis.com/O1JpcwDW8sjYuddV/arcgis/rest/services/Annual_Average_Daily_Traffic_TDA/FeatureServer/0,https://services1.arcgis.com/O1JpcwDW8sjYuddV/arcgis/rest/services/Annual_Average_Daily_Traffic_TDA/FeatureServer/0/query?where=COUNTY%3D%27Miami-Dade%27&outFields=ROADWAY%2CAADT%2CAADTFLG%2CCOUNTY%2CDISTRICT%2CYEAR_%2CDESC_FRM%2CDESC_TO%2CBEGIN_POST%2CEND_POST&returnGeometry=false&f=json
87000404,10200,C,Miami-Dade,6,2025,NW 20 ST,N/A,0,0.904,FDOT Annual Average Daily Traffic TDA,https://services1.arcgis.com/O1JpcwDW8sjYuddV/arcgis/rest/services/Annual_Average_Daily_Traffic_TDA/FeatureServer/0,https://services1.arcgis.com/O1JpcwDW8sjYuddV/arcgis/rest/services/Annual_Average_Daily_Traffic_TDA/FeatureServer/0/query?where=COUNTY%3D%27Miami-Dade%27&outFields=ROADWAY%2CAADT%2CAADTFLG%2CCOUNTY%2CDISTRICT%2CYEAR_%2CDESC_FRM%2CDESC_TO%2CBEGIN_POST%2CEND_POST&returnGeometry=false&f=json
87000361,5900,S,Miami-Dade,6,2025,SW 344 ST/PALM DR,SW 328 ST/N CANAL DR,0,1.127,FDOT Annual Average Daily Traffic TDA,https://services1.arcgis.com/O1JpcwDW8sjYuddV/arcgis/rest/services/Annual_Average_Daily_Traffic_TDA/FeatureServer/0,https://services1.arcgis.com/O1JpcwDW8sjYuddV/arcgis/rest/services/Annual_Average_Daily_Traffic_TDA/FeatureServer/0/query?where=COUNTY%3D%27Miami-Dade%27&outFields=ROADWAY%2CAADT%2CAADTFLG%2CCOUNTY%2CDISTRICT%2CYEAR_%2CDESC_FRM%2CDESC_TO%2CBEGIN_POST%2CEND_POST&returnGeometry=false&f=json
87000423,6500,S,Miami-Dade,6,2025,SW 67 AVE/LUDLAM DR,SW 57 AVE,0,1,FDOT Annual Average Daily Traffic TDA,https://services1.arcgis.com/O1JpcwDW8sjYuddV/arcgis/rest/services/Annual_Average_Daily_Traffic_TDA/FeatureServer/0,https://services1.arcgis.com/O1JpcwDW8sjYuddV/arcgis/rest/services/Annual_Average_Daily_Traffic_TDA/FeatureServer/0/query?where=COUNTY%3D%27Miami-Dade%27&outFields=ROADWAY%2CAADT%2CAADTFLG%2CCOUNTY%2CDISTRICT%2CYEAR_%2CDESC_FRM%2CDESC_TO%2CBEGIN_POST%2CEND_POST&returnGeometry=false&f=json
87000464,15400,S,Miami-Dade,6,2025,DADE BLVD,SR-A1A/COLLINS AVE,0,0.873,FDOT Annual Average Daily Traffic TDA,https://services1.arcgis.com/O1JpcwDW8sjYuddV/arcgis/rest/services/Annual_Average_Daily_Traffic_TDA/FeatureServer/0,https://services1.arcgis.com/O1JpcwDW8sjYuddV/arcgis/rest/services/Annual_Average_Daily_Traffic_TDA/FeatureServer/0/query?where=COUNTY%3D%27Miami-Dade%27&outFields=ROADWAY%2CAADT%2CAADTFLG%2CCOUNTY%2CDISTRICT%2CYEAR_%2CDESC_FRM%2CDESC_TO%2CBEGIN_POST%2CEND_POST&returnGeometry=false&f=json
87000440,11400,S,Miami-Dade,6,2025,NW 27 AVE/SR-9,NW 22 AVE/GEN CASIMI,0,0.522,FDOT Annual Average Daily Traffic TDA,https://services1.arcgis.com/O1JpcwDW8sjYuddV/arcgis/rest/services/Annual_Average_Daily_Traffic_TDA/FeatureServer/0,https://services1.arcgis.com/O1JpcwDW8sjYuddV/arcgis/rest/services/Annual_Average_Daily_Traffic_TDA/FeatureServer/0/query?where=COUNTY%3D%27Miami-Dade%27&outFields=ROADWAY%2CAADT%2CAADTFLG%2CCOUNTY%2CDISTRICT%2CYEAR_%2CDESC_FRM%2CDESC_TO%2CBEGIN_POST%2CEND_POST&returnGeometry=false&f=json
87000449,8900,C,Miami-Dade,6,2025,W FLAGLER ST,NW 1 ST,0,0.067,FDOT Annual Average Daily Traffic TDA,https://services1.arcgis.com/O1JpcwDW8sjYuddV/arcgis/rest/services/Annual_Average_Daily_Traffic_TDA/FeatureServer/0,https://services1.arcgis.com/O1JpcwDW8sjYuddV/arcgis/rest/services/Annual_Average_Daily_Traffic_TDA/FeatureServer/0/query?where=COUNTY%3D%27Miami-Dade%27&outFields=ROADWAY%2CAADT%2CAADTFLG%2CCOUNTY%2CDISTRICT%2CYEAR_%2CDESC_FRM%2CDESC_TO%2CBEGIN_POST%2CEND_POST&returnGeometry=false&f=json
87000329,15600,T,Miami-Dade,6,2025,E 4 AVE,E 8 AVE,0,0.497,FDOT Annual Average Daily Traffic TDA,https://services1.arcgis.com/O1JpcwDW8sjYuddV/arcgis/rest/services/Annual_Average_Daily_Traffic_TDA/FeatureServer/0,https://services1.arcgis.com/O1JpcwDW8sjYuddV/arcgis/rest/services/Annual_Average_Daily_Traffic_TDA/FeatureServer/0/query?where=COUNTY%3D%27Miami-Dade%27&outFields=ROADWAY%2CAADT%2CAADTFLG%2CCOUNTY%2CDISTRICT%2CYEAR_%2CDESC_FRM%2CDESC_TO%2CBEGIN_POST%2CEND_POST&returnGeometry=false&f=json
87000431,30000,T,Miami-Dade,6,2025,SW 72 ST/SUNSET DR,SW 56 ST/MILLER DR,1.108,2.1,FDOT Annual Average Daily Traffic TDA,https://services1.arcgis.com/O1JpcwDW8sjYuddV/arcgis/rest/services/Annual_Average_Daily_Traffic_TDA/FeatureServer/0,https://services1.arcgis.com/O1JpcwDW8sjYuddV/arcgis/rest/services/Annual_Average_Daily_Traffic_TDA/FeatureServer/0/query?where=COUNTY%3D%27Miami-Dade%27&outFields=ROADWAY%2CAADT%2CAADTFLG%2CCOUNTY%2CDISTRICT%2CYEAR_%2CDESC_FRM%2CDESC_TO%2CBEGIN_POST%2CEND_POST&returnGeometry=false&f=json
87000443,6700,S,Miami-Dade,6,2025,NW 7 ST/LUIS SABINES,NW 17 ST,0,0.767,FDOT Annual Average Daily Traffic TDA,https://services1.arcgis.com/O1JpcwDW8sjYuddV/arcgis/rest/services/Annual_Average_Daily_Traffic_TDA/FeatureServer/0,https://services1.arcgis.com/O1JpcwDW8sjYuddV/arcgis/rest/services/Annual_Average_Daily_Traffic_TDA/FeatureServer/0/query?where=COUNTY%3D%27Miami-Dade%27&outFields=ROADWAY%2CAADT%2CAADTFLG%2CCOUNTY%2CDISTRICT%2CYEAR_%2CDESC_FRM%2CDESC_TO%2CBEGIN_POST%2CEND_POST&returnGeometry=false&f=json
87000333,4800,T,Miami-Dade,6,2025,N/A,NE 6 AVE/SR-915,1.258,3.057,FDOT Annual Average Daily Traffic TDA,https://services1.arcgis.com/O1JpcwDW8sjYuddV/arcgis/rest/services/Annual_Average_Daily_Traffic_TDA/FeatureServer/0,https://services1.arcgis.com/O1JpcwDW8sjYuddV/arcgis/rest/services/Annual_Average_Daily_Traffic_TDA/FeatureServer/0/query?where=COUNTY%3D%27Miami-Dade%27&outFields=ROADWAY%2CAADT%2CAADTFLG%2CCOUNTY%2CDISTRICT%2CYEAR_%2CDESC_FRM%2CDESC_TO%2CBEGIN_POST%2CEND_POST&returnGeometry=false&f=json
87000342,10100,T,Miami-Dade,6,2025,SR-948/NW 36 ST,NW 66 AVE,0,0.122,FDOT Annual Average Daily Traffic TDA,https://services1.arcgis.com/O1JpcwDW8sjYuddV/arcgis/rest/services/Annual_Average_Daily_Traffic_TDA/FeatureServer/0,https://services1.arcgis.com/O1JpcwDW8sjYuddV/arcgis/rest/services/Annual_Average_Daily_Traffic_TDA/FeatureServer/0/query?where=COUNTY%3D%27Miami-Dade%27&outFields=ROADWAY%2CAADT%2CAADTFLG%2CCOUNTY%2CDISTRICT%2CYEAR_%2CDESC_FRM%2CDESC_TO%2CBEGIN_POST%2CEND_POST&returnGeometry=false&f=json
87000421,19300,C,Miami-Dade,6,2025,SW 280 ST,RAMP 87471235,0,1.62,FDOT Annual Average Daily Traffic TDA,https://services1.arcgis.com/O1JpcwDW8sjYuddV/arcgis/rest/services/Annual_Average_Daily_Traffic_TDA/FeatureServer/0,https://services1.arcgis.com/O1JpcwDW8sjYuddV/arcgis/rest/services/Annual_Average_Daily_Traffic_TDA/FeatureServer/0/query?where=COUNTY%3D%27Miami-Dade%27&outFields=ROADWAY%2CAADT%2CAADTFLG%2CCOUNTY%2CDISTRICT%2CYEAR_%2CDESC_FRM%2CDESC_TO%2CBEGIN_POST%2CEND_POST&returnGeometry=false&f=json
87000338,4300,T,Miami-Dade,6,2025,NW 103 ST,OPA-LOCKA BLVD,0,2.097,FDOT Annual Average Daily Traffic TDA,https://services1.arcgis.com/O1JpcwDW8sjYuddV/arcgis/rest/services/Annual_Average_Daily_Traffic_TDA/FeatureServer/0,https://services1.arcgis.com/O1JpcwDW8sjYuddV/arcgis/rest/services/Annual_Average_Daily_Traffic_TDA/FeatureServer/0/query?where=COUNTY%3D%27Miami-Dade%27&outFields=ROADWAY%2CAADT%2CAADTFLG%2CCOUNTY%2CDISTRICT%2CYEAR_%2CDESC_FRM%2CDESC_TO%2CBEGIN_POST%2CEND_POST&returnGeometry=false&f=json
87000345,31500,T,Miami-Dade,6,2025,NW 97 AVE,NW 87 AVE/GALLOWAY,0,1,FDOT Annual Average Daily Traffic TDA,https://services1.arcgis.com/O1JpcwDW8sjYuddV/arcgis/rest/services/Annual_Average_Daily_Traffic_TDA/FeatureServer/0,https://services1.arcgis.com/O1JpcwDW8sjYuddV/arcgis/rest/services/Annual_Average_Daily_Traffic_TDA/FeatureServer/0/query?where=COUNTY%3D%27Miami-Dade%27&outFields=ROADWAY%2CAADT%2CAADTFLG%2CCOUNTY%2CDISTRICT%2CYEAR_%2CDESC_FRM%2CDESC_TO%2CBEGIN_POST%2CEND_POST&returnGeometry=false&f=json
87000419,24500,C,Miami-Dade,6,2025,W 30 AVE/NW 89 AV,W 28 AVE/ NW 87 AV,0.514,0.776,FDOT Annual Average Daily Traffic TDA,https://services1.arcgis.com/O1JpcwDW8sjYuddV/arcgis/rest/services/Annual_Average_Daily_Traffic_TDA/FeatureServer/0,https://services1.arcgis.com/O1JpcwDW8sjYuddV/arcgis/rest/services/Annual_Average_Daily_Traffic_TDA/FeatureServer/0/query?where=COUNTY%3D%27Miami-Dade%27&outFields=ROADWAY%2CAADT%2CAADTFLG%2CCOUNTY%2CDISTRICT%2CYEAR_%2CDESC_FRM%2CDESC_TO%2CBEGIN_POST%2CEND_POST&returnGeometry=false&f=json
87000311,12000,F,Miami-Dade,6,2025,ON RAMP FR NW 25 ST,NW 22 ST,0.717,1.479,FDOT Annual Average Daily Traffic TDA,https://services1.arcgis.com/O1JpcwDW8sjYuddV/arcgis/rest/services/Annual_Average_Daily_Traffic_TDA/FeatureServer/0,https://services1.arcgis.com/O1JpcwDW8sjYuddV/arcgis/rest/services/Annual_Average_Daily_Traffic_TDA/FeatureServer/0/query?where=COUNTY%3D%27Miami-Dade%27&outFields=ROADWAY%2CAADT%2CAADTFLG%2CCOUNTY%2CDISTRICT%2CYEAR_%2CDESC_FRM%2CDESC_TO%2CBEGIN_POST%2CEND_POST&returnGeometry=false&f=json
87000475,2500,S,Miami-Dade,6,2025,SW 72 ST/SUNSET DR,SW 112 AVE,0,0.716,FDOT Annual Average Daily Traffic TDA,https://services1.arcgis.com/O1JpcwDW8sjYuddV/arcgis/rest/services/Annual_Average_Daily_Traffic_TDA/FeatureServer/0,https://services1.arcgis.com/O1JpcwDW8sjYuddV/arcgis/rest/services/Annual_Average_Daily_Traffic_TDA/FeatureServer/0/query?where=COUNTY%3D%27Miami-Dade%27&outFields=ROADWAY%2CAADT%2CAADTFLG%2CCOUNTY%2CDISTRICT%2CYEAR_%2CDESC_FRM%2CDESC_TO%2CBEGIN_POST%2CEND_POST&returnGeometry=false&f=json
87000321,12000,C,Miami-Dade,6,2025,W 12 AVE/NW 67 AVE,W 4 AV/NW 57 AVE/RED,0,1,FDOT Annual Average Daily Traffic TDA,https://services1.arcgis.com/O1JpcwDW8sjYuddV/arcgis/rest/services/Annual_Average_Daily_Traffic_TDA/FeatureServer/0,https://services1.arcgis.com/O1JpcwDW8sjYuddV/arcgis/rest/services/Annual_Average_Daily_Traffic_TDA/FeatureServer/0/query?where=COUNTY%3D%27Miami-Dade%27&outFields=ROADWAY%2CAADT%2CAADTFLG%2CCOUNTY%2CDISTRICT%2CYEAR_%2CDESC_FRM%2CDESC_TO%2CBEGIN_POST%2CEND_POST&returnGeometry=false&f=json
87000346,6200,T,Miami-Dade,6,2025,SW 107 AV/FIU AV,SW 82 AVE,0,2.527,FDOT Annual Average Daily Traffic TDA,https://services1.arcgis.com/O1JpcwDW8sjYuddV/arcgis/rest/services/Annual_Average_Daily_Traffic_TDA/FeatureServer/0,https://services1.arcgis.com/O1JpcwDW8sjYuddV/arcgis/rest/services/Annual_Average_Daily_Traffic_TDA/FeatureServer/0/query?where=COUNTY%3D%27Miami-Dade%27&outFields=ROADWAY%2CAADT%2CAADTFLG%2CCOUNTY%2CDISTRICT%2CYEAR_%2CDESC_FRM%2CDESC_TO%2CBEGIN_POST%2CEND_POST&returnGeometry=false&f=json
87000408,9200,T,Miami-Dade,6,2025,SW 72 ST/SUNSET DR,SW 56 ST/MILLER DR,0.799,1.812,FDOT Annual Average Daily Traffic TDA,https://services1.arcgis.com/O1JpcwDW8sjYuddV/arcgis/rest/services/Annual_Average_Daily_Traffic_TDA/FeatureServer/0,https://services1.arcgis.com/O1JpcwDW8sjYuddV/arcgis/rest/services/Annual_Average_Daily_Traffic_TDA/FeatureServer/0/query?where=COUNTY%3D%27Miami-Dade%27&outFields=ROADWAY%2CAADT%2CAADTFLG%2CCOUNTY%2CDISTRICT%2CYEAR_%2CDESC_FRM%2CDESC_TO%2CBEGIN_POST%2CEND_POST&returnGeometry=false&f=json
87000465,5600,S,Miami-Dade,6,2025,ALTON RD,WASHINGTON AVE,0,0.524,FDOT Annual Average Daily Traffic TDA,https://services1.arcgis.com/O1JpcwDW8sjYuddV/arcgis/rest/services/Annual_Average_Daily_Traffic_TDA/FeatureServer/0,https://services1.arcgis.com/O1JpcwDW8sjYuddV/arcgis/rest/services/Annual_Average_Daily_Traffic_TDA/FeatureServer/0/query?where=COUNTY%3D%27Miami-Dade%27&outFields=ROADWAY%2CAADT%2CAADTFLG%2CCOUNTY%2CDISTRICT%2CYEAR_%2CDESC_FRM%2CDESC_TO%2CBEGIN_POST%2CEND_POST&returnGeometry=false&f=json
87000312,7600,S,Miami-Dade,6,2025,KROME AV/SW 177 AVE,SW 167 AV/TENNESSEE,0,1.03,FDOT Annual Average Daily Traffic TDA,https://services1.arcgis.com/O1JpcwDW8sjYuddV/arcgis/rest/services/Annual_Average_Daily_Traffic_TDA/FeatureServer/0,https://services1.arcgis.com/O1JpcwDW8sjYuddV/arcgis/rest/services/Annual_Average_Daily_Traffic_TDA/FeatureServer/0/query?where=COUNTY%3D%27Miami-Dade%27&outFields=ROADWAY%2CAADT%2CAADTFLG%2CCOUNTY%2CDISTRICT%2CYEAR_%2CDESC_FRM%2CDESC_TO%2CBEGIN_POST%2CEND_POST&returnGeometry=false&f=json
87000453,21500,C,Miami-Dade,6,2025,Bridge No-874211,NW 25 ST,1.174,3.637,FDOT Annual Average Daily Traffic TDA,https://services1.arcgis.com/O1JpcwDW8sjYuddV/arcgis/rest/services/Annual_Average_Daily_Traffic_TDA/FeatureServer/0,https://services1.arcgis.com/O1JpcwDW8sjYuddV/arcgis/rest/services/Annual_Average_Daily_Traffic_TDA/FeatureServer/0/query?where=COUNTY%3D%27Miami-Dade%27&outFields=ROADWAY%2CAADT%2CAADTFLG%2CCOUNTY%2CDISTRICT%2CYEAR_%2CDESC_FRM%2CDESC_TO%2CBEGIN_POST%2CEND_POST&returnGeometry=false&f=json
87000350,30500,T,Miami-Dade,6,2025,NW 199 ST/HONEY HILL,NW 215 ST,0,1.135,FDOT Annual Average Daily Traffic TDA,https://services1.arcgis.com/O1JpcwDW8sjYuddV/arcgis/rest/services/Annual_Average_Daily_Traffic_TDA/FeatureServer/0,https://services1.arcgis.com/O1JpcwDW8sjYuddV/arcgis/rest/services/Annual_Average_Daily_Traffic_TDA/FeatureServer/0/query?where=COUNTY%3D%27Miami-Dade%27&outFields=ROADWAY%2CAADT%2CAADTFLG%2CCOUNTY%2CDISTRICT%2CYEAR_%2CDESC_FRM%2CDESC_TO%2CBEGIN_POST%2CEND_POST&returnGeometry=false&f=json
87000426,10800,T,Miami-Dade,6,2025,SW 122 AVE,SW 6 ST,0.045,0.126,FDOT Annual Average Daily Traffic TDA,https://services1.arcgis.com/O1JpcwDW8sjYuddV/arcgis/rest/services/Annual_Average_Daily_Traffic_TDA/FeatureServer/0,https://services1.arcgis.com/O1JpcwDW8sjYuddV/arcgis/rest/services/Annual_Average_Daily_Traffic_TDA/FeatureServer/0/query?where=COUNTY%3D%27Miami-Dade%27&outFields=ROADWAY%2CAADT%2CAADTFLG%2CCOUNTY%2CDISTRICT%2CYEAR_%2CDESC_FRM%2CDESC_TO%2CBEGIN_POST%2CEND_POST&returnGeometry=false&f=json
87000466,12400,S,Miami-Dade,6,2025,SW 3 AVE/CORAL WAY,US-1/BRICKELL AVE,0,0.433,FDOT Annual Average Daily Traffic TDA,https://services1.arcgis.com/O1JpcwDW8sjYuddV/arcgis/rest/services/Annual_Average_Daily_Traffic_TDA/FeatureServer/0,https://services1.arcgis.com/O1JpcwDW8sjYuddV/arcgis/rest/services/Annual_Average_Daily_Traffic_TDA/FeatureServer/0/query?where=COUNTY%3D%27Miami-Dade%27&outFields=ROADWAY%2CAADT%2CAADTFLG%2CCOUNTY%2CDISTRICT%2CYEAR_%2CDESC_FRM%2CDESC_TO%2CBEGIN_POST%2CEND_POST&returnGeometry=false&f=json
87000454,5700,T,Miami-Dade,6,2025,NW 14 ST/TORNADO WAY,NW 20 ST,0,0.5,FDOT Annual Average Daily Traffic TDA,https://services1.arcgis.com/O1JpcwDW8sjYuddV/arcgis/rest/services/Annual_Average_Daily_Traffic_TDA/FeatureServer/0,https://services1.arcgis.com/O1JpcwDW8sjYuddV/arcgis/rest/services/Annual_Average_Daily_Traffic_TDA/FeatureServer/0/query?where=COUNTY%3D%27Miami-Dade%27&outFields=ROADWAY%2CAADT%2CAADTFLG%2CCOUNTY%2CDISTRICT%2CYEAR_%2CDESC_FRM%2CDESC_TO%2CBEGIN_POST%2CEND_POST&returnGeometry=false&f=json
87000335,14600,T,Miami-Dade,6,2025,N MIAMI AVE,N BAYSHORE DR,0,1.652,FDOT Annual Average Daily Traffic TDA,https://services1.arcgis.com/O1JpcwDW8sjYuddV/arcgis/rest/services/Annual_Average_Daily_Traffic_TDA/FeatureServer/0,https://services1.arcgis.com/O1JpcwDW8sjYuddV/arcgis/rest/services/Annual_Average_Daily_Traffic_TDA/FeatureServer/0/query?where=COUNTY%3D%27Miami-Dade%27&outFields=ROADWAY%2CAADT%2CAADTFLG%2CCOUNTY%2CDISTRICT%2CYEAR_%2CDESC_FRM%2CDESC_TO%2CBEGIN_POST%2CEND_POST&returnGeometry=false&f=json
87000347,19900,T,Miami-Dade,6,2025,W FLAGLER ST,W FLAGLER ST,0,3.184,FDOT Annual Average Daily Traffic TDA,https://services1.arcgis.com/O1JpcwDW8sjYuddV/arcgis/rest/services/Annual_Average_Daily_Traffic_TDA/FeatureServer/0,https://services1.arcgis.com/O1JpcwDW8sjYuddV/arcgis/rest/services/Annual_Average_Daily_Traffic_TDA/FeatureServer/0/query?where=COUNTY%3D%27Miami-Dade%27&outFields=ROADWAY%2CAADT%2CAADTFLG%2CCOUNTY%2CDISTRICT%2CYEAR_%2CDESC_FRM%2CDESC_TO%2CBEGIN_POST%2CEND_POST&returnGeometry=false&f=json
87000436,10200,F,Miami-Dade,6,2025,NW NORTH RIVER DR,NW 17 AVE,0,1.668,FDOT Annual Average Daily Traffic TDA,https://services1.arcgis.com/O1JpcwDW8sjYuddV/arcgis/rest/services/Annual_Average_Daily_Traffic_TDA/FeatureServer/0,https://services1.arcgis.com/O1JpcwDW8sjYuddV/arcgis/rest/services/Annual_Average_Daily_Traffic_TDA/FeatureServer/0/query?where=COUNTY%3D%27Miami-Dade%27&outFields=ROADWAY%2CAADT%2CAADTFLG%2CCOUNTY%2CDISTRICT%2CYEAR_%2CDESC_FRM%2CDESC_TO%2CBEGIN_POST%2CEND_POST&returnGeometry=false&f=json
87000458,29500,C,Miami-Dade,6,2025,SW 142 AVE,SW 137 AVE,0,0.517,FDOT Annual Average Daily Traffic TDA,https://services1.arcgis.com/O1JpcwDW8sjYuddV/arcgis/rest/services/Annual_Average_Daily_Traffic_TDA/FeatureServer/0,https://services1.arcgis.com/O1JpcwDW8sjYuddV/arcgis/rest/services/Annual_Average_Daily_Traffic_TDA/FeatureServer/0/query?where=COUNTY%3D%27Miami-Dade%27&outFields=ROADWAY%2CAADT%2CAADTFLG%2CCOUNTY%2CDISTRICT%2CYEAR_%2CDESC_FRM%2CDESC_TO%2CBEGIN_POST%2CEND_POST&returnGeometry=false&f=json
87000435,11800,C,Miami-Dade,6,2025,NW 112 AVE,NW 74 ST,0,4.016,FDOT Annual Average Daily Traffic TDA,https://services1.arcgis.com/O1JpcwDW8sjYuddV/arcgis/rest/services/Annual_Average_Daily_Traffic_TDA/FeatureServer/0,https://services1.arcgis.com/O1JpcwDW8sjYuddV/arcgis/rest/services/Annual_Average_Daily_Traffic_TDA/FeatureServer/0/query?where=COUNTY%3D%27Miami-Dade%27&outFields=ROADWAY%2CAADT%2CAADTFLG%2CCOUNTY%2CDISTRICT%2CYEAR_%2CDESC_FRM%2CDESC_TO%2CBEGIN_POST%2CEND_POST&returnGeometry=false&f=json
87000479,5200,S,Miami-Dade,6,2025,SW 92 AVE,SR-973/SW 87 AVE,1.5,2.032,FDOT Annual Average Daily Traffic TDA,https://services1.arcgis.com/O1JpcwDW8sjYuddV/arcgis/rest/services/Annual_Average_Daily_Traffic_TDA/FeatureServer/0,https://services1.arcgis.com/O1JpcwDW8sjYuddV/arcgis/rest/services/Annual_Average_Daily_Traffic_TDA/FeatureServer/0/query?where=COUNTY%3D%27Miami-Dade%27&outFields=ROADWAY%2CAADT%2CAADTFLG%2CCOUNTY%2CDISTRICT%2CYEAR_%2CDESC_FRM%2CDESC_TO%2CBEGIN_POST%2CEND_POST&returnGeometry=false&f=json
87000451,17300,T,Miami-Dade,6,2025,SW 87 AVE,N/A,0,1.682,FDOT Annual Average Daily Traffic TDA,https://services1.arcgis.com/O1JpcwDW8sjYuddV/arcgis/rest/services/Annual_Average_Daily_Traffic_TDA/FeatureServer/0,https://services1.arcgis.com/O1JpcwDW8sjYuddV/arcgis/rest/services/Annual_Average_Daily_Traffic_TDA/FeatureServer/0/query?where=COUNTY%3D%27Miami-Dade%27&outFields=ROADWAY%2CAADT%2CAADTFLG%2CCOUNTY%2CDISTRICT%2CYEAR_%2CDESC_FRM%2CDESC_TO%2CBEGIN_POST%2CEND_POST&returnGeometry=false&f=json
87000320,25500,T,Miami-Dade,6,2025,W 20 AV/E,W 16 AV/NW 72 AVE,0,0.482,FDOT Annual Average Daily Traffic TDA,https://services1.arcgis.com/O1JpcwDW8sjYuddV/arcgis/rest/services/Annual_Average_Daily_Traffic_TDA/FeatureServer/0,https://services1.arcgis.com/O1JpcwDW8sjYuddV/arcgis/rest/services/Annual_Average_Daily_Traffic_TDA/FeatureServer/0/query?where=COUNTY%3D%27Miami-Dade%27&outFields=ROADWAY%2CAADT%2CAADTFLG%2CCOUNTY%2CDISTRICT%2CYEAR_%2CDESC_FRM%2CDESC_TO%2CBEGIN_POST%2CEND_POST&returnGeometry=false&f=json
87000431,19200,T,Miami-Dade,6,2025,SW 88 ST,SW 72 ST/SUNSET DR,0,1.108,FDOT Annual Average Daily Traffic TDA,https://services1.arcgis.com/O1JpcwDW8sjYuddV/arcgis/rest/services/Annual_Average_Daily_Traffic_TDA/FeatureServer/0,https://services1.arcgis.com/O1JpcwDW8sjYuddV/arcgis/rest/services/Annual_Average_Daily_Traffic_TDA/FeatureServer/0/query?where=COUNTY%3D%27Miami-Dade%27&outFields=ROADWAY%2CAADT%2CAADTFLG%2CCOUNTY%2CDISTRICT%2CYEAR_%2CDESC_FRM%2CDESC_TO%2CBEGIN_POST%2CEND_POST&returnGeometry=false&f=json
87000468,9200,T,Miami-Dade,6,2025,S DIXIE HWYUS-1/SR5/,SR-968/W FLAGLER ST,0,2.419,FDOT Annual Average Daily Traffic TDA,https://services1.arcgis.com/O1JpcwDW8sjYuddV/arcgis/rest/services/Annual_Average_Daily_Traffic_TDA/FeatureServer/0,https://services1.arcgis.com/O1JpcwDW8sjYuddV/arcgis/rest/services/Annual_Average_Daily_Traffic_TDA/FeatureServer/0/query?where=COUNTY%3D%27Miami-Dade%27&outFields=ROADWAY%2CAADT%2CAADTFLG%2CCOUNTY%2CDISTRICT%2CYEAR_%2CDESC_FRM%2CDESC_TO%2CBEGIN_POST%2CEND_POST&returnGeometry=false&f=json
87000316,7500,T,Miami-Dade,6,2025,NW 37 AV/DOUGLAS RD,NW 27 AVE/UNITY BLVD,0,1,FDOT Annual Average Daily Traffic TDA,https://services1.arcgis.com/O1JpcwDW8sjYuddV/arcgis/rest/services/Annual_Average_Daily_Traffic_TDA/FeatureServer/0,https://services1.arcgis.com/O1JpcwDW8sjYuddV/arcgis/rest/services/Annual_Average_Daily_Traffic_TDA/FeatureServer/0/query?where=COUNTY%3D%27Miami-Dade%27&outFields=ROADWAY%2CAADT%2CAADTFLG%2CCOUNTY%2CDISTRICT%2CYEAR_%2CDESC_FRM%2CDESC_TO%2CBEGIN_POST%2CEND_POST&returnGeometry=false&f=json
87000477,35000,T,Miami-Dade,6,2025,SW 147 AVE,SW 137 AVE,0,1.009,FDOT Annual Average Daily Traffic TDA,https://services1.arcgis.com/O1JpcwDW8sjYuddV/arcgis/rest/services/Annual_Average_Daily_Traffic_TDA/FeatureServer/0,https://services1.arcgis.com/O1JpcwDW8sjYuddV/arcgis/rest/services/Annual_Average_Daily_Traffic_TDA/FeatureServer/0/query?where=COUNTY%3D%27Miami-Dade%27&outFields=ROADWAY%2CAADT%2CAADTFLG%2CCOUNTY%2CDISTRICT%2CYEAR_%2CDESC_FRM%2CDESC_TO%2CBEGIN_POST%2CEND_POST&returnGeometry=false&f=json
87000478,3800,S,Miami-Dade,6,2025,SW 117 AVE,SW 107 AVE,0,1,FDOT Annual Average Daily Traffic TDA,https://services1.arcgis.com/O1JpcwDW8sjYuddV/arcgis/rest/services/Annual_Average_Daily_Traffic_TDA/FeatureServer/0,https://services1.arcgis.com/O1JpcwDW8sjYuddV/arcgis/rest/services/Annual_Average_Daily_Traffic_TDA/FeatureServer/0/query?where=COUNTY%3D%27Miami-Dade%27&outFields=ROADWAY%2CAADT%2CAADTFLG%2CCOUNTY%2CDISTRICT%2CYEAR_%2CDESC_FRM%2CDESC_TO%2CBEGIN_POST%2CEND_POST&returnGeometry=false&f=json
87000334,4800,T,Miami-Dade,6,2025,NW 32 AVE,NW 17 AVE,0,1.531,FDOT Annual Average Daily Traffic TDA,https://services1.arcgis.com/O1JpcwDW8sjYuddV/arcgis/rest/services/Annual_Average_Daily_Traffic_TDA/FeatureServer/0,https://services1.arcgis.com/O1JpcwDW8sjYuddV/arcgis/rest/services/Annual_Average_Daily_Traffic_TDA/FeatureServer/0/query?where=COUNTY%3D%27Miami-Dade%27&outFields=ROADWAY%2CAADT%2CAADTFLG%2CCOUNTY%2CDISTRICT%2CYEAR_%2CDESC_FRM%2CDESC_TO%2CBEGIN_POST%2CEND_POST&returnGeometry=false&f=json
87000434,28000,S,Miami-Dade,6,2025,PERIMETER RD,NW 42 CT,0,0.698,FDOT Annual Average Daily Traffic TDA,https://services1.arcgis.com/O1JpcwDW8sjYuddV/arcgis/rest/services/Annual_Average_Daily_Traffic_TDA/FeatureServer/0,https://services1.arcgis.com/O1JpcwDW8sjYuddV/arcgis/rest/services/Annual_Average_Daily_Traffic_TDA/FeatureServer/0/query?where=COUNTY%3D%27Miami-Dade%27&outFields=ROADWAY%2CAADT%2CAADTFLG%2CCOUNTY%2CDISTRICT%2CYEAR_%2CDESC_FRM%2CDESC_TO%2CBEGIN_POST%2CEND_POST&returnGeometry=false&f=json
87000314,9300,T,Miami-Dade,6,2025,NE 199 ST,NE 207 ST,0,0.56,FDOT Annual Average Daily Traffic TDA,https://services1.arcgis.com/O1JpcwDW8sjYuddV/arcgis/rest/services/Annual_Average_Daily_Traffic_TDA/FeatureServer/0,https://services1.arcgis.com/O1JpcwDW8sjYuddV/arcgis/rest/services/Annual_Average_Daily_Traffic_TDA/FeatureServer/0/query?where=COUNTY%3D%27Miami-Dade%27&outFields=ROADWAY%2CAADT%2CAADTFLG%2CCOUNTY%2CDISTRICT%2CYEAR_%2CDESC_FRM%2CDESC_TO%2CBEGIN_POST%2CEND_POST&returnGeometry=false&f=json
87000461,11900,S,Miami-Dade,6,2025,SW 37 AV/DOUGLAS RD,SW 22 AVE,0,1.521,FDOT Annual Average Daily Traffic TDA,https://services1.arcgis.com/O1JpcwDW8sjYuddV/arcgis/rest/services/Annual_Average_Daily_Traffic_TDA/FeatureServer/0,https://services1.arcgis.com/O1JpcwDW8sjYuddV/arcgis/rest/services/Annual_Average_Daily_Traffic_TDA/FeatureServer/0/query?where=COUNTY%3D%27Miami-Dade%27&outFields=ROADWAY%2CAADT%2CAADTFLG%2CCOUNTY%2CDISTRICT%2CYEAR_%2CDESC_FRM%2CDESC_TO%2CBEGIN_POST%2CEND_POST&returnGeometry=false&f=json
87000326,15400,C,Miami-Dade,6,2025,W 16 ST/OKEECHOBEE,PALM AVE,0,2,FDOT Annual Average Daily Traffic TDA,https://services1.arcgis.com/O1JpcwDW8sjYuddV/arcgis/rest/services/Annual_Average_Daily_Traffic_TDA/FeatureServer/0,https://services1.arcgis.com/O1JpcwDW8sjYuddV/arcgis/rest/services/Annual_Average_Daily_Traffic_TDA/FeatureServer/0/query?where=COUNTY%3D%27Miami-Dade%27&outFields=ROADWAY%2CAADT%2CAADTFLG%2CCOUNTY%2CDISTRICT%2CYEAR_%2CDESC_FRM%2CDESC_TO%2CBEGIN_POST%2CEND_POST&returnGeometry=false&f=json
87000348,20200,T,Miami-Dade,6,2025,SR-90/SW 8 ST,NW 33 ST,0,2.949,FDOT Annual Average Daily Traffic TDA,https://services1.arcgis.com/O1JpcwDW8sjYuddV/arcgis/rest/services/Annual_Average_Daily_Traffic_TDA/FeatureServer/0,https://services1.arcgis.com/O1JpcwDW8sjYuddV/arcgis/rest/services/Annual_Average_Daily_Traffic_TDA/FeatureServer/0/query?where=COUNTY%3D%27Miami-Dade%27&outFields=ROADWAY%2CAADT%2CAADTFLG%2CCOUNTY%2CDISTRICT%2CYEAR_%2CDESC_FRM%2CDESC_TO%2CBEGIN_POST%2CEND_POST&returnGeometry=false&f=json
87000437,13700,F,Miami-Dade,6,2025,NW 17 AVE,NE 2 AVE,0,2.032,FDOT Annual Average Daily Traffic TDA,https://services1.arcgis.com/O1JpcwDW8sjYuddV/arcgis/rest/services/Annual_Average_Daily_Traffic_TDA/FeatureServer/0,https://services1.arcgis.com/O1JpcwDW8sjYuddV/arcgis/rest/services/Annual_Average_Daily_Traffic_TDA/FeatureServer/0/query?where=COUNTY%3D%27Miami-Dade%27&outFields=ROADWAY%2CAADT%2CAADTFLG%2CCOUNTY%2CDISTRICT%2CYEAR_%2CDESC_FRM%2CDESC_TO%2CBEGIN_POST%2CEND_POST&returnGeometry=false&f=json
87000441,8200,S,Miami-Dade,6,2025,NW 37 AVE,DELAWARE PKWY,0,0.905,FDOT Annual Average Daily Traffic TDA,https://services1.arcgis.com/O1JpcwDW8sjYuddV/arcgis/rest/services/Annual_Average_Daily_Traffic_TDA/FeatureServer/0,https://services1.arcgis.com/O1JpcwDW8sjYuddV/arcgis/rest/services/Annual_Average_Daily_Traffic_TDA/FeatureServer/0/query?where=COUNTY%3D%27Miami-Dade%27&outFields=ROADWAY%2CAADT%2CAADTFLG%2CCOUNTY%2CDISTRICT%2CYEAR_%2CDESC_FRM%2CDESC_TO%2CBEGIN_POST%2CEND_POST&returnGeometry=false&f=json
87000414,6100,S,Miami-Dade,6,2025,SW 187 AVE,SW 177 AVE,0,1.017,FDOT Annual Average Daily Traffic TDA,https://services1.arcgis.com/O1JpcwDW8sjYuddV/arcgis/rest/services/Annual_Average_Daily_Traffic_TDA/FeatureServer/0,https://services1.arcgis.com/O1JpcwDW8sjYuddV/arcgis/rest/services/Annual_Average_Daily_Traffic_TDA/FeatureServer/0/query?where=COUNTY%3D%27Miami-Dade%27&outFields=ROADWAY%2CAADT%2CAADTFLG%2CCOUNTY%2CDISTRICT%2CYEAR_%2CDESC_FRM%2CDESC_TO%2CBEGIN_POST%2CEND_POST&returnGeometry=false&f=json
87000407,14000,S,Miami-Dade,6,2025,PONCE DE LEON BLVD,MAIN HWY,0,1.227,FDOT Annual Average Daily Traffic TDA,https://services1.arcgis.com/O1JpcwDW8sjYuddV/arcgis/rest/services/Annual_Average_Daily_Traffic_TDA/FeatureServer/0,https://services1.arcgis.com/O1JpcwDW8sjYuddV/arcgis/rest/services/Annual_Average_Daily_Traffic_TDA/FeatureServer/0/query?where=COUNTY%3D%27Miami-Dade%27&outFields=ROADWAY%2CAADT%2CAADTFLG%2CCOUNTY%2CDISTRICT%2CYEAR_%2CDESC_FRM%2CDESC_TO%2CBEGIN_POST%2CEND_POST&returnGeometry=false&f=json
87000349,17700,S,Miami-Dade,6,2025,FOUNTAINBLUE BLVD,NW 87 AVE,0,0.219,FDOT Annual Average Daily Traffic TDA,https://services1.arcgis.com/O1JpcwDW8sjYuddV/arcgis/rest/services/Annual_Average_Daily_Traffic_TDA/FeatureServer/0,https://services1.arcgis.com/O1JpcwDW8sjYuddV/arcgis/rest/services/Annual_Average_Daily_Traffic_TDA/FeatureServer/0/query?where=COUNTY%3D%27Miami-Dade%27&outFields=ROADWAY%2CAADT%2CAADTFLG%2CCOUNTY%2CDISTRICT%2CYEAR_%2CDESC_FRM%2CDESC_TO%2CBEGIN_POST%2CEND_POST&returnGeometry=false&f=json
87000438,11800,C,Miami-Dade,6,2025,NW 97 AVE,NW 79 AVE,0,1.781,FDOT Annual Average Daily Traffic TDA,https://services1.arcgis.com/O1JpcwDW8sjYuddV/arcgis/rest/services/Annual_Average_Daily_Traffic_TDA/FeatureServer/0,https://services1.arcgis.com/O1JpcwDW8sjYuddV/arcgis/rest/services/Annual_Average_Daily_Traffic_TDA/FeatureServer/0/query?where=COUNTY%3D%27Miami-Dade%27&outFields=ROADWAY%2CAADT%2CAADTFLG%2CCOUNTY%2CDISTRICT%2CYEAR_%2CDESC_FRM%2CDESC_TO%2CBEGIN_POST%2CEND_POST&returnGeometry=false&f=json
87000473,5200,S,Miami-Dade,6,2025,SW 57 AVE/SR-959,SAN AMARO DR,0,0.273,FDOT Annual Average Daily Traffic TDA,https://services1.arcgis.com/O1JpcwDW8sjYuddV/arcgis/rest/services/Annual_Average_Daily_Traffic_TDA/FeatureServer/0,https://services1.arcgis.com/O1JpcwDW8sjYuddV/arcgis/rest/services/Annual_Average_Daily_Traffic_TDA/FeatureServer/0/query?where=COUNTY%3D%27Miami-Dade%27&outFields=ROADWAY%2CAADT%2CAADTFLG%2CCOUNTY%2CDISTRICT%2CYEAR_%2CDESC_FRM%2CDESC_TO%2CBEGIN_POST%2CEND_POST&returnGeometry=false&f=json
87000442,7900,S,Miami-Dade,6,2025,SR-953/LEJEUNE RD,NW 22 AV,0,2.046,FDOT Annual Average Daily Traffic TDA,https://services1.arcgis.com/O1JpcwDW8sjYuddV/arcgis/rest/services/Annual_Average_Daily_Traffic_TDA/FeatureServer/0,https://services1.arcgis.com/O1JpcwDW8sjYuddV/arcgis/rest/services/Annual_Average_Daily_Traffic_TDA/FeatureServer/0/query?where=COUNTY%3D%27Miami-Dade%27&outFields=ROADWAY%2CAADT%2CAADTFLG%2CCOUNTY%2CDISTRICT%2CYEAR_%2CDESC_FRM%2CDESC_TO%2CBEGIN_POST%2CEND_POST&returnGeometry=false&f=json
87000331,15000,F,Miami-Dade,6,2025,NW 42/37 AVE CONNECT,NW 22 AVE,0,1.381,FDOT Annual Average Daily Traffic TDA,https://services1.arcgis.com/O1JpcwDW8sjYuddV/arcgis/rest/services/Annual_Average_Daily_Traffic_TDA/FeatureServer/0,https://services1.arcgis.com/O1JpcwDW8sjYuddV/arcgis/rest/services/Annual_Average_Daily_Traffic_TDA/FeatureServer/0/query?where=COUNTY%3D%27Miami-Dade%27&outFields=ROADWAY%2CAADT%2CAADTFLG%2CCOUNTY%2CDISTRICT%2CYEAR_%2CDESC_FRM%2CDESC_TO%2CBEGIN_POST%2CEND_POST&returnGeometry=false&f=json
87000341,7200,F,Miami-Dade,6,2025,NW 36 ST/DORAL BLVD,SR-25/OKEECHOBEE RD,0,0.633,FDOT Annual Average Daily Traffic TDA,https://services1.arcgis.com/O1JpcwDW8sjYuddV/arcgis/rest/services/Annual_Average_Daily_Traffic_TDA/FeatureServer/0,https://services1.arcgis.com/O1JpcwDW8sjYuddV/arcgis/rest/services/Annual_Average_Daily_Traffic_TDA/FeatureServer/0/query?where=COUNTY%3D%27Miami-Dade%27&outFields=ROADWAY%2CAADT%2CAADTFLG%2CCOUNTY%2CDISTRICT%2CYEAR_%2CDESC_FRM%2CDESC_TO%2CBEGIN_POST%2CEND_POST&returnGeometry=false&f=json
87000426,21600,T,Miami-Dade,6,2025,SW 6 ST,END UP 874161,0.126,0.774,FDOT Annual Average Daily Traffic TDA,https://services1.arcgis.com/O1JpcwDW8sjYuddV/arcgis/rest/services/Annual_Average_Daily_Traffic_TDA/FeatureServer/0,https://services1.arcgis.com/O1JpcwDW8sjYuddV/arcgis/rest/services/Annual_Average_Daily_Traffic_TDA/FeatureServer/0/query?where=COUNTY%3D%27Miami-Dade%27&outFields=ROADWAY%2CAADT%2CAADTFLG%2CCOUNTY%2CDISTRICT%2CYEAR_%2CDESC_FRM%2CDESC_TO%2CBEGIN_POST%2CEND_POST&returnGeometry=false&f=json
87000453,15200,C,Miami-Dade,6,2025,CORAL WAY,Bridge No-874211,0,1.174,FDOT Annual Average Daily Traffic TDA,https://services1.arcgis.com/O1JpcwDW8sjYuddV/arcgis/rest/services/Annual_Average_Daily_Traffic_TDA/FeatureServer/0,https://services1.arcgis.com/O1JpcwDW8sjYuddV/arcgis/rest/services/Annual_Average_Daily_Traffic_TDA/FeatureServer/0/query?where=COUNTY%3D%27Miami-Dade%27&outFields=ROADWAY%2CAADT%2CAADTFLG%2CCOUNTY%2CDISTRICT%2CYEAR_%2CDESC_FRM%2CDESC_TO%2CBEGIN_POST%2CEND_POST&returnGeometry=false&f=json
87000330,5100,F,Miami-Dade,6,2025,PALM AVE,NW 27 AVE/SR 9/UNIT,0.492,3.014,FDOT Annual Average Daily Traffic TDA,https://services1.arcgis.com/O1JpcwDW8sjYuddV/arcgis/rest/services/Annual_Average_Daily_Traffic_TDA/FeatureServer/0,https://services1.arcgis.com/O1JpcwDW8sjYuddV/arcgis/rest/services/Annual_Average_Daily_Traffic_TDA/FeatureServer/0/query?where=COUNTY%3D%27Miami-Dade%27&outFields=ROADWAY%2CAADT%2CAADTFLG%2CCOUNTY%2CDISTRICT%2CYEAR_%2CDESC_FRM%2CDESC_TO%2CBEGIN_POST%2CEND_POST&returnGeometry=false&f=json
87000432,15900,T,Miami-Dade,6,2025,CORAL WAY/SW 26 ST,NW 12 ST,0,2.729,FDOT Annual Average Daily Traffic TDA,https://services1.arcgis.com/O1JpcwDW8sjYuddV/arcgis/rest/services/Annual_Average_Daily_Traffic_TDA/FeatureServer/0,https://services1.arcgis.com/O1JpcwDW8sjYuddV/arcgis/rest/services/Annual_Average_Daily_Traffic_TDA/FeatureServer/0/query?where=COUNTY%3D%27Miami-Dade%27&outFields=ROADWAY%2CAADT%2CAADTFLG%2CCOUNTY%2CDISTRICT%2CYEAR_%2CDESC_FRM%2CDESC_TO%2CBEGIN_POST%2CEND_POST&returnGeometry=false&f=json
87000476,17900,T,Miami-Dade,6,2025,SR994/QUAIL ROOST DR,SW 184 ST/EUREKA DR,0,0.455,FDOT Annual Average Daily Traffic TDA,https://services1.arcgis.com/O1JpcwDW8sjYuddV/arcgis/rest/services/Annual_Average_Daily_Traffic_TDA/FeatureServer/0,https://services1.arcgis.com/O1JpcwDW8sjYuddV/arcgis/rest/services/Annual_Average_Daily_Traffic_TDA/FeatureServer/0/query?where=COUNTY%3D%27Miami-Dade%27&outFields=ROADWAY%2CAADT%2CAADTFLG%2CCOUNTY%2CDISTRICT%2CYEAR_%2CDESC_FRM%2CDESC_TO%2CBEGIN_POST%2CEND_POST&returnGeometry=false&f=json
87000451,26500,T,Miami-Dade,6,2025,N/A,SW 152 ST/CORAL REEF,2.836,3.855,FDOT Annual Average Daily Traffic TDA,https://services1.arcgis.com/O1JpcwDW8sjYuddV/arcgis/rest/services/Annual_Average_Daily_Traffic_TDA/FeatureServer/0,https://services1.arcgis.com/O1JpcwDW8sjYuddV/arcgis/rest/services/Annual_Average_Daily_Traffic_TDA/FeatureServer/0/query?where=COUNTY%3D%27Miami-Dade%27&outFields=ROADWAY%2CAADT%2CAADTFLG%2CCOUNTY%2CDISTRICT%2CYEAR_%2CDESC_FRM%2CDESC_TO%2CBEGIN_POST%2CEND_POST&returnGeometry=false&f=json
87000325,12200,T,Miami-Dade,6,2025,W 18 AVE,W 16 AVE,0,0.246,FDOT Annual Average Daily Traffic TDA,https://services1.arcgis.com/O1JpcwDW8sjYuddV/arcgis/rest/services/Annual_Average_Daily_Traffic_TDA/FeatureServer/0,https://services1.arcgis.com/O1JpcwDW8sjYuddV/arcgis/rest/services/Annual_Average_Daily_Traffic_TDA/FeatureServer/0/query?where=COUNTY%3D%27Miami-Dade%27&outFields=ROADWAY%2CAADT%2CAADTFLG%2CCOUNTY%2CDISTRICT%2CYEAR_%2CDESC_FRM%2CDESC_TO%2CBEGIN_POST%2CEND_POST&returnGeometry=false&f=json
87000425,11100,S,Miami-Dade,6,2025,SW 12 ST,W FLAGLER ST,0,0.754,FDOT Annual Average Daily Traffic TDA,https://services1.arcgis.com/O1JpcwDW8sjYuddV/arcgis/rest/services/Annual_Average_Daily_Traffic_TDA/FeatureServer/0,https://services1.arcgis.com/O1JpcwDW8sjYuddV/arcgis/rest/services/Annual_Average_Daily_Traffic_TDA/FeatureServer/0/query?where=COUNTY%3D%27Miami-Dade%27&outFields=ROADWAY%2CAADT%2CAADTFLG%2CCOUNTY%2CDISTRICT%2CYEAR_%2CDESC_FRM%2CDESC_TO%2CBEGIN_POST%2CEND_POST&returnGeometry=false&f=json
87000302,6400,T,Miami-Dade,6,2025,SR-5/US-1/DIXIE HWY,SW 142 CT,0,1.1,FDOT Annual Average Daily Traffic TDA,https://services1.arcgis.com/O1JpcwDW8sjYuddV/arcgis/rest/services/Annual_Average_Daily_Traffic_TDA/FeatureServer/0,https://services1.arcgis.com/O1JpcwDW8sjYuddV/arcgis/rest/services/Annual_Average_Daily_Traffic_TDA/FeatureServer/0/query?where=COUNTY%3D%27Miami-Dade%27&outFields=ROADWAY%2CAADT%2CAADTFLG%2CCOUNTY%2CDISTRICT%2CYEAR_%2CDESC_FRM%2CDESC_TO%2CBEGIN_POST%2CEND_POST&returnGeometry=false&f=json
87000476,25500,T,Miami-Dade,6,2025,SW 184 ST/EUREKA DR,SR-992/SW 152 ST,0.455,2.506,FDOT Annual Average Daily Traffic TDA,https://services1.arcgis.com/O1JpcwDW8sjYuddV/arcgis/rest/services/Annual_Average_Daily_Traffic_TDA/FeatureServer/0,https://services1.arcgis.com/O1JpcwDW8sjYuddV/arcgis/rest/services/Annual_Average_Daily_Traffic_TDA/FeatureServer/0/query?where=COUNTY%3D%27Miami-Dade%27&outFields=ROADWAY%2CAADT%2CAADTFLG%2CCOUNTY%2CDISTRICT%2CYEAR_%2CDESC_FRM%2CDESC_TO%2CBEGIN_POST%2CEND_POST&returnGeometry=false&f=json
87000327,3200,F,Miami-Dade,6,2025,E 8 AV,NW 27 AV,0,2.032,FDOT Annual Average Daily Traffic TDA,https://services1.arcgis.com/O1JpcwDW8sjYuddV/arcgis/rest/services/Annual_Average_Daily_Traffic_TDA/FeatureServer/0,https://services1.arcgis.com/O1JpcwDW8sjYuddV/arcgis/rest/services/Annual_Average_Daily_Traffic_TDA/FeatureServer/0/query?where=COUNTY%3D%27Miami-Dade%27&outFields=ROADWAY%2CAADT%2CAADTFLG%2CCOUNTY%2CDISTRICT%2CYEAR_%2CDESC_FRM%2CDESC_TO%2CBEGIN_POST%2CEND_POST&returnGeometry=false&f=json
87000360,27000,F,Miami-Dade,6,2025,NW 107 AVE,FROM NW 97 AVE,0,1.032,FDOT Annual Average Daily Traffic TDA,https://services1.arcgis.com/O1JpcwDW8sjYuddV/arcgis/rest/services/Annual_Average_Daily_Traffic_TDA/FeatureServer/0,https://services1.arcgis.com/O1JpcwDW8sjYuddV/arcgis/rest/services/Annual_Average_Daily_Traffic_TDA/FeatureServer/0/query?where=COUNTY%3D%27Miami-Dade%27&outFields=ROADWAY%2CAADT%2CAADTFLG%2CCOUNTY%2CDISTRICT%2CYEAR_%2CDESC_FRM%2CDESC_TO%2CBEGIN_POST%2CEND_POST&returnGeometry=false&f=json
87000426,21600,T,Miami-Dade,6,2025,SW 8 ST/SR-90,SW 122 AVE,0,0.045,FDOT Annual Average Daily Traffic TDA,https://services1.arcgis.com/O1JpcwDW8sjYuddV/arcgis/rest/services/Annual_Average_Daily_Traffic_TDA/FeatureServer/0,https://services1.arcgis.com/O1JpcwDW8sjYuddV/arcgis/rest/services/Annual_Average_Daily_Traffic_TDA/FeatureServer/0/query?where=COUNTY%3D%27Miami-Dade%27&outFields=ROADWAY%2CAADT%2CAADTFLG%2CCOUNTY%2CDISTRICT%2CYEAR_%2CDESC_FRM%2CDESC_TO%2CBEGIN_POST%2CEND_POST&returnGeometry=false&f=json
87000469,6900,T,Miami-Dade,6,2025,SW 104 ST,N KENDALL DR/SW 88ST,0,1.406,FDOT Annual Average Daily Traffic TDA,https://services1.arcgis.com/O1JpcwDW8sjYuddV/arcgis/rest/services/Annual_Average_Daily_Traffic_TDA/FeatureServer/0,https://services1.arcgis.com/O1JpcwDW8sjYuddV/arcgis/rest/services/Annual_Average_Daily_Traffic_TDA/FeatureServer/0/query?where=COUNTY%3D%27Miami-Dade%27&outFields=ROADWAY%2CAADT%2CAADTFLG%2CCOUNTY%2CDISTRICT%2CYEAR_%2CDESC_FRM%2CDESC_TO%2CBEGIN_POST%2CEND_POST&returnGeometry=false&f=json
87000451,23000,T,Miami-Dade,6,2025,N/A,N/A,1.682,2.836,FDOT Annual Average Daily Traffic TDA,https://services1.arcgis.com/O1JpcwDW8sjYuddV/arcgis/rest/services/Annual_Average_Daily_Traffic_TDA/FeatureServer/0,https://services1.arcgis.com/O1JpcwDW8sjYuddV/arcgis/rest/services/Annual_Average_Daily_Traffic_TDA/FeatureServer/0/query?where=COUNTY%3D%27Miami-Dade%27&outFields=ROADWAY%2CAADT%2CAADTFLG%2CCOUNTY%2CDISTRICT%2CYEAR_%2CDESC_FRM%2CDESC_TO%2CBEGIN_POST%2CEND_POST&returnGeometry=false&f=json
87000358,5100,S,Miami-Dade,6,2025,SR-5/US-1,SW 57 AVE,0,2.691,FDOT Annual Average Daily Traffic TDA,https://services1.arcgis.com/O1JpcwDW8sjYuddV/arcgis/rest/services/Annual_Average_Daily_Traffic_TDA/FeatureServer/0,https://services1.arcgis.com/O1JpcwDW8sjYuddV/arcgis/rest/services/Annual_Average_Daily_Traffic_TDA/FeatureServer/0/query?where=COUNTY%3D%27Miami-Dade%27&outFields=ROADWAY%2CAADT%2CAADTFLG%2CCOUNTY%2CDISTRICT%2CYEAR_%2CDESC_FRM%2CDESC_TO%2CBEGIN_POST%2CEND_POST&returnGeometry=false&f=json
87000418,10600,C,Miami-Dade,6,2025,SW 8 ST/TAMIAMI TR,W FLAGLER ST,0,0.501,FDOT Annual Average Daily Traffic TDA,https://services1.arcgis.com/O1JpcwDW8sjYuddV/arcgis/rest/services/Annual_Average_Daily_Traffic_TDA/FeatureServer/0,https://services1.arcgis.com/O1JpcwDW8sjYuddV/arcgis/rest/services/Annual_Average_Daily_Traffic_TDA/FeatureServer/0/query?where=COUNTY%3D%27Miami-Dade%27&outFields=ROADWAY%2CAADT%2CAADTFLG%2CCOUNTY%2CDISTRICT%2CYEAR_%2CDESC_FRM%2CDESC_TO%2CBEGIN_POST%2CEND_POST&returnGeometry=false&f=json
87000463,5700,S,Miami-Dade,6,2025,NW 8 AVE,SW 6 ST,0,0.873,FDOT Annual Average Daily Traffic TDA,https://services1.arcgis.com/O1JpcwDW8sjYuddV/arcgis/rest/services/Annual_Average_Daily_Traffic_TDA/FeatureServer/0,https://services1.arcgis.com/O1JpcwDW8sjYuddV/arcgis/rest/services/Annual_Average_Daily_Traffic_TDA/FeatureServer/0/query?where=COUNTY%3D%27Miami-Dade%27&outFields=ROADWAY%2CAADT%2CAADTFLG%2CCOUNTY%2CDISTRICT%2CYEAR_%2CDESC_FRM%2CDESC_TO%2CBEGIN_POST%2CEND_POST&returnGeometry=false&f=json
87000402,11500,S,Miami-Dade,6,2025,NE 6 AVE,W DIXIE HWY,0,1.993,FDOT Annual Average Daily Traffic TDA,https://services1.arcgis.com/O1JpcwDW8sjYuddV/arcgis/rest/services/Annual_Average_Daily_Traffic_TDA/FeatureServer/0,https://services1.arcgis.com/O1JpcwDW8sjYuddV/arcgis/rest/services/Annual_Average_Daily_Traffic_TDA/FeatureServer/0/query?where=COUNTY%3D%27Miami-Dade%27&outFields=ROADWAY%2CAADT%2CAADTFLG%2CCOUNTY%2CDISTRICT%2CYEAR_%2CDESC_FRM%2CDESC_TO%2CBEGIN_POST%2CEND_POST&returnGeometry=false&f=json
87000460,4300,T,Miami-Dade,6,2025,NW 7 AVE,NW 3 AVE,0,0.432,FDOT Annual Average Daily Traffic TDA,https://services1.arcgis.com/O1JpcwDW8sjYuddV/arcgis/rest/services/Annual_Average_Daily_Traffic_TDA/FeatureServer/0,https://services1.arcgis.com/O1JpcwDW8sjYuddV/arcgis/rest/services/Annual_Average_Daily_Traffic_TDA/FeatureServer/0/query?where=COUNTY%3D%27Miami-Dade%27&outFields=ROADWAY%2CAADT%2CAADTFLG%2CCOUNTY%2CDISTRICT%2CYEAR_%2CDESC_FRM%2CDESC_TO%2CBEGIN_POST%2CEND_POST&returnGeometry=false&f=json
87000317,26000,C,Miami-Dade,6,2025,W 37 ST,W 49 ST,0,0.782,FDOT Annual Average Daily Traffic TDA,https://services1.arcgis.com/O1JpcwDW8sjYuddV/arcgis/rest/services/Annual_Average_Daily_Traffic_TDA/FeatureServer/0,https://services1.arcgis.com/O1JpcwDW8sjYuddV/arcgis/rest/services/Annual_Average_Daily_Traffic_TDA/FeatureServer/0/query?where=COUNTY%3D%27Miami-Dade%27&outFields=ROADWAY%2CAADT%2CAADTFLG%2CCOUNTY%2CDISTRICT%2CYEAR_%2CDESC_FRM%2CDESC_TO%2CBEGIN_POST%2CEND_POST&returnGeometry=false&f=json
87000344,15500,F,Miami-Dade,6,2025,NW 25 ST,NW 36 ST/DORAL BLVD,0,0.857,FDOT Annual Average Daily Traffic TDA,https://services1.arcgis.com/O1JpcwDW8sjYuddV/arcgis/rest/services/Annual_Average_Daily_Traffic_TDA/FeatureServer/0,https://services1.arcgis.com/O1JpcwDW8sjYuddV/arcgis/rest/services/Annual_Average_Daily_Traffic_TDA/FeatureServer/0/query?where=COUNTY%3D%27Miami-Dade%27&outFields=ROADWAY%2CAADT%2CAADTFLG%2CCOUNTY%2CDISTRICT%2CYEAR_%2CDESC_FRM%2CDESC_TO%2CBEGIN_POST%2CEND_POST&returnGeometry=false&f=json
87000416,16800,C,Miami-Dade,6,2025,TOWER RD/SW 192 AVE,BEG UNDERPASS 192,0,2.481,FDOT Annual Average Daily Traffic TDA,https://services1.arcgis.com/O1JpcwDW8sjYuddV/arcgis/rest/services/Annual_Average_Daily_Traffic_TDA/FeatureServer/0,https://services1.arcgis.com/O1JpcwDW8sjYuddV/arcgis/rest/services/Annual_Average_Daily_Traffic_TDA/FeatureServer/0/query?where=COUNTY%3D%27Miami-Dade%27&outFields=ROADWAY%2CAADT%2CAADTFLG%2CCOUNTY%2CDISTRICT%2CYEAR_%2CDESC_FRM%2CDESC_TO%2CBEGIN_POST%2CEND_POST&returnGeometry=false&f=json
87000444,13900,S,Miami-Dade,6,2025,SOUTH MIAMI AVE,BRICKELL AVE,0.228,0.319,FDOT Annual Average Daily Traffic TDA,https://services1.arcgis.com/O1JpcwDW8sjYuddV/arcgis/rest/services/Annual_Average_Daily_Traffic_TDA/FeatureServer/0,https://services1.arcgis.com/O1JpcwDW8sjYuddV/arcgis/rest/services/Annual_Average_Daily_Traffic_TDA/FeatureServer/0/query?where=COUNTY%3D%27Miami-Dade%27&outFields=ROADWAY%2CAADT%2CAADTFLG%2CCOUNTY%2CDISTRICT%2CYEAR_%2CDESC_FRM%2CDESC_TO%2CBEGIN_POST%2CEND_POST&returnGeometry=false&f=json
87000445,6800,S,Miami-Dade,6,2025,NW 29 ST,SR-25/NW 36 ST,0,0.452,FDOT Annual Average Daily Traffic TDA,https://services1.arcgis.com/O1JpcwDW8sjYuddV/arcgis/rest/services/Annual_Average_Daily_Traffic_TDA/FeatureServer/0,https://services1.arcgis.com/O1JpcwDW8sjYuddV/arcgis/rest/services/Annual_Average_Daily_Traffic_TDA/FeatureServer/0/query?where=COUNTY%3D%27Miami-Dade%27&outFields=ROADWAY%2CAADT%2CAADTFLG%2CCOUNTY%2CDISTRICT%2CYEAR_%2CDESC_FRM%2CDESC_TO%2CBEGIN_POST%2CEND_POST&returnGeometry=false&f=json
87000323,14200,T,Miami-Dade,6,2025,OKEECHOBEE RD,W 49 ST/NW 103 ST,0,1.051,FDOT Annual Average Daily Traffic TDA,https://services1.arcgis.com/O1JpcwDW8sjYuddV/arcgis/rest/services/Annual_Average_Daily_Traffic_TDA/FeatureServer/0,https://services1.arcgis.com/O1JpcwDW8sjYuddV/arcgis/rest/services/Annual_Average_Daily_Traffic_TDA/FeatureServer/0/query?where=COUNTY%3D%27Miami-Dade%27&outFields=ROADWAY%2CAADT%2CAADTFLG%2CCOUNTY%2CDISTRICT%2CYEAR_%2CDESC_FRM%2CDESC_TO%2CBEGIN_POST%2CEND_POST&returnGeometry=false&f=json
87000429,41000,C,Miami-Dade,6,2025,NW 107 AVE,NW 102 AVE,0,0.5,FDOT Annual Average Daily Traffic TDA,https://services1.arcgis.com/O1JpcwDW8sjYuddV/arcgis/rest/services/Annual_Average_Daily_Traffic_TDA/FeatureServer/0,https://services1.arcgis.com/O1JpcwDW8sjYuddV/arcgis/rest/services/Annual_Average_Daily_Traffic_TDA/FeatureServer/0/query?where=COUNTY%3D%27Miami-Dade%27&outFields=ROADWAY%2CAADT%2CAADTFLG%2CCOUNTY%2CDISTRICT%2CYEAR_%2CDESC_FRM%2CDESC_TO%2CBEGIN_POST%2CEND_POST&returnGeometry=false&f=json
87000479,2300,S,Miami-Dade,6,2025,SW 107 AVE,SW 92 AVE,0,1.5,FDOT Annual Average Daily Traffic TDA,https://services1.arcgis.com/O1JpcwDW8sjYuddV/arcgis/rest/services/Annual_Average_Daily_Traffic_TDA/FeatureServer/0,https://services1.arcgis.com/O1JpcwDW8sjYuddV/arcgis/rest/services/Annual_Average_Daily_Traffic_TDA/FeatureServer/0/query?where=COUNTY%3D%27Miami-Dade%27&outFields=ROADWAY%2CAADT%2CAADTFLG%2CCOUNTY%2CDISTRICT%2CYEAR_%2CDESC_FRM%2CDESC_TO%2CBEGIN_POST%2CEND_POST&returnGeometry=false&f=json
87000457,27500,T,Miami-Dade,6,2025,SR-817/NW 27 AVE,END UNDERPASS 87696,0,1.089,FDOT Annual Average Daily Traffic TDA,https://services1.arcgis.com/O1JpcwDW8sjYuddV/arcgis/rest/services/Annual_Average_Daily_Traffic_TDA/FeatureServer/0,https://services1.arcgis.com/O1JpcwDW8sjYuddV/arcgis/rest/services/Annual_Average_Daily_Traffic_TDA/FeatureServer/0/query?where=COUNTY%3D%27Miami-Dade%27&outFields=ROADWAY%2CAADT%2CAADTFLG%2CCOUNTY%2CDISTRICT%2CYEAR_%2CDESC_FRM%2CDESC_TO%2CBEGIN_POST%2CEND_POST&returnGeometry=false&f=json
87000324,14600,T,Miami-Dade,6,2025,W 18 CT,W 4 AVE/RED RD,0,1.82,FDOT Annual Average Daily Traffic TDA,https://services1.arcgis.com/O1JpcwDW8sjYuddV/arcgis/rest/services/Annual_Average_Daily_Traffic_TDA/FeatureServer/0,https://services1.arcgis.com/O1JpcwDW8sjYuddV/arcgis/rest/services/Annual_Average_Daily_Traffic_TDA/FeatureServer/0/query?where=COUNTY%3D%27Miami-Dade%27&outFields=ROADWAY%2CAADT%2CAADTFLG%2CCOUNTY%2CDISTRICT%2CYEAR_%2CDESC_FRM%2CDESC_TO%2CBEGIN_POST%2CEND_POST&returnGeometry=false&f=json
87000337,8700,C,Miami-Dade,6,2025,NW 22 AVE,SR-5/US1/BISCAYNE BL,0,3.141,FDOT Annual Average Daily Traffic TDA,https://services1.arcgis.com/O1JpcwDW8sjYuddV/arcgis/rest/services/Annual_Average_Daily_Traffic_TDA/FeatureServer/0,https://services1.arcgis.com/O1JpcwDW8sjYuddV/arcgis/rest/services/Annual_Average_Daily_Traffic_TDA/FeatureServer/0/query?where=COUNTY%3D%27Miami-Dade%27&outFields=ROADWAY%2CAADT%2CAADTFLG%2CCOUNTY%2CDISTRICT%2CYEAR_%2CDESC_FRM%2CDESC_TO%2CBEGIN_POST%2CEND_POST&returnGeometry=false&f=json
87000417,39000,C,Miami-Dade,6,2025,RAMP 87471531,NW 107 AVE,0,1.214,FDOT Annual Average Daily Traffic TDA,https://services1.arcgis.com/O1JpcwDW8sjYuddV/arcgis/rest/services/Annual_Average_Daily_Traffic_TDA/FeatureServer/0,https://services1.arcgis.com/O1JpcwDW8sjYuddV/arcgis/rest/services/Annual_Average_Daily_Traffic_TDA/FeatureServer/0/query?where=COUNTY%3D%27Miami-Dade%27&outFields=ROADWAY%2CAADT%2CAADTFLG%2CCOUNTY%2CDISTRICT%2CYEAR_%2CDESC_FRM%2CDESC_TO%2CBEGIN_POST%2CEND_POST&returnGeometry=false&f=json
87000336,1450,T,Miami-Dade,6,2025,NE 2 AVE,SR-915/NE 6 AVE,0,0.702,FDOT Annual Average Daily Traffic TDA,https://services1.arcgis.com/O1JpcwDW8sjYuddV/arcgis/rest/services/Annual_Average_Daily_Traffic_TDA/FeatureServer/0,https://services1.arcgis.com/O1JpcwDW8sjYuddV/arcgis/rest/services/Annual_Average_Daily_Traffic_TDA/FeatureServer/0/query?where=COUNTY%3D%27Miami-Dade%27&outFields=ROADWAY%2CAADT%2CAADTFLG%2CCOUNTY%2CDISTRICT%2CYEAR_%2CDESC_FRM%2CDESC_TO%2CBEGIN_POST%2CEND_POST&returnGeometry=false&f=json
87000343,22500,T,Miami-Dade,6,2025,NW 12 ST,NW 36 ST/DORAL BLVD,0,1.873,FDOT Annual Average Daily Traffic TDA,https://services1.arcgis.com/O1JpcwDW8sjYuddV/arcgis/rest/services/Annual_Average_Daily_Traffic_TDA/FeatureServer/0,https://services1.arcgis.com/O1JpcwDW8sjYuddV/arcgis/rest/services/Annual_Average_Daily_Traffic_TDA/FeatureServer/0/query?where=COUNTY%3D%27Miami-Dade%27&outFields=ROADWAY%2CAADT%2CAADTFLG%2CCOUNTY%2CDISTRICT%2CYEAR_%2CDESC_FRM%2CDESC_TO%2CBEGIN_POST%2CEND_POST&returnGeometry=false&f=json
87000408,13400,T,Miami-Dade,6,2025,SW 85 ST,SW 72 ST/SUNSET DR,0,0.799,FDOT Annual Average Daily Traffic TDA,https://services1.arcgis.com/O1JpcwDW8sjYuddV/arcgis/rest/services/Annual_Average_Daily_Traffic_TDA/FeatureServer/0,https://services1.arcgis.com/O1JpcwDW8sjYuddV/arcgis/rest/services/Annual_Average_Daily_Traffic_TDA/FeatureServer/0/query?where=COUNTY%3D%27Miami-Dade%27&outFields=ROADWAY%2CAADT%2CAADTFLG%2CCOUNTY%2CDISTRICT%2CYEAR_%2CDESC_FRM%2CDESC_TO%2CBEGIN_POST%2CEND_POST&returnGeometry=false&f=json
87000311,7100,F,Miami-Dade,6,2025,NW 25 ST,ON RAMP FR NW 25 ST,0,0.717,FDOT Annual Average Daily Traffic TDA,https://services1.arcgis.com/O1JpcwDW8sjYuddV/arcgis/rest/services/Annual_Average_Daily_Traffic_TDA/FeatureServer/0,https://services1.arcgis.com/O1JpcwDW8sjYuddV/arcgis/rest/services/Annual_Average_Daily_Traffic_TDA/FeatureServer/0/query?where=COUNTY%3D%27Miami-Dade%27&outFields=ROADWAY%2CAADT%2CAADTFLG%2CCOUNTY%2CDISTRICT%2CYEAR_%2CDESC_FRM%2CDESC_TO%2CBEGIN_POST%2CEND_POST&returnGeometry=false&f=json
87000433,7300,T,Miami-Dade,6,2025,SW 19 TER,SW 8 ST,0,0.768,FDOT Annual Average Daily Traffic TDA,https://services1.arcgis.com/O1JpcwDW8sjYuddV/arcgis/rest/services/Annual_Average_Daily_Traffic_TDA/FeatureServer/0,https://services1.arcgis.com/O1JpcwDW8sjYuddV/arcgis/rest/services/Annual_Average_Daily_Traffic_TDA/FeatureServer/0/query?where=COUNTY%3D%27Miami-Dade%27&outFields=ROADWAY%2CAADT%2CAADTFLG%2CCOUNTY%2CDISTRICT%2CYEAR_%2CDESC_FRM%2CDESC_TO%2CBEGIN_POST%2CEND_POST&returnGeometry=false&f=json
87000467,10600,S,Miami-Dade,6,2025,NW 12 ST,NW 20 ST,0,0.65,FDOT Annual Average Daily Traffic TDA,https://services1.arcgis.com/O1JpcwDW8sjYuddV/arcgis/rest/services/Annual_Average_Daily_Traffic_TDA/FeatureServer/0,https://services1.arcgis.com/O1JpcwDW8sjYuddV/arcgis/rest/services/Annual_Average_Daily_Traffic_TDA/FeatureServer/0/query?where=COUNTY%3D%27Miami-Dade%27&outFields=ROADWAY%2CAADT%2CAADTFLG%2CCOUNTY%2CDISTRICT%2CYEAR_%2CDESC_FRM%2CDESC_TO%2CBEGIN_POST%2CEND_POST&returnGeometry=false&f=json
87000424,26500,S,Miami-Dade,6,2025,NW 72 AVE,TAMIAMI CANAL RD,0,1.1,FDOT Annual Average Daily Traffic TDA,https://services1.arcgis.com/O1JpcwDW8sjYuddV/arcgis/rest/services/Annual_Average_Daily_Traffic_TDA/FeatureServer/0,https://services1.arcgis.com/O1JpcwDW8sjYuddV/arcgis/rest/services/Annual_Average_Daily_Traffic_TDA/FeatureServer/0/query?where=COUNTY%3D%27Miami-Dade%27&outFields=ROADWAY%2CAADT%2CAADTFLG%2CCOUNTY%2CDISTRICT%2CYEAR_%2CDESC_FRM%2CDESC_TO%2CBEGIN_POST%2CEND_POST&returnGeometry=false&f=json
87000459,7300,S,Miami-Dade,6,2025,US-1/SR-5,SW 97 AVE,0,0.45,FDOT Annual Average Daily Traffic TDA,https://services1.arcgis.com/O1JpcwDW8sjYuddV/arcgis/rest/services/Annual_Average_Daily_Traffic_TDA/FeatureServer/0,https://services1.arcgis.com/O1JpcwDW8sjYuddV/arcgis/rest/services/Annual_Average_Daily_Traffic_TDA/FeatureServer/0/query?where=COUNTY%3D%27Miami-Dade%27&outFields=ROADWAY%2CAADT%2CAADTFLG%2CCOUNTY%2CDISTRICT%2CYEAR_%2CDESC_FRM%2CDESC_TO%2CBEGIN_POST%2CEND_POST&returnGeometry=false&f=json
87000333,5000,C,Miami-Dade,6,2025,NW 22 AVE,N/A,0,1.258,FDOT Annual Average Daily Traffic TDA,https://services1.arcgis.com/O1JpcwDW8sjYuddV/arcgis/rest/services/Annual_Average_Daily_Traffic_TDA/FeatureServer/0,https://services1.arcgis.com/O1JpcwDW8sjYuddV/arcgis/rest/services/Annual_Average_Daily_Traffic_TDA/FeatureServer/0/query?where=COUNTY%3D%27Miami-Dade%27&outFields=ROADWAY%2CAADT%2CAADTFLG%2CCOUNTY%2CDISTRICT%2CYEAR_%2CDESC_FRM%2CDESC_TO%2CBEGIN_POST%2CEND_POST&returnGeometry=false&f=json
87000405,4700,S,Miami-Dade,6,2025,SW 117 AVE,SW 107 AVE,0,0.98,FDOT Annual Average Daily Traffic TDA,https://services1.arcgis.com/O1JpcwDW8sjYuddV/arcgis/rest/services/Annual_Average_Daily_Traffic_TDA/FeatureServer/0,https://services1.arcgis.com/O1JpcwDW8sjYuddV/arcgis/rest/services/Annual_Average_Daily_Traffic_TDA/FeatureServer/0/query?where=COUNTY%3D%27Miami-Dade%27&outFields=ROADWAY%2CAADT%2CAADTFLG%2CCOUNTY%2CDISTRICT%2CYEAR_%2CDESC_FRM%2CDESC_TO%2CBEGIN_POST%2CEND_POST&returnGeometry=false&f=json
87000356,14900,C,Miami-Dade,6,2025,NW 14 ST,MC LAUGHLIN,0,0.54,FDOT Annual Average Daily Traffic TDA,https://services1.arcgis.com/O1JpcwDW8sjYuddV/arcgis/rest/services/Annual_Average_Daily_Traffic_TDA/FeatureServer/0,https://services1.arcgis.com/O1JpcwDW8sjYuddV/arcgis/rest/services/Annual_Average_Daily_Traffic_TDA/FeatureServer/0/query?where=COUNTY%3D%27Miami-Dade%27&outFields=ROADWAY%2CAADT%2CAADTFLG%2CCOUNTY%2CDISTRICT%2CYEAR_%2CDESC_FRM%2CDESC_TO%2CBEGIN_POST%2CEND_POST&returnGeometry=false&f=json
87000444,11300,S,Miami-Dade,6,2025,SW 2 AVE,SOUTH MIAMI AVE,0,0.228,FDOT Annual Average Daily Traffic TDA,https://services1.arcgis.com/O1JpcwDW8sjYuddV/arcgis/rest/services/Annual_Average_Daily_Traffic_TDA/FeatureServer/0,https://services1.arcgis.com/O1JpcwDW8sjYuddV/arcgis/rest/services/Annual_Average_Daily_Traffic_TDA/FeatureServer/0/query?where=COUNTY%3D%27Miami-Dade%27&outFields=ROADWAY%2CAADT%2CAADTFLG%2CCOUNTY%2CDISTRICT%2CYEAR_%2CDESC_FRM%2CDESC_TO%2CBEGIN_POST%2CEND_POST&returnGeometry=false&f=json
87000412,7600,S,Miami-Dade,6,2025,SW 344 ST/W PALM DR,SW 8 ST/SW 328 ST,0,1,FDOT Annual Average Daily Traffic TDA,https://services1.arcgis.com/O1JpcwDW8sjYuddV/arcgis/rest/services/Annual_Average_Daily_Traffic_TDA/FeatureServer/0,https://services1.arcgis.com/O1JpcwDW8sjYuddV/arcgis/rest/services/Annual_Average_Daily_Traffic_TDA/FeatureServer/0/query?where=COUNTY%3D%27Miami-Dade%27&outFields=ROADWAY%2CAADT%2CAADTFLG%2CCOUNTY%2CDISTRICT%2CYEAR_%2CDESC_FRM%2CDESC_TO%2CBEGIN_POST%2CEND_POST&returnGeometry=false&f=json
87000463,4800,F,Miami-Dade,6,2025,SW 6 ST,SW 7 ST,0.873,0.933,FDOT Annual Average Daily Traffic TDA,https://services1.arcgis.com/O1JpcwDW8sjYuddV/arcgis/rest/services/Annual_Average_Daily_Traffic_TDA/FeatureServer/0,https://services1.arcgis.com/O1JpcwDW8sjYuddV/arcgis/rest/services/Annual_Average_Daily_Traffic_TDA/FeatureServer/0/query?where=COUNTY%3D%27Miami-Dade%27&outFields=ROADWAY%2CAADT%2CAADTFLG%2CCOUNTY%2CDISTRICT%2CYEAR_%2CDESC_FRM%2CDESC_TO%2CBEGIN_POST%2CEND_POST&returnGeometry=false&f=json
87000439,6600,S,Miami-Dade,6,2025,NW 10 AVE/BOB HOPE R,NW 7  AVE,0,0.257,FDOT Annual Average Daily Traffic TDA,https://services1.arcgis.com/O1JpcwDW8sjYuddV/arcgis/rest/services/Annual_Average_Daily_Traffic_TDA/FeatureServer/0,https://services1.arcgis.com/O1JpcwDW8sjYuddV/arcgis/rest/services/Annual_Average_Daily_Traffic_TDA/FeatureServer/0/query?where=COUNTY%3D%27Miami-Dade%27&outFields=ROADWAY%2CAADT%2CAADTFLG%2CCOUNTY%2CDISTRICT%2CYEAR_%2CDESC_FRM%2CDESC_TO%2CBEGIN_POST%2CEND_POST&returnGeometry=false&f=json
87000339,11500,T,Miami-Dade,6,2025,NW 62 ST/MLK BLVD,SR-934/NW 81 ST,0,1.148,FDOT Annual Average Daily Traffic TDA,https://services1.arcgis.com/O1JpcwDW8sjYuddV/arcgis/rest/services/Annual_Average_Daily_Traffic_TDA/FeatureServer/0,https://services1.arcgis.com/O1JpcwDW8sjYuddV/arcgis/rest/services/Annual_Average_Daily_Traffic_TDA/FeatureServer/0/query?where=COUNTY%3D%27Miami-Dade%27&outFields=ROADWAY%2CAADT%2CAADTFLG%2CCOUNTY%2CDISTRICT%2CYEAR_%2CDESC_FRM%2CDESC_TO%2CBEGIN_POST%2CEND_POST&returnGeometry=false&f=json
87000427,8700,S,Miami-Dade,6,2025,SUNSET DR/SW 72 ST,TAMIAMI TRL/SW 8 ST,0,4.143,FDOT Annual Average Daily Traffic TDA,https://services1.arcgis.com/O1JpcwDW8sjYuddV/arcgis/rest/services/Annual_Average_Daily_Traffic_TDA/FeatureServer/0,https://services1.arcgis.com/O1JpcwDW8sjYuddV/arcgis/rest/services/Annual_Average_Daily_Traffic_TDA/FeatureServer/0/query?where=COUNTY%3D%27Miami-Dade%27&outFields=ROADWAY%2CAADT%2CAADTFLG%2CCOUNTY%2CDISTRICT%2CYEAR_%2CDESC_FRM%2CDESC_TO%2CBEGIN_POST%2CEND_POST&returnGeometry=false&f=json
87000315,6100,T,Miami-Dade,6,2025,NW 57 AVE/SR-823,NW 47 AVE/SR-847,0,1.019,FDOT Annual Average Daily Traffic TDA,https://services1.arcgis.com/O1JpcwDW8sjYuddV/arcgis/rest/services/Annual_Average_Daily_Traffic_TDA/FeatureServer/0,https://services1.arcgis.com/O1JpcwDW8sjYuddV/arcgis/rest/services/Annual_Average_Daily_Traffic_TDA/FeatureServer/0/query?where=COUNTY%3D%27Miami-Dade%27&outFields=ROADWAY%2CAADT%2CAADTFLG%2CCOUNTY%2CDISTRICT%2CYEAR_%2CDESC_FRM%2CDESC_TO%2CBEGIN_POST%2CEND_POST&returnGeometry=false&f=json
87000474,27000,T,Miami-Dade,6,2025,SW 56 ST/MILLER DR,SW 42 ST/BIRD RD,0,1,FDOT Annual Average Daily Traffic TDA,https://services1.arcgis.com/O1JpcwDW8sjYuddV/arcgis/rest/services/Annual_Average_Daily_Traffic_TDA/FeatureServer/0,https://services1.arcgis.com/O1JpcwDW8sjYuddV/arcgis/rest/services/Annual_Average_Daily_Traffic_TDA/FeatureServer/0/query?where=COUNTY%3D%27Miami-Dade%27&outFields=ROADWAY%2CAADT%2CAADTFLG%2CCOUNTY%2CDISTRICT%2CYEAR_%2CDESC_FRM%2CDESC_TO%2CBEGIN_POST%2CEND_POST&returnGeometry=false&f=json
87000342,550,T,Miami-Dade,6,2025,NW 66 AVE,NW 41 ST/LAFAYETTE,0.122,0.42,FDOT Annual Average Daily Traffic TDA,https://services1.arcgis.com/O1JpcwDW8sjYuddV/arcgis/rest/services/Annual_Average_Daily_Traffic_TDA/FeatureServer/0,https://services1.arcgis.com/O1JpcwDW8sjYuddV/arcgis/rest/services/Annual_Average_Daily_Traffic_TDA/FeatureServer/0/query?where=COUNTY%3D%27Miami-Dade%27&outFields=ROADWAY%2CAADT%2CAADTFLG%2CCOUNTY%2CDISTRICT%2CYEAR_%2CDESC_FRM%2CDESC_TO%2CBEGIN_POST%2CEND_POST&returnGeometry=false&f=json
87000422,1000,F,Miami-Dade,6,2025,SW 24 ST/CORAL WAY,SW 8 ST/TAMIAMI TRL,0,1.048,FDOT Annual Average Daily Traffic TDA,https://services1.arcgis.com/O1JpcwDW8sjYuddV/arcgis/rest/services/Annual_Average_Daily_Traffic_TDA/FeatureServer/0,https://services1.arcgis.com/O1JpcwDW8sjYuddV/arcgis/rest/services/Annual_Average_Daily_Traffic_TDA/FeatureServer/0/query?where=COUNTY%3D%27Miami-Dade%27&outFields=ROADWAY%2CAADT%2CAADTFLG%2CCOUNTY%2CDISTRICT%2CYEAR_%2CDESC_FRM%2CDESC_TO%2CBEGIN_POST%2CEND_POST&returnGeometry=false&f=json
87000318,28500,C,Miami-Dade,6,2025,NW 87 AVE/W 28 AVE,W 19 CT,0,1.106,FDOT Annual Average Daily Traffic TDA,https://services1.arcgis.com/O1JpcwDW8sjYuddV/arcgis/rest/services/Annual_Average_Daily_Traffic_TDA/FeatureServer/0,https://services1.arcgis.com/O1JpcwDW8sjYuddV/arcgis/rest/services/Annual_Average_Daily_Traffic_TDA/FeatureServer/0/query?where=COUNTY%3D%27Miami-Dade%27&outFields=ROADWAY%2CAADT%2CAADTFLG%2CCOUNTY%2CDISTRICT%2CYEAR_%2CDESC_FRM%2CDESC_TO%2CBEGIN_POST%2CEND_POST&returnGeometry=false&f=json
87000419,21500,F,Miami-Dade,6,2025,HIALEAH GARDENS BLVD,W 30 AVE/NW 89 AV,0,0.514,FDOT Annual Average Daily Traffic TDA,https://services1.arcgis.com/O1JpcwDW8sjYuddV/arcgis/rest/services/Annual_Average_Daily_Traffic_TDA/FeatureServer/0,https://services1.arcgis.com/O1JpcwDW8sjYuddV/arcgis/rest/services/Annual_Average_Daily_Traffic_TDA/FeatureServer/0/query?where=COUNTY%3D%27Miami-Dade%27&outFields=ROADWAY%2CAADT%2CAADTFLG%2CCOUNTY%2CDISTRICT%2CYEAR_%2CDESC_FRM%2CDESC_TO%2CBEGIN_POST%2CEND_POST&returnGeometry=false&f=json
87000330,850,F,Miami-Dade,6,2025,W 4 AVE/RED RD,PALM AVE,0,0.492,FDOT Annual Average Daily Traffic TDA,https://services1.arcgis.com/O1JpcwDW8sjYuddV/arcgis/rest/services/Annual_Average_Daily_Traffic_TDA/FeatureServer/0,https://services1.arcgis.com/O1JpcwDW8sjYuddV/arcgis/rest/services/Annual_Average_Daily_Traffic_TDA/FeatureServer/0/query?where=COUNTY%3D%27Miami-Dade%27&outFields=ROADWAY%2CAADT%2CAADTFLG%2CCOUNTY%2CDISTRICT%2CYEAR_%2CDESC_FRM%2CDESC_TO%2CBEGIN_POST%2CEND_POST&returnGeometry=false&f=json
87000430,24000,C,Miami-Dade,6,2025,SW 104 ST,KENDALL DR/SW 88 ST,0,1,FDOT Annual Average Daily Traffic TDA,https://services1.arcgis.com/O1JpcwDW8sjYuddV/arcgis/rest/services/Annual_Average_Daily_Traffic_TDA/FeatureServer/0,https://services1.arcgis.com/O1JpcwDW8sjYuddV/arcgis/rest/services/Annual_Average_Daily_Traffic_TDA/FeatureServer/0/query?where=COUNTY%3D%27Miami-Dade%27&outFields=ROADWAY%2CAADT%2CAADTFLG%2CCOUNTY%2CDISTRICT%2CYEAR_%2CDESC_FRM%2CDESC_TO%2CBEGIN_POST%2CEND_POST&returnGeometry=false&f=json
87000472,37500,C,Miami-Dade,6,2025,SR-821/FLA TURNPIKE,SW 117 AVE,0,0.069,FDOT Annual Average Daily Traffic TDA,https://services1.arcgis.com/O1JpcwDW8sjYuddV/arcgis/rest/services/Annual_Average_Daily_Traffic_TDA/FeatureServer/0,https://services1.arcgis.com/O1JpcwDW8sjYuddV/arcgis/rest/services/Annual_Average_Daily_Traffic_TDA/FeatureServer/0/query?where=COUNTY%3D%27Miami-Dade%27&outFields=ROADWAY%2CAADT%2CAADTFLG%2CCOUNTY%2CDISTRICT%2CYEAR_%2CDESC_FRM%2CDESC_TO%2CBEGIN_POST%2CEND_POST&returnGeometry=false&f=json
87000406,7800,S,Miami-Dade,6,2025,SW 117 AVE,SW 107 AVE,0,1,FDOT Annual Average Daily Traffic TDA,https://services1.arcgis.com/O1JpcwDW8sjYuddV/arcgis/rest/services/Annual_Average_Daily_Traffic_TDA/FeatureServer/0,https://services1.arcgis.com/O1JpcwDW8sjYuddV/arcgis/rest/services/Annual_Average_Daily_Traffic_TDA/FeatureServer/0/query?where=COUNTY%3D%27Miami-Dade%27&outFields=ROADWAY%2CAADT%2CAADTFLG%2CCOUNTY%2CDISTRICT%2CYEAR_%2CDESC_FRM%2CDESC_TO%2CBEGIN_POST%2CEND_POST&returnGeometry=false&f=json
87000455,10100,S,Miami-Dade,6,2025,BAYSHORE DR,SR-5/US-1/DIXIE HWY,0,0.4,FDOT Annual Average Daily Traffic TDA,https://services1.arcgis.com/O1JpcwDW8sjYuddV/arcgis/rest/services/Annual_Average_Daily_Traffic_TDA/FeatureServer/0,https://services1.arcgis.com/O1JpcwDW8sjYuddV/arcgis/rest/services/Annual_Average_Daily_Traffic_TDA/FeatureServer/0/query?where=COUNTY%3D%27Miami-Dade%27&outFields=ROADWAY%2CAADT%2CAADTFLG%2CCOUNTY%2CDISTRICT%2CYEAR_%2CDESC_FRM%2CDESC_TO%2CBEGIN_POST%2CEND_POST&returnGeometry=false&f=json
87000409,6100,S,Miami-Dade,6,2025,SW 67 AVE/LUDLAM RD,SW 57 AVE/RED RD,0,1.139,FDOT Annual Average Daily Traffic TDA,https://services1.arcgis.com/O1JpcwDW8sjYuddV/arcgis/rest/services/Annual_Average_Daily_Traffic_TDA/FeatureServer/0,https://services1.arcgis.com/O1JpcwDW8sjYuddV/arcgis/rest/services/Annual_Average_Daily_Traffic_TDA/FeatureServer/0/query?where=COUNTY%3D%27Miami-Dade%27&outFields=ROADWAY%2CAADT%2CAADTFLG%2CCOUNTY%2CDISTRICT%2CYEAR_%2CDESC_FRM%2CDESC_TO%2CBEGIN_POST%2CEND_POST&returnGeometry=false&f=json
87000480,5800,S,Miami-Dade,6,2025,SW 104 ST,SW 88 ST,0,1.087,FDOT Annual Average Daily Traffic TDA,https://services1.arcgis.com/O1JpcwDW8sjYuddV/arcgis/rest/services/Annual_Average_Daily_Traffic_TDA/FeatureServer/0,https://services1.arcgis.com/O1JpcwDW8sjYuddV/arcgis/rest/services/Annual_Average_Daily_Traffic_TDA/FeatureServer/0/query?where=COUNTY%3D%27Miami-Dade%27&outFields=ROADWAY%2CAADT%2CAADTFLG%2CCOUNTY%2CDISTRICT%2CYEAR_%2CDESC_FRM%2CDESC_TO%2CBEGIN_POST%2CEND_POST&returnGeometry=false&f=json
87000623,9300,C,Miami-Dade,6,2025,SW 280 ST/WALDIN DR,SW 268 ST,0,0.763,FDOT Annual Average Daily Traffic TDA,https://services1.arcgis.com/O1JpcwDW8sjYuddV/arcgis/rest/services/Annual_Average_Daily_Traffic_TDA/FeatureServer/0,https://services1.arcgis.com/O1JpcwDW8sjYuddV/arcgis/rest/services/Annual_Average_Daily_Traffic_TDA/FeatureServer/0/query?where=COUNTY%3D%27Miami-Dade%27&outFields=ROADWAY%2CAADT%2CAADTFLG%2CCOUNTY%2CDISTRICT%2CYEAR_%2CDESC_FRM%2CDESC_TO%2CBEGIN_POST%2CEND_POST&returnGeometry=false&f=json
87000498,6900,S,Miami-Dade,6,2025,SW 97 AVE/GLADES DR,SW 87 AV/GALLOWAY RD,0,1,FDOT Annual Average Daily Traffic TDA,https://services1.arcgis.com/O1JpcwDW8sjYuddV/arcgis/rest/services/Annual_Average_Daily_Traffic_TDA/FeatureServer/0,https://services1.arcgis.com/O1JpcwDW8sjYuddV/arcgis/rest/services/Annual_Average_Daily_Traffic_TDA/FeatureServer/0/query?where=COUNTY%3D%27Miami-Dade%27&outFields=ROADWAY%2CAADT%2CAADTFLG%2CCOUNTY%2CDISTRICT%2CYEAR_%2CDESC_FRM%2CDESC_TO%2CBEGIN_POST%2CEND_POST&returnGeometry=false&f=json
87000546,5900,C,Miami-Dade,6,2025,SW 157 AV,SW 137 AV,0,2.007,FDOT Annual Average Daily Traffic TDA,https://services1.arcgis.com/O1JpcwDW8sjYuddV/arcgis/rest/services/Annual_Average_Daily_Traffic_TDA/FeatureServer/0,https://services1.arcgis.com/O1JpcwDW8sjYuddV/arcgis/rest/services/Annual_Average_Daily_Traffic_TDA/FeatureServer/0/query?where=COUNTY%3D%27Miami-Dade%27&outFields=ROADWAY%2CAADT%2CAADTFLG%2CCOUNTY%2CDISTRICT%2CYEAR_%2CDESC_FRM%2CDESC_TO%2CBEGIN_POST%2CEND_POST&returnGeometry=false&f=json
87000462,12100,S,Miami-Dade,6,2025,END OF UP 870298,NW 13 AVE,0,0.111,FDOT Annual Average Daily Traffic TDA,https://services1.arcgis.com/O1JpcwDW8sjYuddV/arcgis/rest/services/Annual_Average_Daily_Traffic_TDA/FeatureServer/0,https://services1.arcgis.com/O1JpcwDW8sjYuddV/arcgis/rest/services/Annual_Average_Daily_Traffic_TDA/FeatureServer/0/query?where=COUNTY%3D%27Miami-Dade%27&outFields=ROADWAY%2CAADT%2CAADTFLG%2CCOUNTY%2CDISTRICT%2CYEAR_%2CDESC_FRM%2CDESC_TO%2CBEGIN_POST%2CEND_POST&returnGeometry=false&f=json
87000484,5200,S,Miami-Dade,6,2025,SW 97 AVE,SW 87 AVE,0,1,FDOT Annual Average Daily Traffic TDA,https://services1.arcgis.com/O1JpcwDW8sjYuddV/arcgis/rest/services/Annual_Average_Daily_Traffic_TDA/FeatureServer/0,https://services1.arcgis.com/O1JpcwDW8sjYuddV/arcgis/rest/services/Annual_Average_Daily_Traffic_TDA/FeatureServer/0/query?where=COUNTY%3D%27Miami-Dade%27&outFields=ROADWAY%2CAADT%2CAADTFLG%2CCOUNTY%2CDISTRICT%2CYEAR_%2CDESC_FRM%2CDESC_TO%2CBEGIN_POST%2CEND_POST&returnGeometry=false&f=json
87000621,15200,S,Miami-Dade,6,2025,NW 119 ST/GRATIGNY,NW 135 ST,0,0.995,FDOT Annual Average Daily Traffic TDA,https://services1.arcgis.com/O1JpcwDW8sjYuddV/arcgis/rest/services/Annual_Average_Daily_Traffic_TDA/FeatureServer/0,https://services1.arcgis.com/O1JpcwDW8sjYuddV/arcgis/rest/services/Annual_Average_Daily_Traffic_TDA/FeatureServer/0/query?where=COUNTY%3D%27Miami-Dade%27&outFields=ROADWAY%2CAADT%2CAADTFLG%2CCOUNTY%2CDISTRICT%2CYEAR_%2CDESC_FRM%2CDESC_TO%2CBEGIN_POST%2CEND_POST&returnGeometry=false&f=json
87000535,33000,T,Miami-Dade,6,2025,SW 157 AV,SW 147 AV,0,1,FDOT Annual Average Daily Traffic TDA,https://services1.arcgis.com/O1JpcwDW8sjYuddV/arcgis/rest/services/Annual_Average_Daily_Traffic_TDA/FeatureServer/0,https://services1.arcgis.com/O1JpcwDW8sjYuddV/arcgis/rest/services/Annual_Average_Daily_Traffic_TDA/FeatureServer/0/query?where=COUNTY%3D%27Miami-Dade%27&outFields=ROADWAY%2CAADT%2CAADTFLG%2CCOUNTY%2CDISTRICT%2CYEAR_%2CDESC_FRM%2CDESC_TO%2CBEGIN_POST%2CEND_POST&returnGeometry=false&f=json
87000660,3500,F,Miami-Dade,6,2025,W 84 ST/NW 138 ST,UNSIGNED,0,1.78,FDOT Annual Average Daily Traffic TDA,https://services1.arcgis.com/O1JpcwDW8sjYuddV/arcgis/rest/services/Annual_Average_Daily_Traffic_TDA/FeatureServer/0,https://services1.arcgis.com/O1JpcwDW8sjYuddV/arcgis/rest/services/Annual_Average_Daily_Traffic_TDA/FeatureServer/0/query?where=COUNTY%3D%27Miami-Dade%27&outFields=ROADWAY%2CAADT%2CAADTFLG%2CCOUNTY%2CDISTRICT%2CYEAR_%2CDESC_FRM%2CDESC_TO%2CBEGIN_POST%2CEND_POST&returnGeometry=false&f=json
87000520,4800,F,Miami-Dade,6,2025,N/A,RAMP 87200098,0.879,0.946,FDOT Annual Average Daily Traffic TDA,https://services1.arcgis.com/O1JpcwDW8sjYuddV/arcgis/rest/services/Annual_Average_Daily_Traffic_TDA/FeatureServer/0,https://services1.arcgis.com/O1JpcwDW8sjYuddV/arcgis/rest/services/Annual_Average_Daily_Traffic_TDA/FeatureServer/0/query?where=COUNTY%3D%27Miami-Dade%27&outFields=ROADWAY%2CAADT%2CAADTFLG%2CCOUNTY%2CDISTRICT%2CYEAR_%2CDESC_FRM%2CDESC_TO%2CBEGIN_POST%2CEND_POST&returnGeometry=false&f=json
87000510,52500,T,Miami-Dade,6,2025,87200072 WB ON,NW 12 ST,0,0.15,FDOT Annual Average Daily Traffic TDA,https://services1.arcgis.com/O1JpcwDW8sjYuddV/arcgis/rest/services/Annual_Average_Daily_Traffic_TDA/FeatureServer/0,https://services1.arcgis.com/O1JpcwDW8sjYuddV/arcgis/rest/services/Annual_Average_Daily_Traffic_TDA/FeatureServer/0/query?where=COUNTY%3D%27Miami-Dade%27&outFields=ROADWAY%2CAADT%2CAADTFLG%2CCOUNTY%2CDISTRICT%2CYEAR_%2CDESC_FRM%2CDESC_TO%2CBEGIN_POST%2CEND_POST&returnGeometry=false&f=json
87000563,11800,C,Miami-Dade,6,2025,HIALEAH GARDENS BLVD,W 100 ST,0,2.227,FDOT Annual Average Daily Traffic TDA,https://services1.arcgis.com/O1JpcwDW8sjYuddV/arcgis/rest/services/Annual_Average_Daily_Traffic_TDA/FeatureServer/0,https://services1.arcgis.com/O1JpcwDW8sjYuddV/arcgis/rest/services/Annual_Average_Daily_Traffic_TDA/FeatureServer/0/query?where=COUNTY%3D%27Miami-Dade%27&outFields=ROADWAY%2CAADT%2CAADTFLG%2CCOUNTY%2CDISTRICT%2CYEAR_%2CDESC_FRM%2CDESC_TO%2CBEGIN_POST%2CEND_POST&returnGeometry=false&f=json
87000495,1550,F,Miami-Dade,6,2025,SW 97 AVE,SW 87 AV/GALLOWAY RD,0,1,FDOT Annual Average Daily Traffic TDA,https://services1.arcgis.com/O1JpcwDW8sjYuddV/arcgis/rest/services/Annual_Average_Daily_Traffic_TDA/FeatureServer/0,https://services1.arcgis.com/O1JpcwDW8sjYuddV/arcgis/rest/services/Annual_Average_Daily_Traffic_TDA/FeatureServer/0/query?where=COUNTY%3D%27Miami-Dade%27&outFields=ROADWAY%2CAADT%2CAADTFLG%2CCOUNTY%2CDISTRICT%2CYEAR_%2CDESC_FRM%2CDESC_TO%2CBEGIN_POST%2CEND_POST&returnGeometry=false&f=json
87000509,30000,T,Miami-Dade,6,2025,NW 41 ST,NW 58 ST,0,1,FDOT Annual Average Daily Traffic TDA,https://services1.arcgis.com/O1JpcwDW8sjYuddV/arcgis/rest/services/Annual_Average_Daily_Traffic_TDA/FeatureServer/0,https://services1.arcgis.com/O1JpcwDW8sjYuddV/arcgis/rest/services/Annual_Average_Daily_Traffic_TDA/FeatureServer/0/query?where=COUNTY%3D%27Miami-Dade%27&outFields=ROADWAY%2CAADT%2CAADTFLG%2CCOUNTY%2CDISTRICT%2CYEAR_%2CDESC_FRM%2CDESC_TO%2CBEGIN_POST%2CEND_POST&returnGeometry=false&f=json
87000552,15100,S,Miami-Dade,6,2025,W FLAGLER ST,NW 7 ST,0,0.489,FDOT Annual Average Daily Traffic TDA,https://services1.arcgis.com/O1JpcwDW8sjYuddV/arcgis/rest/services/Annual_Average_Daily_Traffic_TDA/FeatureServer/0,https://services1.arcgis.com/O1JpcwDW8sjYuddV/arcgis/rest/services/Annual_Average_Daily_Traffic_TDA/FeatureServer/0/query?where=COUNTY%3D%27Miami-Dade%27&outFields=ROADWAY%2CAADT%2CAADTFLG%2CCOUNTY%2CDISTRICT%2CYEAR_%2CDESC_FRM%2CDESC_TO%2CBEGIN_POST%2CEND_POST&returnGeometry=false&f=json
87000490,6900,S,Miami-Dade,6,2025,SW 107 AVE,SW 102 AVE,0,0.524,FDOT Annual Average Daily Traffic TDA,https://services1.arcgis.com/O1JpcwDW8sjYuddV/arcgis/rest/services/Annual_Average_Daily_Traffic_TDA/FeatureServer/0,https://services1.arcgis.com/O1JpcwDW8sjYuddV/arcgis/rest/services/Annual_Average_Daily_Traffic_TDA/FeatureServer/0/query?where=COUNTY%3D%27Miami-Dade%27&outFields=ROADWAY%2CAADT%2CAADTFLG%2CCOUNTY%2CDISTRICT%2CYEAR_%2CDESC_FRM%2CDESC_TO%2CBEGIN_POST%2CEND_POST&returnGeometry=false&f=json
87000603,31500,S,Miami-Dade,6,2025,NW 127 AVE,RAMP 87471541,1.014,2.094,FDOT Annual Average Daily Traffic TDA,https://services1.arcgis.com/O1JpcwDW8sjYuddV/arcgis/rest/services/Annual_Average_Daily_Traffic_TDA/FeatureServer/0,https://services1.arcgis.com/O1JpcwDW8sjYuddV/arcgis/rest/services/Annual_Average_Daily_Traffic_TDA/FeatureServer/0/query?where=COUNTY%3D%27Miami-Dade%27&outFields=ROADWAY%2CAADT%2CAADTFLG%2CCOUNTY%2CDISTRICT%2CYEAR_%2CDESC_FRM%2CDESC_TO%2CBEGIN_POST%2CEND_POST&returnGeometry=false&f=json
87000632,10000,C,Miami-Dade,6,2025,SW 59 PL,US-1/SR-5,0,0.19,FDOT Annual Average Daily Traffic TDA,https://services1.arcgis.com/O1JpcwDW8sjYuddV/arcgis/rest/services/Annual_Average_Daily_Traffic_TDA/FeatureServer/0,https://services1.arcgis.com/O1JpcwDW8sjYuddV/arcgis/rest/services/Annual_Average_Daily_Traffic_TDA/FeatureServer/0/query?where=COUNTY%3D%27Miami-Dade%27&outFields=ROADWAY%2CAADT%2CAADTFLG%2CCOUNTY%2CDISTRICT%2CYEAR_%2CDESC_FRM%2CDESC_TO%2CBEGIN_POST%2CEND_POST&returnGeometry=false&f=json
87000516,4200,C,Miami-Dade,6,2025,SR-5/US-1/BISCAYNE,NE 2 AVE,0,0.512,FDOT Annual Average Daily Traffic TDA,https://services1.arcgis.com/O1JpcwDW8sjYuddV/arcgis/rest/services/Annual_Average_Daily_Traffic_TDA/FeatureServer/0,https://services1.arcgis.com/O1JpcwDW8sjYuddV/arcgis/rest/services/Annual_Average_Daily_Traffic_TDA/FeatureServer/0/query?where=COUNTY%3D%27Miami-Dade%27&outFields=ROADWAY%2CAADT%2CAADTFLG%2CCOUNTY%2CDISTRICT%2CYEAR_%2CDESC_FRM%2CDESC_TO%2CBEGIN_POST%2CEND_POST&returnGeometry=false&f=json
87000496,11400,S,Miami-Dade,6,2025,SW 168 ST,N/A,0,0.545,FDOT Annual Average Daily Traffic TDA,https://services1.arcgis.com/O1JpcwDW8sjYuddV/arcgis/rest/services/Annual_Average_Daily_Traffic_TDA/FeatureServer/0,https://services1.arcgis.com/O1JpcwDW8sjYuddV/arcgis/rest/services/Annual_Average_Daily_Traffic_TDA/FeatureServer/0/query?where=COUNTY%3D%27Miami-Dade%27&outFields=ROADWAY%2CAADT%2CAADTFLG%2CCOUNTY%2CDISTRICT%2CYEAR_%2CDESC_FRM%2CDESC_TO%2CBEGIN_POST%2CEND_POST&returnGeometry=false&f=json
87000555,11500,C,Miami-Dade,6,2025,NW 12 ST/DOLPHINBLVD,NW 106 ST,0,6.32,FDOT Annual Average Daily Traffic TDA,https://services1.arcgis.com/O1JpcwDW8sjYuddV/arcgis/rest/services/Annual_Average_Daily_Traffic_TDA/FeatureServer/0,https://services1.arcgis.com/O1JpcwDW8sjYuddV/arcgis/rest/services/Annual_Average_Daily_Traffic_TDA/FeatureServer/0/query?where=COUNTY%3D%27Miami-Dade%27&outFields=ROADWAY%2CAADT%2CAADTFLG%2CCOUNTY%2CDISTRICT%2CYEAR_%2CDESC_FRM%2CDESC_TO%2CBEGIN_POST%2CEND_POST&returnGeometry=false&f=json
87000545,10600,S,Miami-Dade,6,2025,SW 152 ST/CORAL REEF,SW 136 ST/HOWARD DR,0,1.252,FDOT Annual Average Daily Traffic TDA,https://services1.arcgis.com/O1JpcwDW8sjYuddV/arcgis/rest/services/Annual_Average_Daily_Traffic_TDA/FeatureServer/0,https://services1.arcgis.com/O1JpcwDW8sjYuddV/arcgis/rest/services/Annual_Average_Daily_Traffic_TDA/FeatureServer/0/query?where=COUNTY%3D%27Miami-Dade%27&outFields=ROADWAY%2CAADT%2CAADTFLG%2CCOUNTY%2CDISTRICT%2CYEAR_%2CDESC_FRM%2CDESC_TO%2CBEGIN_POST%2CEND_POST&returnGeometry=false&f=json
87000663,21500,F,Miami-Dade,6,2025,W 46 AV,W 20 AV,0,1.96,FDOT Annual Average Daily Traffic TDA,https://services1.arcgis.com/O1JpcwDW8sjYuddV/arcgis/rest/services/Annual_Average_Daily_Traffic_TDA/FeatureServer/0,https://services1.arcgis.com/O1JpcwDW8sjYuddV/arcgis/rest/services/Annual_Average_Daily_Traffic_TDA/FeatureServer/0/query?where=COUNTY%3D%27Miami-Dade%27&outFields=ROADWAY%2CAADT%2CAADTFLG%2CCOUNTY%2CDISTRICT%2CYEAR_%2CDESC_FRM%2CDESC_TO%2CBEGIN_POST%2CEND_POST&returnGeometry=false&f=json
87000497,7900,S,Miami-Dade,6,2025,SW 124 ST,SW 120 ST,0,0.26,FDOT Annual Average Daily Traffic TDA,https://services1.arcgis.com/O1JpcwDW8sjYuddV/arcgis/rest/services/Annual_Average_Daily_Traffic_TDA/FeatureServer/0,https://services1.arcgis.com/O1JpcwDW8sjYuddV/arcgis/rest/services/Annual_Average_Daily_Traffic_TDA/FeatureServer/0/query?where=COUNTY%3D%27Miami-Dade%27&outFields=ROADWAY%2CAADT%2CAADTFLG%2CCOUNTY%2CDISTRICT%2CYEAR_%2CDESC_FRM%2CDESC_TO%2CBEGIN_POST%2CEND_POST&returnGeometry=false&f=json
87000510,41000,C,Miami-Dade,6,2025,NW 12 ST,N/A,0.15,1.03,FDOT Annual Average Daily Traffic TDA,https://services1.arcgis.com/O1JpcwDW8sjYuddV/arcgis/rest/services/Annual_Average_Daily_Traffic_TDA/FeatureServer/0,https://services1.arcgis.com/O1JpcwDW8sjYuddV/arcgis/rest/services/Annual_Average_Daily_Traffic_TDA/FeatureServer/0/query?where=COUNTY%3D%27Miami-Dade%27&outFields=ROADWAY%2CAADT%2CAADTFLG%2CCOUNTY%2CDISTRICT%2CYEAR_%2CDESC_FRM%2CDESC_TO%2CBEGIN_POST%2CEND_POST&returnGeometry=false&f=json
87000564,19700,C,Miami-Dade,6,2025,RAMP 87200131,NW 37 AVE,0,0.673,FDOT Annual Average Daily Traffic TDA,https://services1.arcgis.com/O1JpcwDW8sjYuddV/arcgis/rest/services/Annual_Average_Daily_Traffic_TDA/FeatureServer/0,https://services1.arcgis.com/O1JpcwDW8sjYuddV/arcgis/rest/services/Annual_Average_Daily_Traffic_TDA/FeatureServer/0/query?where=COUNTY%3D%27Miami-Dade%27&outFields=ROADWAY%2CAADT%2CAADTFLG%2CCOUNTY%2CDISTRICT%2CYEAR_%2CDESC_FRM%2CDESC_TO%2CBEGIN_POST%2CEND_POST&returnGeometry=false&f=json
87000603,26000,S,Miami-Dade,6,2025,NW 137 AVE,NW 127 AVE,0,1.014,FDOT Annual Average Daily Traffic TDA,https://services1.arcgis.com/O1JpcwDW8sjYuddV/arcgis/rest/services/Annual_Average_Daily_Traffic_TDA/FeatureServer/0,https://services1.arcgis.com/O1JpcwDW8sjYuddV/arcgis/rest/services/Annual_Average_Daily_Traffic_TDA/FeatureServer/0/query?where=COUNTY%3D%27Miami-Dade%27&outFields=ROADWAY%2CAADT%2CAADTFLG%2CCOUNTY%2CDISTRICT%2CYEAR_%2CDESC_FRM%2CDESC_TO%2CBEGIN_POST%2CEND_POST&returnGeometry=false&f=json
87000486,24500,C,Miami-Dade,6,2025,US-1/SR5/S DIXIE HWY,SW 184 ST/EUREKA DR,0,0.768,FDOT Annual Average Daily Traffic TDA,https://services1.arcgis.com/O1JpcwDW8sjYuddV/arcgis/rest/services/Annual_Average_Daily_Traffic_TDA/FeatureServer/0,https://services1.arcgis.com/O1JpcwDW8sjYuddV/arcgis/rest/services/Annual_Average_Daily_Traffic_TDA/FeatureServer/0/query?where=COUNTY%3D%27Miami-Dade%27&outFields=ROADWAY%2CAADT%2CAADTFLG%2CCOUNTY%2CDISTRICT%2CYEAR_%2CDESC_FRM%2CDESC_TO%2CBEGIN_POST%2CEND_POST&returnGeometry=false&f=json
87000624,31000,S,Miami-Dade,6,2025,SW 137 AVE,SW 117 AVE,0,2.051,FDOT Annual Average Daily Traffic TDA,https://services1.arcgis.com/O1JpcwDW8sjYuddV/arcgis/rest/services/Annual_Average_Daily_Traffic_TDA/FeatureServer/0,https://services1.arcgis.com/O1JpcwDW8sjYuddV/arcgis/rest/services/Annual_Average_Daily_Traffic_TDA/FeatureServer/0/query?where=COUNTY%3D%27Miami-Dade%27&outFields=ROADWAY%2CAADT%2CAADTFLG%2CCOUNTY%2CDISTRICT%2CYEAR_%2CDESC_FRM%2CDESC_TO%2CBEGIN_POST%2CEND_POST&returnGeometry=false&f=json
87000528,3100,S,Miami-Dade,6,2025,NW 36 ST,ROYAL POINCIANA BLVD,0,0.237,FDOT Annual Average Daily Traffic TDA,https://services1.arcgis.com/O1JpcwDW8sjYuddV/arcgis/rest/services/Annual_Average_Daily_Traffic_TDA/FeatureServer/0,https://services1.arcgis.com/O1JpcwDW8sjYuddV/arcgis/rest/services/Annual_Average_Daily_Traffic_TDA/FeatureServer/0/query?where=COUNTY%3D%27Miami-Dade%27&outFields=ROADWAY%2CAADT%2CAADTFLG%2CCOUNTY%2CDISTRICT%2CYEAR_%2CDESC_FRM%2CDESC_TO%2CBEGIN_POST%2CEND_POST&returnGeometry=false&f=json
87000506,8600,S,Miami-Dade,6,2025,SW 280 ST,US-1/SR-5,0,0.149,FDOT Annual Average Daily Traffic TDA,https://services1.arcgis.com/O1JpcwDW8sjYuddV/arcgis/rest/services/Annual_Average_Daily_Traffic_TDA/FeatureServer/0,https://services1.arcgis.com/O1JpcwDW8sjYuddV/arcgis/rest/services/Annual_Average_Daily_Traffic_TDA/FeatureServer/0/query?where=COUNTY%3D%27Miami-Dade%27&outFields=ROADWAY%2CAADT%2CAADTFLG%2CCOUNTY%2CDISTRICT%2CYEAR_%2CDESC_FRM%2CDESC_TO%2CBEGIN_POST%2CEND_POST&returnGeometry=false&f=json
87000562,16000,S,Miami-Dade,6,2025,SW 74 AV,SW 67 AV,0,0.75,FDOT Annual Average Daily Traffic TDA,https://services1.arcgis.com/O1JpcwDW8sjYuddV/arcgis/rest/services/Annual_Average_Daily_Traffic_TDA/FeatureServer/0,https://services1.arcgis.com/O1JpcwDW8sjYuddV/arcgis/rest/services/Annual_Average_Daily_Traffic_TDA/FeatureServer/0/query?where=COUNTY%3D%27Miami-Dade%27&outFields=ROADWAY%2CAADT%2CAADTFLG%2CCOUNTY%2CDISTRICT%2CYEAR_%2CDESC_FRM%2CDESC_TO%2CBEGIN_POST%2CEND_POST&returnGeometry=false&f=json
87000494,11300,S,Miami-Dade,6,2025,SW 117 AVE,SW 107 AVE,0,1,FDOT Annual Average Daily Traffic TDA,https://services1.arcgis.com/O1JpcwDW8sjYuddV/arcgis/rest/services/Annual_Average_Daily_Traffic_TDA/FeatureServer/0,https://services1.arcgis.com/O1JpcwDW8sjYuddV/arcgis/rest/services/Annual_Average_Daily_Traffic_TDA/FeatureServer/0/query?where=COUNTY%3D%27Miami-Dade%27&outFields=ROADWAY%2CAADT%2CAADTFLG%2CCOUNTY%2CDISTRICT%2CYEAR_%2CDESC_FRM%2CDESC_TO%2CBEGIN_POST%2CEND_POST&returnGeometry=false&f=json
87000544,8000,S,Miami-Dade,6,2025,SW 112 ST,SW 104 ST,0,0.519,FDOT Annual Average Daily Traffic TDA,https://services1.arcgis.com/O1JpcwDW8sjYuddV/arcgis/rest/services/Annual_Average_Daily_Traffic_TDA/FeatureServer/0,https://services1.arcgis.com/O1JpcwDW8sjYuddV/arcgis/rest/services/Annual_Average_Daily_Traffic_TDA/FeatureServer/0/query?where=COUNTY%3D%27Miami-Dade%27&outFields=ROADWAY%2CAADT%2CAADTFLG%2CCOUNTY%2CDISTRICT%2CYEAR_%2CDESC_FRM%2CDESC_TO%2CBEGIN_POST%2CEND_POST&returnGeometry=false&f=json
87000538,8900,C,Miami-Dade,6,2025,NW 9 ST,NW 14 ST,0.03,0.404,FDOT Annual Average Daily Traffic TDA,https://services1.arcgis.com/O1JpcwDW8sjYuddV/arcgis/rest/services/Annual_Average_Daily_Traffic_TDA/FeatureServer/0,https://services1.arcgis.com/O1JpcwDW8sjYuddV/arcgis/rest/services/Annual_Average_Daily_Traffic_TDA/FeatureServer/0/query?where=COUNTY%3D%27Miami-Dade%27&outFields=ROADWAY%2CAADT%2CAADTFLG%2CCOUNTY%2CDISTRICT%2CYEAR_%2CDESC_FRM%2CDESC_TO%2CBEGIN_POST%2CEND_POST&returnGeometry=false&f=json
87000619,6200,S,Miami-Dade,6,2025,US-1,SW 22 ST/CORAL WAY,0,0.466,FDOT Annual Average Daily Traffic TDA,https://services1.arcgis.com/O1JpcwDW8sjYuddV/arcgis/rest/services/Annual_Average_Daily_Traffic_TDA/FeatureServer/0,https://services1.arcgis.com/O1JpcwDW8sjYuddV/arcgis/rest/services/Annual_Average_Daily_Traffic_TDA/FeatureServer/0/query?where=COUNTY%3D%27Miami-Dade%27&outFields=ROADWAY%2CAADT%2CAADTFLG%2CCOUNTY%2CDISTRICT%2CYEAR_%2CDESC_FRM%2CDESC_TO%2CBEGIN_POST%2CEND_POST&returnGeometry=false&f=json
87000523,9600,S,Miami-Dade,6,2025,WEST AV,WASHINGTON AV,0,0.657,FDOT Annual Average Daily Traffic TDA,https://services1.arcgis.com/O1JpcwDW8sjYuddV/arcgis/rest/services/Annual_Average_Daily_Traffic_TDA/FeatureServer/0,https://services1.arcgis.com/O1JpcwDW8sjYuddV/arcgis/rest/services/Annual_Average_Daily_Traffic_TDA/FeatureServer/0/query?where=COUNTY%3D%27Miami-Dade%27&outFields=ROADWAY%2CAADT%2CAADTFLG%2CCOUNTY%2CDISTRICT%2CYEAR_%2CDESC_FRM%2CDESC_TO%2CBEGIN_POST%2CEND_POST&returnGeometry=false&f=json
87000556,4400,S,Miami-Dade,6,2025,NW 89 AVE,NW S RIVER DR,0,0.889,FDOT Annual Average Daily Traffic TDA,https://services1.arcgis.com/O1JpcwDW8sjYuddV/arcgis/rest/services/Annual_Average_Daily_Traffic_TDA/FeatureServer/0,https://services1.arcgis.com/O1JpcwDW8sjYuddV/arcgis/rest/services/Annual_Average_Daily_Traffic_TDA/FeatureServer/0/query?where=COUNTY%3D%27Miami-Dade%27&outFields=ROADWAY%2CAADT%2CAADTFLG%2CCOUNTY%2CDISTRICT%2CYEAR_%2CDESC_FRM%2CDESC_TO%2CBEGIN_POST%2CEND_POST&returnGeometry=false&f=json
87000618,5600,C,Miami-Dade,6,2025,N/A,NW 14 AVE,0.095,0.25,FDOT Annual Average Daily Traffic TDA,https://services1.arcgis.com/O1JpcwDW8sjYuddV/arcgis/rest/services/Annual_Average_Daily_Traffic_TDA/FeatureServer/0,https://services1.arcgis.com/O1JpcwDW8sjYuddV/arcgis/rest/services/Annual_Average_Daily_Traffic_TDA/FeatureServer/0/query?where=COUNTY%3D%27Miami-Dade%27&outFields=ROADWAY%2CAADT%2CAADTFLG%2CCOUNTY%2CDISTRICT%2CYEAR_%2CDESC_FRM%2CDESC_TO%2CBEGIN_POST%2CEND_POST&returnGeometry=false&f=json
87000507,6300,C,Miami-Dade,6,2025,SW 352 ST,SW 344 ST,0,0.507,FDOT Annual Average Daily Traffic TDA,https://services1.arcgis.com/O1JpcwDW8sjYuddV/arcgis/rest/services/Annual_Average_Daily_Traffic_TDA/FeatureServer/0,https://services1.arcgis.com/O1JpcwDW8sjYuddV/arcgis/rest/services/Annual_Average_Daily_Traffic_TDA/FeatureServer/0/query?where=COUNTY%3D%27Miami-Dade%27&outFields=ROADWAY%2CAADT%2CAADTFLG%2CCOUNTY%2CDISTRICT%2CYEAR_%2CDESC_FRM%2CDESC_TO%2CBEGIN_POST%2CEND_POST&returnGeometry=false&f=json
87000547,5800,S,Miami-Dade,6,2025,SW 122 AV,SW 117 AV,0,0.5,FDOT Annual Average Daily Traffic TDA,https://services1.arcgis.com/O1JpcwDW8sjYuddV/arcgis/rest/services/Annual_Average_Daily_Traffic_TDA/FeatureServer/0,https://services1.arcgis.com/O1JpcwDW8sjYuddV/arcgis/rest/services/Annual_Average_Daily_Traffic_TDA/FeatureServer/0/query?where=COUNTY%3D%27Miami-Dade%27&outFields=ROADWAY%2CAADT%2CAADTFLG%2CCOUNTY%2CDISTRICT%2CYEAR_%2CDESC_FRM%2CDESC_TO%2CBEGIN_POST%2CEND_POST&returnGeometry=false&f=json
87000493,3800,S,Miami-Dade,6,2025,SW 136 ST,SW 112 ST/KILLIAN DR,0,1.524,FDOT Annual Average Daily Traffic TDA,https://services1.arcgis.com/O1JpcwDW8sjYuddV/arcgis/rest/services/Annual_Average_Daily_Traffic_TDA/FeatureServer/0,https://services1.arcgis.com/O1JpcwDW8sjYuddV/arcgis/rest/services/Annual_Average_Daily_Traffic_TDA/FeatureServer/0/query?where=COUNTY%3D%27Miami-Dade%27&outFields=ROADWAY%2CAADT%2CAADTFLG%2CCOUNTY%2CDISTRICT%2CYEAR_%2CDESC_FRM%2CDESC_TO%2CBEGIN_POST%2CEND_POST&returnGeometry=false&f=json
87000540,26500,S,Miami-Dade,6,2025,SW 137 AVE,SW 122 AVE,0,1.523,FDOT Annual Average Daily Traffic TDA,https://services1.arcgis.com/O1JpcwDW8sjYuddV/arcgis/rest/services/Annual_Average_Daily_Traffic_TDA/FeatureServer/0,https://services1.arcgis.com/O1JpcwDW8sjYuddV/arcgis/rest/services/Annual_Average_Daily_Traffic_TDA/FeatureServer/0/query?where=COUNTY%3D%27Miami-Dade%27&outFields=ROADWAY%2CAADT%2CAADTFLG%2CCOUNTY%2CDISTRICT%2CYEAR_%2CDESC_FRM%2CDESC_TO%2CBEGIN_POST%2CEND_POST&returnGeometry=false&f=json
87000662,5200,F,Miami-Dade,6,2025,NW 107 AV,NW 97 AV,0,1,FDOT Annual Average Daily Traffic TDA,https://services1.arcgis.com/O1JpcwDW8sjYuddV/arcgis/rest/services/Annual_Average_Daily_Traffic_TDA/FeatureServer/0,https://services1.arcgis.com/O1JpcwDW8sjYuddV/arcgis/rest/services/Annual_Average_Daily_Traffic_TDA/FeatureServer/0/query?where=COUNTY%3D%27Miami-Dade%27&outFields=ROADWAY%2CAADT%2CAADTFLG%2CCOUNTY%2CDISTRICT%2CYEAR_%2CDESC_FRM%2CDESC_TO%2CBEGIN_POST%2CEND_POST&returnGeometry=false&f=json
87000508,18100,S,Miami-Dade,6,2025,SW 344 ST,SW 312 ST/NW 8 ST,0,1.968,FDOT Annual Average Daily Traffic TDA,https://services1.arcgis.com/O1JpcwDW8sjYuddV/arcgis/rest/services/Annual_Average_Daily_Traffic_TDA/FeatureServer/0,https://services1.arcgis.com/O1JpcwDW8sjYuddV/arcgis/rest/services/Annual_Average_Daily_Traffic_TDA/FeatureServer/0/query?where=COUNTY%3D%27Miami-Dade%27&outFields=ROADWAY%2CAADT%2CAADTFLG%2CCOUNTY%2CDISTRICT%2CYEAR_%2CDESC_FRM%2CDESC_TO%2CBEGIN_POST%2CEND_POST&returnGeometry=false&f=json
87000526,10500,F,Miami-Dade,6,2025,NW 74 ST,OKEECHOBEE RD,0,1.111,FDOT Annual Average Daily Traffic TDA,https://services1.arcgis.com/O1JpcwDW8sjYuddV/arcgis/rest/services/Annual_Average_Daily_Traffic_TDA/FeatureServer/0,https://services1.arcgis.com/O1JpcwDW8sjYuddV/arcgis/rest/services/Annual_Average_Daily_Traffic_TDA/FeatureServer/0/query?where=COUNTY%3D%27Miami-Dade%27&outFields=ROADWAY%2CAADT%2CAADTFLG%2CCOUNTY%2CDISTRICT%2CYEAR_%2CDESC_FRM%2CDESC_TO%2CBEGIN_POST%2CEND_POST&returnGeometry=false&f=json
87000157,3100,F,Miami-Dade,6,2025,NE 2 AVE,NW 8 ST RD,0,1.184,FDOT Annual Average Daily Traffic TDA,https://services1.arcgis.com/O1JpcwDW8sjYuddV/arcgis/rest/services/Annual_Average_Daily_Traffic_TDA/FeatureServer/0,https://services1.arcgis.com/O1JpcwDW8sjYuddV/arcgis/rest/services/Annual_Average_Daily_Traffic_TDA/FeatureServer/0/query?where=COUNTY%3D%27Miami-Dade%27&outFields=ROADWAY%2CAADT%2CAADTFLG%2CCOUNTY%2CDISTRICT%2CYEAR_%2CDESC_FRM%2CDESC_TO%2CBEGIN_POST%2CEND_POST&returnGeometry=false&f=json
87000255,6300,S,Miami-Dade,6,2025,NE 196 ST,NE 215 ST,0,1.256,FDOT Annual Average Daily Traffic TDA,https://services1.arcgis.com/O1JpcwDW8sjYuddV/arcgis/rest/services/Annual_Average_Daily_Traffic_TDA/FeatureServer/0,https://services1.arcgis.com/O1JpcwDW8sjYuddV/arcgis/rest/services/Annual_Average_Daily_Traffic_TDA/FeatureServer/0/query?where=COUNTY%3D%27Miami-Dade%27&outFields=ROADWAY%2CAADT%2CAADTFLG%2CCOUNTY%2CDISTRICT%2CYEAR_%2CDESC_FRM%2CDESC_TO%2CBEGIN_POST%2CEND_POST&returnGeometry=false&f=json
87000217,10100,T,Miami-Dade,6,2025,SW 184 ST/EUREKA DR,SW 152 ST/CORAL REEF,0,2.052,FDOT Annual Average Daily Traffic TDA,https://services1.arcgis.com/O1JpcwDW8sjYuddV/arcgis/rest/services/Annual_Average_Daily_Traffic_TDA/FeatureServer/0,https://services1.arcgis.com/O1JpcwDW8sjYuddV/arcgis/rest/services/Annual_Average_Daily_Traffic_TDA/FeatureServer/0/query?where=COUNTY%3D%27Miami-Dade%27&outFields=ROADWAY%2CAADT%2CAADTFLG%2CCOUNTY%2CDISTRICT%2CYEAR_%2CDESC_FRM%2CDESC_TO%2CBEGIN_POST%2CEND_POST&returnGeometry=false&f=json
87000096,15000,C,Miami-Dade,6,2025,FERNWOOD DR,CRANDON BLVD,1.821,1.93,FDOT Annual Average Daily Traffic TDA,https://services1.arcgis.com/O1JpcwDW8sjYuddV/arcgis/rest/services/Annual_Average_Daily_Traffic_TDA/FeatureServer/0,https://services1.arcgis.com/O1JpcwDW8sjYuddV/arcgis/rest/services/Annual_Average_Daily_Traffic_TDA/FeatureServer/0/query?where=COUNTY%3D%27Miami-Dade%27&outFields=ROADWAY%2CAADT%2CAADTFLG%2CCOUNTY%2CDISTRICT%2CYEAR_%2CDESC_FRM%2CDESC_TO%2CBEGIN_POST%2CEND_POST&returnGeometry=false&f=json
87000082,9600,F,Miami-Dade,6,2025,SW 112 AVE,US-1/SR-5/DIXIE HWY,0,1.8,FDOT Annual Average Daily Traffic TDA,https://services1.arcgis.com/O1JpcwDW8sjYuddV/arcgis/rest/services/Annual_Average_Daily_Traffic_TDA/FeatureServer/0,https://services1.arcgis.com/O1JpcwDW8sjYuddV/arcgis/rest/services/Annual_Average_Daily_Traffic_TDA/FeatureServer/0/query?where=COUNTY%3D%27Miami-Dade%27&outFields=ROADWAY%2CAADT%2CAADTFLG%2CCOUNTY%2CDISTRICT%2CYEAR_%2CDESC_FRM%2CDESC_TO%2CBEGIN_POST%2CEND_POST&returnGeometry=false&f=json
87000038,18500,C,Miami-Dade,6,2025,SW 177 AVE/KROME AVE,SW 167 AVE,0,1.012,FDOT Annual Average Daily Traffic TDA,https://services1.arcgis.com/O1JpcwDW8sjYuddV/arcgis/rest/services/Annual_Average_Daily_Traffic_TDA/FeatureServer/0,https://services1.arcgis.com/O1JpcwDW8sjYuddV/arcgis/rest/services/Annual_Average_Daily_Traffic_TDA/FeatureServer/0/query?where=COUNTY%3D%27Miami-Dade%27&outFields=ROADWAY%2CAADT%2CAADTFLG%2CCOUNTY%2CDISTRICT%2CYEAR_%2CDESC_FRM%2CDESC_TO%2CBEGIN_POST%2CEND_POST&returnGeometry=false&f=json
87000026,5500,C,Miami-Dade,6,2025,US-1/DIXIE HWY,SW 216 ST/HAINLIN MI,0,4.474,FDOT Annual Average Daily Traffic TDA,https://services1.arcgis.com/O1JpcwDW8sjYuddV/arcgis/rest/services/Annual_Average_Daily_Traffic_TDA/FeatureServer/0,https://services1.arcgis.com/O1JpcwDW8sjYuddV/arcgis/rest/services/Annual_Average_Daily_Traffic_TDA/FeatureServer/0/query?where=COUNTY%3D%27Miami-Dade%27&outFields=ROADWAY%2CAADT%2CAADTFLG%2CCOUNTY%2CDISTRICT%2CYEAR_%2CDESC_FRM%2CDESC_TO%2CBEGIN_POST%2CEND_POST&returnGeometry=false&f=json
87000625,17500,S,Miami-Dade,6,2025,SW 120 ST,N/A,0,1.023,FDOT Annual Average Daily Traffic TDA,https://services1.arcgis.com/O1JpcwDW8sjYuddV/arcgis/rest/services/Annual_Average_Daily_Traffic_TDA/FeatureServer/0,https://services1.arcgis.com/O1JpcwDW8sjYuddV/arcgis/rest/services/Annual_Average_Daily_Traffic_TDA/FeatureServer/0/query?where=COUNTY%3D%27Miami-Dade%27&outFields=ROADWAY%2CAADT%2CAADTFLG%2CCOUNTY%2CDISTRICT%2CYEAR_%2CDESC_FRM%2CDESC_TO%2CBEGIN_POST%2CEND_POST&returnGeometry=false&f=json
87000527,3000,S,Miami-Dade,6,2025,7 STREET,17 STREET,0,1.038,FDOT Annual Average Daily Traffic TDA,https://services1.arcgis.com/O1JpcwDW8sjYuddV/arcgis/rest/services/Annual_Average_Daily_Traffic_TDA/FeatureServer/0,https://services1.arcgis.com/O1JpcwDW8sjYuddV/arcgis/rest/services/Annual_Average_Daily_Traffic_TDA/FeatureServer/0/query?where=COUNTY%3D%27Miami-Dade%27&outFields=ROADWAY%2CAADT%2CAADTFLG%2CCOUNTY%2CDISTRICT%2CYEAR_%2CDESC_FRM%2CDESC_TO%2CBEGIN_POST%2CEND_POST&returnGeometry=false&f=json
87000548,5200,S,Miami-Dade,6,2025,EUREKA DR/SW 184 ST,SW 168 ST,0,1.023,FDOT Annual Average Daily Traffic TDA,https://services1.arcgis.com/O1JpcwDW8sjYuddV/arcgis/rest/services/Annual_Average_Daily_Traffic_TDA/FeatureServer/0,https://services1.arcgis.com/O1JpcwDW8sjYuddV/arcgis/rest/services/Annual_Average_Daily_Traffic_TDA/FeatureServer/0/query?where=COUNTY%3D%27Miami-Dade%27&outFields=ROADWAY%2CAADT%2CAADTFLG%2CCOUNTY%2CDISTRICT%2CYEAR_%2CDESC_FRM%2CDESC_TO%2CBEGIN_POST%2CEND_POST&returnGeometry=false&f=json
87000534,29500,T,Miami-Dade,6,2025,N/A,NW 87 AV,0.995,1.997,FDOT Annual Average Daily Traffic TDA,https://services1.arcgis.com/O1JpcwDW8sjYuddV/arcgis/rest/services/Annual_Average_Daily_Traffic_TDA/FeatureServer/0,https://services1.arcgis.com/O1JpcwDW8sjYuddV/arcgis/rest/services/Annual_Average_Daily_Traffic_TDA/FeatureServer/0/query?where=COUNTY%3D%27Miami-Dade%27&outFields=ROADWAY%2CAADT%2CAADTFLG%2CCOUNTY%2CDISTRICT%2CYEAR_%2CDESC_FRM%2CDESC_TO%2CBEGIN_POST%2CEND_POST&returnGeometry=false&f=json
87000652,3900,C,Miami-Dade,6,2025,NE 2 AV,SR 5/US-1/BISCAYNE B,0,0.09,FDOT Annual Average Daily Traffic TDA,https://services1.arcgis.com/O1JpcwDW8sjYuddV/arcgis/rest/services/Annual_Average_Daily_Traffic_TDA/FeatureServer/0,https://services1.arcgis.com/O1JpcwDW8sjYuddV/arcgis/rest/services/Annual_Average_Daily_Traffic_TDA/FeatureServer/0/query?where=COUNTY%3D%27Miami-Dade%27&outFields=ROADWAY%2CAADT%2CAADTFLG%2CCOUNTY%2CDISTRICT%2CYEAR_%2CDESC_FRM%2CDESC_TO%2CBEGIN_POST%2CEND_POST&returnGeometry=false&f=json
87000524,6400,S,Miami-Dade,6,2025,WEST AV,COLLINS AV/A1A,0,0.756,FDOT Annual Average Daily Traffic TDA,https://services1.arcgis.com/O1JpcwDW8sjYuddV/arcgis/rest/services/Annual_Average_Daily_Traffic_TDA/FeatureServer/0,https://services1.arcgis.com/O1JpcwDW8sjYuddV/arcgis/rest/services/Annual_Average_Daily_Traffic_TDA/FeatureServer/0/query?where=COUNTY%3D%27Miami-Dade%27&outFields=ROADWAY%2CAADT%2CAADTFLG%2CCOUNTY%2CDISTRICT%2CYEAR_%2CDESC_FRM%2CDESC_TO%2CBEGIN_POST%2CEND_POST&returnGeometry=false&f=json
87000502,9000,T,Miami-Dade,6,2025,OLD CUTLER RD,SW 168 ST,0,2.37,FDOT Annual Average Daily Traffic TDA,https://services1.arcgis.com/O1JpcwDW8sjYuddV/arcgis/rest/services/Annual_Average_Daily_Traffic_TDA/FeatureServer/0,https://services1.arcgis.com/O1JpcwDW8sjYuddV/arcgis/rest/services/Annual_Average_Daily_Traffic_TDA/FeatureServer/0/query?where=COUNTY%3D%27Miami-Dade%27&outFields=ROADWAY%2CAADT%2CAADTFLG%2CCOUNTY%2CDISTRICT%2CYEAR_%2CDESC_FRM%2CDESC_TO%2CBEGIN_POST%2CEND_POST&returnGeometry=false&f=json
87000554,6900,S,Miami-Dade,6,2025,NW 74 ST CONN,NW 72 AV,0,0.262,FDOT Annual Average Daily Traffic TDA,https://services1.arcgis.com/O1JpcwDW8sjYuddV/arcgis/rest/services/Annual_Average_Daily_Traffic_TDA/FeatureServer/0,https://services1.arcgis.com/O1JpcwDW8sjYuddV/arcgis/rest/services/Annual_Average_Daily_Traffic_TDA/FeatureServer/0/query?where=COUNTY%3D%27Miami-Dade%27&outFields=ROADWAY%2CAADT%2CAADTFLG%2CCOUNTY%2CDISTRICT%2CYEAR_%2CDESC_FRM%2CDESC_TO%2CBEGIN_POST%2CEND_POST&returnGeometry=false&f=json
87000501,10100,C,Miami-Dade,6,2025,SW 147 AVE,US-1/SR-5/DIXIE HWY,0,0.271,FDOT Annual Average Daily Traffic TDA,https://services1.arcgis.com/O1JpcwDW8sjYuddV/arcgis/rest/services/Annual_Average_Daily_Traffic_TDA/FeatureServer/0,https://services1.arcgis.com/O1JpcwDW8sjYuddV/arcgis/rest/services/Annual_Average_Daily_Traffic_TDA/FeatureServer/0/query?where=COUNTY%3D%27Miami-Dade%27&outFields=ROADWAY%2CAADT%2CAADTFLG%2CCOUNTY%2CDISTRICT%2CYEAR_%2CDESC_FRM%2CDESC_TO%2CBEGIN_POST%2CEND_POST&returnGeometry=false&f=json
87000520,7400,S,Miami-Dade,6,2025,NW 27 AV/UNITY BLVD,N/A,0,0.879,FDOT Annual Average Daily Traffic TDA,https://services1.arcgis.com/O1JpcwDW8sjYuddV/arcgis/rest/services/Annual_Average_Daily_Traffic_TDA/FeatureServer/0,https://services1.arcgis.com/O1JpcwDW8sjYuddV/arcgis/rest/services/Annual_Average_Daily_Traffic_TDA/FeatureServer/0/query?where=COUNTY%3D%27Miami-Dade%27&outFields=ROADWAY%2CAADT%2CAADTFLG%2CCOUNTY%2CDISTRICT%2CYEAR_%2CDESC_FRM%2CDESC_TO%2CBEGIN_POST%2CEND_POST&returnGeometry=false&f=json
87000553,2900,S,Miami-Dade,6,2025,SW 56 ST,SW 48 ST,0,0.51,FDOT Annual Average Daily Traffic TDA,https://services1.arcgis.com/O1JpcwDW8sjYuddV/arcgis/rest/services/Annual_Average_Daily_Traffic_TDA/FeatureServer/0,https://services1.arcgis.com/O1JpcwDW8sjYuddV/arcgis/rest/services/Annual_Average_Daily_Traffic_TDA/FeatureServer/0/query?where=COUNTY%3D%27Miami-Dade%27&outFields=ROADWAY%2CAADT%2CAADTFLG%2CCOUNTY%2CDISTRICT%2CYEAR_%2CDESC_FRM%2CDESC_TO%2CBEGIN_POST%2CEND_POST&returnGeometry=false&f=json
87000537,18700,C,Miami-Dade,6,2025,SW 120 ST,SW 104 ST,0,1.001,FDOT Annual Average Daily Traffic TDA,https://services1.arcgis.com/O1JpcwDW8sjYuddV/arcgis/rest/services/Annual_Average_Daily_Traffic_TDA/FeatureServer/0,https://services1.arcgis.com/O1JpcwDW8sjYuddV/arcgis/rest/services/Annual_Average_Daily_Traffic_TDA/FeatureServer/0/query?where=COUNTY%3D%27Miami-Dade%27&outFields=ROADWAY%2CAADT%2CAADTFLG%2CCOUNTY%2CDISTRICT%2CYEAR_%2CDESC_FRM%2CDESC_TO%2CBEGIN_POST%2CEND_POST&returnGeometry=false&f=json
87000634,11600,C,Miami-Dade,6,2025,NW 3 CT,NW 1 AVE,0,0.3,FDOT Annual Average Daily Traffic TDA,https://services1.arcgis.com/O1JpcwDW8sjYuddV/arcgis/rest/services/Annual_Average_Daily_Traffic_TDA/FeatureServer/0,https://services1.arcgis.com/O1JpcwDW8sjYuddV/arcgis/rest/services/Annual_Average_Daily_Traffic_TDA/FeatureServer/0/query?where=COUNTY%3D%27Miami-Dade%27&outFields=ROADWAY%2CAADT%2CAADTFLG%2CCOUNTY%2CDISTRICT%2CYEAR_%2CDESC_FRM%2CDESC_TO%2CBEGIN_POST%2CEND_POST&returnGeometry=false&f=json
87000521,2500,S,Miami-Dade,6,2025,NW 37 AVE/DOUGLAS RD,NW SOUTH RIVER DR,0,0.556,FDOT Annual Average Daily Traffic TDA,https://services1.arcgis.com/O1JpcwDW8sjYuddV/arcgis/rest/services/Annual_Average_Daily_Traffic_TDA/FeatureServer/0,https://services1.arcgis.com/O1JpcwDW8sjYuddV/arcgis/rest/services/Annual_Average_Daily_Traffic_TDA/FeatureServer/0/query?where=COUNTY%3D%27Miami-Dade%27&outFields=ROADWAY%2CAADT%2CAADTFLG%2CCOUNTY%2CDISTRICT%2CYEAR_%2CDESC_FRM%2CDESC_TO%2CBEGIN_POST%2CEND_POST&returnGeometry=false&f=json
87000549,10400,S,Miami-Dade,6,2025,PALM ISLE APARTMENT,NW 112 AV,0,0.248,FDOT Annual Average Daily Traffic TDA,https://services1.arcgis.com/O1JpcwDW8sjYuddV/arcgis/rest/services/Annual_Average_Daily_Traffic_TDA/FeatureServer/0,https://services1.arcgis.com/O1JpcwDW8sjYuddV/arcgis/rest/services/Annual_Average_Daily_Traffic_TDA/FeatureServer/0/query?where=COUNTY%3D%27Miami-Dade%27&outFields=ROADWAY%2CAADT%2CAADTFLG%2CCOUNTY%2CDISTRICT%2CYEAR_%2CDESC_FRM%2CDESC_TO%2CBEGIN_POST%2CEND_POST&returnGeometry=false&f=json
87000531,6100,C,Miami-Dade,6,2025,SW 3 ST,SW 2 AV,0,0.12,FDOT Annual Average Daily Traffic TDA,https://services1.arcgis.com/O1JpcwDW8sjYuddV/arcgis/rest/services/Annual_Average_Daily_Traffic_TDA/FeatureServer/0,https://services1.arcgis.com/O1JpcwDW8sjYuddV/arcgis/rest/services/Annual_Average_Daily_Traffic_TDA/FeatureServer/0/query?where=COUNTY%3D%27Miami-Dade%27&outFields=ROADWAY%2CAADT%2CAADTFLG%2CCOUNTY%2CDISTRICT%2CYEAR_%2CDESC_FRM%2CDESC_TO%2CBEGIN_POST%2CEND_POST&returnGeometry=false&f=json
87000618,4400,C,Miami-Dade,6,2025,NW 12 AVE,N/A,0,0.095,FDOT Annual Average Daily Traffic TDA,https://services1.arcgis.com/O1JpcwDW8sjYuddV/arcgis/rest/services/Annual_Average_Daily_Traffic_TDA/FeatureServer/0,https://services1.arcgis.com/O1JpcwDW8sjYuddV/arcgis/rest/services/Annual_Average_Daily_Traffic_TDA/FeatureServer/0/query?where=COUNTY%3D%27Miami-Dade%27&outFields=ROADWAY%2CAADT%2CAADTFLG%2CCOUNTY%2CDISTRICT%2CYEAR_%2CDESC_FRM%2CDESC_TO%2CBEGIN_POST%2CEND_POST&returnGeometry=false&f=json
87000510,33500,T,Miami-Dade,6,2025,N/A,NW 41 ST/DORAL BLVD,1.03,2.042,FDOT Annual Average Daily Traffic TDA,https://services1.arcgis.com/O1JpcwDW8sjYuddV/arcgis/rest/services/Annual_Average_Daily_Traffic_TDA/FeatureServer/0,https://services1.arcgis.com/O1JpcwDW8sjYuddV/arcgis/rest/services/Annual_Average_Daily_Traffic_TDA/FeatureServer/0/query?where=COUNTY%3D%27Miami-Dade%27&outFields=ROADWAY%2CAADT%2CAADTFLG%2CCOUNTY%2CDISTRICT%2CYEAR_%2CDESC_FRM%2CDESC_TO%2CBEGIN_POST%2CEND_POST&returnGeometry=false&f=json
87000603,30500,S,Miami-Dade,6,2025,RAMP 87471541,NW 107 AVE,2.094,3.036,FDOT Annual Average Daily Traffic TDA,https://services1.arcgis.com/O1JpcwDW8sjYuddV/arcgis/rest/services/Annual_Average_Daily_Traffic_TDA/FeatureServer/0,https://services1.arcgis.com/O1JpcwDW8sjYuddV/arcgis/rest/services/Annual_Average_Daily_Traffic_TDA/FeatureServer/0/query?where=COUNTY%3D%27Miami-Dade%27&outFields=ROADWAY%2CAADT%2CAADTFLG%2CCOUNTY%2CDISTRICT%2CYEAR_%2CDESC_FRM%2CDESC_TO%2CBEGIN_POST%2CEND_POST&returnGeometry=false&f=json
87000637,3200,S,Miami-Dade,6,2025,NW 3 CT,NW 3 AVE,0,0.046,FDOT Annual Average Daily Traffic TDA,https://services1.arcgis.com/O1JpcwDW8sjYuddV/arcgis/rest/services/Annual_Average_Daily_Traffic_TDA/FeatureServer/0,https://services1.arcgis.com/O1JpcwDW8sjYuddV/arcgis/rest/services/Annual_Average_Daily_Traffic_TDA/FeatureServer/0/query?where=COUNTY%3D%27Miami-Dade%27&outFields=ROADWAY%2CAADT%2CAADTFLG%2CCOUNTY%2CDISTRICT%2CYEAR_%2CDESC_FRM%2CDESC_TO%2CBEGIN_POST%2CEND_POST&returnGeometry=false&f=json
87000491,13000,S,Miami-Dade,6,2025,SW 117 AVE,SW 152 ST,0,0.825,FDOT Annual Average Daily Traffic TDA,https://services1.arcgis.com/O1JpcwDW8sjYuddV/arcgis/rest/services/Annual_Average_Daily_Traffic_TDA/FeatureServer/0,https://services1.arcgis.com/O1JpcwDW8sjYuddV/arcgis/rest/services/Annual_Average_Daily_Traffic_TDA/FeatureServer/0/query?where=COUNTY%3D%27Miami-Dade%27&outFields=ROADWAY%2CAADT%2CAADTFLG%2CCOUNTY%2CDISTRICT%2CYEAR_%2CDESC_FRM%2CDESC_TO%2CBEGIN_POST%2CEND_POST&returnGeometry=false&f=json
87000530,150,C,Miami-Dade,6,2025,DEAD END,N MIAMI AVE,0,0.245,FDOT Annual Average Daily Traffic TDA,https://services1.arcgis.com/O1JpcwDW8sjYuddV/arcgis/rest/services/Annual_Average_Daily_Traffic_TDA/FeatureServer/0,https://services1.arcgis.com/O1JpcwDW8sjYuddV/arcgis/rest/services/Annual_Average_Daily_Traffic_TDA/FeatureServer/0/query?where=COUNTY%3D%27Miami-Dade%27&outFields=ROADWAY%2CAADT%2CAADTFLG%2CCOUNTY%2CDISTRICT%2CYEAR_%2CDESC_FRM%2CDESC_TO%2CBEGIN_POST%2CEND_POST&returnGeometry=false&f=json
87000617,4600,S,Miami-Dade,6,2025,OLD DIXIE HWY,SW 272 ST/TEMPMORE D,0,1.924,FDOT Annual Average Daily Traffic TDA,https://services1.arcgis.com/O1JpcwDW8sjYuddV/arcgis/rest/services/Annual_Average_Daily_Traffic_TDA/FeatureServer/0,https://services1.arcgis.com/O1JpcwDW8sjYuddV/arcgis/rest/services/Annual_Average_Daily_Traffic_TDA/FeatureServer/0/query?where=COUNTY%3D%27Miami-Dade%27&outFields=ROADWAY%2CAADT%2CAADTFLG%2CCOUNTY%2CDISTRICT%2CYEAR_%2CDESC_FRM%2CDESC_TO%2CBEGIN_POST%2CEND_POST&returnGeometry=false&f=json
87000550,8600,C,Miami-Dade,6,2025,W FLAGLER ST,NW 7 ST,0,0.489,FDOT Annual Average Daily Traffic TDA,https://services1.arcgis.com/O1JpcwDW8sjYuddV/arcgis/rest/services/Annual_Average_Daily_Traffic_TDA/FeatureServer/0,https://services1.arcgis.com/O1JpcwDW8sjYuddV/arcgis/rest/services/Annual_Average_Daily_Traffic_TDA/FeatureServer/0/query?where=COUNTY%3D%27Miami-Dade%27&outFields=ROADWAY%2CAADT%2CAADTFLG%2CCOUNTY%2CDISTRICT%2CYEAR_%2CDESC_FRM%2CDESC_TO%2CBEGIN_POST%2CEND_POST&returnGeometry=false&f=json
87000534,26500,T,Miami-Dade,6,2025,NW 107 AV,N/A,0,0.995,FDOT Annual Average Daily Traffic TDA,https://services1.arcgis.com/O1JpcwDW8sjYuddV/arcgis/rest/services/Annual_Average_Daily_Traffic_TDA/FeatureServer/0,https://services1.arcgis.com/O1JpcwDW8sjYuddV/arcgis/rest/services/Annual_Average_Daily_Traffic_TDA/FeatureServer/0/query?where=COUNTY%3D%27Miami-Dade%27&outFields=ROADWAY%2CAADT%2CAADTFLG%2CCOUNTY%2CDISTRICT%2CYEAR_%2CDESC_FRM%2CDESC_TO%2CBEGIN_POST%2CEND_POST&returnGeometry=false&f=json
87000635,10600,C,Miami-Dade,6,2025,NW 72 AV,OKEECHOBEE RD,0,0.52,FDOT Annual Average Daily Traffic TDA,https://services1.arcgis.com/O1JpcwDW8sjYuddV/arcgis/rest/services/Annual_Average_Daily_Traffic_TDA/FeatureServer/0,https://services1.arcgis.com/O1JpcwDW8sjYuddV/arcgis/rest/services/Annual_Average_Daily_Traffic_TDA/FeatureServer/0/query?where=COUNTY%3D%27Miami-Dade%27&outFields=ROADWAY%2CAADT%2CAADTFLG%2CCOUNTY%2CDISTRICT%2CYEAR_%2CDESC_FRM%2CDESC_TO%2CBEGIN_POST%2CEND_POST&returnGeometry=false&f=json
87000513,28000,C,Miami-Dade,6,2025,SR-953/LEJEUNE RD,SR-916/NW 135 ST,0,1.363,FDOT Annual Average Daily Traffic TDA,https://services1.arcgis.com/O1JpcwDW8sjYuddV/arcgis/rest/services/Annual_Average_Daily_Traffic_TDA/FeatureServer/0,https://services1.arcgis.com/O1JpcwDW8sjYuddV/arcgis/rest/services/Annual_Average_Daily_Traffic_TDA/FeatureServer/0/query?where=COUNTY%3D%27Miami-Dade%27&outFields=ROADWAY%2CAADT%2CAADTFLG%2CCOUNTY%2CDISTRICT%2CYEAR_%2CDESC_FRM%2CDESC_TO%2CBEGIN_POST%2CEND_POST&returnGeometry=false&f=json
87000511,35500,T,Miami-Dade,6,2025,SW 42 ST,N/A,0,0.99,FDOT Annual Average Daily Traffic TDA,https://services1.arcgis.com/O1JpcwDW8sjYuddV/arcgis/rest/services/Annual_Average_Daily_Traffic_TDA/FeatureServer/0,https://services1.arcgis.com/O1JpcwDW8sjYuddV/arcgis/rest/services/Annual_Average_Daily_Traffic_TDA/FeatureServer/0/query?where=COUNTY%3D%27Miami-Dade%27&outFields=ROADWAY%2CAADT%2CAADTFLG%2CCOUNTY%2CDISTRICT%2CYEAR_%2CDESC_FRM%2CDESC_TO%2CBEGIN_POST%2CEND_POST&returnGeometry=false&f=json
87000608,6400,F,Miami-Dade,6,2025,SW 168 ST,SW 160 ST,0,0.524,FDOT Annual Average Daily Traffic TDA,https://services1.arcgis.com/O1JpcwDW8sjYuddV/arcgis/rest/services/Annual_Average_Daily_Traffic_TDA/FeatureServer/0,https://services1.arcgis.com/O1JpcwDW8sjYuddV/arcgis/rest/services/Annual_Average_Daily_Traffic_TDA/FeatureServer/0/query?where=COUNTY%3D%27Miami-Dade%27&outFields=ROADWAY%2CAADT%2CAADTFLG%2CCOUNTY%2CDISTRICT%2CYEAR_%2CDESC_FRM%2CDESC_TO%2CBEGIN_POST%2CEND_POST&returnGeometry=false&f=json
87000499,11000,S,Miami-Dade,6,2025,SW 142 CT,SW 137 AVE,0,0.887,FDOT Annual Average Daily Traffic TDA,https://services1.arcgis.com/O1JpcwDW8sjYuddV/arcgis/rest/services/Annual_Average_Daily_Traffic_TDA/FeatureServer/0,https://services1.arcgis.com/O1JpcwDW8sjYuddV/arcgis/rest/services/Annual_Average_Daily_Traffic_TDA/FeatureServer/0/query?where=COUNTY%3D%27Miami-Dade%27&outFields=ROADWAY%2CAADT%2CAADTFLG%2CCOUNTY%2CDISTRICT%2CYEAR_%2CDESC_FRM%2CDESC_TO%2CBEGIN_POST%2CEND_POST&returnGeometry=false&f=json
87000625,22500,S,Miami-Dade,6,2025,N/A,SW 88 ST,1.023,2.079,FDOT Annual Average Daily Traffic TDA,https://services1.arcgis.com/O1JpcwDW8sjYuddV/arcgis/rest/services/Annual_Average_Daily_Traffic_TDA/FeatureServer/0,https://services1.arcgis.com/O1JpcwDW8sjYuddV/arcgis/rest/services/Annual_Average_Daily_Traffic_TDA/FeatureServer/0/query?where=COUNTY%3D%27Miami-Dade%27&outFields=ROADWAY%2CAADT%2CAADTFLG%2CCOUNTY%2CDISTRICT%2CYEAR_%2CDESC_FRM%2CDESC_TO%2CBEGIN_POST%2CEND_POST&returnGeometry=false&f=json
87000525,5300,S,Miami-Dade,6,2025,NW 122 ST,NW 89 AVE,0,1.865,FDOT Annual Average Daily Traffic TDA,https://services1.arcgis.com/O1JpcwDW8sjYuddV/arcgis/rest/services/Annual_Average_Daily_Traffic_TDA/FeatureServer/0,https://services1.arcgis.com/O1JpcwDW8sjYuddV/arcgis/rest/services/Annual_Average_Daily_Traffic_TDA/FeatureServer/0/query?where=COUNTY%3D%27Miami-Dade%27&outFields=ROADWAY%2CAADT%2CAADTFLG%2CCOUNTY%2CDISTRICT%2CYEAR_%2CDESC_FRM%2CDESC_TO%2CBEGIN_POST%2CEND_POST&returnGeometry=false&f=json
87000551,12200,S,Miami-Dade,6,2025,NW 87 AV,NW 72 AVE,0,1.514,FDOT Annual Average Daily Traffic TDA,https://services1.arcgis.com/O1JpcwDW8sjYuddV/arcgis/rest/services/Annual_Average_Daily_Traffic_TDA/FeatureServer/0,https://services1.arcgis.com/O1JpcwDW8sjYuddV/arcgis/rest/services/Annual_Average_Daily_Traffic_TDA/FeatureServer/0/query?where=COUNTY%3D%27Miami-Dade%27&outFields=ROADWAY%2CAADT%2CAADTFLG%2CCOUNTY%2CDISTRICT%2CYEAR_%2CDESC_FRM%2CDESC_TO%2CBEGIN_POST%2CEND_POST&returnGeometry=false&f=json
87000481,2350,S,Miami-Dade,6,2025,SW 99 ST,SW 88 ST,0,0.694,FDOT Annual Average Daily Traffic TDA,https://services1.arcgis.com/O1JpcwDW8sjYuddV/arcgis/rest/services/Annual_Average_Daily_Traffic_TDA/FeatureServer/0,https://services1.arcgis.com/O1JpcwDW8sjYuddV/arcgis/rest/services/Annual_Average_Daily_Traffic_TDA/FeatureServer/0/query?where=COUNTY%3D%27Miami-Dade%27&outFields=ROADWAY%2CAADT%2CAADTFLG%2CCOUNTY%2CDISTRICT%2CYEAR_%2CDESC_FRM%2CDESC_TO%2CBEGIN_POST%2CEND_POST&returnGeometry=false&f=json
87000542,11600,S,Miami-Dade,6,2025,S DIXIE HWY/US-1,SW 88 ST,0,0.263,FDOT Annual Average Daily Traffic TDA,https://services1.arcgis.com/O1JpcwDW8sjYuddV/arcgis/rest/services/Annual_Average_Daily_Traffic_TDA/FeatureServer/0,https://services1.arcgis.com/O1JpcwDW8sjYuddV/arcgis/rest/services/Annual_Average_Daily_Traffic_TDA/FeatureServer/0/query?where=COUNTY%3D%27Miami-Dade%27&outFields=ROADWAY%2CAADT%2CAADTFLG%2CCOUNTY%2CDISTRICT%2CYEAR_%2CDESC_FRM%2CDESC_TO%2CBEGIN_POST%2CEND_POST&returnGeometry=false&f=json
87000649,8900,C,Miami-Dade,6,2025,NW 1 ST,NW 5 ST,0,0.265,FDOT Annual Average Daily Traffic TDA,https://services1.arcgis.com/O1JpcwDW8sjYuddV/arcgis/rest/services/Annual_Average_Daily_Traffic_TDA/FeatureServer/0,https://services1.arcgis.com/O1JpcwDW8sjYuddV/arcgis/rest/services/Annual_Average_Daily_Traffic_TDA/FeatureServer/0/query?where=COUNTY%3D%27Miami-Dade%27&outFields=ROADWAY%2CAADT%2CAADTFLG%2CCOUNTY%2CDISTRICT%2CYEAR_%2CDESC_FRM%2CDESC_TO%2CBEGIN_POST%2CEND_POST&returnGeometry=false&f=json
87000487,9100,S,Miami-Dade,6,2025,SW 120 ST/MSGR BRYAN,SW 104 ST/KILLIAN PK,0,1.07,FDOT Annual Average Daily Traffic TDA,https://services1.arcgis.com/O1JpcwDW8sjYuddV/arcgis/rest/services/Annual_Average_Daily_Traffic_TDA/FeatureServer/0,https://services1.arcgis.com/O1JpcwDW8sjYuddV/arcgis/rest/services/Annual_Average_Daily_Traffic_TDA/FeatureServer/0/query?where=COUNTY%3D%27Miami-Dade%27&outFields=ROADWAY%2CAADT%2CAADTFLG%2CCOUNTY%2CDISTRICT%2CYEAR_%2CDESC_FRM%2CDESC_TO%2CBEGIN_POST%2CEND_POST&returnGeometry=false&f=json
87000561,6400,S,Miami-Dade,6,2025,OKEECHOBEE RD,TITAN AMERICAN ENT,0,0.469,FDOT Annual Average Daily Traffic TDA,https://services1.arcgis.com/O1JpcwDW8sjYuddV/arcgis/rest/services/Annual_Average_Daily_Traffic_TDA/FeatureServer/0,https://services1.arcgis.com/O1JpcwDW8sjYuddV/arcgis/rest/services/Annual_Average_Daily_Traffic_TDA/FeatureServer/0/query?where=COUNTY%3D%27Miami-Dade%27&outFields=ROADWAY%2CAADT%2CAADTFLG%2CCOUNTY%2CDISTRICT%2CYEAR_%2CDESC_FRM%2CDESC_TO%2CBEGIN_POST%2CEND_POST&returnGeometry=false&f=json
87000488,13100,F,Miami-Dade,6,2025,SW 120 ST/MSGR BRYAN,SR-94/SW 8 ST/N KEND,0,2.082,FDOT Annual Average Daily Traffic TDA,https://services1.arcgis.com/O1JpcwDW8sjYuddV/arcgis/rest/services/Annual_Average_Daily_Traffic_TDA/FeatureServer/0,https://services1.arcgis.com/O1JpcwDW8sjYuddV/arcgis/rest/services/Annual_Average_Daily_Traffic_TDA/FeatureServer/0/query?where=COUNTY%3D%27Miami-Dade%27&outFields=ROADWAY%2CAADT%2CAADTFLG%2CCOUNTY%2CDISTRICT%2CYEAR_%2CDESC_FRM%2CDESC_TO%2CBEGIN_POST%2CEND_POST&returnGeometry=false&f=json
87000536,28000,S,Miami-Dade,6,2025,SW 152 AV,SW 147 AV,1.497,1.996,FDOT Annual Average Daily Traffic TDA,https://services1.arcgis.com/O1JpcwDW8sjYuddV/arcgis/rest/services/Annual_Average_Daily_Traffic_TDA/FeatureServer/0,https://services1.arcgis.com/O1JpcwDW8sjYuddV/arcgis/rest/services/Annual_Average_Daily_Traffic_TDA/FeatureServer/0/query?where=COUNTY%3D%27Miami-Dade%27&outFields=ROADWAY%2CAADT%2CAADTFLG%2CCOUNTY%2CDISTRICT%2CYEAR_%2CDESC_FRM%2CDESC_TO%2CBEGIN_POST%2CEND_POST&returnGeometry=false&f=json
87000489,7900,S,Miami-Dade,6,2025,SW 136 ST/ HOWARD DR,SW 112 ST/KILLIAN DR,0,1.528,FDOT Annual Average Daily Traffic TDA,https://services1.arcgis.com/O1JpcwDW8sjYuddV/arcgis/rest/services/Annual_Average_Daily_Traffic_TDA/FeatureServer/0,https://services1.arcgis.com/O1JpcwDW8sjYuddV/arcgis/rest/services/Annual_Average_Daily_Traffic_TDA/FeatureServer/0/query?where=COUNTY%3D%27Miami-Dade%27&outFields=ROADWAY%2CAADT%2CAADTFLG%2CCOUNTY%2CDISTRICT%2CYEAR_%2CDESC_FRM%2CDESC_TO%2CBEGIN_POST%2CEND_POST&returnGeometry=false&f=json
87000536,25500,T,Miami-Dade,6,2025,SW 167 AV,SW 152 AV,0,1.497,FDOT Annual Average Daily Traffic TDA,https://services1.arcgis.com/O1JpcwDW8sjYuddV/arcgis/rest/services/Annual_Average_Daily_Traffic_TDA/FeatureServer/0,https://services1.arcgis.com/O1JpcwDW8sjYuddV/arcgis/rest/services/Annual_Average_Daily_Traffic_TDA/FeatureServer/0/query?where=COUNTY%3D%27Miami-Dade%27&outFields=ROADWAY%2CAADT%2CAADTFLG%2CCOUNTY%2CDISTRICT%2CYEAR_%2CDESC_FRM%2CDESC_TO%2CBEGIN_POST%2CEND_POST&returnGeometry=false&f=json
87000667,14500,F,Miami-Dade,6,2025,NE 205 ST,NE 215 ST,0,1.007,FDOT Annual Average Daily Traffic TDA,https://services1.arcgis.com/O1JpcwDW8sjYuddV/arcgis/rest/services/Annual_Average_Daily_Traffic_TDA/FeatureServer/0,https://services1.arcgis.com/O1JpcwDW8sjYuddV/arcgis/rest/services/Annual_Average_Daily_Traffic_TDA/FeatureServer/0/query?where=COUNTY%3D%27Miami-Dade%27&outFields=ROADWAY%2CAADT%2CAADTFLG%2CCOUNTY%2CDISTRICT%2CYEAR_%2CDESC_FRM%2CDESC_TO%2CBEGIN_POST%2CEND_POST&returnGeometry=false&f=json
87000515,9100,S,Miami-Dade,6,2025,SR-826,NW 199 ST,0,2.025,FDOT Annual Average Daily Traffic TDA,https://services1.arcgis.com/O1JpcwDW8sjYuddV/arcgis/rest/services/Annual_Average_Daily_Traffic_TDA/FeatureServer/0,https://services1.arcgis.com/O1JpcwDW8sjYuddV/arcgis/rest/services/Annual_Average_Daily_Traffic_TDA/FeatureServer/0/query?where=COUNTY%3D%27Miami-Dade%27&outFields=ROADWAY%2CAADT%2CAADTFLG%2CCOUNTY%2CDISTRICT%2CYEAR_%2CDESC_FRM%2CDESC_TO%2CBEGIN_POST%2CEND_POST&returnGeometry=false&f=json
87000522,3800,S,Miami-Dade,6,2025,NW 37 AV/DOUGLAS RD,NW SOUTH RIVER DR,0,0.355,FDOT Annual Average Daily Traffic TDA,https://services1.arcgis.com/O1JpcwDW8sjYuddV/arcgis/rest/services/Annual_Average_Daily_Traffic_TDA/FeatureServer/0,https://services1.arcgis.com/O1JpcwDW8sjYuddV/arcgis/rest/services/Annual_Average_Daily_Traffic_TDA/FeatureServer/0/query?where=COUNTY%3D%27Miami-Dade%27&outFields=ROADWAY%2CAADT%2CAADTFLG%2CCOUNTY%2CDISTRICT%2CYEAR_%2CDESC_FRM%2CDESC_TO%2CBEGIN_POST%2CEND_POST&returnGeometry=false&f=json
87000559,8200,C,Miami-Dade,6,2025,NW 122 ST,SR-25/OKEECHOBEE RD,0,1.02,FDOT Annual Average Daily Traffic TDA,https://services1.arcgis.com/O1JpcwDW8sjYuddV/arcgis/rest/services/Annual_Average_Daily_Traffic_TDA/FeatureServer/0,https://services1.arcgis.com/O1JpcwDW8sjYuddV/arcgis/rest/services/Annual_Average_Daily_Traffic_TDA/FeatureServer/0/query?where=COUNTY%3D%27Miami-Dade%27&outFields=ROADWAY%2CAADT%2CAADTFLG%2CCOUNTY%2CDISTRICT%2CYEAR_%2CDESC_FRM%2CDESC_TO%2CBEGIN_POST%2CEND_POST&returnGeometry=false&f=json
87000661,12500,F,Miami-Dade,6,2025,W 100 ST,W 170 ST,0,0.998,FDOT Annual Average Daily Traffic TDA,https://services1.arcgis.com/O1JpcwDW8sjYuddV/arcgis/rest/services/Annual_Average_Daily_Traffic_TDA/FeatureServer/0,https://services1.arcgis.com/O1JpcwDW8sjYuddV/arcgis/rest/services/Annual_Average_Daily_Traffic_TDA/FeatureServer/0/query?where=COUNTY%3D%27Miami-Dade%27&outFields=ROADWAY%2CAADT%2CAADTFLG%2CCOUNTY%2CDISTRICT%2CYEAR_%2CDESC_FRM%2CDESC_TO%2CBEGIN_POST%2CEND_POST&returnGeometry=false&f=json
87000496,11800,S,Miami-Dade,6,2025,N/A,SW 152 ST/CORAL REEF,0.545,1,FDOT Annual Average Daily Traffic TDA,https://services1.arcgis.com/O1JpcwDW8sjYuddV/arcgis/rest/services/Annual_Average_Daily_Traffic_TDA/FeatureServer/0,https://services1.arcgis.com/O1JpcwDW8sjYuddV/arcgis/rest/services/Annual_Average_Daily_Traffic_TDA/FeatureServer/0/query?where=COUNTY%3D%27Miami-Dade%27&outFields=ROADWAY%2CAADT%2CAADTFLG%2CCOUNTY%2CDISTRICT%2CYEAR_%2CDESC_FRM%2CDESC_TO%2CBEGIN_POST%2CEND_POST&returnGeometry=false&f=json
87000600,20000,S,Miami-Dade,6,2025,US-27/OKEECHOBEE RD,W 40 PL,0,1.578,FDOT Annual Average Daily Traffic TDA,https://services1.arcgis.com/O1JpcwDW8sjYuddV/arcgis/rest/services/Annual_Average_Daily_Traffic_TDA/FeatureServer/0,https://services1.arcgis.com/O1JpcwDW8sjYuddV/arcgis/rest/services/Annual_Average_Daily_Traffic_TDA/FeatureServer/0/query?where=COUNTY%3D%27Miami-Dade%27&outFields=ROADWAY%2CAADT%2CAADTFLG%2CCOUNTY%2CDISTRICT%2CYEAR_%2CDESC_FRM%2CDESC_TO%2CBEGIN_POST%2CEND_POST&returnGeometry=false&f=json
87000485,8700,S,Miami-Dade,6,2025,SW 147 AVE,SW 122 AVE,0,2.5,FDOT Annual Average Daily Traffic TDA,https://services1.arcgis.com/O1JpcwDW8sjYuddV/arcgis/rest/services/Annual_Average_Daily_Traffic_TDA/FeatureServer/0,https://services1.arcgis.com/O1JpcwDW8sjYuddV/arcgis/rest/services/Annual_Average_Daily_Traffic_TDA/FeatureServer/0/query?where=COUNTY%3D%27Miami-Dade%27&outFields=ROADWAY%2CAADT%2CAADTFLG%2CCOUNTY%2CDISTRICT%2CYEAR_%2CDESC_FRM%2CDESC_TO%2CBEGIN_POST%2CEND_POST&returnGeometry=false&f=json
87000665,950,F,Miami-Dade,6,2025,NW 97 AV,UNSIGNED,0.991,1.212,FDOT Annual Average Daily Traffic TDA,https://services1.arcgis.com/O1JpcwDW8sjYuddV/arcgis/rest/services/Annual_Average_Daily_Traffic_TDA/FeatureServer/0,https://services1.arcgis.com/O1JpcwDW8sjYuddV/arcgis/rest/services/Annual_Average_Daily_Traffic_TDA/FeatureServer/0/query?where=COUNTY%3D%27Miami-Dade%27&outFields=ROADWAY%2CAADT%2CAADTFLG%2CCOUNTY%2CDISTRICT%2CYEAR_%2CDESC_FRM%2CDESC_TO%2CBEGIN_POST%2CEND_POST&returnGeometry=false&f=json
87000500,8800,C,Miami-Dade,6,2025,SW 264 ST,SW 256 ST,0,0.514,FDOT Annual Average Daily Traffic TDA,https://services1.arcgis.com/O1JpcwDW8sjYuddV/arcgis/rest/services/Annual_Average_Daily_Traffic_TDA/FeatureServer/0,https://services1.arcgis.com/O1JpcwDW8sjYuddV/arcgis/rest/services/Annual_Average_Daily_Traffic_TDA/FeatureServer/0/query?where=COUNTY%3D%27Miami-Dade%27&outFields=ROADWAY%2CAADT%2CAADTFLG%2CCOUNTY%2CDISTRICT%2CYEAR_%2CDESC_FRM%2CDESC_TO%2CBEGIN_POST%2CEND_POST&returnGeometry=false&f=json
87000503,3000,S,Miami-Dade,6,2025,BLACK PT MARINA ENTR,SW 232 ST,0,0.699,FDOT Annual Average Daily Traffic TDA,https://services1.arcgis.com/O1JpcwDW8sjYuddV/arcgis/rest/services/Annual_Average_Daily_Traffic_TDA/FeatureServer/0,https://services1.arcgis.com/O1JpcwDW8sjYuddV/arcgis/rest/services/Annual_Average_Daily_Traffic_TDA/FeatureServer/0/query?where=COUNTY%3D%27Miami-Dade%27&outFields=ROADWAY%2CAADT%2CAADTFLG%2CCOUNTY%2CDISTRICT%2CYEAR_%2CDESC_FRM%2CDESC_TO%2CBEGIN_POST%2CEND_POST&returnGeometry=false&f=json
87000557,5200,S,Miami-Dade,6,2025,NW 93 ST,NW S RIVER DR,0,0.651,FDOT Annual Average Daily Traffic TDA,https://services1.arcgis.com/O1JpcwDW8sjYuddV/arcgis/rest/services/Annual_Average_Daily_Traffic_TDA/FeatureServer/0,https://services1.arcgis.com/O1JpcwDW8sjYuddV/arcgis/rest/services/Annual_Average_Daily_Traffic_TDA/FeatureServer/0/query?where=COUNTY%3D%27Miami-Dade%27&outFields=ROADWAY%2CAADT%2CAADTFLG%2CCOUNTY%2CDISTRICT%2CYEAR_%2CDESC_FRM%2CDESC_TO%2CBEGIN_POST%2CEND_POST&returnGeometry=false&f=json
87000504,10400,T,Miami-Dade,6,2025,SW 187 AVE,US-1/SR-5,0,2.5,FDOT Annual Average Daily Traffic TDA,https://services1.arcgis.com/O1JpcwDW8sjYuddV/arcgis/rest/services/Annual_Average_Daily_Traffic_TDA/FeatureServer/0,https://services1.arcgis.com/O1JpcwDW8sjYuddV/arcgis/rest/services/Annual_Average_Daily_Traffic_TDA/FeatureServer/0/query?where=COUNTY%3D%27Miami-Dade%27&outFields=ROADWAY%2CAADT%2CAADTFLG%2CCOUNTY%2CDISTRICT%2CYEAR_%2CDESC_FRM%2CDESC_TO%2CBEGIN_POST%2CEND_POST&returnGeometry=false&f=json
87000538,4800,C,Miami-Dade,6,2025,RAMP 87270174,NW 9 ST,0,0.03,FDOT Annual Average Daily Traffic TDA,https://services1.arcgis.com/O1JpcwDW8sjYuddV/arcgis/rest/services/Annual_Average_Daily_Traffic_TDA/FeatureServer/0,https://services1.arcgis.com/O1JpcwDW8sjYuddV/arcgis/rest/services/Annual_Average_Daily_Traffic_TDA/FeatureServer/0/query?where=COUNTY%3D%27Miami-Dade%27&outFields=ROADWAY%2CAADT%2CAADTFLG%2CCOUNTY%2CDISTRICT%2CYEAR_%2CDESC_FRM%2CDESC_TO%2CBEGIN_POST%2CEND_POST&returnGeometry=false&f=json
87000616,9500,S,Miami-Dade,6,2025,5 STREET/SR-A1A,5 STREET,0,1.09,FDOT Annual Average Daily Traffic TDA,https://services1.arcgis.com/O1JpcwDW8sjYuddV/arcgis/rest/services/Annual_Average_Daily_Traffic_TDA/FeatureServer/0,https://services1.arcgis.com/O1JpcwDW8sjYuddV/arcgis/rest/services/Annual_Average_Daily_Traffic_TDA/FeatureServer/0/query?where=COUNTY%3D%27Miami-Dade%27&outFields=ROADWAY%2CAADT%2CAADTFLG%2CCOUNTY%2CDISTRICT%2CYEAR_%2CDESC_FRM%2CDESC_TO%2CBEGIN_POST%2CEND_POST&returnGeometry=false&f=json
87000543,5800,S,Miami-Dade,6,2025,US-1,DADELAND BLVD,0,0.265,FDOT Annual Average Daily Traffic TDA,https://services1.arcgis.com/O1JpcwDW8sjYuddV/arcgis/rest/services/Annual_Average_Daily_Traffic_TDA/FeatureServer/0,https://services1.arcgis.com/O1JpcwDW8sjYuddV/arcgis/rest/services/Annual_Average_Daily_Traffic_TDA/FeatureServer/0/query?where=COUNTY%3D%27Miami-Dade%27&outFields=ROADWAY%2CAADT%2CAADTFLG%2CCOUNTY%2CDISTRICT%2CYEAR_%2CDESC_FRM%2CDESC_TO%2CBEGIN_POST%2CEND_POST&returnGeometry=false&f=json
87000636,2600,C,Miami-Dade,6,2025,NEW FORTRESS ENERGY,NW 74 ST,0,0.146,FDOT Annual Average Daily Traffic TDA,https://services1.arcgis.com/O1JpcwDW8sjYuddV/arcgis/rest/services/Annual_Average_Daily_Traffic_TDA/FeatureServer/0,https://services1.arcgis.com/O1JpcwDW8sjYuddV/arcgis/rest/services/Annual_Average_Daily_Traffic_TDA/FeatureServer/0/query?where=COUNTY%3D%27Miami-Dade%27&outFields=ROADWAY%2CAADT%2CAADTFLG%2CCOUNTY%2CDISTRICT%2CYEAR_%2CDESC_FRM%2CDESC_TO%2CBEGIN_POST%2CEND_POST&returnGeometry=false&f=json
87000511,31000,T,Miami-Dade,6,2025,N/A,SW 8 ST,0.99,2.195,FDOT Annual Average Daily Traffic TDA,https://services1.arcgis.com/O1JpcwDW8sjYuddV/arcgis/rest/services/Annual_Average_Daily_Traffic_TDA/FeatureServer/0,https://services1.arcgis.com/O1JpcwDW8sjYuddV/arcgis/rest/services/Annual_Average_Daily_Traffic_TDA/FeatureServer/0/query?where=COUNTY%3D%27Miami-Dade%27&outFields=ROADWAY%2CAADT%2CAADTFLG%2CCOUNTY%2CDISTRICT%2CYEAR_%2CDESC_FRM%2CDESC_TO%2CBEGIN_POST%2CEND_POST&returnGeometry=false&f=json
87000666,2300,F,Miami-Dade,6,2025,NW 215 ST,NW 374 AV,0,0.756,FDOT Annual Average Daily Traffic TDA,https://services1.arcgis.com/O1JpcwDW8sjYuddV/arcgis/rest/services/Annual_Average_Daily_Traffic_TDA/FeatureServer/0,https://services1.arcgis.com/O1JpcwDW8sjYuddV/arcgis/rest/services/Annual_Average_Daily_Traffic_TDA/FeatureServer/0/query?where=COUNTY%3D%27Miami-Dade%27&outFields=ROADWAY%2CAADT%2CAADTFLG%2CCOUNTY%2CDISTRICT%2CYEAR_%2CDESC_FRM%2CDESC_TO%2CBEGIN_POST%2CEND_POST&returnGeometry=false&f=json
87000541,17400,S,Miami-Dade,6,2025,SW 162 AVE,SW 137 AVE,0,2.306,FDOT Annual Average Daily Traffic TDA,https://services1.arcgis.com/O1JpcwDW8sjYuddV/arcgis/rest/services/Annual_Average_Daily_Traffic_TDA/FeatureServer/0,https://services1.arcgis.com/O1JpcwDW8sjYuddV/arcgis/rest/services/Annual_Average_Daily_Traffic_TDA/FeatureServer/0/query?where=COUNTY%3D%27Miami-Dade%27&outFields=ROADWAY%2CAADT%2CAADTFLG%2CCOUNTY%2CDISTRICT%2CYEAR_%2CDESC_FRM%2CDESC_TO%2CBEGIN_POST%2CEND_POST&returnGeometry=false&f=json
87000492,30000,T,Miami-Dade,6,2025,SW 147 AVE/COULTER A,SW 137 AV/LINDGREN R,0,1,FDOT Annual Average Daily Traffic TDA,https://services1.arcgis.com/O1JpcwDW8sjYuddV/arcgis/rest/services/Annual_Average_Daily_Traffic_TDA/FeatureServer/0,https://services1.arcgis.com/O1JpcwDW8sjYuddV/arcgis/rest/services/Annual_Average_Daily_Traffic_TDA/FeatureServer/0/query?where=COUNTY%3D%27Miami-Dade%27&outFields=ROADWAY%2CAADT%2CAADTFLG%2CCOUNTY%2CDISTRICT%2CYEAR_%2CDESC_FRM%2CDESC_TO%2CBEGIN_POST%2CEND_POST&returnGeometry=false&f=json
87000214,25000,C,Miami-Dade,6,2025,NW 17 AVE,NE 2 AVE,0,2.025,FDOT Annual Average Daily Traffic TDA,https://services1.arcgis.com/O1JpcwDW8sjYuddV/arcgis/rest/services/Annual_Average_Daily_Traffic_TDA/FeatureServer/0,https://services1.arcgis.com/O1JpcwDW8sjYuddV/arcgis/rest/services/Annual_Average_Daily_Traffic_TDA/FeatureServer/0/query?where=COUNTY%3D%27Miami-Dade%27&outFields=ROADWAY%2CAADT%2CAADTFLG%2CCOUNTY%2CDISTRICT%2CYEAR_%2CDESC_FRM%2CDESC_TO%2CBEGIN_POST%2CEND_POST&returnGeometry=false&f=json
87000098,19800,C,Miami-Dade,6,2025,S BAYSHORE DR,US-1/SR-5,0,0.781,FDOT Annual Average Daily Traffic TDA,https://services1.arcgis.com/O1JpcwDW8sjYuddV/arcgis/rest/services/Annual_Average_Daily_Traffic_TDA/FeatureServer/0,https://services1.arcgis.com/O1JpcwDW8sjYuddV/arcgis/rest/services/Annual_Average_Daily_Traffic_TDA/FeatureServer/0/query?where=COUNTY%3D%27Miami-Dade%27&outFields=ROADWAY%2CAADT%2CAADTFLG%2CCOUNTY%2CDISTRICT%2CYEAR_%2CDESC_FRM%2CDESC_TO%2CBEGIN_POST%2CEND_POST&returnGeometry=false&f=json
87000060,1700,C,Miami-Dade,6,2025,NW 42 AV,N/A,0,0.08,FDOT Annual Average Daily Traffic TDA,https://services1.arcgis.com/O1JpcwDW8sjYuddV/arcgis/rest/services/Annual_Average_Daily_Traffic_TDA/FeatureServer/0,https://services1.arcgis.com/O1JpcwDW8sjYuddV/arcgis/rest/services/Annual_Average_Daily_Traffic_TDA/FeatureServer/0/query?where=COUNTY%3D%27Miami-Dade%27&outFields=ROADWAY%2CAADT%2CAADTFLG%2CCOUNTY%2CDISTRICT%2CYEAR_%2CDESC_FRM%2CDESC_TO%2CBEGIN_POST%2CEND_POST&returnGeometry=false&f=json
87000208,24000,C,Miami-Dade,6,2025,NW 62 ST,NW 95 ST,0,1.992,FDOT Annual Average Daily Traffic TDA,https://services1.arcgis.com/O1JpcwDW8sjYuddV/arcgis/rest/services/Annual_Average_Daily_Traffic_TDA/FeatureServer/0,https://services1.arcgis.com/O1JpcwDW8sjYuddV/arcgis/rest/services/Annual_Average_Daily_Traffic_TDA/FeatureServer/0/query?where=COUNTY%3D%27Miami-Dade%27&outFields=ROADWAY%2CAADT%2CAADTFLG%2CCOUNTY%2CDISTRICT%2CYEAR_%2CDESC_FRM%2CDESC_TO%2CBEGIN_POST%2CEND_POST&returnGeometry=false&f=json
87000121,6800,T,Miami-Dade,6,2025,N/A,N/A,1.227,1.534,FDOT Annual Average Daily Traffic TDA,https://services1.arcgis.com/O1JpcwDW8sjYuddV/arcgis/rest/services/Annual_Average_Daily_Traffic_TDA/FeatureServer/0,https://services1.arcgis.com/O1JpcwDW8sjYuddV/arcgis/rest/services/Annual_Average_Daily_Traffic_TDA/FeatureServer/0/query?where=COUNTY%3D%27Miami-Dade%27&outFields=ROADWAY%2CAADT%2CAADTFLG%2CCOUNTY%2CDISTRICT%2CYEAR_%2CDESC_FRM%2CDESC_TO%2CBEGIN_POST%2CEND_POST&returnGeometry=false&f=json
87000154,9700,C,Miami-Dade,6,2025,US-27/OKEECHOBEE RD,NW 27AV/UNITY BLVD,0,1.888,FDOT Annual Average Daily Traffic TDA,https://services1.arcgis.com/O1JpcwDW8sjYuddV/arcgis/rest/services/Annual_Average_Daily_Traffic_TDA/FeatureServer/0,https://services1.arcgis.com/O1JpcwDW8sjYuddV/arcgis/rest/services/Annual_Average_Daily_Traffic_TDA/FeatureServer/0/query?where=COUNTY%3D%27Miami-Dade%27&outFields=ROADWAY%2CAADT%2CAADTFLG%2CCOUNTY%2CDISTRICT%2CYEAR_%2CDESC_FRM%2CDESC_TO%2CBEGIN_POST%2CEND_POST&returnGeometry=false&f=json
87000267,6400,F,Miami-Dade,6,2025,NW 37 AVE/DOUGLAS RD,NW 17 AVE,0,1.774,FDOT Annual Average Daily Traffic TDA,https://services1.arcgis.com/O1JpcwDW8sjYuddV/arcgis/rest/services/Annual_Average_Daily_Traffic_TDA/FeatureServer/0,https://services1.arcgis.com/O1JpcwDW8sjYuddV/arcgis/rest/services/Annual_Average_Daily_Traffic_TDA/FeatureServer/0/query?where=COUNTY%3D%27Miami-Dade%27&outFields=ROADWAY%2CAADT%2CAADTFLG%2CCOUNTY%2CDISTRICT%2CYEAR_%2CDESC_FRM%2CDESC_TO%2CBEGIN_POST%2CEND_POST&returnGeometry=false&f=json
87000089,12300,C,Miami-Dade,6,2025,SW 117 AVE,SW 104 AVE,0,1.27,FDOT Annual Average Daily Traffic TDA,https://services1.arcgis.com/O1JpcwDW8sjYuddV/arcgis/rest/services/Annual_Average_Daily_Traffic_TDA/FeatureServer/0,https://services1.arcgis.com/O1JpcwDW8sjYuddV/arcgis/rest/services/Annual_Average_Daily_Traffic_TDA/FeatureServer/0/query?where=COUNTY%3D%27Miami-Dade%27&outFields=ROADWAY%2CAADT%2CAADTFLG%2CCOUNTY%2CDISTRICT%2CYEAR_%2CDESC_FRM%2CDESC_TO%2CBEGIN_POST%2CEND_POST&returnGeometry=false&f=json
87000105,7500,C,Miami-Dade,6,2025,SW 107 AVE,SW 89 PL,0,1.645,FDOT Annual Average Daily Traffic TDA,https://services1.arcgis.com/O1JpcwDW8sjYuddV/arcgis/rest/services/Annual_Average_Daily_Traffic_TDA/FeatureServer/0,https://services1.arcgis.com/O1JpcwDW8sjYuddV/arcgis/rest/services/Annual_Average_Daily_Traffic_TDA/FeatureServer/0/query?where=COUNTY%3D%27Miami-Dade%27&outFields=ROADWAY%2CAADT%2CAADTFLG%2CCOUNTY%2CDISTRICT%2CYEAR_%2CDESC_FRM%2CDESC_TO%2CBEGIN_POST%2CEND_POST&returnGeometry=false&f=json
87000299,13100,F,Miami-Dade,6,2025,WM LEHMAN CSWY,WILLIAM LEHMAN CSWY,0,2.361,FDOT Annual Average Daily Traffic TDA,https://services1.arcgis.com/O1JpcwDW8sjYuddV/arcgis/rest/services/Annual_Average_Daily_Traffic_TDA/FeatureServer/0,https://services1.arcgis.com/O1JpcwDW8sjYuddV/arcgis/rest/services/Annual_Average_Daily_Traffic_TDA/FeatureServer/0/query?where=COUNTY%3D%27Miami-Dade%27&outFields=ROADWAY%2CAADT%2CAADTFLG%2CCOUNTY%2CDISTRICT%2CYEAR_%2CDESC_FRM%2CDESC_TO%2CBEGIN_POST%2CEND_POST&returnGeometry=false&f=json
87000222,4400,T,Miami-Dade,6,2025,N/A,N MIAMI BEACH BLVD,0.65,2.513,FDOT Annual Average Daily Traffic TDA,https://services1.arcgis.com/O1JpcwDW8sjYuddV/arcgis/rest/services/Annual_Average_Daily_Traffic_TDA/FeatureServer/0,https://services1.arcgis.com/O1JpcwDW8sjYuddV/arcgis/rest/services/Annual_Average_Daily_Traffic_TDA/FeatureServer/0/query?where=COUNTY%3D%27Miami-Dade%27&outFields=ROADWAY%2CAADT%2CAADTFLG%2CCOUNTY%2CDISTRICT%2CYEAR_%2CDESC_FRM%2CDESC_TO%2CBEGIN_POST%2CEND_POST&returnGeometry=false&f=json
87000180,2700,T,Miami-Dade,6,2025,SW 8 ST/CESAR A CALA,TAMIAMI CANAL DR,1.045,1.983,FDOT Annual Average Daily Traffic TDA,https://services1.arcgis.com/O1JpcwDW8sjYuddV/arcgis/rest/services/Annual_Average_Daily_Traffic_TDA/FeatureServer/0,https://services1.arcgis.com/O1JpcwDW8sjYuddV/arcgis/rest/services/Annual_Average_Daily_Traffic_TDA/FeatureServer/0/query?where=COUNTY%3D%27Miami-Dade%27&outFields=ROADWAY%2CAADT%2CAADTFLG%2CCOUNTY%2CDISTRICT%2CYEAR_%2CDESC_FRM%2CDESC_TO%2CBEGIN_POST%2CEND_POST&returnGeometry=false&f=json
87000119,7400,T,Miami-Dade,6,2025,SW 48 ST,SW 40 ST/BIRD RD,1.717,2.23,FDOT Annual Average Daily Traffic TDA,https://services1.arcgis.com/O1JpcwDW8sjYuddV/arcgis/rest/services/Annual_Average_Daily_Traffic_TDA/FeatureServer/0,https://services1.arcgis.com/O1JpcwDW8sjYuddV/arcgis/rest/services/Annual_Average_Daily_Traffic_TDA/FeatureServer/0/query?where=COUNTY%3D%27Miami-Dade%27&outFields=ROADWAY%2CAADT%2CAADTFLG%2CCOUNTY%2CDISTRICT%2CYEAR_%2CDESC_FRM%2CDESC_TO%2CBEGIN_POST%2CEND_POST&returnGeometry=false&f=json
87000230,25500,C,Miami-Dade,6,2025,NW 135 ST,NW 167 ST,0,2.033,FDOT Annual Average Daily Traffic TDA,https://services1.arcgis.com/O1JpcwDW8sjYuddV/arcgis/rest/services/Annual_Average_Daily_Traffic_TDA/FeatureServer/0,https://services1.arcgis.com/O1JpcwDW8sjYuddV/arcgis/rest/services/Annual_Average_Daily_Traffic_TDA/FeatureServer/0/query?where=COUNTY%3D%27Miami-Dade%27&outFields=ROADWAY%2CAADT%2CAADTFLG%2CCOUNTY%2CDISTRICT%2CYEAR_%2CDESC_FRM%2CDESC_TO%2CBEGIN_POST%2CEND_POST&returnGeometry=false&f=json
87000114,9600,T,Miami-Dade,6,2025,SR-976/SW 40 ST,SW 28 ST,0,0.75,FDOT Annual Average Daily Traffic TDA,https://services1.arcgis.com/O1JpcwDW8sjYuddV/arcgis/rest/services/Annual_Average_Daily_Traffic_TDA/FeatureServer/0,https://services1.arcgis.com/O1JpcwDW8sjYuddV/arcgis/rest/services/Annual_Average_Daily_Traffic_TDA/FeatureServer/0/query?where=COUNTY%3D%27Miami-Dade%27&outFields=ROADWAY%2CAADT%2CAADTFLG%2CCOUNTY%2CDISTRICT%2CYEAR_%2CDESC_FRM%2CDESC_TO%2CBEGIN_POST%2CEND_POST&returnGeometry=false&f=json
87000175,4800,T,Miami-Dade,6,2025,ON RAMP 87270515,MLK BLVD,0,1.375,FDOT Annual Average Daily Traffic TDA,https://services1.arcgis.com/O1JpcwDW8sjYuddV/arcgis/rest/services/Annual_Average_Daily_Traffic_TDA/FeatureServer/0,https://services1.arcgis.com/O1JpcwDW8sjYuddV/arcgis/rest/services/Annual_Average_Daily_Traffic_TDA/FeatureServer/0/query?where=COUNTY%3D%27Miami-Dade%27&outFields=ROADWAY%2CAADT%2CAADTFLG%2CCOUNTY%2CDISTRICT%2CYEAR_%2CDESC_FRM%2CDESC_TO%2CBEGIN_POST%2CEND_POST&returnGeometry=false&f=json
87000301,8400,C,Miami-Dade,6,2025,SW 137 AVE,US-1/SR-5,0,1.033,FDOT Annual Average Daily Traffic TDA,https://services1.arcgis.com/O1JpcwDW8sjYuddV/arcgis/rest/services/Annual_Average_Daily_Traffic_TDA/FeatureServer/0,https://services1.arcgis.com/O1JpcwDW8sjYuddV/arcgis/rest/services/Annual_Average_Daily_Traffic_TDA/FeatureServer/0/query?where=COUNTY%3D%27Miami-Dade%27&outFields=ROADWAY%2CAADT%2CAADTFLG%2CCOUNTY%2CDISTRICT%2CYEAR_%2CDESC_FRM%2CDESC_TO%2CBEGIN_POST%2CEND_POST&returnGeometry=false&f=json
87000231,19500,C,Miami-Dade,6,2025,E 25 ST,E 65 ST/NW 119 ST,0,2.554,FDOT Annual Average Daily Traffic TDA,https://services1.arcgis.com/O1JpcwDW8sjYuddV/arcgis/rest/services/Annual_Average_Daily_Traffic_TDA/FeatureServer/0,https://services1.arcgis.com/O1JpcwDW8sjYuddV/arcgis/rest/services/Annual_Average_Daily_Traffic_TDA/FeatureServer/0/query?where=COUNTY%3D%27Miami-Dade%27&outFields=ROADWAY%2CAADT%2CAADTFLG%2CCOUNTY%2CDISTRICT%2CYEAR_%2CDESC_FRM%2CDESC_TO%2CBEGIN_POST%2CEND_POST&returnGeometry=false&f=json
87000152,14800,T,Miami-Dade,6,2025,SW 7 ST,SW 1 ST,0,0.485,FDOT Annual Average Daily Traffic TDA,https://services1.arcgis.com/O1JpcwDW8sjYuddV/arcgis/rest/services/Annual_Average_Daily_Traffic_TDA/FeatureServer/0,https://services1.arcgis.com/O1JpcwDW8sjYuddV/arcgis/rest/services/Annual_Average_Daily_Traffic_TDA/FeatureServer/0/query?where=COUNTY%3D%27Miami-Dade%27&outFields=ROADWAY%2CAADT%2CAADTFLG%2CCOUNTY%2CDISTRICT%2CYEAR_%2CDESC_FRM%2CDESC_TO%2CBEGIN_POST%2CEND_POST&returnGeometry=false&f=json
87000275,7900,T,Miami-Dade,6,2025,NW 57 AVE/RED RD,NW 37 AVE/DOUGLAS RD,0,2.049,FDOT Annual Average Daily Traffic TDA,https://services1.arcgis.com/O1JpcwDW8sjYuddV/arcgis/rest/services/Annual_Average_Daily_Traffic_TDA/FeatureServer/0,https://services1.arcgis.com/O1JpcwDW8sjYuddV/arcgis/rest/services/Annual_Average_Daily_Traffic_TDA/FeatureServer/0/query?where=COUNTY%3D%27Miami-Dade%27&outFields=ROADWAY%2CAADT%2CAADTFLG%2CCOUNTY%2CDISTRICT%2CYEAR_%2CDESC_FRM%2CDESC_TO%2CBEGIN_POST%2CEND_POST&returnGeometry=false&f=json
87000071,16700,C,Miami-Dade,6,2025,SW 152 ST/CORAL REEF,SW 104 ST,0,3.061,FDOT Annual Average Daily Traffic TDA,https://services1.arcgis.com/O1JpcwDW8sjYuddV/arcgis/rest/services/Annual_Average_Daily_Traffic_TDA/FeatureServer/0,https://services1.arcgis.com/O1JpcwDW8sjYuddV/arcgis/rest/services/Annual_Average_Daily_Traffic_TDA/FeatureServer/0/query?where=COUNTY%3D%27Miami-Dade%27&outFields=ROADWAY%2CAADT%2CAADTFLG%2CCOUNTY%2CDISTRICT%2CYEAR_%2CDESC_FRM%2CDESC_TO%2CBEGIN_POST%2CEND_POST&returnGeometry=false&f=json
87000137,32000,C,Miami-Dade,6,2025,SW 137 AVE,SW 127 AVE,0,1.005,FDOT Annual Average Daily Traffic TDA,https://services1.arcgis.com/O1JpcwDW8sjYuddV/arcgis/rest/services/Annual_Average_Daily_Traffic_TDA/FeatureServer/0,https://services1.arcgis.com/O1JpcwDW8sjYuddV/arcgis/rest/services/Annual_Average_Daily_Traffic_TDA/FeatureServer/0/query?where=COUNTY%3D%27Miami-Dade%27&outFields=ROADWAY%2CAADT%2CAADTFLG%2CCOUNTY%2CDISTRICT%2CYEAR_%2CDESC_FRM%2CDESC_TO%2CBEGIN_POST%2CEND_POST&returnGeometry=false&f=json
87000253,9400,F,Miami-Dade,6,2025,N/A,NE 215 ST/CO LINE,1.86,2.416,FDOT Annual Average Daily Traffic TDA,https://services1.arcgis.com/O1JpcwDW8sjYuddV/arcgis/rest/services/Annual_Average_Daily_Traffic_TDA/FeatureServer/0,https://services1.arcgis.com/O1JpcwDW8sjYuddV/arcgis/rest/services/Annual_Average_Daily_Traffic_TDA/FeatureServer/0/query?where=COUNTY%3D%27Miami-Dade%27&outFields=ROADWAY%2CAADT%2CAADTFLG%2CCOUNTY%2CDISTRICT%2CYEAR_%2CDESC_FRM%2CDESC_TO%2CBEGIN_POST%2CEND_POST&returnGeometry=false&f=json
87000076,6700,C,Miami-Dade,6,2025,SR-973/SW 87 AVE,OLD CUTLER RD,0,3,FDOT Annual Average Daily Traffic TDA,https://services1.arcgis.com/O1JpcwDW8sjYuddV/arcgis/rest/services/Annual_Average_Daily_Traffic_TDA/FeatureServer/0,https://services1.arcgis.com/O1JpcwDW8sjYuddV/arcgis/rest/services/Annual_Average_Daily_Traffic_TDA/FeatureServer/0/query?where=COUNTY%3D%27Miami-Dade%27&outFields=ROADWAY%2CAADT%2CAADTFLG%2CCOUNTY%2CDISTRICT%2CYEAR_%2CDESC_FRM%2CDESC_TO%2CBEGIN_POST%2CEND_POST&returnGeometry=false&f=json
87000125,16300,T,Miami-Dade,6,2025,CATALONIA AVE,ALHAMBRA CIR,1.078,1.586,FDOT Annual Average Daily Traffic TDA,https://services1.arcgis.com/O1JpcwDW8sjYuddV/arcgis/rest/services/Annual_Average_Daily_Traffic_TDA/FeatureServer/0,https://services1.arcgis.com/O1JpcwDW8sjYuddV/arcgis/rest/services/Annual_Average_Daily_Traffic_TDA/FeatureServer/0/query?where=COUNTY%3D%27Miami-Dade%27&outFields=ROADWAY%2CAADT%2CAADTFLG%2CCOUNTY%2CDISTRICT%2CYEAR_%2CDESC_FRM%2CDESC_TO%2CBEGIN_POST%2CEND_POST&returnGeometry=false&f=json
87000195,700,S,Miami-Dade,6,2025,N/A,SR-968/W FLAGLER ST,0.29,0.695,FDOT Annual Average Daily Traffic TDA,https://services1.arcgis.com/O1JpcwDW8sjYuddV/arcgis/rest/services/Annual_Average_Daily_Traffic_TDA/FeatureServer/0,https://services1.arcgis.com/O1JpcwDW8sjYuddV/arcgis/rest/services/Annual_Average_Daily_Traffic_TDA/FeatureServer/0/query?where=COUNTY%3D%27Miami-Dade%27&outFields=ROADWAY%2CAADT%2CAADTFLG%2CCOUNTY%2CDISTRICT%2CYEAR_%2CDESC_FRM%2CDESC_TO%2CBEGIN_POST%2CEND_POST&returnGeometry=false&f=json
87000101,12800,S,Miami-Dade,6,2025,SW 87 AV,SW 67 AV/LUDLAM RD,0,2.029,FDOT Annual Average Daily Traffic TDA,https://services1.arcgis.com/O1JpcwDW8sjYuddV/arcgis/rest/services/Annual_Average_Daily_Traffic_TDA/FeatureServer/0,https://services1.arcgis.com/O1JpcwDW8sjYuddV/arcgis/rest/services/Annual_Average_Daily_Traffic_TDA/FeatureServer/0/query?where=COUNTY%3D%27Miami-Dade%27&outFields=ROADWAY%2CAADT%2CAADTFLG%2CCOUNTY%2CDISTRICT%2CYEAR_%2CDESC_FRM%2CDESC_TO%2CBEGIN_POST%2CEND_POST&returnGeometry=false&f=json
87000186,25500,C,Miami-Dade,6,2025,NW 87 AVE/GALLOWAY,NW 82 AVE,0,0.51,FDOT Annual Average Daily Traffic TDA,https://services1.arcgis.com/O1JpcwDW8sjYuddV/arcgis/rest/services/Annual_Average_Daily_Traffic_TDA/FeatureServer/0,https://services1.arcgis.com/O1JpcwDW8sjYuddV/arcgis/rest/services/Annual_Average_Daily_Traffic_TDA/FeatureServer/0/query?where=COUNTY%3D%27Miami-Dade%27&outFields=ROADWAY%2CAADT%2CAADTFLG%2CCOUNTY%2CDISTRICT%2CYEAR_%2CDESC_FRM%2CDESC_TO%2CBEGIN_POST%2CEND_POST&returnGeometry=false&f=json
87000178,24500,C,Miami-Dade,6,2025,N RIVER DR,NW 62 ST,0,2.17,FDOT Annual Average Daily Traffic TDA,https://services1.arcgis.com/O1JpcwDW8sjYuddV/arcgis/rest/services/Annual_Average_Daily_Traffic_TDA/FeatureServer/0,https://services1.arcgis.com/O1JpcwDW8sjYuddV/arcgis/rest/services/Annual_Average_Daily_Traffic_TDA/FeatureServer/0/query?where=COUNTY%3D%27Miami-Dade%27&outFields=ROADWAY%2CAADT%2CAADTFLG%2CCOUNTY%2CDISTRICT%2CYEAR_%2CDESC_FRM%2CDESC_TO%2CBEGIN_POST%2CEND_POST&returnGeometry=false&f=json
87000213,6600,T,Miami-Dade,6,2025,EL PORTAL CITY HALL,SR5/BISCAYNE BVD/US1,0.858,1.014,FDOT Annual Average Daily Traffic TDA,https://services1.arcgis.com/O1JpcwDW8sjYuddV/arcgis/rest/services/Annual_Average_Daily_Traffic_TDA/FeatureServer/0,https://services1.arcgis.com/O1JpcwDW8sjYuddV/arcgis/rest/services/Annual_Average_Daily_Traffic_TDA/FeatureServer/0/query?where=COUNTY%3D%27Miami-Dade%27&outFields=ROADWAY%2CAADT%2CAADTFLG%2CCOUNTY%2CDISTRICT%2CYEAR_%2CDESC_FRM%2CDESC_TO%2CBEGIN_POST%2CEND_POST&returnGeometry=false&f=json
87000162,4800,C,Miami-Dade,6,2025,N MIAMI AVE,US-1/SR-5/BISCAYNE B,0,0.348,FDOT Annual Average Daily Traffic TDA,https://services1.arcgis.com/O1JpcwDW8sjYuddV/arcgis/rest/services/Annual_Average_Daily_Traffic_TDA/FeatureServer/0,https://services1.arcgis.com/O1JpcwDW8sjYuddV/arcgis/rest/services/Annual_Average_Daily_Traffic_TDA/FeatureServer/0/query?where=COUNTY%3D%27Miami-Dade%27&outFields=ROADWAY%2CAADT%2CAADTFLG%2CCOUNTY%2CDISTRICT%2CYEAR_%2CDESC_FRM%2CDESC_TO%2CBEGIN_POST%2CEND_POST&returnGeometry=false&f=json
87000068,11600,C,Miami-Dade,6,2025,N/A,OLD CUTLER RD,0.904,2.3,FDOT Annual Average Daily Traffic TDA,https://services1.arcgis.com/O1JpcwDW8sjYuddV/arcgis/rest/services/Annual_Average_Daily_Traffic_TDA/FeatureServer/0,https://services1.arcgis.com/O1JpcwDW8sjYuddV/arcgis/rest/services/Annual_Average_Daily_Traffic_TDA/FeatureServer/0/query?where=COUNTY%3D%27Miami-Dade%27&outFields=ROADWAY%2CAADT%2CAADTFLG%2CCOUNTY%2CDISTRICT%2CYEAR_%2CDESC_FRM%2CDESC_TO%2CBEGIN_POST%2CEND_POST&returnGeometry=false&f=json
87000206,11000,T,Miami-Dade,6,2025,SR-5/US-1,NE 123 ST,0,0.6,FDOT Annual Average Daily Traffic TDA,https://services1.arcgis.com/O1JpcwDW8sjYuddV/arcgis/rest/services/Annual_Average_Daily_Traffic_TDA/FeatureServer/0,https://services1.arcgis.com/O1JpcwDW8sjYuddV/arcgis/rest/services/Annual_Average_Daily_Traffic_TDA/FeatureServer/0/query?where=COUNTY%3D%27Miami-Dade%27&outFields=ROADWAY%2CAADT%2CAADTFLG%2CCOUNTY%2CDISTRICT%2CYEAR_%2CDESC_FRM%2CDESC_TO%2CBEGIN_POST%2CEND_POST&returnGeometry=false&f=json
87000121,4200,T,Miami-Dade,6,2025,N/A,US-1/S DIXIE HWY/SR5,1.534,1.89,FDOT Annual Average Daily Traffic TDA,https://services1.arcgis.com/O1JpcwDW8sjYuddV/arcgis/rest/services/Annual_Average_Daily_Traffic_TDA/FeatureServer/0,https://services1.arcgis.com/O1JpcwDW8sjYuddV/arcgis/rest/services/Annual_Average_Daily_Traffic_TDA/FeatureServer/0/query?where=COUNTY%3D%27Miami-Dade%27&outFields=ROADWAY%2CAADT%2CAADTFLG%2CCOUNTY%2CDISTRICT%2CYEAR_%2CDESC_FRM%2CDESC_TO%2CBEGIN_POST%2CEND_POST&returnGeometry=false&f=json
87000190,1150,T,Miami-Dade,6,2025,NW 67 AVE/LUDLAM RD,NW 36 ST,0,0.776,FDOT Annual Average Daily Traffic TDA,https://services1.arcgis.com/O1JpcwDW8sjYuddV/arcgis/rest/services/Annual_Average_Daily_Traffic_TDA/FeatureServer/0,https://services1.arcgis.com/O1JpcwDW8sjYuddV/arcgis/rest/services/Annual_Average_Daily_Traffic_TDA/FeatureServer/0/query?where=COUNTY%3D%27Miami-Dade%27&outFields=ROADWAY%2CAADT%2CAADTFLG%2CCOUNTY%2CDISTRICT%2CYEAR_%2CDESC_FRM%2CDESC_TO%2CBEGIN_POST%2CEND_POST&returnGeometry=false&f=json
87000104,10100,C,Miami-Dade,6,2025,SW 72 AVE,SR959/RED RD/SW 57AV,0,1.522,FDOT Annual Average Daily Traffic TDA,https://services1.arcgis.com/O1JpcwDW8sjYuddV/arcgis/rest/services/Annual_Average_Daily_Traffic_TDA/FeatureServer/0,https://services1.arcgis.com/O1JpcwDW8sjYuddV/arcgis/rest/services/Annual_Average_Daily_Traffic_TDA/FeatureServer/0/query?where=COUNTY%3D%27Miami-Dade%27&outFields=ROADWAY%2CAADT%2CAADTFLG%2CCOUNTY%2CDISTRICT%2CYEAR_%2CDESC_FRM%2CDESC_TO%2CBEGIN_POST%2CEND_POST&returnGeometry=false&f=json
87000183,29000,S,Miami-Dade,6,2025,NW 36 ST/DORAL BLVD,N/A,0,1.121,FDOT Annual Average Daily Traffic TDA,https://services1.arcgis.com/O1JpcwDW8sjYuddV/arcgis/rest/services/Annual_Average_Daily_Traffic_TDA/FeatureServer/0,https://services1.arcgis.com/O1JpcwDW8sjYuddV/arcgis/rest/services/Annual_Average_Daily_Traffic_TDA/FeatureServer/0/query?where=COUNTY%3D%27Miami-Dade%27&outFields=ROADWAY%2CAADT%2CAADTFLG%2CCOUNTY%2CDISTRICT%2CYEAR_%2CDESC_FRM%2CDESC_TO%2CBEGIN_POST%2CEND_POST&returnGeometry=false&f=json
87000142,29000,F,Miami-Dade,6,2025,SW 147 AVE,SW 127 AVE,0,2,FDOT Annual Average Daily Traffic TDA,https://services1.arcgis.com/O1JpcwDW8sjYuddV/arcgis/rest/services/Annual_Average_Daily_Traffic_TDA/FeatureServer/0,https://services1.arcgis.com/O1JpcwDW8sjYuddV/arcgis/rest/services/Annual_Average_Daily_Traffic_TDA/FeatureServer/0/query?where=COUNTY%3D%27Miami-Dade%27&outFields=ROADWAY%2CAADT%2CAADTFLG%2CCOUNTY%2CDISTRICT%2CYEAR_%2CDESC_FRM%2CDESC_TO%2CBEGIN_POST%2CEND_POST&returnGeometry=false&f=json
87000289,6800,T,Miami-Dade,6,2025,SW 320 ST/MOWRY DR,US-1/S DIXIE HWY,0,1,FDOT Annual Average Daily Traffic TDA,https://services1.arcgis.com/O1JpcwDW8sjYuddV/arcgis/rest/services/Annual_Average_Daily_Traffic_TDA/FeatureServer/0,https://services1.arcgis.com/O1JpcwDW8sjYuddV/arcgis/rest/services/Annual_Average_Daily_Traffic_TDA/FeatureServer/0/query?where=COUNTY%3D%27Miami-Dade%27&outFields=ROADWAY%2CAADT%2CAADTFLG%2CCOUNTY%2CDISTRICT%2CYEAR_%2CDESC_FRM%2CDESC_TO%2CBEGIN_POST%2CEND_POST&returnGeometry=false&f=json
87000237,12200,T,Miami-Dade,6,2025,W 4 AVE,E 8 AVE/LE JEUNE,0,1.484,FDOT Annual Average Daily Traffic TDA,https://services1.arcgis.com/O1JpcwDW8sjYuddV/arcgis/rest/services/Annual_Average_Daily_Traffic_TDA/FeatureServer/0,https://services1.arcgis.com/O1JpcwDW8sjYuddV/arcgis/rest/services/Annual_Average_Daily_Traffic_TDA/FeatureServer/0/query?where=COUNTY%3D%27Miami-Dade%27&outFields=ROADWAY%2CAADT%2CAADTFLG%2CCOUNTY%2CDISTRICT%2CYEAR_%2CDESC_FRM%2CDESC_TO%2CBEGIN_POST%2CEND_POST&returnGeometry=false&f=json
87000097,6300,C,Miami-Dade,6,2025,S BAYSHORE DR,SR-5/US-1/DIXIE HWY,0,0.514,FDOT Annual Average Daily Traffic TDA,https://services1.arcgis.com/O1JpcwDW8sjYuddV/arcgis/rest/services/Annual_Average_Daily_Traffic_TDA/FeatureServer/0,https://services1.arcgis.com/O1JpcwDW8sjYuddV/arcgis/rest/services/Annual_Average_Daily_Traffic_TDA/FeatureServer/0/query?where=COUNTY%3D%27Miami-Dade%27&outFields=ROADWAY%2CAADT%2CAADTFLG%2CCOUNTY%2CDISTRICT%2CYEAR_%2CDESC_FRM%2CDESC_TO%2CBEGIN_POST%2CEND_POST&returnGeometry=false&f=json
87000081,8000,C,Miami-Dade,6,2025,SW 87 AV/GALLOWAY DR,PERMIT DR,0,2.548,FDOT Annual Average Daily Traffic TDA,https://services1.arcgis.com/O1JpcwDW8sjYuddV/arcgis/rest/services/Annual_Average_Daily_Traffic_TDA/FeatureServer/0,https://services1.arcgis.com/O1JpcwDW8sjYuddV/arcgis/rest/services/Annual_Average_Daily_Traffic_TDA/FeatureServer/0/query?where=COUNTY%3D%27Miami-Dade%27&outFields=ROADWAY%2CAADT%2CAADTFLG%2CCOUNTY%2CDISTRICT%2CYEAR_%2CDESC_FRM%2CDESC_TO%2CBEGIN_POST%2CEND_POST&returnGeometry=false&f=json
87000108,7700,C,Miami-Dade,6,2025,DESOTO,NW 6 ST,0.768,3,FDOT Annual Average Daily Traffic TDA,https://services1.arcgis.com/O1JpcwDW8sjYuddV/arcgis/rest/services/Annual_Average_Daily_Traffic_TDA/FeatureServer/0,https://services1.arcgis.com/O1JpcwDW8sjYuddV/arcgis/rest/services/Annual_Average_Daily_Traffic_TDA/FeatureServer/0/query?where=COUNTY%3D%27Miami-Dade%27&outFields=ROADWAY%2CAADT%2CAADTFLG%2CCOUNTY%2CDISTRICT%2CYEAR_%2CDESC_FRM%2CDESC_TO%2CBEGIN_POST%2CEND_POST&returnGeometry=false&f=json
87000291,8400,T,Miami-Dade,6,2025,MIAMI LAKES/NW 154ST,N/A,0,1.541,FDOT Annual Average Daily Traffic TDA,https://services1.arcgis.com/O1JpcwDW8sjYuddV/arcgis/rest/services/Annual_Average_Daily_Traffic_TDA/FeatureServer/0,https://services1.arcgis.com/O1JpcwDW8sjYuddV/arcgis/rest/services/Annual_Average_Daily_Traffic_TDA/FeatureServer/0/query?where=COUNTY%3D%27Miami-Dade%27&outFields=ROADWAY%2CAADT%2CAADTFLG%2CCOUNTY%2CDISTRICT%2CYEAR_%2CDESC_FRM%2CDESC_TO%2CBEGIN_POST%2CEND_POST&returnGeometry=false&f=json
87000215,13000,C,Miami-Dade,6,2025,NW 27 AV,NW 17 AV,0.923,1.941,FDOT Annual Average Daily Traffic TDA,https://services1.arcgis.com/O1JpcwDW8sjYuddV/arcgis/rest/services/Annual_Average_Daily_Traffic_TDA/FeatureServer/0,https://services1.arcgis.com/O1JpcwDW8sjYuddV/arcgis/rest/services/Annual_Average_Daily_Traffic_TDA/FeatureServer/0/query?where=COUNTY%3D%27Miami-Dade%27&outFields=ROADWAY%2CAADT%2CAADTFLG%2CCOUNTY%2CDISTRICT%2CYEAR_%2CDESC_FRM%2CDESC_TO%2CBEGIN_POST%2CEND_POST&returnGeometry=false&f=json
87000155,18600,C,Miami-Dade,6,2025,END UNDERPASS 870724,NE 2 AVE,0,0.892,FDOT Annual Average Daily Traffic TDA,https://services1.arcgis.com/O1JpcwDW8sjYuddV/arcgis/rest/services/Annual_Average_Daily_Traffic_TDA/FeatureServer/0,https://services1.arcgis.com/O1JpcwDW8sjYuddV/arcgis/rest/services/Annual_Average_Daily_Traffic_TDA/FeatureServer/0/query?where=COUNTY%3D%27Miami-Dade%27&outFields=ROADWAY%2CAADT%2CAADTFLG%2CCOUNTY%2CDISTRICT%2CYEAR_%2CDESC_FRM%2CDESC_TO%2CBEGIN_POST%2CEND_POST&returnGeometry=false&f=json
87000258,20200,F,Miami-Dade,6,2025,NE 185 ST,NE 215 ST,0,2.349,FDOT Annual Average Daily Traffic TDA,https://services1.arcgis.com/O1JpcwDW8sjYuddV/arcgis/rest/services/Annual_Average_Daily_Traffic_TDA/FeatureServer/0,https://services1.arcgis.com/O1JpcwDW8sjYuddV/arcgis/rest/services/Annual_Average_Daily_Traffic_TDA/FeatureServer/0/query?where=COUNTY%3D%27Miami-Dade%27&outFields=ROADWAY%2CAADT%2CAADTFLG%2CCOUNTY%2CDISTRICT%2CYEAR_%2CDESC_FRM%2CDESC_TO%2CBEGIN_POST%2CEND_POST&returnGeometry=false&f=json
87000091,12100,C,Miami-Dade,6,2025,SW 184 S/EUREKA DR,SW 152 ST/CORAL REEF,0,2.327,FDOT Annual Average Daily Traffic TDA,https://services1.arcgis.com/O1JpcwDW8sjYuddV/arcgis/rest/services/Annual_Average_Daily_Traffic_TDA/FeatureServer/0,https://services1.arcgis.com/O1JpcwDW8sjYuddV/arcgis/rest/services/Annual_Average_Daily_Traffic_TDA/FeatureServer/0/query?where=COUNTY%3D%27Miami-Dade%27&outFields=ROADWAY%2CAADT%2CAADTFLG%2CCOUNTY%2CDISTRICT%2CYEAR_%2CDESC_FRM%2CDESC_TO%2CBEGIN_POST%2CEND_POST&returnGeometry=false&f=json
87000138,11300,T,Miami-Dade,6,2025,SW 42 ST/BIRD RD,SW 26 ST/CORAL WAY,0,0.993,FDOT Annual Average Daily Traffic TDA,https://services1.arcgis.com/O1JpcwDW8sjYuddV/arcgis/rest/services/Annual_Average_Daily_Traffic_TDA/FeatureServer/0,https://services1.arcgis.com/O1JpcwDW8sjYuddV/arcgis/rest/services/Annual_Average_Daily_Traffic_TDA/FeatureServer/0/query?where=COUNTY%3D%27Miami-Dade%27&outFields=ROADWAY%2CAADT%2CAADTFLG%2CCOUNTY%2CDISTRICT%2CYEAR_%2CDESC_FRM%2CDESC_TO%2CBEGIN_POST%2CEND_POST&returnGeometry=false&f=json
87000278,6200,C,Miami-Dade,6,2025,NW 155 DR,NW 179 ST,0,1.41,FDOT Annual Average Daily Traffic TDA,https://services1.arcgis.com/O1JpcwDW8sjYuddV/arcgis/rest/services/Annual_Average_Daily_Traffic_TDA/FeatureServer/0,https://services1.arcgis.com/O1JpcwDW8sjYuddV/arcgis/rest/services/Annual_Average_Daily_Traffic_TDA/FeatureServer/0/query?where=COUNTY%3D%27Miami-Dade%27&outFields=ROADWAY%2CAADT%2CAADTFLG%2CCOUNTY%2CDISTRICT%2CYEAR_%2CDESC_FRM%2CDESC_TO%2CBEGIN_POST%2CEND_POST&returnGeometry=false&f=json
87000234,8500,F,Miami-Dade,6,2025,NW 89 AVE,N/A,0,2.491,FDOT Annual Average Daily Traffic TDA,https://services1.arcgis.com/O1JpcwDW8sjYuddV/arcgis/rest/services/Annual_Average_Daily_Traffic_TDA/FeatureServer/0,https://services1.arcgis.com/O1JpcwDW8sjYuddV/arcgis/rest/services/Annual_Average_Daily_Traffic_TDA/FeatureServer/0/query?where=COUNTY%3D%27Miami-Dade%27&outFields=ROADWAY%2CAADT%2CAADTFLG%2CCOUNTY%2CDISTRICT%2CYEAR_%2CDESC_FRM%2CDESC_TO%2CBEGIN_POST%2CEND_POST&returnGeometry=false&f=json
87000093,7900,C,Miami-Dade,6,2025,SW 27 AVE,SW 17 AVE,0,1.237,FDOT Annual Average Daily Traffic TDA,https://services1.arcgis.com/O1JpcwDW8sjYuddV/arcgis/rest/services/Annual_Average_Daily_Traffic_TDA/FeatureServer/0,https://services1.arcgis.com/O1JpcwDW8sjYuddV/arcgis/rest/services/Annual_Average_Daily_Traffic_TDA/FeatureServer/0/query?where=COUNTY%3D%27Miami-Dade%27&outFields=ROADWAY%2CAADT%2CAADTFLG%2CCOUNTY%2CDISTRICT%2CYEAR_%2CDESC_FRM%2CDESC_TO%2CBEGIN_POST%2CEND_POST&returnGeometry=false&f=json
87000169,31000,C,Miami-Dade,6,2025,NE 26 AVE,US-1/BISCAYNE BLVD,0.761,0.915,FDOT Annual Average Daily Traffic TDA,https://services1.arcgis.com/O1JpcwDW8sjYuddV/arcgis/rest/services/Annual_Average_Daily_Traffic_TDA/FeatureServer/0,https://services1.arcgis.com/O1JpcwDW8sjYuddV/arcgis/rest/services/Annual_Average_Daily_Traffic_TDA/FeatureServer/0/query?where=COUNTY%3D%27Miami-Dade%27&outFields=ROADWAY%2CAADT%2CAADTFLG%2CCOUNTY%2CDISTRICT%2CYEAR_%2CDESC_FRM%2CDESC_TO%2CBEGIN_POST%2CEND_POST&returnGeometry=false&f=json
87000107,4300,C,Miami-Dade,6,2025,SW 72 ST/SUNSET RD,SW 40 ST/BIRD RD,0,2.269,FDOT Annual Average Daily Traffic TDA,https://services1.arcgis.com/O1JpcwDW8sjYuddV/arcgis/rest/services/Annual_Average_Daily_Traffic_TDA/FeatureServer/0,https://services1.arcgis.com/O1JpcwDW8sjYuddV/arcgis/rest/services/Annual_Average_Daily_Traffic_TDA/FeatureServer/0/query?where=COUNTY%3D%27Miami-Dade%27&outFields=ROADWAY%2CAADT%2CAADTFLG%2CCOUNTY%2CDISTRICT%2CYEAR_%2CDESC_FRM%2CDESC_TO%2CBEGIN_POST%2CEND_POST&returnGeometry=false&f=json
87000291,8400,T,Miami-Dade,6,2025,N/A,NW 186 ST,1.541,2.014,FDOT Annual Average Daily Traffic TDA,https://services1.arcgis.com/O1JpcwDW8sjYuddV/arcgis/rest/services/Annual_Average_Daily_Traffic_TDA/FeatureServer/0,https://services1.arcgis.com/O1JpcwDW8sjYuddV/arcgis/rest/services/Annual_Average_Daily_Traffic_TDA/FeatureServer/0/query?where=COUNTY%3D%27Miami-Dade%27&outFields=ROADWAY%2CAADT%2CAADTFLG%2CCOUNTY%2CDISTRICT%2CYEAR_%2CDESC_FRM%2CDESC_TO%2CBEGIN_POST%2CEND_POST&returnGeometry=false&f=json
87000147,18500,C,Miami-Dade,6,2025,SOUTH POINTE DR,DADE BLVD,0,2.1,FDOT Annual Average Daily Traffic TDA,https://services1.arcgis.com/O1JpcwDW8sjYuddV/arcgis/rest/services/Annual_Average_Daily_Traffic_TDA/FeatureServer/0,https://services1.arcgis.com/O1JpcwDW8sjYuddV/arcgis/rest/services/Annual_Average_Daily_Traffic_TDA/FeatureServer/0/query?where=COUNTY%3D%27Miami-Dade%27&outFields=ROADWAY%2CAADT%2CAADTFLG%2CCOUNTY%2CDISTRICT%2CYEAR_%2CDESC_FRM%2CDESC_TO%2CBEGIN_POST%2CEND_POST&returnGeometry=false&f=json
87000257,7100,T,Miami-Dade,6,2025,NW 12 AVE,NE 183 ST/MIAMI GARD,0,2.019,FDOT Annual Average Daily Traffic TDA,https://services1.arcgis.com/O1JpcwDW8sjYuddV/arcgis/rest/services/Annual_Average_Daily_Traffic_TDA/FeatureServer/0,https://services1.arcgis.com/O1JpcwDW8sjYuddV/arcgis/rest/services/Annual_Average_Daily_Traffic_TDA/FeatureServer/0/query?where=COUNTY%3D%27Miami-Dade%27&outFields=ROADWAY%2CAADT%2CAADTFLG%2CCOUNTY%2CDISTRICT%2CYEAR_%2CDESC_FRM%2CDESC_TO%2CBEGIN_POST%2CEND_POST&returnGeometry=false&f=json
87000055,9000,C,Miami-Dade,6,2025,SR-5/US-1/S DIXIE HW,OLD CUTLER RD,0,1.563,FDOT Annual Average Daily Traffic TDA,https://services1.arcgis.com/O1JpcwDW8sjYuddV/arcgis/rest/services/Annual_Average_Daily_Traffic_TDA/FeatureServer/0,https://services1.arcgis.com/O1JpcwDW8sjYuddV/arcgis/rest/services/Annual_Average_Daily_Traffic_TDA/FeatureServer/0/query?where=COUNTY%3D%27Miami-Dade%27&outFields=ROADWAY%2CAADT%2CAADTFLG%2CCOUNTY%2CDISTRICT%2CYEAR_%2CDESC_FRM%2CDESC_TO%2CBEGIN_POST%2CEND_POST&returnGeometry=false&f=json
87000080,8900,C,Miami-Dade,6,2025,OLD CUTLER RD,SW 152 ST,0,0.633,FDOT Annual Average Daily Traffic TDA,https://services1.arcgis.com/O1JpcwDW8sjYuddV/arcgis/rest/services/Annual_Average_Daily_Traffic_TDA/FeatureServer/0,https://services1.arcgis.com/O1JpcwDW8sjYuddV/arcgis/rest/services/Annual_Average_Daily_Traffic_TDA/FeatureServer/0/query?where=COUNTY%3D%27Miami-Dade%27&outFields=ROADWAY%2CAADT%2CAADTFLG%2CCOUNTY%2CDISTRICT%2CYEAR_%2CDESC_FRM%2CDESC_TO%2CBEGIN_POST%2CEND_POST&returnGeometry=false&f=json
87000114,9100,T,Miami-Dade,6,2025,SW 28 ST,SW 12 ST,0.75,1.762,FDOT Annual Average Daily Traffic TDA,https://services1.arcgis.com/O1JpcwDW8sjYuddV/arcgis/rest/services/Annual_Average_Daily_Traffic_TDA/FeatureServer/0,https://services1.arcgis.com/O1JpcwDW8sjYuddV/arcgis/rest/services/Annual_Average_Daily_Traffic_TDA/FeatureServer/0/query?where=COUNTY%3D%27Miami-Dade%27&outFields=ROADWAY%2CAADT%2CAADTFLG%2CCOUNTY%2CDISTRICT%2CYEAR_%2CDESC_FRM%2CDESC_TO%2CBEGIN_POST%2CEND_POST&returnGeometry=false&f=json
87000180,7700,F,Miami-Dade,6,2025,SW 24 ST/CORAL WAY,SW 8 ST/CESAR A CALA,0,1.045,FDOT Annual Average Daily Traffic TDA,https://services1.arcgis.com/O1JpcwDW8sjYuddV/arcgis/rest/services/Annual_Average_Daily_Traffic_TDA/FeatureServer/0,https://services1.arcgis.com/O1JpcwDW8sjYuddV/arcgis/rest/services/Annual_Average_Daily_Traffic_TDA/FeatureServer/0/query?where=COUNTY%3D%27Miami-Dade%27&outFields=ROADWAY%2CAADT%2CAADTFLG%2CCOUNTY%2CDISTRICT%2CYEAR_%2CDESC_FRM%2CDESC_TO%2CBEGIN_POST%2CEND_POST&returnGeometry=false&f=json
87000169,63000,C,Miami-Dade,6,2025,HIGHLAND LAKES BLVD,NE 26 AVE,0,0.761,FDOT Annual Average Daily Traffic TDA,https://services1.arcgis.com/O1JpcwDW8sjYuddV/arcgis/rest/services/Annual_Average_Daily_Traffic_TDA/FeatureServer/0,https://services1.arcgis.com/O1JpcwDW8sjYuddV/arcgis/rest/services/Annual_Average_Daily_Traffic_TDA/FeatureServer/0/query?where=COUNTY%3D%27Miami-Dade%27&outFields=ROADWAY%2CAADT%2CAADTFLG%2CCOUNTY%2CDISTRICT%2CYEAR_%2CDESC_FRM%2CDESC_TO%2CBEGIN_POST%2CEND_POST&returnGeometry=false&f=json
87000118,9800,T,Miami-Dade,6,2025,SR-976/SW 40 ST,SW 24 ST/CORAL WAY,0,1.035,FDOT Annual Average Daily Traffic TDA,https://services1.arcgis.com/O1JpcwDW8sjYuddV/arcgis/rest/services/Annual_Average_Daily_Traffic_TDA/FeatureServer/0,https://services1.arcgis.com/O1JpcwDW8sjYuddV/arcgis/rest/services/Annual_Average_Daily_Traffic_TDA/FeatureServer/0/query?where=COUNTY%3D%27Miami-Dade%27&outFields=ROADWAY%2CAADT%2CAADTFLG%2CCOUNTY%2CDISTRICT%2CYEAR_%2CDESC_FRM%2CDESC_TO%2CBEGIN_POST%2CEND_POST&returnGeometry=false&f=json
87000294,7900,T,Miami-Dade,6,2025,NW 163 ST,NE 15 AVE,0,0.788,FDOT Annual Average Daily Traffic TDA,https://services1.arcgis.com/O1JpcwDW8sjYuddV/arcgis/rest/services/Annual_Average_Daily_Traffic_TDA/FeatureServer/0,https://services1.arcgis.com/O1JpcwDW8sjYuddV/arcgis/rest/services/Annual_Average_Daily_Traffic_TDA/FeatureServer/0/query?where=COUNTY%3D%27Miami-Dade%27&outFields=ROADWAY%2CAADT%2CAADTFLG%2CCOUNTY%2CDISTRICT%2CYEAR_%2CDESC_FRM%2CDESC_TO%2CBEGIN_POST%2CEND_POST&returnGeometry=false&f=json
87000234,8500,F,Miami-Dade,6,2025,N/A,END UP 870989,2.798,2.884,FDOT Annual Average Daily Traffic TDA,https://services1.arcgis.com/O1JpcwDW8sjYuddV/arcgis/rest/services/Annual_Average_Daily_Traffic_TDA/FeatureServer/0,https://services1.arcgis.com/O1JpcwDW8sjYuddV/arcgis/rest/services/Annual_Average_Daily_Traffic_TDA/FeatureServer/0/query?where=COUNTY%3D%27Miami-Dade%27&outFields=ROADWAY%2CAADT%2CAADTFLG%2CCOUNTY%2CDISTRICT%2CYEAR_%2CDESC_FRM%2CDESC_TO%2CBEGIN_POST%2CEND_POST&returnGeometry=false&f=json
87000141,37500,C,Miami-Dade,6,2025,SW 127 AVE,SR-821,2.001,2.972,FDOT Annual Average Daily Traffic TDA,https://services1.arcgis.com/O1JpcwDW8sjYuddV/arcgis/rest/services/Annual_Average_Daily_Traffic_TDA/FeatureServer/0,https://services1.arcgis.com/O1JpcwDW8sjYuddV/arcgis/rest/services/Annual_Average_Daily_Traffic_TDA/FeatureServer/0/query?where=COUNTY%3D%27Miami-Dade%27&outFields=ROADWAY%2CAADT%2CAADTFLG%2CCOUNTY%2CDISTRICT%2CYEAR_%2CDESC_FRM%2CDESC_TO%2CBEGIN_POST%2CEND_POST&returnGeometry=false&f=json
87000285,12100,T,Miami-Dade,6,2025,NW 67 AVE,NW 186 ST/SR-860,0,0.915,FDOT Annual Average Daily Traffic TDA,https://services1.arcgis.com/O1JpcwDW8sjYuddV/arcgis/rest/services/Annual_Average_Daily_Traffic_TDA/FeatureServer/0,https://services1.arcgis.com/O1JpcwDW8sjYuddV/arcgis/rest/services/Annual_Average_Daily_Traffic_TDA/FeatureServer/0/query?where=COUNTY%3D%27Miami-Dade%27&outFields=ROADWAY%2CAADT%2CAADTFLG%2CCOUNTY%2CDISTRICT%2CYEAR_%2CDESC_FRM%2CDESC_TO%2CBEGIN_POST%2CEND_POST&returnGeometry=false&f=json
87000066,52000,C,Miami-Dade,6,2025,SW 127 AVE,RAMP 87050324,1.011,2.942,FDOT Annual Average Daily Traffic TDA,https://services1.arcgis.com/O1JpcwDW8sjYuddV/arcgis/rest/services/Annual_Average_Daily_Traffic_TDA/FeatureServer/0,https://services1.arcgis.com/O1JpcwDW8sjYuddV/arcgis/rest/services/Annual_Average_Daily_Traffic_TDA/FeatureServer/0/query?where=COUNTY%3D%27Miami-Dade%27&outFields=ROADWAY%2CAADT%2CAADTFLG%2CCOUNTY%2CDISTRICT%2CYEAR_%2CDESC_FRM%2CDESC_TO%2CBEGIN_POST%2CEND_POST&returnGeometry=false&f=json
87000198,5500,T,Miami-Dade,6,2025,ABBOTT AVE,88 ST,0,1.56,FDOT Annual Average Daily Traffic TDA,https://services1.arcgis.com/O1JpcwDW8sjYuddV/arcgis/rest/services/Annual_Average_Daily_Traffic_TDA/FeatureServer/0,https://services1.arcgis.com/O1JpcwDW8sjYuddV/arcgis/rest/services/Annual_Average_Daily_Traffic_TDA/FeatureServer/0/query?where=COUNTY%3D%27Miami-Dade%27&outFields=ROADWAY%2CAADT%2CAADTFLG%2CCOUNTY%2CDISTRICT%2CYEAR_%2CDESC_FRM%2CDESC_TO%2CBEGIN_POST%2CEND_POST&returnGeometry=false&f=json
87000103,10100,C,Miami-Dade,6,2025,SW 72 AVE,OLD CUTLER RD,0,2.73,FDOT Annual Average Daily Traffic TDA,https://services1.arcgis.com/O1JpcwDW8sjYuddV/arcgis/rest/services/Annual_Average_Daily_Traffic_TDA/FeatureServer/0,https://services1.arcgis.com/O1JpcwDW8sjYuddV/arcgis/rest/services/Annual_Average_Daily_Traffic_TDA/FeatureServer/0/query?where=COUNTY%3D%27Miami-Dade%27&outFields=ROADWAY%2CAADT%2CAADTFLG%2CCOUNTY%2CDISTRICT%2CYEAR_%2CDESC_FRM%2CDESC_TO%2CBEGIN_POST%2CEND_POST&returnGeometry=false&f=json
87000290,8600,T,Miami-Dade,6,2025,NW 191 ST,NW 199 ST/HONEY HILL,0,0.5,FDOT Annual Average Daily Traffic TDA,https://services1.arcgis.com/O1JpcwDW8sjYuddV/arcgis/rest/services/Annual_Average_Daily_Traffic_TDA/FeatureServer/0,https://services1.arcgis.com/O1JpcwDW8sjYuddV/arcgis/rest/services/Annual_Average_Daily_Traffic_TDA/FeatureServer/0/query?where=COUNTY%3D%27Miami-Dade%27&outFields=ROADWAY%2CAADT%2CAADTFLG%2CCOUNTY%2CDISTRICT%2CYEAR_%2CDESC_FRM%2CDESC_TO%2CBEGIN_POST%2CEND_POST&returnGeometry=false&f=json
87000187,6600,T,Miami-Dade,6,2025,NW 67 AV,N ROYAL PONCIANA BLV,0,1.458,FDOT Annual Average Daily Traffic TDA,https://services1.arcgis.com/O1JpcwDW8sjYuddV/arcgis/rest/services/Annual_Average_Daily_Traffic_TDA/FeatureServer/0,https://services1.arcgis.com/O1JpcwDW8sjYuddV/arcgis/rest/services/Annual_Average_Daily_Traffic_TDA/FeatureServer/0/query?where=COUNTY%3D%27Miami-Dade%27&outFields=ROADWAY%2CAADT%2CAADTFLG%2CCOUNTY%2CDISTRICT%2CYEAR_%2CDESC_FRM%2CDESC_TO%2CBEGIN_POST%2CEND_POST&returnGeometry=false&f=json
87000183,28500,S,Miami-Dade,6,2025,N/A,NW 72 AV/MILAM DAIRY,1.121,2.618,FDOT Annual Average Daily Traffic TDA,https://services1.arcgis.com/O1JpcwDW8sjYuddV/arcgis/rest/services/Annual_Average_Daily_Traffic_TDA/FeatureServer/0,https://services1.arcgis.com/O1JpcwDW8sjYuddV/arcgis/rest/services/Annual_Average_Daily_Traffic_TDA/FeatureServer/0/query?where=COUNTY%3D%27Miami-Dade%27&outFields=ROADWAY%2CAADT%2CAADTFLG%2CCOUNTY%2CDISTRICT%2CYEAR_%2CDESC_FRM%2CDESC_TO%2CBEGIN_POST%2CEND_POST&returnGeometry=false&f=json
87000153,5900,C,Miami-Dade,6,2025,NW 27 AVE/SR-9,NE 2 AVE,0,3.052,FDOT Annual Average Daily Traffic TDA,https://services1.arcgis.com/O1JpcwDW8sjYuddV/arcgis/rest/services/Annual_Average_Daily_Traffic_TDA/FeatureServer/0,https://services1.arcgis.com/O1JpcwDW8sjYuddV/arcgis/rest/services/Annual_Average_Daily_Traffic_TDA/FeatureServer/0/query?where=COUNTY%3D%27Miami-Dade%27&outFields=ROADWAY%2CAADT%2CAADTFLG%2CCOUNTY%2CDISTRICT%2CYEAR_%2CDESC_FRM%2CDESC_TO%2CBEGIN_POST%2CEND_POST&returnGeometry=false&f=json
87000265,12400,C,Miami-Dade,6,2025,NW 7 AVE/PALMETTO,NW 199 ST/HONEY HILL,0,1.904,FDOT Annual Average Daily Traffic TDA,https://services1.arcgis.com/O1JpcwDW8sjYuddV/arcgis/rest/services/Annual_Average_Daily_Traffic_TDA/FeatureServer/0,https://services1.arcgis.com/O1JpcwDW8sjYuddV/arcgis/rest/services/Annual_Average_Daily_Traffic_TDA/FeatureServer/0/query?where=COUNTY%3D%27Miami-Dade%27&outFields=ROADWAY%2CAADT%2CAADTFLG%2CCOUNTY%2CDISTRICT%2CYEAR_%2CDESC_FRM%2CDESC_TO%2CBEGIN_POST%2CEND_POST&returnGeometry=false&f=json
87000220,8800,S,Miami-Dade,6,2025,SR-5/US-1/BISCAYNE,NE 163 ST,0,2.984,FDOT Annual Average Daily Traffic TDA,https://services1.arcgis.com/O1JpcwDW8sjYuddV/arcgis/rest/services/Annual_Average_Daily_Traffic_TDA/FeatureServer/0,https://services1.arcgis.com/O1JpcwDW8sjYuddV/arcgis/rest/services/Annual_Average_Daily_Traffic_TDA/FeatureServer/0/query?where=COUNTY%3D%27Miami-Dade%27&outFields=ROADWAY%2CAADT%2CAADTFLG%2CCOUNTY%2CDISTRICT%2CYEAR_%2CDESC_FRM%2CDESC_TO%2CBEGIN_POST%2CEND_POST&returnGeometry=false&f=json
87000068,11700,C,Miami-Dade,6,2025,S SR-5/S DIXIE/US-1,N/A,0,0.904,FDOT Annual Average Daily Traffic TDA,https://services1.arcgis.com/O1JpcwDW8sjYuddV/arcgis/rest/services/Annual_Average_Daily_Traffic_TDA/FeatureServer/0,https://services1.arcgis.com/O1JpcwDW8sjYuddV/arcgis/rest/services/Annual_Average_Daily_Traffic_TDA/FeatureServer/0/query?where=COUNTY%3D%27Miami-Dade%27&outFields=ROADWAY%2CAADT%2CAADTFLG%2CCOUNTY%2CDISTRICT%2CYEAR_%2CDESC_FRM%2CDESC_TO%2CBEGIN_POST%2CEND_POST&returnGeometry=false&f=json
87000227,7100,T,Miami-Dade,6,2025,NW 42 AV-NW 37 AV CO,NW 22 AVE,0,1.626,FDOT Annual Average Daily Traffic TDA,https://services1.arcgis.com/O1JpcwDW8sjYuddV/arcgis/rest/services/Annual_Average_Daily_Traffic_TDA/FeatureServer/0,https://services1.arcgis.com/O1JpcwDW8sjYuddV/arcgis/rest/services/Annual_Average_Daily_Traffic_TDA/FeatureServer/0/query?where=COUNTY%3D%27Miami-Dade%27&outFields=ROADWAY%2CAADT%2CAADTFLG%2CCOUNTY%2CDISTRICT%2CYEAR_%2CDESC_FRM%2CDESC_TO%2CBEGIN_POST%2CEND_POST&returnGeometry=false&f=json
87000141,32500,C,Miami-Dade,6,2025,SW 147 AVE,N/A,0,1,FDOT Annual Average Daily Traffic TDA,https://services1.arcgis.com/O1JpcwDW8sjYuddV/arcgis/rest/services/Annual_Average_Daily_Traffic_TDA/FeatureServer/0,https://services1.arcgis.com/O1JpcwDW8sjYuddV/arcgis/rest/services/Annual_Average_Daily_Traffic_TDA/FeatureServer/0/query?where=COUNTY%3D%27Miami-Dade%27&outFields=ROADWAY%2CAADT%2CAADTFLG%2CCOUNTY%2CDISTRICT%2CYEAR_%2CDESC_FRM%2CDESC_TO%2CBEGIN_POST%2CEND_POST&returnGeometry=false&f=json
87000266,10200,T,Miami-Dade,6,2025,NW 183 ST/MIAMI GARD,NW 199 ST,0,1,FDOT Annual Average Daily Traffic TDA,https://services1.arcgis.com/O1JpcwDW8sjYuddV/arcgis/rest/services/Annual_Average_Daily_Traffic_TDA/FeatureServer/0,https://services1.arcgis.com/O1JpcwDW8sjYuddV/arcgis/rest/services/Annual_Average_Daily_Traffic_TDA/FeatureServer/0/query?where=COUNTY%3D%27Miami-Dade%27&outFields=ROADWAY%2CAADT%2CAADTFLG%2CCOUNTY%2CDISTRICT%2CYEAR_%2CDESC_FRM%2CDESC_TO%2CBEGIN_POST%2CEND_POST&returnGeometry=false&f=json
87000212,13000,T,Miami-Dade,6,2025,NE 79 ST/SR 934,NE 97 ST,0,1.159,FDOT Annual Average Daily Traffic TDA,https://services1.arcgis.com/O1JpcwDW8sjYuddV/arcgis/rest/services/Annual_Average_Daily_Traffic_TDA/FeatureServer/0,https://services1.arcgis.com/O1JpcwDW8sjYuddV/arcgis/rest/services/Annual_Average_Daily_Traffic_TDA/FeatureServer/0/query?where=COUNTY%3D%27Miami-Dade%27&outFields=ROADWAY%2CAADT%2CAADTFLG%2CCOUNTY%2CDISTRICT%2CYEAR_%2CDESC_FRM%2CDESC_TO%2CBEGIN_POST%2CEND_POST&returnGeometry=false&f=json
87000113,5500,C,Miami-Dade,6,2025,SW 75 ST,N/A,0,0.683,FDOT Annual Average Daily Traffic TDA,https://services1.arcgis.com/O1JpcwDW8sjYuddV/arcgis/rest/services/Annual_Average_Daily_Traffic_TDA/FeatureServer/0,https://services1.arcgis.com/O1JpcwDW8sjYuddV/arcgis/rest/services/Annual_Average_Daily_Traffic_TDA/FeatureServer/0/query?where=COUNTY%3D%27Miami-Dade%27&outFields=ROADWAY%2CAADT%2CAADTFLG%2CCOUNTY%2CDISTRICT%2CYEAR_%2CDESC_FRM%2CDESC_TO%2CBEGIN_POST%2CEND_POST&returnGeometry=false&f=json
87000172,500,F,Miami-Dade,6,2025,N/A,NW 1 AV,0.317,0.449,FDOT Annual Average Daily Traffic TDA,https://services1.arcgis.com/O1JpcwDW8sjYuddV/arcgis/rest/services/Annual_Average_Daily_Traffic_TDA/FeatureServer/0,https://services1.arcgis.com/O1JpcwDW8sjYuddV/arcgis/rest/services/Annual_Average_Daily_Traffic_TDA/FeatureServer/0/query?where=COUNTY%3D%27Miami-Dade%27&outFields=ROADWAY%2CAADT%2CAADTFLG%2CCOUNTY%2CDISTRICT%2CYEAR_%2CDESC_FRM%2CDESC_TO%2CBEGIN_POST%2CEND_POST&returnGeometry=false&f=json
87000141,34500,C,Miami-Dade,6,2025,N/A,SW 127 AVE,1,2.001,FDOT Annual Average Daily Traffic TDA,https://services1.arcgis.com/O1JpcwDW8sjYuddV/arcgis/rest/services/Annual_Average_Daily_Traffic_TDA/FeatureServer/0,https://services1.arcgis.com/O1JpcwDW8sjYuddV/arcgis/rest/services/Annual_Average_Daily_Traffic_TDA/FeatureServer/0/query?where=COUNTY%3D%27Miami-Dade%27&outFields=ROADWAY%2CAADT%2CAADTFLG%2CCOUNTY%2CDISTRICT%2CYEAR_%2CDESC_FRM%2CDESC_TO%2CBEGIN_POST%2CEND_POST&returnGeometry=false&f=json
87000286,26000,T,Miami-Dade,6,2025,NW 170 ST,NW 186 ST,0,0.987,FDOT Annual Average Daily Traffic TDA,https://services1.arcgis.com/O1JpcwDW8sjYuddV/arcgis/rest/services/Annual_Average_Daily_Traffic_TDA/FeatureServer/0,https://services1.arcgis.com/O1JpcwDW8sjYuddV/arcgis/rest/services/Annual_Average_Daily_Traffic_TDA/FeatureServer/0/query?where=COUNTY%3D%27Miami-Dade%27&outFields=ROADWAY%2CAADT%2CAADTFLG%2CCOUNTY%2CDISTRICT%2CYEAR_%2CDESC_FRM%2CDESC_TO%2CBEGIN_POST%2CEND_POST&returnGeometry=false&f=json
87000223,3500,T,Miami-Dade,6,2025,NE 6 AVE,SR-5/US-1/BISCAYNE,1.514,2.645,FDOT Annual Average Daily Traffic TDA,https://services1.arcgis.com/O1JpcwDW8sjYuddV/arcgis/rest/services/Annual_Average_Daily_Traffic_TDA/FeatureServer/0,https://services1.arcgis.com/O1JpcwDW8sjYuddV/arcgis/rest/services/Annual_Average_Daily_Traffic_TDA/FeatureServer/0/query?where=COUNTY%3D%27Miami-Dade%27&outFields=ROADWAY%2CAADT%2CAADTFLG%2CCOUNTY%2CDISTRICT%2CYEAR_%2CDESC_FRM%2CDESC_TO%2CBEGIN_POST%2CEND_POST&returnGeometry=false&f=json
87000096,1650,F,Miami-Dade,6,2025,CRANDON BLVD,W MASHTHA DR,0,0.5,FDOT Annual Average Daily Traffic TDA,https://services1.arcgis.com/O1JpcwDW8sjYuddV/arcgis/rest/services/Annual_Average_Daily_Traffic_TDA/FeatureServer/0,https://services1.arcgis.com/O1JpcwDW8sjYuddV/arcgis/rest/services/Annual_Average_Daily_Traffic_TDA/FeatureServer/0/query?where=COUNTY%3D%27Miami-Dade%27&outFields=ROADWAY%2CAADT%2CAADTFLG%2CCOUNTY%2CDISTRICT%2CYEAR_%2CDESC_FRM%2CDESC_TO%2CBEGIN_POST%2CEND_POST&returnGeometry=false&f=json
87000063,17800,C,Miami-Dade,6,2025,SR-5/US-1/S DIXIE HW,SR-821/HEFT,0,2.8,FDOT Annual Average Daily Traffic TDA,https://services1.arcgis.com/O1JpcwDW8sjYuddV/arcgis/rest/services/Annual_Average_Daily_Traffic_TDA/FeatureServer/0,https://services1.arcgis.com/O1JpcwDW8sjYuddV/arcgis/rest/services/Annual_Average_Daily_Traffic_TDA/FeatureServer/0/query?where=COUNTY%3D%27Miami-Dade%27&outFields=ROADWAY%2CAADT%2CAADTFLG%2CCOUNTY%2CDISTRICT%2CYEAR_%2CDESC_FRM%2CDESC_TO%2CBEGIN_POST%2CEND_POST&returnGeometry=false&f=json
87000181,45000,C,Miami-Dade,6,2025,COSTA DEL SOL,NW 93 CT,0,0.808,FDOT Annual Average Daily Traffic TDA,https://services1.arcgis.com/O1JpcwDW8sjYuddV/arcgis/rest/services/Annual_Average_Daily_Traffic_TDA/FeatureServer/0,https://services1.arcgis.com/O1JpcwDW8sjYuddV/arcgis/rest/services/Annual_Average_Daily_Traffic_TDA/FeatureServer/0/query?where=COUNTY%3D%27Miami-Dade%27&outFields=ROADWAY%2CAADT%2CAADTFLG%2CCOUNTY%2CDISTRICT%2CYEAR_%2CDESC_FRM%2CDESC_TO%2CBEGIN_POST%2CEND_POST&returnGeometry=false&f=json
87000120,6800,T,Miami-Dade,6,2025,PONCE DE LEON,N/A,0,0.955,FDOT Annual Average Daily Traffic TDA,https://services1.arcgis.com/O1JpcwDW8sjYuddV/arcgis/rest/services/Annual_Average_Daily_Traffic_TDA/FeatureServer/0,https://services1.arcgis.com/O1JpcwDW8sjYuddV/arcgis/rest/services/Annual_Average_Daily_Traffic_TDA/FeatureServer/0/query?where=COUNTY%3D%27Miami-Dade%27&outFields=ROADWAY%2CAADT%2CAADTFLG%2CCOUNTY%2CDISTRICT%2CYEAR_%2CDESC_FRM%2CDESC_TO%2CBEGIN_POST%2CEND_POST&returnGeometry=false&f=json
87000211,12300,T,Miami-Dade,6,2025,END UP 870429 NB I95,NE 2 AVE,0,0.851,FDOT Annual Average Daily Traffic TDA,https://services1.arcgis.com/O1JpcwDW8sjYuddV/arcgis/rest/services/Annual_Average_Daily_Traffic_TDA/FeatureServer/0,https://services1.arcgis.com/O1JpcwDW8sjYuddV/arcgis/rest/services/Annual_Average_Daily_Traffic_TDA/FeatureServer/0/query?where=COUNTY%3D%27Miami-Dade%27&outFields=ROADWAY%2CAADT%2CAADTFLG%2CCOUNTY%2CDISTRICT%2CYEAR_%2CDESC_FRM%2CDESC_TO%2CBEGIN_POST%2CEND_POST&returnGeometry=false&f=json
87000121,6800,T,Miami-Dade,6,2025,Bridge No-874278,N/A,1.148,1.227,FDOT Annual Average Daily Traffic TDA,https://services1.arcgis.com/O1JpcwDW8sjYuddV/arcgis/rest/services/Annual_Average_Daily_Traffic_TDA/FeatureServer/0,https://services1.arcgis.com/O1JpcwDW8sjYuddV/arcgis/rest/services/Annual_Average_Daily_Traffic_TDA/FeatureServer/0/query?where=COUNTY%3D%27Miami-Dade%27&outFields=ROADWAY%2CAADT%2CAADTFLG%2CCOUNTY%2CDISTRICT%2CYEAR_%2CDESC_FRM%2CDESC_TO%2CBEGIN_POST%2CEND_POST&returnGeometry=false&f=json
87000160,8700,T,Miami-Dade,6,2025,NW 20 ST,RAMP 87270515,0,1.175,FDOT Annual Average Daily Traffic TDA,https://services1.arcgis.com/O1JpcwDW8sjYuddV/arcgis/rest/services/Annual_Average_Daily_Traffic_TDA/FeatureServer/0,https://services1.arcgis.com/O1JpcwDW8sjYuddV/arcgis/rest/services/Annual_Average_Daily_Traffic_TDA/FeatureServer/0/query?where=COUNTY%3D%27Miami-Dade%27&outFields=ROADWAY%2CAADT%2CAADTFLG%2CCOUNTY%2CDISTRICT%2CYEAR_%2CDESC_FRM%2CDESC_TO%2CBEGIN_POST%2CEND_POST&returnGeometry=false&f=json
87000270,22000,F,Miami-Dade,6,2025,SW 162 AVE,SW 142 AVE,0,2.003,FDOT Annual Average Daily Traffic TDA,https://services1.arcgis.com/O1JpcwDW8sjYuddV/arcgis/rest/services/Annual_Average_Daily_Traffic_TDA/FeatureServer/0,https://services1.arcgis.com/O1JpcwDW8sjYuddV/arcgis/rest/services/Annual_Average_Daily_Traffic_TDA/FeatureServer/0/query?where=COUNTY%3D%27Miami-Dade%27&outFields=ROADWAY%2CAADT%2CAADTFLG%2CCOUNTY%2CDISTRICT%2CYEAR_%2CDESC_FRM%2CDESC_TO%2CBEGIN_POST%2CEND_POST&returnGeometry=false&f=json
87000235,14100,T,Miami-Dade,6,2025,OKEECHOBEE RD/US-27,RED RD/W 4 AVE,0,2,FDOT Annual Average Daily Traffic TDA,https://services1.arcgis.com/O1JpcwDW8sjYuddV/arcgis/rest/services/Annual_Average_Daily_Traffic_TDA/FeatureServer/0,https://services1.arcgis.com/O1JpcwDW8sjYuddV/arcgis/rest/services/Annual_Average_Daily_Traffic_TDA/FeatureServer/0/query?where=COUNTY%3D%27Miami-Dade%27&outFields=ROADWAY%2CAADT%2CAADTFLG%2CCOUNTY%2CDISTRICT%2CYEAR_%2CDESC_FRM%2CDESC_TO%2CBEGIN_POST%2CEND_POST&returnGeometry=false&f=json
87000086,7000,C,Miami-Dade,6,2025,NW 42 AVE/LEJEUNE RD,NW 37 AVE/DOUGLAS RD,0,0.41,FDOT Annual Average Daily Traffic TDA,https://services1.arcgis.com/O1JpcwDW8sjYuddV/arcgis/rest/services/Annual_Average_Daily_Traffic_TDA/FeatureServer/0,https://services1.arcgis.com/O1JpcwDW8sjYuddV/arcgis/rest/services/Annual_Average_Daily_Traffic_TDA/FeatureServer/0/query?where=COUNTY%3D%27Miami-Dade%27&outFields=ROADWAY%2CAADT%2CAADTFLG%2CCOUNTY%2CDISTRICT%2CYEAR_%2CDESC_FRM%2CDESC_TO%2CBEGIN_POST%2CEND_POST&returnGeometry=false&f=json
87000246,4500,C,Miami-Dade,6,2025,NW 67 AV,NW 67 AVE,0,1.508,FDOT Annual Average Daily Traffic TDA,https://services1.arcgis.com/O1JpcwDW8sjYuddV/arcgis/rest/services/Annual_Average_Daily_Traffic_TDA/FeatureServer/0,https://services1.arcgis.com/O1JpcwDW8sjYuddV/arcgis/rest/services/Annual_Average_Daily_Traffic_TDA/FeatureServer/0/query?where=COUNTY%3D%27Miami-Dade%27&outFields=ROADWAY%2CAADT%2CAADTFLG%2CCOUNTY%2CDISTRICT%2CYEAR_%2CDESC_FRM%2CDESC_TO%2CBEGIN_POST%2CEND_POST&returnGeometry=false&f=json
87000124,4400,T,Miami-Dade,6,2025,PONCE DE LEON,SW 37 AV/DOUGLAS RD,1.083,1.567,FDOT Annual Average Daily Traffic TDA,https://services1.arcgis.com/O1JpcwDW8sjYuddV/arcgis/rest/services/Annual_Average_Daily_Traffic_TDA/FeatureServer/0,https://services1.arcgis.com/O1JpcwDW8sjYuddV/arcgis/rest/services/Annual_Average_Daily_Traffic_TDA/FeatureServer/0/query?where=COUNTY%3D%27Miami-Dade%27&outFields=ROADWAY%2CAADT%2CAADTFLG%2CCOUNTY%2CDISTRICT%2CYEAR_%2CDESC_FRM%2CDESC_TO%2CBEGIN_POST%2CEND_POST&returnGeometry=false&f=json
87000177,4400,T,Miami-Dade,6,2025,NW 36 ST,NW 79 ST/E 25 ST,0,2.544,FDOT Annual Average Daily Traffic TDA,https://services1.arcgis.com/O1JpcwDW8sjYuddV/arcgis/rest/services/Annual_Average_Daily_Traffic_TDA/FeatureServer/0,https://services1.arcgis.com/O1JpcwDW8sjYuddV/arcgis/rest/services/Annual_Average_Daily_Traffic_TDA/FeatureServer/0/query?where=COUNTY%3D%27Miami-Dade%27&outFields=ROADWAY%2CAADT%2CAADTFLG%2CCOUNTY%2CDISTRICT%2CYEAR_%2CDESC_FRM%2CDESC_TO%2CBEGIN_POST%2CEND_POST&returnGeometry=false&f=json
87000100,7900,C,Miami-Dade,6,2025,SW 67 AV/LUDLAM RD,SW 57 AVE/RED RD,0,1.026,FDOT Annual Average Daily Traffic TDA,https://services1.arcgis.com/O1JpcwDW8sjYuddV/arcgis/rest/services/Annual_Average_Daily_Traffic_TDA/FeatureServer/0,https://services1.arcgis.com/O1JpcwDW8sjYuddV/arcgis/rest/services/Annual_Average_Daily_Traffic_TDA/FeatureServer/0/query?where=COUNTY%3D%27Miami-Dade%27&outFields=ROADWAY%2CAADT%2CAADTFLG%2CCOUNTY%2CDISTRICT%2CYEAR_%2CDESC_FRM%2CDESC_TO%2CBEGIN_POST%2CEND_POST&returnGeometry=false&f=json
87000223,3500,T,Miami-Dade,6,2025,SR-916/NE 135 ST,N/A,0,1.455,FDOT Annual Average Daily Traffic TDA,https://services1.arcgis.com/O1JpcwDW8sjYuddV/arcgis/rest/services/Annual_Average_Daily_Traffic_TDA/FeatureServer/0,https://services1.arcgis.com/O1JpcwDW8sjYuddV/arcgis/rest/services/Annual_Average_Daily_Traffic_TDA/FeatureServer/0/query?where=COUNTY%3D%27Miami-Dade%27&outFields=ROADWAY%2CAADT%2CAADTFLG%2CCOUNTY%2CDISTRICT%2CYEAR_%2CDESC_FRM%2CDESC_TO%2CBEGIN_POST%2CEND_POST&returnGeometry=false&f=json
87000151,6300,C,Miami-Dade,6,2025,CORAL WAY,SW 37 AVE,0,2.227,FDOT Annual Average Daily Traffic TDA,https://services1.arcgis.com/O1JpcwDW8sjYuddV/arcgis/rest/services/Annual_Average_Daily_Traffic_TDA/FeatureServer/0,https://services1.arcgis.com/O1JpcwDW8sjYuddV/arcgis/rest/services/Annual_Average_Daily_Traffic_TDA/FeatureServer/0/query?where=COUNTY%3D%27Miami-Dade%27&outFields=ROADWAY%2CAADT%2CAADTFLG%2CCOUNTY%2CDISTRICT%2CYEAR_%2CDESC_FRM%2CDESC_TO%2CBEGIN_POST%2CEND_POST&returnGeometry=false&f=json
87000269,23000,T,Miami-Dade,6,2025,NW 37 AVE/DOUGLAS AV,SR-817/NW 27 AVE,1.525,2.544,FDOT Annual Average Daily Traffic TDA,https://services1.arcgis.com/O1JpcwDW8sjYuddV/arcgis/rest/services/Annual_Average_Daily_Traffic_TDA/FeatureServer/0,https://services1.arcgis.com/O1JpcwDW8sjYuddV/arcgis/rest/services/Annual_Average_Daily_Traffic_TDA/FeatureServer/0/query?where=COUNTY%3D%27Miami-Dade%27&outFields=ROADWAY%2CAADT%2CAADTFLG%2CCOUNTY%2CDISTRICT%2CYEAR_%2CDESC_FRM%2CDESC_TO%2CBEGIN_POST%2CEND_POST&returnGeometry=false&f=json
87000234,4250,F,Miami-Dade,6,2025,N/A,N/A,2.491,2.798,FDOT Annual Average Daily Traffic TDA,https://services1.arcgis.com/O1JpcwDW8sjYuddV/arcgis/rest/services/Annual_Average_Daily_Traffic_TDA/FeatureServer/0,https://services1.arcgis.com/O1JpcwDW8sjYuddV/arcgis/rest/services/Annual_Average_Daily_Traffic_TDA/FeatureServer/0/query?where=COUNTY%3D%27Miami-Dade%27&outFields=ROADWAY%2CAADT%2CAADTFLG%2CCOUNTY%2CDISTRICT%2CYEAR_%2CDESC_FRM%2CDESC_TO%2CBEGIN_POST%2CEND_POST&returnGeometry=false&f=json
87000157,12100,S,Miami-Dade,6,2025,NW 8 ST RD,NE 13 AVE,1.184,1.6,FDOT Annual Average Daily Traffic TDA,https://services1.arcgis.com/O1JpcwDW8sjYuddV/arcgis/rest/services/Annual_Average_Daily_Traffic_TDA/FeatureServer/0,https://services1.arcgis.com/O1JpcwDW8sjYuddV/arcgis/rest/services/Annual_Average_Daily_Traffic_TDA/FeatureServer/0/query?where=COUNTY%3D%27Miami-Dade%27&outFields=ROADWAY%2CAADT%2CAADTFLG%2CCOUNTY%2CDISTRICT%2CYEAR_%2CDESC_FRM%2CDESC_TO%2CBEGIN_POST%2CEND_POST&returnGeometry=false&f=json
87000282,6500,X,Miami-Dade,6,2025,NW 167 ST,NW 42 AV/LE JEUNE RD,0,1.165,FDOT Annual Average Daily Traffic TDA,https://services1.arcgis.com/O1JpcwDW8sjYuddV/arcgis/rest/services/Annual_Average_Daily_Traffic_TDA/FeatureServer/0,https://services1.arcgis.com/O1JpcwDW8sjYuddV/arcgis/rest/services/Annual_Average_Daily_Traffic_TDA/FeatureServer/0/query?where=COUNTY%3D%27Miami-Dade%27&outFields=ROADWAY%2CAADT%2CAADTFLG%2CCOUNTY%2CDISTRICT%2CYEAR_%2CDESC_FRM%2CDESC_TO%2CBEGIN_POST%2CEND_POST&returnGeometry=false&f=json
87000061,10100,C,Miami-Dade,6,2025,SW 216 ST,SW 184 ST/EUREKA DR,0,2.141,FDOT Annual Average Daily Traffic TDA,https://services1.arcgis.com/O1JpcwDW8sjYuddV/arcgis/rest/services/Annual_Average_Daily_Traffic_TDA/FeatureServer/0,https://services1.arcgis.com/O1JpcwDW8sjYuddV/arcgis/rest/services/Annual_Average_Daily_Traffic_TDA/FeatureServer/0/query?where=COUNTY%3D%27Miami-Dade%27&outFields=ROADWAY%2CAADT%2CAADTFLG%2CCOUNTY%2CDISTRICT%2CYEAR_%2CDESC_FRM%2CDESC_TO%2CBEGIN_POST%2CEND_POST&returnGeometry=false&f=json
87000089,4600,C,Miami-Dade,6,2025,SW 104 AVE,KILLIAN PKWY,1.27,1.7,FDOT Annual Average Daily Traffic TDA,https://services1.arcgis.com/O1JpcwDW8sjYuddV/arcgis/rest/services/Annual_Average_Daily_Traffic_TDA/FeatureServer/0,https://services1.arcgis.com/O1JpcwDW8sjYuddV/arcgis/rest/services/Annual_Average_Daily_Traffic_TDA/FeatureServer/0/query?where=COUNTY%3D%27Miami-Dade%27&outFields=ROADWAY%2CAADT%2CAADTFLG%2CCOUNTY%2CDISTRICT%2CYEAR_%2CDESC_FRM%2CDESC_TO%2CBEGIN_POST%2CEND_POST&returnGeometry=false&f=json
87000245,27000,F,Miami-Dade,6,2025,MIAMI LAKES WAY S,SR-823/NW 57 AVE,0,0.564,FDOT Annual Average Daily Traffic TDA,https://services1.arcgis.com/O1JpcwDW8sjYuddV/arcgis/rest/services/Annual_Average_Daily_Traffic_TDA/FeatureServer/0,https://services1.arcgis.com/O1JpcwDW8sjYuddV/arcgis/rest/services/Annual_Average_Daily_Traffic_TDA/FeatureServer/0/query?where=COUNTY%3D%27Miami-Dade%27&outFields=ROADWAY%2CAADT%2CAADTFLG%2CCOUNTY%2CDISTRICT%2CYEAR_%2CDESC_FRM%2CDESC_TO%2CBEGIN_POST%2CEND_POST&returnGeometry=false&f=json
87000105,7500,C,Miami-Dade,6,2025,SW 89 PL,SW 82 AVE,1.645,2.531,FDOT Annual Average Daily Traffic TDA,https://services1.arcgis.com/O1JpcwDW8sjYuddV/arcgis/rest/services/Annual_Average_Daily_Traffic_TDA/FeatureServer/0,https://services1.arcgis.com/O1JpcwDW8sjYuddV/arcgis/rest/services/Annual_Average_Daily_Traffic_TDA/FeatureServer/0/query?where=COUNTY%3D%27Miami-Dade%27&outFields=ROADWAY%2CAADT%2CAADTFLG%2CCOUNTY%2CDISTRICT%2CYEAR_%2CDESC_FRM%2CDESC_TO%2CBEGIN_POST%2CEND_POST&returnGeometry=false&f=json
87000186,34500,C,Miami-Dade,6,2025,NW 82 AVE,MILAM DAIRY RD,0.51,1.184,FDOT Annual Average Daily Traffic TDA,https://services1.arcgis.com/O1JpcwDW8sjYuddV/arcgis/rest/services/Annual_Average_Daily_Traffic_TDA/FeatureServer/0,https://services1.arcgis.com/O1JpcwDW8sjYuddV/arcgis/rest/services/Annual_Average_Daily_Traffic_TDA/FeatureServer/0/query?where=COUNTY%3D%27Miami-Dade%27&outFields=ROADWAY%2CAADT%2CAADTFLG%2CCOUNTY%2CDISTRICT%2CYEAR_%2CDESC_FRM%2CDESC_TO%2CBEGIN_POST%2CEND_POST&returnGeometry=false&f=json
87000298,12600,T,Miami-Dade,6,2025,SR-5/BISCAYNE BLVD,W COUNTRY CLUB DR,0,0.5,FDOT Annual Average Daily Traffic TDA,https://services1.arcgis.com/O1JpcwDW8sjYuddV/arcgis/rest/services/Annual_Average_Daily_Traffic_TDA/FeatureServer/0,https://services1.arcgis.com/O1JpcwDW8sjYuddV/arcgis/rest/services/Annual_Average_Daily_Traffic_TDA/FeatureServer/0/query?where=COUNTY%3D%27Miami-Dade%27&outFields=ROADWAY%2CAADT%2CAADTFLG%2CCOUNTY%2CDISTRICT%2CYEAR_%2CDESC_FRM%2CDESC_TO%2CBEGIN_POST%2CEND_POST&returnGeometry=false&f=json
87000228,13800,T,Miami-Dade,6,2025,NW 135 ST,UNSIGNED,0,0.658,FDOT Annual Average Daily Traffic TDA,https://services1.arcgis.com/O1JpcwDW8sjYuddV/arcgis/rest/services/Annual_Average_Daily_Traffic_TDA/FeatureServer/0,https://services1.arcgis.com/O1JpcwDW8sjYuddV/arcgis/rest/services/Annual_Average_Daily_Traffic_TDA/FeatureServer/0/query?where=COUNTY%3D%27Miami-Dade%27&outFields=ROADWAY%2CAADT%2CAADTFLG%2CCOUNTY%2CDISTRICT%2CYEAR_%2CDESC_FRM%2CDESC_TO%2CBEGIN_POST%2CEND_POST&returnGeometry=false&f=json
87000161,9700,C,Miami-Dade,6,2025,NW 7 AVE,N BAYSHORE DR,0,1.178,FDOT Annual Average Daily Traffic TDA,https://services1.arcgis.com/O1JpcwDW8sjYuddV/arcgis/rest/services/Annual_Average_Daily_Traffic_TDA/FeatureServer/0,https://services1.arcgis.com/O1JpcwDW8sjYuddV/arcgis/rest/services/Annual_Average_Daily_Traffic_TDA/FeatureServer/0/query?where=COUNTY%3D%27Miami-Dade%27&outFields=ROADWAY%2CAADT%2CAADTFLG%2CCOUNTY%2CDISTRICT%2CYEAR_%2CDESC_FRM%2CDESC_TO%2CBEGIN_POST%2CEND_POST&returnGeometry=false&f=json
87000281,10900,T,Miami-Dade,6,2025,NW 156 ST,NW 191 ST/BARBARA J,0,2.176,FDOT Annual Average Daily Traffic TDA,https://services1.arcgis.com/O1JpcwDW8sjYuddV/arcgis/rest/services/Annual_Average_Daily_Traffic_TDA/FeatureServer/0,https://services1.arcgis.com/O1JpcwDW8sjYuddV/arcgis/rest/services/Annual_Average_Daily_Traffic_TDA/FeatureServer/0/query?where=COUNTY%3D%27Miami-Dade%27&outFields=ROADWAY%2CAADT%2CAADTFLG%2CCOUNTY%2CDISTRICT%2CYEAR_%2CDESC_FRM%2CDESC_TO%2CBEGIN_POST%2CEND_POST&returnGeometry=false&f=json
87000057,14100,C,Miami-Dade,6,2025,SILVER PALM/SW 232ST,OLD CUTLER RD,0,1.931,FDOT Annual Average Daily Traffic TDA,https://services1.arcgis.com/O1JpcwDW8sjYuddV/arcgis/rest/services/Annual_Average_Daily_Traffic_TDA/FeatureServer/0,https://services1.arcgis.com/O1JpcwDW8sjYuddV/arcgis/rest/services/Annual_Average_Daily_Traffic_TDA/FeatureServer/0/query?where=COUNTY%3D%27Miami-Dade%27&outFields=ROADWAY%2CAADT%2CAADTFLG%2CCOUNTY%2CDISTRICT%2CYEAR_%2CDESC_FRM%2CDESC_TO%2CBEGIN_POST%2CEND_POST&returnGeometry=false&f=json
87000130,3500,T,Miami-Dade,6,2025,SNAPPER CREEK DR,SW 50 TER,0,0.94,FDOT Annual Average Daily Traffic TDA,https://services1.arcgis.com/O1JpcwDW8sjYuddV/arcgis/rest/services/Annual_Average_Daily_Traffic_TDA/FeatureServer/0,https://services1.arcgis.com/O1JpcwDW8sjYuddV/arcgis/rest/services/Annual_Average_Daily_Traffic_TDA/FeatureServer/0/query?where=COUNTY%3D%27Miami-Dade%27&outFields=ROADWAY%2CAADT%2CAADTFLG%2CCOUNTY%2CDISTRICT%2CYEAR_%2CDESC_FRM%2CDESC_TO%2CBEGIN_POST%2CEND_POST&returnGeometry=false&f=json
87000191,11900,C,Miami-Dade,6,2025,E 17 ST,W 41 ST,0.95,2.479,FDOT Annual Average Daily Traffic TDA,https://services1.arcgis.com/O1JpcwDW8sjYuddV/arcgis/rest/services/Annual_Average_Daily_Traffic_TDA/FeatureServer/0,https://services1.arcgis.com/O1JpcwDW8sjYuddV/arcgis/rest/services/Annual_Average_Daily_Traffic_TDA/FeatureServer/0/query?where=COUNTY%3D%27Miami-Dade%27&outFields=ROADWAY%2CAADT%2CAADTFLG%2CCOUNTY%2CDISTRICT%2CYEAR_%2CDESC_FRM%2CDESC_TO%2CBEGIN_POST%2CEND_POST&returnGeometry=false&f=json
87000113,6700,T,Miami-Dade,6,2025,N/A,SW 40 ST/BIRD RD,0.683,2.351,FDOT Annual Average Daily Traffic TDA,https://services1.arcgis.com/O1JpcwDW8sjYuddV/arcgis/rest/services/Annual_Average_Daily_Traffic_TDA/FeatureServer/0,https://services1.arcgis.com/O1JpcwDW8sjYuddV/arcgis/rest/services/Annual_Average_Daily_Traffic_TDA/FeatureServer/0/query?where=COUNTY%3D%27Miami-Dade%27&outFields=ROADWAY%2CAADT%2CAADTFLG%2CCOUNTY%2CDISTRICT%2CYEAR_%2CDESC_FRM%2CDESC_TO%2CBEGIN_POST%2CEND_POST&returnGeometry=false&f=json
87000079,2050,C,Miami-Dade,6,2025,SW 136 ST,SW 104 ST,0,2.037,FDOT Annual Average Daily Traffic TDA,https://services1.arcgis.com/O1JpcwDW8sjYuddV/arcgis/rest/services/Annual_Average_Daily_Traffic_TDA/FeatureServer/0,https://services1.arcgis.com/O1JpcwDW8sjYuddV/arcgis/rest/services/Annual_Average_Daily_Traffic_TDA/FeatureServer/0/query?where=COUNTY%3D%27Miami-Dade%27&outFields=ROADWAY%2CAADT%2CAADTFLG%2CCOUNTY%2CDISTRICT%2CYEAR_%2CDESC_FRM%2CDESC_TO%2CBEGIN_POST%2CEND_POST&returnGeometry=false&f=json
87000108,6900,F,Miami-Dade,6,2025,SW 40 ST/BIRD RD,DESOTO,0,0.768,FDOT Annual Average Daily Traffic TDA,https://services1.arcgis.com/O1JpcwDW8sjYuddV/arcgis/rest/services/Annual_Average_Daily_Traffic_TDA/FeatureServer/0,https://services1.arcgis.com/O1JpcwDW8sjYuddV/arcgis/rest/services/Annual_Average_Daily_Traffic_TDA/FeatureServer/0/query?where=COUNTY%3D%27Miami-Dade%27&outFields=ROADWAY%2CAADT%2CAADTFLG%2CCOUNTY%2CDISTRICT%2CYEAR_%2CDESC_FRM%2CDESC_TO%2CBEGIN_POST%2CEND_POST&returnGeometry=false&f=json
87000185,9300,C,Miami-Dade,6,2025,SR969/MILAM DAIRY RD,NW 36 ST,0,1.79,FDOT Annual Average Daily Traffic TDA,https://services1.arcgis.com/O1JpcwDW8sjYuddV/arcgis/rest/services/Annual_Average_Daily_Traffic_TDA/FeatureServer/0,https://services1.arcgis.com/O1JpcwDW8sjYuddV/arcgis/rest/services/Annual_Average_Daily_Traffic_TDA/FeatureServer/0/query?where=COUNTY%3D%27Miami-Dade%27&outFields=ROADWAY%2CAADT%2CAADTFLG%2CCOUNTY%2CDISTRICT%2CYEAR_%2CDESC_FRM%2CDESC_TO%2CBEGIN_POST%2CEND_POST&returnGeometry=false&f=json
87000224,18900,T,Miami-Dade,6,2025,NE 135 ST,SR 826/NW 167 ST,0,2.14,FDOT Annual Average Daily Traffic TDA,https://services1.arcgis.com/O1JpcwDW8sjYuddV/arcgis/rest/services/Annual_Average_Daily_Traffic_TDA/FeatureServer/0,https://services1.arcgis.com/O1JpcwDW8sjYuddV/arcgis/rest/services/Annual_Average_Daily_Traffic_TDA/FeatureServer/0/query?where=COUNTY%3D%27Miami-Dade%27&outFields=ROADWAY%2CAADT%2CAADTFLG%2CCOUNTY%2CDISTRICT%2CYEAR_%2CDESC_FRM%2CDESC_TO%2CBEGIN_POST%2CEND_POST&returnGeometry=false&f=json
87000159,19300,T,Miami-Dade,6,2025,NW 14 AVE,NW 10 AVE,0,0.497,FDOT Annual Average Daily Traffic TDA,https://services1.arcgis.com/O1JpcwDW8sjYuddV/arcgis/rest/services/Annual_Average_Daily_Traffic_TDA/FeatureServer/0,https://services1.arcgis.com/O1JpcwDW8sjYuddV/arcgis/rest/services/Annual_Average_Daily_Traffic_TDA/FeatureServer/0/query?where=COUNTY%3D%27Miami-Dade%27&outFields=ROADWAY%2CAADT%2CAADTFLG%2CCOUNTY%2CDISTRICT%2CYEAR_%2CDESC_FRM%2CDESC_TO%2CBEGIN_POST%2CEND_POST&returnGeometry=false&f=json
87000262,7200,T,Miami-Dade,6,2025,NW 6 AVE,NE 6 AVE,0,1.377,FDOT Annual Average Daily Traffic TDA,https://services1.arcgis.com/O1JpcwDW8sjYuddV/arcgis/rest/services/Annual_Average_Daily_Traffic_TDA/FeatureServer/0,https://services1.arcgis.com/O1JpcwDW8sjYuddV/arcgis/rest/services/Annual_Average_Daily_Traffic_TDA/FeatureServer/0/query?where=COUNTY%3D%27Miami-Dade%27&outFields=ROADWAY%2CAADT%2CAADTFLG%2CCOUNTY%2CDISTRICT%2CYEAR_%2CDESC_FRM%2CDESC_TO%2CBEGIN_POST%2CEND_POST&returnGeometry=false&f=json
87000132,18300,C,Miami-Dade,6,2025,W 41 ST/PADRE FELIX,E 65 ST,0,1.516,FDOT Annual Average Daily Traffic TDA,https://services1.arcgis.com/O1JpcwDW8sjYuddV/arcgis/rest/services/Annual_Average_Daily_Traffic_TDA/FeatureServer/0,https://services1.arcgis.com/O1JpcwDW8sjYuddV/arcgis/rest/services/Annual_Average_Daily_Traffic_TDA/FeatureServer/0/query?where=COUNTY%3D%27Miami-Dade%27&outFields=ROADWAY%2CAADT%2CAADTFLG%2CCOUNTY%2CDISTRICT%2CYEAR_%2CDESC_FRM%2CDESC_TO%2CBEGIN_POST%2CEND_POST&returnGeometry=false&f=json
87000211,3700,F,Miami-Dade,6,2025,NE 2 AVE,SR-5/US1/BISCAYNE BL,0.851,1.37,FDOT Annual Average Daily Traffic TDA,https://services1.arcgis.com/O1JpcwDW8sjYuddV/arcgis/rest/services/Annual_Average_Daily_Traffic_TDA/FeatureServer/0,https://services1.arcgis.com/O1JpcwDW8sjYuddV/arcgis/rest/services/Annual_Average_Daily_Traffic_TDA/FeatureServer/0/query?where=COUNTY%3D%27Miami-Dade%27&outFields=ROADWAY%2CAADT%2CAADTFLG%2CCOUNTY%2CDISTRICT%2CYEAR_%2CDESC_FRM%2CDESC_TO%2CBEGIN_POST%2CEND_POST&returnGeometry=false&f=json
87000123,2800,F,Miami-Dade,6,2025,LE JEUNE RD,HARDEE RD,0,0.532,FDOT Annual Average Daily Traffic TDA,https://services1.arcgis.com/O1JpcwDW8sjYuddV/arcgis/rest/services/Annual_Average_Daily_Traffic_TDA/FeatureServer/0,https://services1.arcgis.com/O1JpcwDW8sjYuddV/arcgis/rest/services/Annual_Average_Daily_Traffic_TDA/FeatureServer/0/query?where=COUNTY%3D%27Miami-Dade%27&outFields=ROADWAY%2CAADT%2CAADTFLG%2CCOUNTY%2CDISTRICT%2CYEAR_%2CDESC_FRM%2CDESC_TO%2CBEGIN_POST%2CEND_POST&returnGeometry=false&f=json
87000292,34000,C,Miami-Dade,6,2025,NW 167 ST/SR-826WEST,NW 202 ST/HONEY HILL,0,2.263,FDOT Annual Average Daily Traffic TDA,https://services1.arcgis.com/O1JpcwDW8sjYuddV/arcgis/rest/services/Annual_Average_Daily_Traffic_TDA/FeatureServer/0,https://services1.arcgis.com/O1JpcwDW8sjYuddV/arcgis/rest/services/Annual_Average_Daily_Traffic_TDA/FeatureServer/0/query?where=COUNTY%3D%27Miami-Dade%27&outFields=ROADWAY%2CAADT%2CAADTFLG%2CCOUNTY%2CDISTRICT%2CYEAR_%2CDESC_FRM%2CDESC_TO%2CBEGIN_POST%2CEND_POST&returnGeometry=false&f=json
87000169,63000,C,Miami-Dade,6,2025,US-1/BISCAYNE BLVD,NE 29 PL,0.915,1.225,FDOT Annual Average Daily Traffic TDA,https://services1.arcgis.com/O1JpcwDW8sjYuddV/arcgis/rest/services/Annual_Average_Daily_Traffic_TDA/FeatureServer/0,https://services1.arcgis.com/O1JpcwDW8sjYuddV/arcgis/rest/services/Annual_Average_Daily_Traffic_TDA/FeatureServer/0/query?where=COUNTY%3D%27Miami-Dade%27&outFields=ROADWAY%2CAADT%2CAADTFLG%2CCOUNTY%2CDISTRICT%2CYEAR_%2CDESC_FRM%2CDESC_TO%2CBEGIN_POST%2CEND_POST&returnGeometry=false&f=json
87000156,14600,T,Miami-Dade,6,2025,NW 20 ST,END OF BRIDGE 870298,0,1.598,FDOT Annual Average Daily Traffic TDA,https://services1.arcgis.com/O1JpcwDW8sjYuddV/arcgis/rest/services/Annual_Average_Daily_Traffic_TDA/FeatureServer/0,https://services1.arcgis.com/O1JpcwDW8sjYuddV/arcgis/rest/services/Annual_Average_Daily_Traffic_TDA/FeatureServer/0/query?where=COUNTY%3D%27Miami-Dade%27&outFields=ROADWAY%2CAADT%2CAADTFLG%2CCOUNTY%2CDISTRICT%2CYEAR_%2CDESC_FRM%2CDESC_TO%2CBEGIN_POST%2CEND_POST&returnGeometry=false&f=json
87000269,17100,T,Miami-Dade,6,2025,NW 52 AVE,NW 37 AVE/DOUGLAS AV,0,1.525,FDOT Annual Average Daily Traffic TDA,https://services1.arcgis.com/O1JpcwDW8sjYuddV/arcgis/rest/services/Annual_Average_Daily_Traffic_TDA/FeatureServer/0,https://services1.arcgis.com/O1JpcwDW8sjYuddV/arcgis/rest/services/Annual_Average_Daily_Traffic_TDA/FeatureServer/0/query?where=COUNTY%3D%27Miami-Dade%27&outFields=ROADWAY%2CAADT%2CAADTFLG%2CCOUNTY%2CDISTRICT%2CYEAR_%2CDESC_FRM%2CDESC_TO%2CBEGIN_POST%2CEND_POST&returnGeometry=false&f=json
87000221,7200,T,Miami-Dade,6,2025,NE 125 ST,NE 163 ST/N M BCH,0,2.381,FDOT Annual Average Daily Traffic TDA,https://services1.arcgis.com/O1JpcwDW8sjYuddV/arcgis/rest/services/Annual_Average_Daily_Traffic_TDA/FeatureServer/0,https://services1.arcgis.com/O1JpcwDW8sjYuddV/arcgis/rest/services/Annual_Average_Daily_Traffic_TDA/FeatureServer/0/query?where=COUNTY%3D%27Miami-Dade%27&outFields=ROADWAY%2CAADT%2CAADTFLG%2CCOUNTY%2CDISTRICT%2CYEAR_%2CDESC_FRM%2CDESC_TO%2CBEGIN_POST%2CEND_POST&returnGeometry=false&f=json
87000094,40500,C,Miami-Dade,6,2025,TOLL PLAZA,UM MARINE SCHOOL,0,2.931,FDOT Annual Average Daily Traffic TDA,https://services1.arcgis.com/O1JpcwDW8sjYuddV/arcgis/rest/services/Annual_Average_Daily_Traffic_TDA/FeatureServer/0,https://services1.arcgis.com/O1JpcwDW8sjYuddV/arcgis/rest/services/Annual_Average_Daily_Traffic_TDA/FeatureServer/0/query?where=COUNTY%3D%27Miami-Dade%27&outFields=ROADWAY%2CAADT%2CAADTFLG%2CCOUNTY%2CDISTRICT%2CYEAR_%2CDESC_FRM%2CDESC_TO%2CBEGIN_POST%2CEND_POST&returnGeometry=false&f=json
87000165,13900,C,Miami-Dade,6,2025,SR-994/QUAIL ROOST D,SR-5/US-1/DIXIE HWY,0,1.575,FDOT Annual Average Daily Traffic TDA,https://services1.arcgis.com/O1JpcwDW8sjYuddV/arcgis/rest/services/Annual_Average_Daily_Traffic_TDA/FeatureServer/0,https://services1.arcgis.com/O1JpcwDW8sjYuddV/arcgis/rest/services/Annual_Average_Daily_Traffic_TDA/FeatureServer/0/query?where=COUNTY%3D%27Miami-Dade%27&outFields=ROADWAY%2CAADT%2CAADTFLG%2CCOUNTY%2CDISTRICT%2CYEAR_%2CDESC_FRM%2CDESC_TO%2CBEGIN_POST%2CEND_POST&returnGeometry=false&f=json
87000150,14100,C,Miami-Dade,6,2025,ALHAMBRA CIR,SW 8 ST,0,0.859,FDOT Annual Average Daily Traffic TDA,https://services1.arcgis.com/O1JpcwDW8sjYuddV/arcgis/rest/services/Annual_Average_Daily_Traffic_TDA/FeatureServer/0,https://services1.arcgis.com/O1JpcwDW8sjYuddV/arcgis/rest/services/Annual_Average_Daily_Traffic_TDA/FeatureServer/0/query?where=COUNTY%3D%27Miami-Dade%27&outFields=ROADWAY%2CAADT%2CAADTFLG%2CCOUNTY%2CDISTRICT%2CYEAR_%2CDESC_FRM%2CDESC_TO%2CBEGIN_POST%2CEND_POST&returnGeometry=false&f=json
87000260,8200,T,Miami-Dade,6,2025,NE 15 AVE,US-1/BISCAYNE BLVD,0,1.228,FDOT Annual Average Daily Traffic TDA,https://services1.arcgis.com/O1JpcwDW8sjYuddV/arcgis/rest/services/Annual_Average_Daily_Traffic_TDA/FeatureServer/0,https://services1.arcgis.com/O1JpcwDW8sjYuddV/arcgis/rest/services/Annual_Average_Daily_Traffic_TDA/FeatureServer/0/query?where=COUNTY%3D%27Miami-Dade%27&outFields=ROADWAY%2CAADT%2CAADTFLG%2CCOUNTY%2CDISTRICT%2CYEAR_%2CDESC_FRM%2CDESC_TO%2CBEGIN_POST%2CEND_POST&returnGeometry=false&f=json
87000124,13900,T,Miami-Dade,6,2025,GRANADA BLVD,PONCE DE LEON,0,1.083,FDOT Annual Average Daily Traffic TDA,https://services1.arcgis.com/O1JpcwDW8sjYuddV/arcgis/rest/services/Annual_Average_Daily_Traffic_TDA/FeatureServer/0,https://services1.arcgis.com/O1JpcwDW8sjYuddV/arcgis/rest/services/Annual_Average_Daily_Traffic_TDA/FeatureServer/0/query?where=COUNTY%3D%27Miami-Dade%27&outFields=ROADWAY%2CAADT%2CAADTFLG%2CCOUNTY%2CDISTRICT%2CYEAR_%2CDESC_FRM%2CDESC_TO%2CBEGIN_POST%2CEND_POST&returnGeometry=false&f=json
87000191,10500,T,Miami-Dade,6,2025,SR-25/OKEECHOBEE RD,E 17 ST,0,0.95,FDOT Annual Average Daily Traffic TDA,https://services1.arcgis.com/O1JpcwDW8sjYuddV/arcgis/rest/services/Annual_Average_Daily_Traffic_TDA/FeatureServer/0,https://services1.arcgis.com/O1JpcwDW8sjYuddV/arcgis/rest/services/Annual_Average_Daily_Traffic_TDA/FeatureServer/0/query?where=COUNTY%3D%27Miami-Dade%27&outFields=ROADWAY%2CAADT%2CAADTFLG%2CCOUNTY%2CDISTRICT%2CYEAR_%2CDESC_FRM%2CDESC_TO%2CBEGIN_POST%2CEND_POST&returnGeometry=false&f=json
87000121,5000,T,Miami-Dade,6,2025,N KENDALL DR/SW 88ST,Bridge No-874278,0,1.148,FDOT Annual Average Daily Traffic TDA,https://services1.arcgis.com/O1JpcwDW8sjYuddV/arcgis/rest/services/Annual_Average_Daily_Traffic_TDA/FeatureServer/0,https://services1.arcgis.com/O1JpcwDW8sjYuddV/arcgis/rest/services/Annual_Average_Daily_Traffic_TDA/FeatureServer/0/query?where=COUNTY%3D%27Miami-Dade%27&outFields=ROADWAY%2CAADT%2CAADTFLG%2CCOUNTY%2CDISTRICT%2CYEAR_%2CDESC_FRM%2CDESC_TO%2CBEGIN_POST%2CEND_POST&returnGeometry=false&f=json
87000222,4400,T,Miami-Dade,6,2025,NE 125 ST,N/A,0,0.61,FDOT Annual Average Daily Traffic TDA,https://services1.arcgis.com/O1JpcwDW8sjYuddV/arcgis/rest/services/Annual_Average_Daily_Traffic_TDA/FeatureServer/0,https://services1.arcgis.com/O1JpcwDW8sjYuddV/arcgis/rest/services/Annual_Average_Daily_Traffic_TDA/FeatureServer/0/query?where=COUNTY%3D%27Miami-Dade%27&outFields=ROADWAY%2CAADT%2CAADTFLG%2CCOUNTY%2CDISTRICT%2CYEAR_%2CDESC_FRM%2CDESC_TO%2CBEGIN_POST%2CEND_POST&returnGeometry=false&f=json
87000134,32500,C,Miami-Dade,6,2025,N/A,SW 42 ST,2.03,3,FDOT Annual Average Daily Traffic TDA,https://services1.arcgis.com/O1JpcwDW8sjYuddV/arcgis/rest/services/Annual_Average_Daily_Traffic_TDA/FeatureServer/0,https://services1.arcgis.com/O1JpcwDW8sjYuddV/arcgis/rest/services/Annual_Average_Daily_Traffic_TDA/FeatureServer/0/query?where=COUNTY%3D%27Miami-Dade%27&outFields=ROADWAY%2CAADT%2CAADTFLG%2CCOUNTY%2CDISTRICT%2CYEAR_%2CDESC_FRM%2CDESC_TO%2CBEGIN_POST%2CEND_POST&returnGeometry=false&f=json
87000252,10700,T,Miami-Dade,6,2025,N MIAMI BEACH BLVD,MIAMI GARDENS DR,0,1.14,FDOT Annual Average Daily Traffic TDA,https://services1.arcgis.com/O1JpcwDW8sjYuddV/arcgis/rest/services/Annual_Average_Daily_Traffic_TDA/FeatureServer/0,https://services1.arcgis.com/O1JpcwDW8sjYuddV/arcgis/rest/services/Annual_Average_Daily_Traffic_TDA/FeatureServer/0/query?where=COUNTY%3D%27Miami-Dade%27&outFields=ROADWAY%2CAADT%2CAADTFLG%2CCOUNTY%2CDISTRICT%2CYEAR_%2CDESC_FRM%2CDESC_TO%2CBEGIN_POST%2CEND_POST&returnGeometry=false&f=json
87000085,67500,C,Miami-Dade,6,2025,SW 137 AVE/LINDGREN,SPUR,0,2.128,FDOT Annual Average Daily Traffic TDA,https://services1.arcgis.com/O1JpcwDW8sjYuddV/arcgis/rest/services/Annual_Average_Daily_Traffic_TDA/FeatureServer/0,https://services1.arcgis.com/O1JpcwDW8sjYuddV/arcgis/rest/services/Annual_Average_Daily_Traffic_TDA/FeatureServer/0/query?where=COUNTY%3D%27Miami-Dade%27&outFields=ROADWAY%2CAADT%2CAADTFLG%2CCOUNTY%2CDISTRICT%2CYEAR_%2CDESC_FRM%2CDESC_TO%2CBEGIN_POST%2CEND_POST&returnGeometry=false&f=json
87000247,7200,C,Miami-Dade,6,2025,MIAMI LAKES DR,NW 67 AVE/LUDLAM RD,0,0.938,FDOT Annual Average Daily Traffic TDA,https://services1.arcgis.com/O1JpcwDW8sjYuddV/arcgis/rest/services/Annual_Average_Daily_Traffic_TDA/FeatureServer/0,https://services1.arcgis.com/O1JpcwDW8sjYuddV/arcgis/rest/services/Annual_Average_Daily_Traffic_TDA/FeatureServer/0/query?where=COUNTY%3D%27Miami-Dade%27&outFields=ROADWAY%2CAADT%2CAADTFLG%2CCOUNTY%2CDISTRICT%2CYEAR_%2CDESC_FRM%2CDESC_TO%2CBEGIN_POST%2CEND_POST&returnGeometry=false&f=json
87000062,21400,C,Miami-Dade,6,2025,SW 127 AV,SW 87 AVE,0,4.142,FDOT Annual Average Daily Traffic TDA,https://services1.arcgis.com/O1JpcwDW8sjYuddV/arcgis/rest/services/Annual_Average_Daily_Traffic_TDA/FeatureServer/0,https://services1.arcgis.com/O1JpcwDW8sjYuddV/arcgis/rest/services/Annual_Average_Daily_Traffic_TDA/FeatureServer/0/query?where=COUNTY%3D%27Miami-Dade%27&outFields=ROADWAY%2CAADT%2CAADTFLG%2CCOUNTY%2CDISTRICT%2CYEAR_%2CDESC_FRM%2CDESC_TO%2CBEGIN_POST%2CEND_POST&returnGeometry=false&f=json
87000171,17500,C,Miami-Dade,6,2025,NE 10 ST,N MIAMI AVE,0.84,1.534,FDOT Annual Average Daily Traffic TDA,https://services1.arcgis.com/O1JpcwDW8sjYuddV/arcgis/rest/services/Annual_Average_Daily_Traffic_TDA/FeatureServer/0,https://services1.arcgis.com/O1JpcwDW8sjYuddV/arcgis/rest/services/Annual_Average_Daily_Traffic_TDA/FeatureServer/0/query?where=COUNTY%3D%27Miami-Dade%27&outFields=ROADWAY%2CAADT%2CAADTFLG%2CCOUNTY%2CDISTRICT%2CYEAR_%2CDESC_FRM%2CDESC_TO%2CBEGIN_POST%2CEND_POST&returnGeometry=false&f=json
87000116,7000,C,Miami-Dade,6,2025,SR-976/SW 40 ST,SR90/SW 8 ST/TAMIAMI,0,1.989,FDOT Annual Average Daily Traffic TDA,https://services1.arcgis.com/O1JpcwDW8sjYuddV/arcgis/rest/services/Annual_Average_Daily_Traffic_TDA/FeatureServer/0,https://services1.arcgis.com/O1JpcwDW8sjYuddV/arcgis/rest/services/Annual_Average_Daily_Traffic_TDA/FeatureServer/0/query?where=COUNTY%3D%27Miami-Dade%27&outFields=ROADWAY%2CAADT%2CAADTFLG%2CCOUNTY%2CDISTRICT%2CYEAR_%2CDESC_FRM%2CDESC_TO%2CBEGIN_POST%2CEND_POST&returnGeometry=false&f=json
87000139,29000,C,Miami-Dade,6,2025,SW 142 AVE,RAMP 87471261,0,2.391,FDOT Annual Average Daily Traffic TDA,https://services1.arcgis.com/O1JpcwDW8sjYuddV/arcgis/rest/services/Annual_Average_Daily_Traffic_TDA/FeatureServer/0,https://services1.arcgis.com/O1JpcwDW8sjYuddV/arcgis/rest/services/Annual_Average_Daily_Traffic_TDA/FeatureServer/0/query?where=COUNTY%3D%27Miami-Dade%27&outFields=ROADWAY%2CAADT%2CAADTFLG%2CCOUNTY%2CDISTRICT%2CYEAR_%2CDESC_FRM%2CDESC_TO%2CBEGIN_POST%2CEND_POST&returnGeometry=false&f=json
87000272,2300,T,Miami-Dade,6,2025,SR-860/NW 183 ST,NW 196 TER,0,0.857,FDOT Annual Average Daily Traffic TDA,https://services1.arcgis.com/O1JpcwDW8sjYuddV/arcgis/rest/services/Annual_Average_Daily_Traffic_TDA/FeatureServer/0,https://services1.arcgis.com/O1JpcwDW8sjYuddV/arcgis/rest/services/Annual_Average_Daily_Traffic_TDA/FeatureServer/0/query?where=COUNTY%3D%27Miami-Dade%27&outFields=ROADWAY%2CAADT%2CAADTFLG%2CCOUNTY%2CDISTRICT%2CYEAR_%2CDESC_FRM%2CDESC_TO%2CBEGIN_POST%2CEND_POST&returnGeometry=false&f=json
87000065,5100,C,Miami-Dade,6,2025,US-1/SOUTH DIXIE HWY,OLD CUTLER RD,0,2.374,FDOT Annual Average Daily Traffic TDA,https://services1.arcgis.com/O1JpcwDW8sjYuddV/arcgis/rest/services/Annual_Average_Daily_Traffic_TDA/FeatureServer/0,https://services1.arcgis.com/O1JpcwDW8sjYuddV/arcgis/rest/services/Annual_Average_Daily_Traffic_TDA/FeatureServer/0/query?where=COUNTY%3D%27Miami-Dade%27&outFields=ROADWAY%2CAADT%2CAADTFLG%2CCOUNTY%2CDISTRICT%2CYEAR_%2CDESC_FRM%2CDESC_TO%2CBEGIN_POST%2CEND_POST&returnGeometry=false&f=json
87000134,27000,C,Miami-Dade,6,2025,SR-94/SW 88 ST,SW 72 TER,0,0.99,FDOT Annual Average Daily Traffic TDA,https://services1.arcgis.com/O1JpcwDW8sjYuddV/arcgis/rest/services/Annual_Average_Daily_Traffic_TDA/FeatureServer/0,https://services1.arcgis.com/O1JpcwDW8sjYuddV/arcgis/rest/services/Annual_Average_Daily_Traffic_TDA/FeatureServer/0/query?where=COUNTY%3D%27Miami-Dade%27&outFields=ROADWAY%2CAADT%2CAADTFLG%2CCOUNTY%2CDISTRICT%2CYEAR_%2CDESC_FRM%2CDESC_TO%2CBEGIN_POST%2CEND_POST&returnGeometry=false&f=json
87000115,1300,T,Miami-Dade,6,2025,SR-986/SW 72 ST,MILLER RD/SW 56 ST,0,1.1,FDOT Annual Average Daily Traffic TDA,https://services1.arcgis.com/O1JpcwDW8sjYuddV/arcgis/rest/services/Annual_Average_Daily_Traffic_TDA/FeatureServer/0,https://services1.arcgis.com/O1JpcwDW8sjYuddV/arcgis/rest/services/Annual_Average_Daily_Traffic_TDA/FeatureServer/0/query?where=COUNTY%3D%27Miami-Dade%27&outFields=ROADWAY%2CAADT%2CAADTFLG%2CCOUNTY%2CDISTRICT%2CYEAR_%2CDESC_FRM%2CDESC_TO%2CBEGIN_POST%2CEND_POST&returnGeometry=false&f=json
87000184,35000,C,Miami-Dade,6,2025,NW 102 AVE,N/A,0,1.517,FDOT Annual Average Daily Traffic TDA,https://services1.arcgis.com/O1JpcwDW8sjYuddV/arcgis/rest/services/Annual_Average_Daily_Traffic_TDA/FeatureServer/0,https://services1.arcgis.com/O1JpcwDW8sjYuddV/arcgis/rest/services/Annual_Average_Daily_Traffic_TDA/FeatureServer/0/query?where=COUNTY%3D%27Miami-Dade%27&outFields=ROADWAY%2CAADT%2CAADTFLG%2CCOUNTY%2CDISTRICT%2CYEAR_%2CDESC_FRM%2CDESC_TO%2CBEGIN_POST%2CEND_POST&returnGeometry=false&f=json
87000295,20500,T,Miami-Dade,6,2025,SR-823/NW 57 AVE,NW 52 AVE,0,0.569,FDOT Annual Average Daily Traffic TDA,https://services1.arcgis.com/O1JpcwDW8sjYuddV/arcgis/rest/services/Annual_Average_Daily_Traffic_TDA/FeatureServer/0,https://services1.arcgis.com/O1JpcwDW8sjYuddV/arcgis/rest/services/Annual_Average_Daily_Traffic_TDA/FeatureServer/0/query?where=COUNTY%3D%27Miami-Dade%27&outFields=ROADWAY%2CAADT%2CAADTFLG%2CCOUNTY%2CDISTRICT%2CYEAR_%2CDESC_FRM%2CDESC_TO%2CBEGIN_POST%2CEND_POST&returnGeometry=false&f=json
87000212,6500,T,Miami-Dade,6,2025,NE 97 ST,SR-5/BISCAYNE BLVD,1.159,1.249,FDOT Annual Average Daily Traffic TDA,https://services1.arcgis.com/O1JpcwDW8sjYuddV/arcgis/rest/services/Annual_Average_Daily_Traffic_TDA/FeatureServer/0,https://services1.arcgis.com/O1JpcwDW8sjYuddV/arcgis/rest/services/Annual_Average_Daily_Traffic_TDA/FeatureServer/0/query?where=COUNTY%3D%27Miami-Dade%27&outFields=ROADWAY%2CAADT%2CAADTFLG%2CCOUNTY%2CDISTRICT%2CYEAR_%2CDESC_FRM%2CDESC_TO%2CBEGIN_POST%2CEND_POST&returnGeometry=false&f=json
87000136,20500,C,Miami-Dade,6,2025,SW 56 ST/MILLER DR,N/A,0,1.011,FDOT Annual Average Daily Traffic TDA,https://services1.arcgis.com/O1JpcwDW8sjYuddV/arcgis/rest/services/Annual_Average_Daily_Traffic_TDA/FeatureServer/0,https://services1.arcgis.com/O1JpcwDW8sjYuddV/arcgis/rest/services/Annual_Average_Daily_Traffic_TDA/FeatureServer/0/query?where=COUNTY%3D%27Miami-Dade%27&outFields=ROADWAY%2CAADT%2CAADTFLG%2CCOUNTY%2CDISTRICT%2CYEAR_%2CDESC_FRM%2CDESC_TO%2CBEGIN_POST%2CEND_POST&returnGeometry=false&f=json
87000171,14000,C,Miami-Dade,6,2025,SE 3 ST,NE 10 ST,0,0.84,FDOT Annual Average Daily Traffic TDA,https://services1.arcgis.com/O1JpcwDW8sjYuddV/arcgis/rest/services/Annual_Average_Daily_Traffic_TDA/FeatureServer/0,https://services1.arcgis.com/O1JpcwDW8sjYuddV/arcgis/rest/services/Annual_Average_Daily_Traffic_TDA/FeatureServer/0/query?where=COUNTY%3D%27Miami-Dade%27&outFields=ROADWAY%2CAADT%2CAADTFLG%2CCOUNTY%2CDISTRICT%2CYEAR_%2CDESC_FRM%2CDESC_TO%2CBEGIN_POST%2CEND_POST&returnGeometry=false&f=json
87000119,8000,T,Miami-Dade,6,2025,US-1/S DIXIE HWY,SW 48 ST,0,1.717,FDOT Annual Average Daily Traffic TDA,https://services1.arcgis.com/O1JpcwDW8sjYuddV/arcgis/rest/services/Annual_Average_Daily_Traffic_TDA/FeatureServer/0,https://services1.arcgis.com/O1JpcwDW8sjYuddV/arcgis/rest/services/Annual_Average_Daily_Traffic_TDA/FeatureServer/0/query?where=COUNTY%3D%27Miami-Dade%27&outFields=ROADWAY%2CAADT%2CAADTFLG%2CCOUNTY%2CDISTRICT%2CYEAR_%2CDESC_FRM%2CDESC_TO%2CBEGIN_POST%2CEND_POST&returnGeometry=false&f=json
87000297,14100,T,Miami-Dade,6,2025,NE 163 ST,MIAMI GARDENS DR,0,1.327,FDOT Annual Average Daily Traffic TDA,https://services1.arcgis.com/O1JpcwDW8sjYuddV/arcgis/rest/services/Annual_Average_Daily_Traffic_TDA/FeatureServer/0,https://services1.arcgis.com/O1JpcwDW8sjYuddV/arcgis/rest/services/Annual_Average_Daily_Traffic_TDA/FeatureServer/0/query?where=COUNTY%3D%27Miami-Dade%27&outFields=ROADWAY%2CAADT%2CAADTFLG%2CCOUNTY%2CDISTRICT%2CYEAR_%2CDESC_FRM%2CDESC_TO%2CBEGIN_POST%2CEND_POST&returnGeometry=false&f=json
87000239,19900,S,Miami-Dade,6,2025,W 8 AV,LAS BRISAS GARDENS,0,0.83,FDOT Annual Average Daily Traffic TDA,https://services1.arcgis.com/O1JpcwDW8sjYuddV/arcgis/rest/services/Annual_Average_Daily_Traffic_TDA/FeatureServer/0,https://services1.arcgis.com/O1JpcwDW8sjYuddV/arcgis/rest/services/Annual_Average_Daily_Traffic_TDA/FeatureServer/0/query?where=COUNTY%3D%27Miami-Dade%27&outFields=ROADWAY%2CAADT%2CAADTFLG%2CCOUNTY%2CDISTRICT%2CYEAR_%2CDESC_FRM%2CDESC_TO%2CBEGIN_POST%2CEND_POST&returnGeometry=false&f=json
87000149,6400,T,Miami-Dade,6,2025,5 ST,DADE BLVD,0,1.478,FDOT Annual Average Daily Traffic TDA,https://services1.arcgis.com/O1JpcwDW8sjYuddV/arcgis/rest/services/Annual_Average_Daily_Traffic_TDA/FeatureServer/0,https://services1.arcgis.com/O1JpcwDW8sjYuddV/arcgis/rest/services/Annual_Average_Daily_Traffic_TDA/FeatureServer/0/query?where=COUNTY%3D%27Miami-Dade%27&outFields=ROADWAY%2CAADT%2CAADTFLG%2CCOUNTY%2CDISTRICT%2CYEAR_%2CDESC_FRM%2CDESC_TO%2CBEGIN_POST%2CEND_POST&returnGeometry=false&f=json
87000287,12300,C,Miami-Dade,6,2025,NW 87 AVE,NW 67 AV/LUDLAM RD,0,2.062,FDOT Annual Average Daily Traffic TDA,https://services1.arcgis.com/O1JpcwDW8sjYuddV/arcgis/rest/services/Annual_Average_Daily_Traffic_TDA/FeatureServer/0,https://services1.arcgis.com/O1JpcwDW8sjYuddV/arcgis/rest/services/Annual_Average_Daily_Traffic_TDA/FeatureServer/0/query?where=COUNTY%3D%27Miami-Dade%27&outFields=ROADWAY%2CAADT%2CAADTFLG%2CCOUNTY%2CDISTRICT%2CYEAR_%2CDESC_FRM%2CDESC_TO%2CBEGIN_POST%2CEND_POST&returnGeometry=false&f=json
87000192,21500,F,Miami-Dade,6,2025,SR-25/OKEECHOBEE RD,E 21 ST/NW 74 ST,0,1.642,FDOT Annual Average Daily Traffic TDA,https://services1.arcgis.com/O1JpcwDW8sjYuddV/arcgis/rest/services/Annual_Average_Daily_Traffic_TDA/FeatureServer/0,https://services1.arcgis.com/O1JpcwDW8sjYuddV/arcgis/rest/services/Annual_Average_Daily_Traffic_TDA/FeatureServer/0/query?where=COUNTY%3D%27Miami-Dade%27&outFields=ROADWAY%2CAADT%2CAADTFLG%2CCOUNTY%2CDISTRICT%2CYEAR_%2CDESC_FRM%2CDESC_TO%2CBEGIN_POST%2CEND_POST&returnGeometry=false&f=json
87000244,6800,F,Miami-Dade,6,2025,BEG UNDERPASS 870468,LUDLAM RD/ NW 67 AVE,0,1.4,FDOT Annual Average Daily Traffic TDA,https://services1.arcgis.com/O1JpcwDW8sjYuddV/arcgis/rest/services/Annual_Average_Daily_Traffic_TDA/FeatureServer/0,https://services1.arcgis.com/O1JpcwDW8sjYuddV/arcgis/rest/services/Annual_Average_Daily_Traffic_TDA/FeatureServer/0/query?where=COUNTY%3D%27Miami-Dade%27&outFields=ROADWAY%2CAADT%2CAADTFLG%2CCOUNTY%2CDISTRICT%2CYEAR_%2CDESC_FRM%2CDESC_TO%2CBEGIN_POST%2CEND_POST&returnGeometry=false&f=json
87000106,11700,C,Miami-Dade,6,2025,GRANADA BLVD,ANASTASIA AVE,0,0.916,FDOT Annual Average Daily Traffic TDA,https://services1.arcgis.com/O1JpcwDW8sjYuddV/arcgis/rest/services/Annual_Average_Daily_Traffic_TDA/FeatureServer/0,https://services1.arcgis.com/O1JpcwDW8sjYuddV/arcgis/rest/services/Annual_Average_Daily_Traffic_TDA/FeatureServer/0/query?where=COUNTY%3D%27Miami-Dade%27&outFields=ROADWAY%2CAADT%2CAADTFLG%2CCOUNTY%2CDISTRICT%2CYEAR_%2CDESC_FRM%2CDESC_TO%2CBEGIN_POST%2CEND_POST&returnGeometry=false&f=json
87000184,41000,F,Miami-Dade,6,2025,N/A,OFF RAMP #87260539,1.517,2.51,FDOT Annual Average Daily Traffic TDA,https://services1.arcgis.com/O1JpcwDW8sjYuddV/arcgis/rest/services/Annual_Average_Daily_Traffic_TDA/FeatureServer/0,https://services1.arcgis.com/O1JpcwDW8sjYuddV/arcgis/rest/services/Annual_Average_Daily_Traffic_TDA/FeatureServer/0/query?where=COUNTY%3D%27Miami-Dade%27&outFields=ROADWAY%2CAADT%2CAADTFLG%2CCOUNTY%2CDISTRICT%2CYEAR_%2CDESC_FRM%2CDESC_TO%2CBEGIN_POST%2CEND_POST&returnGeometry=false&f=json
87000164,8800,F,Miami-Dade,6,2025,NW 5 ST,END OF UP 870661,0,0.5,FDOT Annual Average Daily Traffic TDA,https://services1.arcgis.com/O1JpcwDW8sjYuddV/arcgis/rest/services/Annual_Average_Daily_Traffic_TDA/FeatureServer/0,https://services1.arcgis.com/O1JpcwDW8sjYuddV/arcgis/rest/services/Annual_Average_Daily_Traffic_TDA/FeatureServer/0/query?where=COUNTY%3D%27Miami-Dade%27&outFields=ROADWAY%2CAADT%2CAADTFLG%2CCOUNTY%2CDISTRICT%2CYEAR_%2CDESC_FRM%2CDESC_TO%2CBEGIN_POST%2CEND_POST&returnGeometry=false&f=json
87000271,8500,T,Miami-Dade,6,2025,NW 157 ST,NW 195 ST,0,2.414,FDOT Annual Average Daily Traffic TDA,https://services1.arcgis.com/O1JpcwDW8sjYuddV/arcgis/rest/services/Annual_Average_Daily_Traffic_TDA/FeatureServer/0,https://services1.arcgis.com/O1JpcwDW8sjYuddV/arcgis/rest/services/Annual_Average_Daily_Traffic_TDA/FeatureServer/0/query?where=COUNTY%3D%27Miami-Dade%27&outFields=ROADWAY%2CAADT%2CAADTFLG%2CCOUNTY%2CDISTRICT%2CYEAR_%2CDESC_FRM%2CDESC_TO%2CBEGIN_POST%2CEND_POST&returnGeometry=false&f=json
87000225,25500,C,Miami-Dade,6,2025,NARANJA RD/SW 147 AV,SW 134 AVE,0,1.28,FDOT Annual Average Daily Traffic TDA,https://services1.arcgis.com/O1JpcwDW8sjYuddV/arcgis/rest/services/Annual_Average_Daily_Traffic_TDA/FeatureServer/0,https://services1.arcgis.com/O1JpcwDW8sjYuddV/arcgis/rest/services/Annual_Average_Daily_Traffic_TDA/FeatureServer/0/query?where=COUNTY%3D%27Miami-Dade%27&outFields=ROADWAY%2CAADT%2CAADTFLG%2CCOUNTY%2CDISTRICT%2CYEAR_%2CDESC_FRM%2CDESC_TO%2CBEGIN_POST%2CEND_POST&returnGeometry=false&f=json
87000201,2200,T,Miami-Dade,6,2025,COLLINS AVE,COLLINS AVE,0,1.44,FDOT Annual Average Daily Traffic TDA,https://services1.arcgis.com/O1JpcwDW8sjYuddV/arcgis/rest/services/Annual_Average_Daily_Traffic_TDA/FeatureServer/0,https://services1.arcgis.com/O1JpcwDW8sjYuddV/arcgis/rest/services/Annual_Average_Daily_Traffic_TDA/FeatureServer/0/query?where=COUNTY%3D%27Miami-Dade%27&outFields=ROADWAY%2CAADT%2CAADTFLG%2CCOUNTY%2CDISTRICT%2CYEAR_%2CDESC_FRM%2CDESC_TO%2CBEGIN_POST%2CEND_POST&returnGeometry=false&f=json
87000251,2300,C,Miami-Dade,6,2025,NE 10 AVE,US-1/BISCAYNE BLVD,0,1.431,FDOT Annual Average Daily Traffic TDA,https://services1.arcgis.com/O1JpcwDW8sjYuddV/arcgis/rest/services/Annual_Average_Daily_Traffic_TDA/FeatureServer/0,https://services1.arcgis.com/O1JpcwDW8sjYuddV/arcgis/rest/services/Annual_Average_Daily_Traffic_TDA/FeatureServer/0/query?where=COUNTY%3D%27Miami-Dade%27&outFields=ROADWAY%2CAADT%2CAADTFLG%2CCOUNTY%2CDISTRICT%2CYEAR_%2CDESC_FRM%2CDESC_TO%2CBEGIN_POST%2CEND_POST&returnGeometry=false&f=json
87000067,5400,C,Miami-Dade,6,2025,FRANJO RD,SW 184 ST/EUREKA DR,0,1.399,FDOT Annual Average Daily Traffic TDA,https://services1.arcgis.com/O1JpcwDW8sjYuddV/arcgis/rest/services/Annual_Average_Daily_Traffic_TDA/FeatureServer/0,https://services1.arcgis.com/O1JpcwDW8sjYuddV/arcgis/rest/services/Annual_Average_Daily_Traffic_TDA/FeatureServer/0/query?where=COUNTY%3D%27Miami-Dade%27&outFields=ROADWAY%2CAADT%2CAADTFLG%2CCOUNTY%2CDISTRICT%2CYEAR_%2CDESC_FRM%2CDESC_TO%2CBEGIN_POST%2CEND_POST&returnGeometry=false&f=json
87000209,29500,C,Miami-Dade,6,2025,NW 95 ST,NW 119 ST/GRATIGNY,0,1.558,FDOT Annual Average Daily Traffic TDA,https://services1.arcgis.com/O1JpcwDW8sjYuddV/arcgis/rest/services/Annual_Average_Daily_Traffic_TDA/FeatureServer/0,https://services1.arcgis.com/O1JpcwDW8sjYuddV/arcgis/rest/services/Annual_Average_Daily_Traffic_TDA/FeatureServer/0/query?where=COUNTY%3D%27Miami-Dade%27&outFields=ROADWAY%2CAADT%2CAADTFLG%2CCOUNTY%2CDISTRICT%2CYEAR_%2CDESC_FRM%2CDESC_TO%2CBEGIN_POST%2CEND_POST&returnGeometry=false&f=json
87000099,12600,C,Miami-Dade,6,2025,US-1/SR-5,SW 27 AVE,0,0.805,FDOT Annual Average Daily Traffic TDA,https://services1.arcgis.com/O1JpcwDW8sjYuddV/arcgis/rest/services/Annual_Average_Daily_Traffic_TDA/FeatureServer/0,https://services1.arcgis.com/O1JpcwDW8sjYuddV/arcgis/rest/services/Annual_Average_Daily_Traffic_TDA/FeatureServer/0/query?where=COUNTY%3D%27Miami-Dade%27&outFields=ROADWAY%2CAADT%2CAADTFLG%2CCOUNTY%2CDISTRICT%2CYEAR_%2CDESC_FRM%2CDESC_TO%2CBEGIN_POST%2CEND_POST&returnGeometry=false&f=json
87000179,9500,T,Miami-Dade,6,2025,SOUTH WATERWAY DR,SW 19 TER,0,0.43,FDOT Annual Average Daily Traffic TDA,https://services1.arcgis.com/O1JpcwDW8sjYuddV/arcgis/rest/services/Annual_Average_Daily_Traffic_TDA/FeatureServer/0,https://services1.arcgis.com/O1JpcwDW8sjYuddV/arcgis/rest/services/Annual_Average_Daily_Traffic_TDA/FeatureServer/0/query?where=COUNTY%3D%27Miami-Dade%27&outFields=ROADWAY%2CAADT%2CAADTFLG%2CCOUNTY%2CDISTRICT%2CYEAR_%2CDESC_FRM%2CDESC_TO%2CBEGIN_POST%2CEND_POST&returnGeometry=false&f=json
87000140,24500,C,Miami-Dade,6,2025,SR-94/SW 88 ST,SW 56 ST,0,2.004,FDOT Annual Average Daily Traffic TDA,https://services1.arcgis.com/O1JpcwDW8sjYuddV/arcgis/rest/services/Annual_Average_Daily_Traffic_TDA/FeatureServer/0,https://services1.arcgis.com/O1JpcwDW8sjYuddV/arcgis/rest/services/Annual_Average_Daily_Traffic_TDA/FeatureServer/0/query?where=COUNTY%3D%27Miami-Dade%27&outFields=ROADWAY%2CAADT%2CAADTFLG%2CCOUNTY%2CDISTRICT%2CYEAR_%2CDESC_FRM%2CDESC_TO%2CBEGIN_POST%2CEND_POST&returnGeometry=false&f=json
87000288,2050,T,Miami-Dade,6,2025,SW 104 ST,SR-94/SW 88 ST,0,1,FDOT Annual Average Daily Traffic TDA,https://services1.arcgis.com/O1JpcwDW8sjYuddV/arcgis/rest/services/Annual_Average_Daily_Traffic_TDA/FeatureServer/0,https://services1.arcgis.com/O1JpcwDW8sjYuddV/arcgis/rest/services/Annual_Average_Daily_Traffic_TDA/FeatureServer/0/query?where=COUNTY%3D%27Miami-Dade%27&outFields=ROADWAY%2CAADT%2CAADTFLG%2CCOUNTY%2CDISTRICT%2CYEAR_%2CDESC_FRM%2CDESC_TO%2CBEGIN_POST%2CEND_POST&returnGeometry=false&f=json
87000233,18800,C,Miami-Dade,6,2025,W 40 PL,W 68 ST/NW 122 ST,0,1.771,FDOT Annual Average Daily Traffic TDA,https://services1.arcgis.com/O1JpcwDW8sjYuddV/arcgis/rest/services/Annual_Average_Daily_Traffic_TDA/FeatureServer/0,https://services1.arcgis.com/O1JpcwDW8sjYuddV/arcgis/rest/services/Annual_Average_Daily_Traffic_TDA/FeatureServer/0/query?where=COUNTY%3D%27Miami-Dade%27&outFields=ROADWAY%2CAADT%2CAADTFLG%2CCOUNTY%2CDISTRICT%2CYEAR_%2CDESC_FRM%2CDESC_TO%2CBEGIN_POST%2CEND_POST&returnGeometry=false&f=json
87000096,3700,C,Miami-Dade,6,2025,W MASHTHA DR,FERNWOOD DR,0.5,1.821,FDOT Annual Average Daily Traffic TDA,https://services1.arcgis.com/O1JpcwDW8sjYuddV/arcgis/rest/services/Annual_Average_Daily_Traffic_TDA/FeatureServer/0,https://services1.arcgis.com/O1JpcwDW8sjYuddV/arcgis/rest/services/Annual_Average_Daily_Traffic_TDA/FeatureServer/0/query?where=COUNTY%3D%27Miami-Dade%27&outFields=ROADWAY%2CAADT%2CAADTFLG%2CCOUNTY%2CDISTRICT%2CYEAR_%2CDESC_FRM%2CDESC_TO%2CBEGIN_POST%2CEND_POST&returnGeometry=false&f=json
87000066,42500,C,Miami-Dade,6,2025,SW 137 AVE,SW 127 AVE,0,1.011,FDOT Annual Average Daily Traffic TDA,https://services1.arcgis.com/O1JpcwDW8sjYuddV/arcgis/rest/services/Annual_Average_Daily_Traffic_TDA/FeatureServer/0,https://services1.arcgis.com/O1JpcwDW8sjYuddV/arcgis/rest/services/Annual_Average_Daily_Traffic_TDA/FeatureServer/0/query?where=COUNTY%3D%27Miami-Dade%27&outFields=ROADWAY%2CAADT%2CAADTFLG%2CCOUNTY%2CDISTRICT%2CYEAR_%2CDESC_FRM%2CDESC_TO%2CBEGIN_POST%2CEND_POST&returnGeometry=false&f=json
87000182,22500,C,Miami-Dade,6,2025,NW 36 ST,NW 58 ST,0,1.162,FDOT Annual Average Daily Traffic TDA,https://services1.arcgis.com/O1JpcwDW8sjYuddV/arcgis/rest/services/Annual_Average_Daily_Traffic_TDA/FeatureServer/0,https://services1.arcgis.com/O1JpcwDW8sjYuddV/arcgis/rest/services/Annual_Average_Daily_Traffic_TDA/FeatureServer/0/query?where=COUNTY%3D%27Miami-Dade%27&outFields=ROADWAY%2CAADT%2CAADTFLG%2CCOUNTY%2CDISTRICT%2CYEAR_%2CDESC_FRM%2CDESC_TO%2CBEGIN_POST%2CEND_POST&returnGeometry=false&f=json
87000120,6800,T,Miami-Dade,6,2025,N/A,BLUE RD,0.955,1.596,FDOT Annual Average Daily Traffic TDA,https://services1.arcgis.com/O1JpcwDW8sjYuddV/arcgis/rest/services/Annual_Average_Daily_Traffic_TDA/FeatureServer/0,https://services1.arcgis.com/O1JpcwDW8sjYuddV/arcgis/rest/services/Annual_Average_Daily_Traffic_TDA/FeatureServer/0/query?where=COUNTY%3D%27Miami-Dade%27&outFields=ROADWAY%2CAADT%2CAADTFLG%2CCOUNTY%2CDISTRICT%2CYEAR_%2CDESC_FRM%2CDESC_TO%2CBEGIN_POST%2CEND_POST&returnGeometry=false&f=json
87000215,13000,C,Miami-Dade,6,2025,NW 36 AV,NW 27 AV,0,0.892,FDOT Annual Average Daily Traffic TDA,https://services1.arcgis.com/O1JpcwDW8sjYuddV/arcgis/rest/services/Annual_Average_Daily_Traffic_TDA/FeatureServer/0,https://services1.arcgis.com/O1JpcwDW8sjYuddV/arcgis/rest/services/Annual_Average_Daily_Traffic_TDA/FeatureServer/0/query?where=COUNTY%3D%27Miami-Dade%27&outFields=ROADWAY%2CAADT%2CAADTFLG%2CCOUNTY%2CDISTRICT%2CYEAR_%2CDESC_FRM%2CDESC_TO%2CBEGIN_POST%2CEND_POST&returnGeometry=false&f=json
87000134,29000,C,Miami-Dade,6,2025,SW 72 TER,N/A,0.99,2.03,FDOT Annual Average Daily Traffic TDA,https://services1.arcgis.com/O1JpcwDW8sjYuddV/arcgis/rest/services/Annual_Average_Daily_Traffic_TDA/FeatureServer/0,https://services1.arcgis.com/O1JpcwDW8sjYuddV/arcgis/rest/services/Annual_Average_Daily_Traffic_TDA/FeatureServer/0/query?where=COUNTY%3D%27Miami-Dade%27&outFields=ROADWAY%2CAADT%2CAADTFLG%2CCOUNTY%2CDISTRICT%2CYEAR_%2CDESC_FRM%2CDESC_TO%2CBEGIN_POST%2CEND_POST&returnGeometry=false&f=json
87000256,11800,T,Miami-Dade,6,2025,MIAMI GARDENS DR,NW 199 ST,0,1,FDOT Annual Average Daily Traffic TDA,https://services1.arcgis.com/O1JpcwDW8sjYuddV/arcgis/rest/services/Annual_Average_Daily_Traffic_TDA/FeatureServer/0,https://services1.arcgis.com/O1JpcwDW8sjYuddV/arcgis/rest/services/Annual_Average_Daily_Traffic_TDA/FeatureServer/0/query?where=COUNTY%3D%27Miami-Dade%27&outFields=ROADWAY%2CAADT%2CAADTFLG%2CCOUNTY%2CDISTRICT%2CYEAR_%2CDESC_FRM%2CDESC_TO%2CBEGIN_POST%2CEND_POST&returnGeometry=false&f=json
87000117,12000,C,Miami-Dade,6,2025,SW 56 ST/MILLER DR,SW 40 ST/BIRD RD,0,1.041,FDOT Annual Average Daily Traffic TDA,https://services1.arcgis.com/O1JpcwDW8sjYuddV/arcgis/rest/services/Annual_Average_Daily_Traffic_TDA/FeatureServer/0,https://services1.arcgis.com/O1JpcwDW8sjYuddV/arcgis/rest/services/Annual_Average_Daily_Traffic_TDA/FeatureServer/0/query?where=COUNTY%3D%27Miami-Dade%27&outFields=ROADWAY%2CAADT%2CAADTFLG%2CCOUNTY%2CDISTRICT%2CYEAR_%2CDESC_FRM%2CDESC_TO%2CBEGIN_POST%2CEND_POST&returnGeometry=false&f=json
87000163,6700,C,Miami-Dade,6,2025,N/A,N MIAMI AVE,0.08,0.302,FDOT Annual Average Daily Traffic TDA,https://services1.arcgis.com/O1JpcwDW8sjYuddV/arcgis/rest/services/Annual_Average_Daily_Traffic_TDA/FeatureServer/0,https://services1.arcgis.com/O1JpcwDW8sjYuddV/arcgis/rest/services/Annual_Average_Daily_Traffic_TDA/FeatureServer/0/query?where=COUNTY%3D%27Miami-Dade%27&outFields=ROADWAY%2CAADT%2CAADTFLG%2CCOUNTY%2CDISTRICT%2CYEAR_%2CDESC_FRM%2CDESC_TO%2CBEGIN_POST%2CEND_POST&returnGeometry=false&f=json
87000274,4500,F,Miami-Dade,6,2025,NW 37 AVE/DOUGLAS RD,NW 12 AVE,0,2.5,FDOT Annual Average Daily Traffic TDA,https://services1.arcgis.com/O1JpcwDW8sjYuddV/arcgis/rest/services/Annual_Average_Daily_Traffic_TDA/FeatureServer/0,https://services1.arcgis.com/O1JpcwDW8sjYuddV/arcgis/rest/services/Annual_Average_Daily_Traffic_TDA/FeatureServer/0/query?where=COUNTY%3D%27Miami-Dade%27&outFields=ROADWAY%2CAADT%2CAADTFLG%2CCOUNTY%2CDISTRICT%2CYEAR_%2CDESC_FRM%2CDESC_TO%2CBEGIN_POST%2CEND_POST&returnGeometry=false&f=json
87000236,18100,T,Miami-Dade,6,2025,W 4 AVE/RED RD,E 8 AVE/NW 42 AVE,0,1.478,FDOT Annual Average Daily Traffic TDA,https://services1.arcgis.com/O1JpcwDW8sjYuddV/arcgis/rest/services/Annual_Average_Daily_Traffic_TDA/FeatureServer/0,https://services1.arcgis.com/O1JpcwDW8sjYuddV/arcgis/rest/services/Annual_Average_Daily_Traffic_TDA/FeatureServer/0/query?where=COUNTY%3D%27Miami-Dade%27&outFields=ROADWAY%2CAADT%2CAADTFLG%2CCOUNTY%2CDISTRICT%2CYEAR_%2CDESC_FRM%2CDESC_TO%2CBEGIN_POST%2CEND_POST&returnGeometry=false&f=json
87000084,37500,C,Miami-Dade,6,2025,SW 134 AV,SW 117 AV,0,1.774,FDOT Annual Average Daily Traffic TDA,https://services1.arcgis.com/O1JpcwDW8sjYuddV/arcgis/rest/services/Annual_Average_Daily_Traffic_TDA/FeatureServer/0,https://services1.arcgis.com/O1JpcwDW8sjYuddV/arcgis/rest/services/Annual_Average_Daily_Traffic_TDA/FeatureServer/0/query?where=COUNTY%3D%27Miami-Dade%27&outFields=ROADWAY%2CAADT%2CAADTFLG%2CCOUNTY%2CDISTRICT%2CYEAR_%2CDESC_FRM%2CDESC_TO%2CBEGIN_POST%2CEND_POST&returnGeometry=false&f=json
87000243,22000,T,Miami-Dade,6,2025,NW 72 AVE/W 16 AVE,W 12 AVE,0,0.5,FDOT Annual Average Daily Traffic TDA,https://services1.arcgis.com/O1JpcwDW8sjYuddV/arcgis/rest/services/Annual_Average_Daily_Traffic_TDA/FeatureServer/0,https://services1.arcgis.com/O1JpcwDW8sjYuddV/arcgis/rest/services/Annual_Average_Daily_Traffic_TDA/FeatureServer/0/query?where=COUNTY%3D%27Miami-Dade%27&outFields=ROADWAY%2CAADT%2CAADTFLG%2CCOUNTY%2CDISTRICT%2CYEAR_%2CDESC_FRM%2CDESC_TO%2CBEGIN_POST%2CEND_POST&returnGeometry=false&f=json
87000123,5000,T,Miami-Dade,6,2025,HARDEE RD,SW 40 ST,0.532,2.202,FDOT Annual Average Daily Traffic TDA,https://services1.arcgis.com/O1JpcwDW8sjYuddV/arcgis/rest/services/Annual_Average_Daily_Traffic_TDA/FeatureServer/0,https://services1.arcgis.com/O1JpcwDW8sjYuddV/arcgis/rest/services/Annual_Average_Daily_Traffic_TDA/FeatureServer/0/query?where=COUNTY%3D%27Miami-Dade%27&outFields=ROADWAY%2CAADT%2CAADTFLG%2CCOUNTY%2CDISTRICT%2CYEAR_%2CDESC_FRM%2CDESC_TO%2CBEGIN_POST%2CEND_POST&returnGeometry=false&f=json
87000172,11000,C,Miami-Dade,6,2025,N BAYSHORE DR,N/A,0,0.317,FDOT Annual Average Daily Traffic TDA,https://services1.arcgis.com/O1JpcwDW8sjYuddV/arcgis/rest/services/Annual_Average_Daily_Traffic_TDA/FeatureServer/0,https://services1.arcgis.com/O1JpcwDW8sjYuddV/arcgis/rest/services/Annual_Average_Daily_Traffic_TDA/FeatureServer/0/query?where=COUNTY%3D%27Miami-Dade%27&outFields=ROADWAY%2CAADT%2CAADTFLG%2CCOUNTY%2CDISTRICT%2CYEAR_%2CDESC_FRM%2CDESC_TO%2CBEGIN_POST%2CEND_POST&returnGeometry=false&f=json
87000150,9400,C,Miami-Dade,6,2025,SW 8 ST,SW 37 AVE,0.859,1.361,FDOT Annual Average Daily Traffic TDA,https://services1.arcgis.com/O1JpcwDW8sjYuddV/arcgis/rest/services/Annual_Average_Daily_Traffic_TDA/FeatureServer/0,https://services1.arcgis.com/O1JpcwDW8sjYuddV/arcgis/rest/services/Annual_Average_Daily_Traffic_TDA/FeatureServer/0/query?where=COUNTY%3D%27Miami-Dade%27&outFields=ROADWAY%2CAADT%2CAADTFLG%2CCOUNTY%2CDISTRICT%2CYEAR_%2CDESC_FRM%2CDESC_TO%2CBEGIN_POST%2CEND_POST&returnGeometry=false&f=json
87000100,8400,C,Miami-Dade,6,2025,SW 57 AVE/RED RD,PONCE DE LEON BLVD,1.026,2.564,FDOT Annual Average Daily Traffic TDA,https://services1.arcgis.com/O1JpcwDW8sjYuddV/arcgis/rest/services/Annual_Average_Daily_Traffic_TDA/FeatureServer/0,https://services1.arcgis.com/O1JpcwDW8sjYuddV/arcgis/rest/services/Annual_Average_Daily_Traffic_TDA/FeatureServer/0/query?where=COUNTY%3D%27Miami-Dade%27&outFields=ROADWAY%2CAADT%2CAADTFLG%2CCOUNTY%2CDISTRICT%2CYEAR_%2CDESC_FRM%2CDESC_TO%2CBEGIN_POST%2CEND_POST&returnGeometry=false&f=json
87000242,15500,F,Miami-Dade,6,2025,W 49 ST/NW 103 ST,W 84 ST/NW 138 ST,0,2.2,FDOT Annual Average Daily Traffic TDA,https://services1.arcgis.com/O1JpcwDW8sjYuddV/arcgis/rest/services/Annual_Average_Daily_Traffic_TDA/FeatureServer/0,https://services1.arcgis.com/O1JpcwDW8sjYuddV/arcgis/rest/services/Annual_Average_Daily_Traffic_TDA/FeatureServer/0/query?where=COUNTY%3D%27Miami-Dade%27&outFields=ROADWAY%2CAADT%2CAADTFLG%2CCOUNTY%2CDISTRICT%2CYEAR_%2CDESC_FRM%2CDESC_TO%2CBEGIN_POST%2CEND_POST&returnGeometry=false&f=json
87000136,13000,C,Miami-Dade,6,2025,N/A,SW 26 ST,1.011,2,FDOT Annual Average Daily Traffic TDA,https://services1.arcgis.com/O1JpcwDW8sjYuddV/arcgis/rest/services/Annual_Average_Daily_Traffic_TDA/FeatureServer/0,https://services1.arcgis.com/O1JpcwDW8sjYuddV/arcgis/rest/services/Annual_Average_Daily_Traffic_TDA/FeatureServer/0/query?where=COUNTY%3D%27Miami-Dade%27&outFields=ROADWAY%2CAADT%2CAADTFLG%2CCOUNTY%2CDISTRICT%2CYEAR_%2CDESC_FRM%2CDESC_TO%2CBEGIN_POST%2CEND_POST&returnGeometry=false&f=json
87000248,8900,T,Miami-Dade,6,2025,NE 163 ST/SUNNY ISLE,NE 171 ST,0,0.652,FDOT Annual Average Daily Traffic TDA,https://services1.arcgis.com/O1JpcwDW8sjYuddV/arcgis/rest/services/Annual_Average_Daily_Traffic_TDA/FeatureServer/0,https://services1.arcgis.com/O1JpcwDW8sjYuddV/arcgis/rest/services/Annual_Average_Daily_Traffic_TDA/FeatureServer/0/query?where=COUNTY%3D%27Miami-Dade%27&outFields=ROADWAY%2CAADT%2CAADTFLG%2CCOUNTY%2CDISTRICT%2CYEAR_%2CDESC_FRM%2CDESC_TO%2CBEGIN_POST%2CEND_POST&returnGeometry=false&f=json
87000080,8900,C,Miami-Dade,6,2025,SW 152 ST,OLD CUTLER RD/SW 136,0.633,1.652,FDOT Annual Average Daily Traffic TDA,https://services1.arcgis.com/O1JpcwDW8sjYuddV/arcgis/rest/services/Annual_Average_Daily_Traffic_TDA/FeatureServer/0,https://services1.arcgis.com/O1JpcwDW8sjYuddV/arcgis/rest/services/Annual_Average_Daily_Traffic_TDA/FeatureServer/0/query?where=COUNTY%3D%27Miami-Dade%27&outFields=ROADWAY%2CAADT%2CAADTFLG%2CCOUNTY%2CDISTRICT%2CYEAR_%2CDESC_FRM%2CDESC_TO%2CBEGIN_POST%2CEND_POST&returnGeometry=false&f=json
87000069,20300,C,Miami-Dade,6,2025,SW 102 AVE,SR-5/US-1,0,1.686,FDOT Annual Average Daily Traffic TDA,https://services1.arcgis.com/O1JpcwDW8sjYuddV/arcgis/rest/services/Annual_Average_Daily_Traffic_TDA/FeatureServer/0,https://services1.arcgis.com/O1JpcwDW8sjYuddV/arcgis/rest/services/Annual_Average_Daily_Traffic_TDA/FeatureServer/0/query?where=COUNTY%3D%27Miami-Dade%27&outFields=ROADWAY%2CAADT%2CAADTFLG%2CCOUNTY%2CDISTRICT%2CYEAR_%2CDESC_FRM%2CDESC_TO%2CBEGIN_POST%2CEND_POST&returnGeometry=false&f=json
87000087,43500,C,Miami-Dade,6,2025,SW 184 S/EUREKA DR,SW 128 ST,0,3.557,FDOT Annual Average Daily Traffic TDA,https://services1.arcgis.com/O1JpcwDW8sjYuddV/arcgis/rest/services/Annual_Average_Daily_Traffic_TDA/FeatureServer/0,https://services1.arcgis.com/O1JpcwDW8sjYuddV/arcgis/rest/services/Annual_Average_Daily_Traffic_TDA/FeatureServer/0/query?where=COUNTY%3D%27Miami-Dade%27&outFields=ROADWAY%2CAADT%2CAADTFLG%2CCOUNTY%2CDISTRICT%2CYEAR_%2CDESC_FRM%2CDESC_TO%2CBEGIN_POST%2CEND_POST&returnGeometry=false&f=json
87000300,31000,C,Miami-Dade,6,2025,VIRGINIA BEACH DR,GOLF COURSE,0,1.692,FDOT Annual Average Daily Traffic TDA,https://services1.arcgis.com/O1JpcwDW8sjYuddV/arcgis/rest/services/Annual_Average_Daily_Traffic_TDA/FeatureServer/0,https://services1.arcgis.com/O1JpcwDW8sjYuddV/arcgis/rest/services/Annual_Average_Daily_Traffic_TDA/FeatureServer/0/query?where=COUNTY%3D%27Miami-Dade%27&outFields=ROADWAY%2CAADT%2CAADTFLG%2CCOUNTY%2CDISTRICT%2CYEAR_%2CDESC_FRM%2CDESC_TO%2CBEGIN_POST%2CEND_POST&returnGeometry=false&f=json
87000233,13100,C,Miami-Dade,6,2025,W 68 ST/NW 122 ST,W 84 ST/NW 138 ST,1.771,2.749,FDOT Annual Average Daily Traffic TDA,https://services1.arcgis.com/O1JpcwDW8sjYuddV/arcgis/rest/services/Annual_Average_Daily_Traffic_TDA/FeatureServer/0,https://services1.arcgis.com/O1JpcwDW8sjYuddV/arcgis/rest/services/Annual_Average_Daily_Traffic_TDA/FeatureServer/0/query?where=COUNTY%3D%27Miami-Dade%27&outFields=ROADWAY%2CAADT%2CAADTFLG%2CCOUNTY%2CDISTRICT%2CYEAR_%2CDESC_FRM%2CDESC_TO%2CBEGIN_POST%2CEND_POST&returnGeometry=false&f=json
87000163,4400,C,Miami-Dade,6,2025,US-1/SR 5,N/A,0,0.08,FDOT Annual Average Daily Traffic TDA,https://services1.arcgis.com/O1JpcwDW8sjYuddV/arcgis/rest/services/Annual_Average_Daily_Traffic_TDA/FeatureServer/0,https://services1.arcgis.com/O1JpcwDW8sjYuddV/arcgis/rest/services/Annual_Average_Daily_Traffic_TDA/FeatureServer/0/query?where=COUNTY%3D%27Miami-Dade%27&outFields=ROADWAY%2CAADT%2CAADTFLG%2CCOUNTY%2CDISTRICT%2CYEAR_%2CDESC_FRM%2CDESC_TO%2CBEGIN_POST%2CEND_POST&returnGeometry=false&f=json
87000268,26000,T,Miami-Dade,6,2025,SR-826,NW 199 ST/HONEY HILL,0,1.986,FDOT Annual Average Daily Traffic TDA,https://services1.arcgis.com/O1JpcwDW8sjYuddV/arcgis/rest/services/Annual_Average_Daily_Traffic_TDA/FeatureServer/0,https://services1.arcgis.com/O1JpcwDW8sjYuddV/arcgis/rest/services/Annual_Average_Daily_Traffic_TDA/FeatureServer/0/query?where=COUNTY%3D%27Miami-Dade%27&outFields=ROADWAY%2CAADT%2CAADTFLG%2CCOUNTY%2CDISTRICT%2CYEAR_%2CDESC_FRM%2CDESC_TO%2CBEGIN_POST%2CEND_POST&returnGeometry=false&f=json
87000130,8900,T,Miami-Dade,6,2025,SW 50 TER,SW 24 ST/CORAL WAY,0.94,2.77,FDOT Annual Average Daily Traffic TDA,https://services1.arcgis.com/O1JpcwDW8sjYuddV/arcgis/rest/services/Annual_Average_Daily_Traffic_TDA/FeatureServer/0,https://services1.arcgis.com/O1JpcwDW8sjYuddV/arcgis/rest/services/Annual_Average_Daily_Traffic_TDA/FeatureServer/0/query?where=COUNTY%3D%27Miami-Dade%27&outFields=ROADWAY%2CAADT%2CAADTFLG%2CCOUNTY%2CDISTRICT%2CYEAR_%2CDESC_FRM%2CDESC_TO%2CBEGIN_POST%2CEND_POST&returnGeometry=false&f=json
87000195,5700,T,Miami-Dade,6,2025,SW 8 ST,N/A,0,0.29,FDOT Annual Average Daily Traffic TDA,https://services1.arcgis.com/O1JpcwDW8sjYuddV/arcgis/rest/services/Annual_Average_Daily_Traffic_TDA/FeatureServer/0,https://services1.arcgis.com/O1JpcwDW8sjYuddV/arcgis/rest/services/Annual_Average_Daily_Traffic_TDA/FeatureServer/0/query?where=COUNTY%3D%27Miami-Dade%27&outFields=ROADWAY%2CAADT%2CAADTFLG%2CCOUNTY%2CDISTRICT%2CYEAR_%2CDESC_FRM%2CDESC_TO%2CBEGIN_POST%2CEND_POST&returnGeometry=false&f=json
87000263,25500,T,Miami-Dade,6,2025,BEG UP/TURNPIKE,NW 2 AVE,0,1.458,FDOT Annual Average Daily Traffic TDA,https://services1.arcgis.com/O1JpcwDW8sjYuddV/arcgis/rest/services/Annual_Average_Daily_Traffic_TDA/FeatureServer/0,https://services1.arcgis.com/O1JpcwDW8sjYuddV/arcgis/rest/services/Annual_Average_Daily_Traffic_TDA/FeatureServer/0/query?where=COUNTY%3D%27Miami-Dade%27&outFields=ROADWAY%2CAADT%2CAADTFLG%2CCOUNTY%2CDISTRICT%2CYEAR_%2CDESC_FRM%2CDESC_TO%2CBEGIN_POST%2CEND_POST&returnGeometry=false&f=json
87000109,3700,C,Miami-Dade,6,2025,SW 84 AVE,END OF STREET,2.25,2.976,FDOT Annual Average Daily Traffic TDA,https://services1.arcgis.com/O1JpcwDW8sjYuddV/arcgis/rest/services/Annual_Average_Daily_Traffic_TDA/FeatureServer/0,https://services1.arcgis.com/O1JpcwDW8sjYuddV/arcgis/rest/services/Annual_Average_Daily_Traffic_TDA/FeatureServer/0/query?where=COUNTY%3D%27Miami-Dade%27&outFields=ROADWAY%2CAADT%2CAADTFLG%2CCOUNTY%2CDISTRICT%2CYEAR_%2CDESC_FRM%2CDESC_TO%2CBEGIN_POST%2CEND_POST&returnGeometry=false&f=json
87000163,5700,T,Miami-Dade,6,2025,N MIAMI AVE,NW 7 AVE,0.302,1.1,FDOT Annual Average Daily Traffic TDA,https://services1.arcgis.com/O1JpcwDW8sjYuddV/arcgis/rest/services/Annual_Average_Daily_Traffic_TDA/FeatureServer/0,https://services1.arcgis.com/O1JpcwDW8sjYuddV/arcgis/rest/services/Annual_Average_Daily_Traffic_TDA/FeatureServer/0/query?where=COUNTY%3D%27Miami-Dade%27&outFields=ROADWAY%2CAADT%2CAADTFLG%2CCOUNTY%2CDISTRICT%2CYEAR_%2CDESC_FRM%2CDESC_TO%2CBEGIN_POST%2CEND_POST&returnGeometry=false&f=json
87000176,16500,T,Miami-Dade,6,2025,NW 40 ST,NW 62 ST,0,1.3,FDOT Annual Average Daily Traffic TDA,https://services1.arcgis.com/O1JpcwDW8sjYuddV/arcgis/rest/services/Annual_Average_Daily_Traffic_TDA/FeatureServer/0,https://services1.arcgis.com/O1JpcwDW8sjYuddV/arcgis/rest/services/Annual_Average_Daily_Traffic_TDA/FeatureServer/0/query?where=COUNTY%3D%27Miami-Dade%27&outFields=ROADWAY%2CAADT%2CAADTFLG%2CCOUNTY%2CDISTRICT%2CYEAR_%2CDESC_FRM%2CDESC_TO%2CBEGIN_POST%2CEND_POST&returnGeometry=false&f=json
87000213,6600,T,Miami-Dade,6,2025,NW 2 AVE,EL PORTAL CITY HALL,0,0.858,FDOT Annual Average Daily Traffic TDA,https://services1.arcgis.com/O1JpcwDW8sjYuddV/arcgis/rest/services/Annual_Average_Daily_Traffic_TDA/FeatureServer/0,https://services1.arcgis.com/O1JpcwDW8sjYuddV/arcgis/rest/services/Annual_Average_Daily_Traffic_TDA/FeatureServer/0/query?where=COUNTY%3D%27Miami-Dade%27&outFields=ROADWAY%2CAADT%2CAADTFLG%2CCOUNTY%2CDISTRICT%2CYEAR_%2CDESC_FRM%2CDESC_TO%2CBEGIN_POST%2CEND_POST&returnGeometry=false&f=json
87000148,12500,T,Miami-Dade,6,2025,5 ST,DADE BLVD,0,1.255,FDOT Annual Average Daily Traffic TDA,https://services1.arcgis.com/O1JpcwDW8sjYuddV/arcgis/rest/services/Annual_Average_Daily_Traffic_TDA/FeatureServer/0,https://services1.arcgis.com/O1JpcwDW8sjYuddV/arcgis/rest/services/Annual_Average_Daily_Traffic_TDA/FeatureServer/0/query?where=COUNTY%3D%27Miami-Dade%27&outFields=ROADWAY%2CAADT%2CAADTFLG%2CCOUNTY%2CDISTRICT%2CYEAR_%2CDESC_FRM%2CDESC_TO%2CBEGIN_POST%2CEND_POST&returnGeometry=false&f=json
87000277,9400,T,Miami-Dade,6,2025,NW 151 ST,SR 826,0,0.992,FDOT Annual Average Daily Traffic TDA,https://services1.arcgis.com/O1JpcwDW8sjYuddV/arcgis/rest/services/Annual_Average_Daily_Traffic_TDA/FeatureServer/0,https://services1.arcgis.com/O1JpcwDW8sjYuddV/arcgis/rest/services/Annual_Average_Daily_Traffic_TDA/FeatureServer/0/query?where=COUNTY%3D%27Miami-Dade%27&outFields=ROADWAY%2CAADT%2CAADTFLG%2CCOUNTY%2CDISTRICT%2CYEAR_%2CDESC_FRM%2CDESC_TO%2CBEGIN_POST%2CEND_POST&returnGeometry=false&f=json
87000074,13700,C,Miami-Dade,6,2025,SW 152 ST/CORAL REEF,SW 124 ST/CHAPMAN FI,0,1.776,FDOT Annual Average Daily Traffic TDA,https://services1.arcgis.com/O1JpcwDW8sjYuddV/arcgis/rest/services/Annual_Average_Daily_Traffic_TDA/FeatureServer/0,https://services1.arcgis.com/O1JpcwDW8sjYuddV/arcgis/rest/services/Annual_Average_Daily_Traffic_TDA/FeatureServer/0/query?where=COUNTY%3D%27Miami-Dade%27&outFields=ROADWAY%2CAADT%2CAADTFLG%2CCOUNTY%2CDISTRICT%2CYEAR_%2CDESC_FRM%2CDESC_TO%2CBEGIN_POST%2CEND_POST&returnGeometry=false&f=json
87000125,13100,C,Miami-Dade,6,2025,US-1/SR-5/S DIXIE HW,CATALONIA AVE,0,1.078,FDOT Annual Average Daily Traffic TDA,https://services1.arcgis.com/O1JpcwDW8sjYuddV/arcgis/rest/services/Annual_Average_Daily_Traffic_TDA/FeatureServer/0,https://services1.arcgis.com/O1JpcwDW8sjYuddV/arcgis/rest/services/Annual_Average_Daily_Traffic_TDA/FeatureServer/0/query?where=COUNTY%3D%27Miami-Dade%27&outFields=ROADWAY%2CAADT%2CAADTFLG%2CCOUNTY%2CDISTRICT%2CYEAR_%2CDESC_FRM%2CDESC_TO%2CBEGIN_POST%2CEND_POST&returnGeometry=false&f=json
87000207,5800,T,Miami-Dade,6,2025,NW 55 TER,NE 79 ST/SR-934,0,1.442,FDOT Annual Average Daily Traffic TDA,https://services1.arcgis.com/O1JpcwDW8sjYuddV/arcgis/rest/services/Annual_Average_Daily_Traffic_TDA/FeatureServer/0,https://services1.arcgis.com/O1JpcwDW8sjYuddV/arcgis/rest/services/Annual_Average_Daily_Traffic_TDA/FeatureServer/0/query?where=COUNTY%3D%27Miami-Dade%27&outFields=ROADWAY%2CAADT%2CAADTFLG%2CCOUNTY%2CDISTRICT%2CYEAR_%2CDESC_FRM%2CDESC_TO%2CBEGIN_POST%2CEND_POST&returnGeometry=false&f=json
87000109,7800,F,Miami-Dade,6,2025,SW 107 AVE,SW 84 AVE,0,2.25,FDOT Annual Average Daily Traffic TDA,https://services1.arcgis.com/O1JpcwDW8sjYuddV/arcgis/rest/services/Annual_Average_Daily_Traffic_TDA/FeatureServer/0,https://services1.arcgis.com/O1JpcwDW8sjYuddV/arcgis/rest/services/Annual_Average_Daily_Traffic_TDA/FeatureServer/0/query?where=COUNTY%3D%27Miami-Dade%27&outFields=ROADWAY%2CAADT%2CAADTFLG%2CCOUNTY%2CDISTRICT%2CYEAR_%2CDESC_FRM%2CDESC_TO%2CBEGIN_POST%2CEND_POST&returnGeometry=false&f=json
87000293,24000,C,Miami-Dade,6,2025,NW 87 AVE,END UNDERPASS 870468,0,1,FDOT Annual Average Daily Traffic TDA,https://services1.arcgis.com/O1JpcwDW8sjYuddV/arcgis/rest/services/Annual_Average_Daily_Traffic_TDA/FeatureServer/0,https://services1.arcgis.com/O1JpcwDW8sjYuddV/arcgis/rest/services/Annual_Average_Daily_Traffic_TDA/FeatureServer/0/query?where=COUNTY%3D%27Miami-Dade%27&outFields=ROADWAY%2CAADT%2CAADTFLG%2CCOUNTY%2CDISTRICT%2CYEAR_%2CDESC_FRM%2CDESC_TO%2CBEGIN_POST%2CEND_POST&returnGeometry=false&f=json
87000168,13100,C,Miami-Dade,6,2025,PINE TREE DR/DADE BL,SR-A1A/COLLINS AVEE,0,0.165,FDOT Annual Average Daily Traffic TDA,https://services1.arcgis.com/O1JpcwDW8sjYuddV/arcgis/rest/services/Annual_Average_Daily_Traffic_TDA/FeatureServer/0,https://services1.arcgis.com/O1JpcwDW8sjYuddV/arcgis/rest/services/Annual_Average_Daily_Traffic_TDA/FeatureServer/0/query?where=COUNTY%3D%27Miami-Dade%27&outFields=ROADWAY%2CAADT%2CAADTFLG%2CCOUNTY%2CDISTRICT%2CYEAR_%2CDESC_FRM%2CDESC_TO%2CBEGIN_POST%2CEND_POST&returnGeometry=false&f=json
87000137,42000,C,Miami-Dade,6,2025,SW 127 AVE,END OF BRIDGE 870928,1.005,2.065,FDOT Annual Average Daily Traffic TDA,https://services1.arcgis.com/O1JpcwDW8sjYuddV/arcgis/rest/services/Annual_Average_Daily_Traffic_TDA/FeatureServer/0,https://services1.arcgis.com/O1JpcwDW8sjYuddV/arcgis/rest/services/Annual_Average_Daily_Traffic_TDA/FeatureServer/0/query?where=COUNTY%3D%27Miami-Dade%27&outFields=ROADWAY%2CAADT%2CAADTFLG%2CCOUNTY%2CDISTRICT%2CYEAR_%2CDESC_FRM%2CDESC_TO%2CBEGIN_POST%2CEND_POST&returnGeometry=false&f=json
87000279,4600,T,Miami-Dade,6,2025,NW 47 AVE,NW 37 AVE/DOUGLAS RD,0,1,FDOT Annual Average Daily Traffic TDA,https://services1.arcgis.com/O1JpcwDW8sjYuddV/arcgis/rest/services/Annual_Average_Daily_Traffic_TDA/FeatureServer/0,https://services1.arcgis.com/O1JpcwDW8sjYuddV/arcgis/rest/services/Annual_Average_Daily_Traffic_TDA/FeatureServer/0/query?where=COUNTY%3D%27Miami-Dade%27&outFields=ROADWAY%2CAADT%2CAADTFLG%2CCOUNTY%2CDISTRICT%2CYEAR_%2CDESC_FRM%2CDESC_TO%2CBEGIN_POST%2CEND_POST&returnGeometry=false&f=json
87000219,1600,C,Miami-Dade,6,2025,NW 22 AVE,NW  7 AVE,0,1.531,FDOT Annual Average Daily Traffic TDA,https://services1.arcgis.com/O1JpcwDW8sjYuddV/arcgis/rest/services/Annual_Average_Daily_Traffic_TDA/FeatureServer/0,https://services1.arcgis.com/O1JpcwDW8sjYuddV/arcgis/rest/services/Annual_Average_Daily_Traffic_TDA/FeatureServer/0/query?where=COUNTY%3D%27Miami-Dade%27&outFields=ROADWAY%2CAADT%2CAADTFLG%2CCOUNTY%2CDISTRICT%2CYEAR_%2CDESC_FRM%2CDESC_TO%2CBEGIN_POST%2CEND_POST&returnGeometry=false&f=json
87000095,31500,C,Miami-Dade,6,2025,PARK ENTRANCE,TENNIS/GRAPETREE DR,0,2.49,FDOT Annual Average Daily Traffic TDA,https://services1.arcgis.com/O1JpcwDW8sjYuddV/arcgis/rest/services/Annual_Average_Daily_Traffic_TDA/FeatureServer/0,https://services1.arcgis.com/O1JpcwDW8sjYuddV/arcgis/rest/services/Annual_Average_Daily_Traffic_TDA/FeatureServer/0/query?where=COUNTY%3D%27Miami-Dade%27&outFields=ROADWAY%2CAADT%2CAADTFLG%2CCOUNTY%2CDISTRICT%2CYEAR_%2CDESC_FRM%2CDESC_TO%2CBEGIN_POST%2CEND_POST&returnGeometry=false&f=json
87000037,27500,C,Miami-Dade,6,2025,SW 162 AVE,SW 142 AVE,0,2.052,FDOT Annual Average Daily Traffic TDA,https://services1.arcgis.com/O1JpcwDW8sjYuddV/arcgis/rest/services/Annual_Average_Daily_Traffic_TDA/FeatureServer/0,https://services1.arcgis.com/O1JpcwDW8sjYuddV/arcgis/rest/services/Annual_Average_Daily_Traffic_TDA/FeatureServer/0/query?where=COUNTY%3D%27Miami-Dade%27&outFields=ROADWAY%2CAADT%2CAADTFLG%2CCOUNTY%2CDISTRICT%2CYEAR_%2CDESC_FRM%2CDESC_TO%2CBEGIN_POST%2CEND_POST&returnGeometry=false&f=json
87000007,8700,F,Miami-Dade,6,2025,SW 344 ST/PALM DR,SW 328 ST,0,1.01,FDOT Annual Average Daily Traffic TDA,https://services1.arcgis.com/O1JpcwDW8sjYuddV/arcgis/rest/services/Annual_Average_Daily_Traffic_TDA/FeatureServer/0,https://services1.arcgis.com/O1JpcwDW8sjYuddV/arcgis/rest/services/Annual_Average_Daily_Traffic_TDA/FeatureServer/0/query?where=COUNTY%3D%27Miami-Dade%27&outFields=ROADWAY%2CAADT%2CAADTFLG%2CCOUNTY%2CDISTRICT%2CYEAR_%2CDESC_FRM%2CDESC_TO%2CBEGIN_POST%2CEND_POST&returnGeometry=false&f=json
87000006,5600,C,Miami-Dade,6,2025,DADE/MONROE CO LINE,SW 137 AVE,0,3.983,FDOT Annual Average Daily Traffic TDA,https://services1.arcgis.com/O1JpcwDW8sjYuddV/arcgis/rest/services/Annual_Average_Daily_Traffic_TDA/FeatureServer/0,https://services1.arcgis.com/O1JpcwDW8sjYuddV/arcgis/rest/services/Annual_Average_Daily_Traffic_TDA/FeatureServer/0/query?where=COUNTY%3D%27Miami-Dade%27&outFields=ROADWAY%2CAADT%2CAADTFLG%2CCOUNTY%2CDISTRICT%2CYEAR_%2CDESC_FRM%2CDESC_TO%2CBEGIN_POST%2CEND_POST&returnGeometry=false&f=json
87000042,24500,C,Miami-Dade,6,2025,RAMP 87260539,NW 67 AVE,0,0.888,FDOT Annual Average Daily Traffic TDA,https://services1.arcgis.com/O1JpcwDW8sjYuddV/arcgis/rest/services/Annual_Average_Daily_Traffic_TDA/FeatureServer/0,https://services1.arcgis.com/O1JpcwDW8sjYuddV/arcgis/rest/services/Annual_Average_Daily_Traffic_TDA/FeatureServer/0/query?where=COUNTY%3D%27Miami-Dade%27&outFields=ROADWAY%2CAADT%2CAADTFLG%2CCOUNTY%2CDISTRICT%2CYEAR_%2CDESC_FRM%2CDESC_TO%2CBEGIN_POST%2CEND_POST&returnGeometry=false&f=json
87000044,10100,C,Miami-Dade,6,2025,SW 192 AVE,SR-5/US-1,0,1.824,FDOT Annual Average Daily Traffic TDA,https://services1.arcgis.com/O1JpcwDW8sjYuddV/arcgis/rest/services/Annual_Average_Daily_Traffic_TDA/FeatureServer/0,https://services1.arcgis.com/O1JpcwDW8sjYuddV/arcgis/rest/services/Annual_Average_Daily_Traffic_TDA/FeatureServer/0/query?where=COUNTY%3D%27Miami-Dade%27&outFields=ROADWAY%2CAADT%2CAADTFLG%2CCOUNTY%2CDISTRICT%2CYEAR_%2CDESC_FRM%2CDESC_TO%2CBEGIN_POST%2CEND_POST&returnGeometry=false&f=json
87000012,3000,T,Miami-Dade,6,2025,NW 97 AVE,NW 87 AVE,0,1.11,FDOT Annual Average Daily Traffic TDA,https://services1.arcgis.com/O1JpcwDW8sjYuddV/arcgis/rest/services/Annual_Average_Daily_Traffic_TDA/FeatureServer/0,https://services1.arcgis.com/O1JpcwDW8sjYuddV/arcgis/rest/services/Annual_Average_Daily_Traffic_TDA/FeatureServer/0/query?where=COUNTY%3D%27Miami-Dade%27&outFields=ROADWAY%2CAADT%2CAADTFLG%2CCOUNTY%2CDISTRICT%2CYEAR_%2CDESC_FRM%2CDESC_TO%2CBEGIN_POST%2CEND_POST&returnGeometry=false&f=json
87000005,3100,C,Miami-Dade,6,2025,N/A,US-1/SR-5,7.456,7.542,FDOT Annual Average Daily Traffic TDA,https://services1.arcgis.com/O1JpcwDW8sjYuddV/arcgis/rest/services/Annual_Average_Daily_Traffic_TDA/FeatureServer/0,https://services1.arcgis.com/O1JpcwDW8sjYuddV/arcgis/rest/services/Annual_Average_Daily_Traffic_TDA/FeatureServer/0/query?where=COUNTY%3D%27Miami-Dade%27&outFields=ROADWAY%2CAADT%2CAADTFLG%2CCOUNTY%2CDISTRICT%2CYEAR_%2CDESC_FRM%2CDESC_TO%2CBEGIN_POST%2CEND_POST&returnGeometry=false&f=json
87000028,22000,T,Miami-Dade,6,2025,SW 112 ST,SW 8 ST/TAMIAMI,0,6.746,FDOT Annual Average Daily Traffic TDA,https://services1.arcgis.com/O1JpcwDW8sjYuddV/arcgis/rest/services/Annual_Average_Daily_Traffic_TDA/FeatureServer/0,https://services1.arcgis.com/O1JpcwDW8sjYuddV/arcgis/rest/services/Annual_Average_Daily_Traffic_TDA/FeatureServer/0/query?where=COUNTY%3D%27Miami-Dade%27&outFields=ROADWAY%2CAADT%2CAADTFLG%2CCOUNTY%2CDISTRICT%2CYEAR_%2CDESC_FRM%2CDESC_TO%2CBEGIN_POST%2CEND_POST&returnGeometry=false&f=json
87000045,9300,C,Miami-Dade,6,2025,SW 167 AV/TENNESSEE,US-1/S DIXIE HWY,0,0.931,FDOT Annual Average Daily Traffic TDA,https://services1.arcgis.com/O1JpcwDW8sjYuddV/arcgis/rest/services/Annual_Average_Daily_Traffic_TDA/FeatureServer/0,https://services1.arcgis.com/O1JpcwDW8sjYuddV/arcgis/rest/services/Annual_Average_Daily_Traffic_TDA/FeatureServer/0/query?where=COUNTY%3D%27Miami-Dade%27&outFields=ROADWAY%2CAADT%2CAADTFLG%2CCOUNTY%2CDISTRICT%2CYEAR_%2CDESC_FRM%2CDESC_TO%2CBEGIN_POST%2CEND_POST&returnGeometry=false&f=json
87000004,5500,C,Miami-Dade,6,2025,NW 25 ST,NW 28 ST,0.191,0.352,FDOT Annual Average Daily Traffic TDA,https://services1.arcgis.com/O1JpcwDW8sjYuddV/arcgis/rest/services/Annual_Average_Daily_Traffic_TDA/FeatureServer/0,https://services1.arcgis.com/O1JpcwDW8sjYuddV/arcgis/rest/services/Annual_Average_Daily_Traffic_TDA/FeatureServer/0/query?where=COUNTY%3D%27Miami-Dade%27&outFields=ROADWAY%2CAADT%2CAADTFLG%2CCOUNTY%2CDISTRICT%2CYEAR_%2CDESC_FRM%2CDESC_TO%2CBEGIN_POST%2CEND_POST&returnGeometry=false&f=json
87000043,14000,C,Miami-Dade,6,2025,SW 187 AVE,SW 177 AVE/KROME AVE,0.624,1.642,FDOT Annual Average Daily Traffic TDA,https://services1.arcgis.com/O1JpcwDW8sjYuddV/arcgis/rest/services/Annual_Average_Daily_Traffic_TDA/FeatureServer/0,https://services1.arcgis.com/O1JpcwDW8sjYuddV/arcgis/rest/services/Annual_Average_Daily_Traffic_TDA/FeatureServer/0/query?where=COUNTY%3D%27Miami-Dade%27&outFields=ROADWAY%2CAADT%2CAADTFLG%2CCOUNTY%2CDISTRICT%2CYEAR_%2CDESC_FRM%2CDESC_TO%2CBEGIN_POST%2CEND_POST&returnGeometry=false&f=json
87000031,12300,C,Miami-Dade,6,2025,REDLAND RD/SW 187 AV,SR-5/US-1,0,1.143,FDOT Annual Average Daily Traffic TDA,https://services1.arcgis.com/O1JpcwDW8sjYuddV/arcgis/rest/services/Annual_Average_Daily_Traffic_TDA/FeatureServer/0,https://services1.arcgis.com/O1JpcwDW8sjYuddV/arcgis/rest/services/Annual_Average_Daily_Traffic_TDA/FeatureServer/0/query?where=COUNTY%3D%27Miami-Dade%27&outFields=ROADWAY%2CAADT%2CAADTFLG%2CCOUNTY%2CDISTRICT%2CYEAR_%2CDESC_FRM%2CDESC_TO%2CBEGIN_POST%2CEND_POST&returnGeometry=false&f=json
87000023,5100,T,Miami-Dade,6,2025,SW 202 AVE,END OF SECTION,0,6.6,FDOT Annual Average Daily Traffic TDA,https://services1.arcgis.com/O1JpcwDW8sjYuddV/arcgis/rest/services/Annual_Average_Daily_Traffic_TDA/FeatureServer/0,https://services1.arcgis.com/O1JpcwDW8sjYuddV/arcgis/rest/services/Annual_Average_Daily_Traffic_TDA/FeatureServer/0/query?where=COUNTY%3D%27Miami-Dade%27&outFields=ROADWAY%2CAADT%2CAADTFLG%2CCOUNTY%2CDISTRICT%2CYEAR_%2CDESC_FRM%2CDESC_TO%2CBEGIN_POST%2CEND_POST&returnGeometry=false&f=json
87000002,14500,C,Miami-Dade,6,2025,NW 21 ST,NW SOUTH RIVER DR,0,0.7,FDOT Annual Average Daily Traffic TDA,https://services1.arcgis.com/O1JpcwDW8sjYuddV/arcgis/rest/services/Annual_Average_Daily_Traffic_TDA/FeatureServer/0,https://services1.arcgis.com/O1JpcwDW8sjYuddV/arcgis/rest/services/Annual_Average_Daily_Traffic_TDA/FeatureServer/0/query?where=COUNTY%3D%27Miami-Dade%27&outFields=ROADWAY%2CAADT%2CAADTFLG%2CCOUNTY%2CDISTRICT%2CYEAR_%2CDESC_FRM%2CDESC_TO%2CBEGIN_POST%2CEND_POST&returnGeometry=false&f=json
87000048,8300,C,Miami-Dade,6,2025,NW 42 AV/SR-953,NW 37 AV,0,0.51,FDOT Annual Average Daily Traffic TDA,https://services1.arcgis.com/O1JpcwDW8sjYuddV/arcgis/rest/services/Annual_Average_Daily_Traffic_TDA/FeatureServer/0,https://services1.arcgis.com/O1JpcwDW8sjYuddV/arcgis/rest/services/Annual_Average_Daily_Traffic_TDA/FeatureServer/0/query?where=COUNTY%3D%27Miami-Dade%27&outFields=ROADWAY%2CAADT%2CAADTFLG%2CCOUNTY%2CDISTRICT%2CYEAR_%2CDESC_FRM%2CDESC_TO%2CBEGIN_POST%2CEND_POST&returnGeometry=false&f=json
87000022,5400,T,Miami-Dade,6,2025,REDLAND RD/SW 187 AV,SW 147 AVE,0,4.077,FDOT Annual Average Daily Traffic TDA,https://services1.arcgis.com/O1JpcwDW8sjYuddV/arcgis/rest/services/Annual_Average_Daily_Traffic_TDA/FeatureServer/0,https://services1.arcgis.com/O1JpcwDW8sjYuddV/arcgis/rest/services/Annual_Average_Daily_Traffic_TDA/FeatureServer/0/query?where=COUNTY%3D%27Miami-Dade%27&outFields=ROADWAY%2CAADT%2CAADTFLG%2CCOUNTY%2CDISTRICT%2CYEAR_%2CDESC_FRM%2CDESC_TO%2CBEGIN_POST%2CEND_POST&returnGeometry=false&f=json
87000038,18500,C,Miami-Dade,6,2025,SW 167 AVE,SW 147 AVE/NARANJA R,1.012,3.051,FDOT Annual Average Daily Traffic TDA,https://services1.arcgis.com/O1JpcwDW8sjYuddV/arcgis/rest/services/Annual_Average_Daily_Traffic_TDA/FeatureServer/0,https://services1.arcgis.com/O1JpcwDW8sjYuddV/arcgis/rest/services/Annual_Average_Daily_Traffic_TDA/FeatureServer/0/query?where=COUNTY%3D%27Miami-Dade%27&outFields=ROADWAY%2CAADT%2CAADTFLG%2CCOUNTY%2CDISTRICT%2CYEAR_%2CDESC_FRM%2CDESC_TO%2CBEGIN_POST%2CEND_POST&returnGeometry=false&f=json
87000049,9300,C,Miami-Dade,6,2025,N/A,SW 280 ST,0,0.5,FDOT Annual Average Daily Traffic TDA,https://services1.arcgis.com/O1JpcwDW8sjYuddV/arcgis/rest/services/Annual_Average_Daily_Traffic_TDA/FeatureServer/0,https://services1.arcgis.com/O1JpcwDW8sjYuddV/arcgis/rest/services/Annual_Average_Daily_Traffic_TDA/FeatureServer/0/query?where=COUNTY%3D%27Miami-Dade%27&outFields=ROADWAY%2CAADT%2CAADTFLG%2CCOUNTY%2CDISTRICT%2CYEAR_%2CDESC_FRM%2CDESC_TO%2CBEGIN_POST%2CEND_POST&returnGeometry=false&f=json
87000046,28500,C,Miami-Dade,6,2025,SR-821,SW 127 AVE,0,1.402,FDOT Annual Average Daily Traffic TDA,https://services1.arcgis.com/O1JpcwDW8sjYuddV/arcgis/rest/services/Annual_Average_Daily_Traffic_TDA/FeatureServer/0,https://services1.arcgis.com/O1JpcwDW8sjYuddV/arcgis/rest/services/Annual_Average_Daily_Traffic_TDA/FeatureServer/0/query?where=COUNTY%3D%27Miami-Dade%27&outFields=ROADWAY%2CAADT%2CAADTFLG%2CCOUNTY%2CDISTRICT%2CYEAR_%2CDESC_FRM%2CDESC_TO%2CBEGIN_POST%2CEND_POST&returnGeometry=false&f=json
87000005,6000,C,Miami-Dade,6,2025,SW 137 AVE,N/A,0,7.456,FDOT Annual Average Daily Traffic TDA,https://services1.arcgis.com/O1JpcwDW8sjYuddV/arcgis/rest/services/Annual_Average_Daily_Traffic_TDA/FeatureServer/0,https://services1.arcgis.com/O1JpcwDW8sjYuddV/arcgis/rest/services/Annual_Average_Daily_Traffic_TDA/FeatureServer/0/query?where=COUNTY%3D%27Miami-Dade%27&outFields=ROADWAY%2CAADT%2CAADTFLG%2CCOUNTY%2CDISTRICT%2CYEAR_%2CDESC_FRM%2CDESC_TO%2CBEGIN_POST%2CEND_POST&returnGeometry=false&f=json
87240000,48500,C,Miami-Dade,6,2025,SR-916/NW 135 ST,N/A,10.862,11.113,FDOT Annual Average Daily Traffic TDA,https://services1.arcgis.com/O1JpcwDW8sjYuddV/arcgis/rest/services/Annual_Average_Daily_Traffic_TDA/FeatureServer/0,https://services1.arcgis.com/O1JpcwDW8sjYuddV/arcgis/rest/services/Annual_Average_Daily_Traffic_TDA/FeatureServer/0/query?where=COUNTY%3D%27Miami-Dade%27&outFields=ROADWAY%2CAADT%2CAADTFLG%2CCOUNTY%2CDISTRICT%2CYEAR_%2CDESC_FRM%2CDESC_TO%2CBEGIN_POST%2CEND_POST&returnGeometry=false&f=json
87240000,51500,C,Miami-Dade,6,2025,NW 110 ST,SR-916/NW 135 ST,9.288,10.862,FDOT Annual Average Daily Traffic TDA,https://services1.arcgis.com/O1JpcwDW8sjYuddV/arcgis/rest/services/Annual_Average_Daily_Traffic_TDA/FeatureServer/0,https://services1.arcgis.com/O1JpcwDW8sjYuddV/arcgis/rest/services/Annual_Average_Daily_Traffic_TDA/FeatureServer/0/query?where=COUNTY%3D%27Miami-Dade%27&outFields=ROADWAY%2CAADT%2CAADTFLG%2CCOUNTY%2CDISTRICT%2CYEAR_%2CDESC_FRM%2CDESC_TO%2CBEGIN_POST%2CEND_POST&returnGeometry=false&f=json
87250000,22500,C,Miami-Dade,6,2025,SR-953/NW 42 AV/LEJE,SR-9/NW 27 AV/UNITY,0.934,2.464,FDOT Annual Average Daily Traffic TDA,https://services1.arcgis.com/O1JpcwDW8sjYuddV/arcgis/rest/services/Annual_Average_Daily_Traffic_TDA/FeatureServer/0,https://services1.arcgis.com/O1JpcwDW8sjYuddV/arcgis/rest/services/Annual_Average_Daily_Traffic_TDA/FeatureServer/0/query?where=COUNTY%3D%27Miami-Dade%27&outFields=ROADWAY%2CAADT%2CAADTFLG%2CCOUNTY%2CDISTRICT%2CYEAR_%2CDESC_FRM%2CDESC_TO%2CBEGIN_POST%2CEND_POST&returnGeometry=false&f=json
87020000,50500,C,Miami-Dade,6,2025,SR 989/SW 112 AVE,SW 183 ST,12.014,14.139,FDOT Annual Average Daily Traffic TDA,https://services1.arcgis.com/O1JpcwDW8sjYuddV/arcgis/rest/services/Annual_Average_Daily_Traffic_TDA/FeatureServer/0,https://services1.arcgis.com/O1JpcwDW8sjYuddV/arcgis/rest/services/Annual_Average_Daily_Traffic_TDA/FeatureServer/0/query?where=COUNTY%3D%27Miami-Dade%27&outFields=ROADWAY%2CAADT%2CAADTFLG%2CCOUNTY%2CDISTRICT%2CYEAR_%2CDESC_FRM%2CDESC_TO%2CBEGIN_POST%2CEND_POST&returnGeometry=false&f=json
87054000,21100,C,Miami-Dade,6,2025,SW 15 RD/BROADWAY,SR 5/US-1,4.232,4.672,FDOT Annual Average Daily Traffic TDA,https://services1.arcgis.com/O1JpcwDW8sjYuddV/arcgis/rest/services/Annual_Average_Daily_Traffic_TDA/FeatureServer/0,https://services1.arcgis.com/O1JpcwDW8sjYuddV/arcgis/rest/services/Annual_Average_Daily_Traffic_TDA/FeatureServer/0/query?where=COUNTY%3D%27Miami-Dade%27&outFields=ROADWAY%2CAADT%2CAADTFLG%2CCOUNTY%2CDISTRICT%2CYEAR_%2CDESC_FRM%2CDESC_TO%2CBEGIN_POST%2CEND_POST&returnGeometry=false&f=json
87030000,33000,C,Miami-Dade,6,2025,NE 38 ST,NE 53 ST,13.583,14.476,FDOT Annual Average Daily Traffic TDA,https://services1.arcgis.com/O1JpcwDW8sjYuddV/arcgis/rest/services/Annual_Average_Daily_Traffic_TDA/FeatureServer/0,https://services1.arcgis.com/O1JpcwDW8sjYuddV/arcgis/rest/services/Annual_Average_Daily_Traffic_TDA/FeatureServer/0/query?where=COUNTY%3D%27Miami-Dade%27&outFields=ROADWAY%2CAADT%2CAADTFLG%2CCOUNTY%2CDISTRICT%2CYEAR_%2CDESC_FRM%2CDESC_TO%2CBEGIN_POST%2CEND_POST&returnGeometry=false&f=json
87000027,11700,C,Miami-Dade,6,2025,SW 216 ST/HAILIN MIL,SW 152 ST/CORAL REEF,2.526,6.652,FDOT Annual Average Daily Traffic TDA,https://services1.arcgis.com/O1JpcwDW8sjYuddV/arcgis/rest/services/Annual_Average_Daily_Traffic_TDA/FeatureServer/0,https://services1.arcgis.com/O1JpcwDW8sjYuddV/arcgis/rest/services/Annual_Average_Daily_Traffic_TDA/FeatureServer/0/query?where=COUNTY%3D%27Miami-Dade%27&outFields=ROADWAY%2CAADT%2CAADTFLG%2CCOUNTY%2CDISTRICT%2CYEAR_%2CDESC_FRM%2CDESC_TO%2CBEGIN_POST%2CEND_POST&returnGeometry=false&f=json
87000027,9200,C,Miami-Dade,6,2025,SW 232 ST/SILVER PAL,SW 216 ST/HAILIN MIL,1.51,2.526,FDOT Annual Average Daily Traffic TDA,https://services1.arcgis.com/O1JpcwDW8sjYuddV/arcgis/rest/services/Annual_Average_Daily_Traffic_TDA/FeatureServer/0,https://services1.arcgis.com/O1JpcwDW8sjYuddV/arcgis/rest/services/Annual_Average_Daily_Traffic_TDA/FeatureServer/0/query?where=COUNTY%3D%27Miami-Dade%27&outFields=ROADWAY%2CAADT%2CAADTFLG%2CCOUNTY%2CDISTRICT%2CYEAR_%2CDESC_FRM%2CDESC_TO%2CBEGIN_POST%2CEND_POST&returnGeometry=false&f=json
87000033,35000,C,Miami-Dade,6,2025,ON RAMP 87471227,SW 147 AV,0,0.642,FDOT Annual Average Daily Traffic TDA,https://services1.arcgis.com/O1JpcwDW8sjYuddV/arcgis/rest/services/Annual_Average_Daily_Traffic_TDA/FeatureServer/0,https://services1.arcgis.com/O1JpcwDW8sjYuddV/arcgis/rest/services/Annual_Average_Daily_Traffic_TDA/FeatureServer/0/query?where=COUNTY%3D%27Miami-Dade%27&outFields=ROADWAY%2CAADT%2CAADTFLG%2CCOUNTY%2CDISTRICT%2CYEAR_%2CDESC_FRM%2CDESC_TO%2CBEGIN_POST%2CEND_POST&returnGeometry=false&f=json
87000001,1000,C,Miami-Dade,6,2025,DADE/MONROE CO LINE,PARK ENTRANCE,0,31.724,FDOT Annual Average Daily Traffic TDA,https://services1.arcgis.com/O1JpcwDW8sjYuddV/arcgis/rest/services/Annual_Average_Daily_Traffic_TDA/FeatureServer/0,https://services1.arcgis.com/O1JpcwDW8sjYuddV/arcgis/rest/services/Annual_Average_Daily_Traffic_TDA/FeatureServer/0/query?where=COUNTY%3D%27Miami-Dade%27&outFields=ROADWAY%2CAADT%2CAADTFLG%2CCOUNTY%2CDISTRICT%2CYEAR_%2CDESC_FRM%2CDESC_TO%2CBEGIN_POST%2CEND_POST&returnGeometry=false&f=json
87000027,7300,C,Miami-Dade,6,2025,SW 256 ST,SW 232 ST/SILVER PAL,0,1.51,FDOT Annual Average Daily Traffic TDA,https://services1.arcgis.com/O1JpcwDW8sjYuddV/arcgis/rest/services/Annual_Average_Daily_Traffic_TDA/FeatureServer/0,https://services1.arcgis.com/O1JpcwDW8sjYuddV/arcgis/rest/services/Annual_Average_Daily_Traffic_TDA/FeatureServer/0/query?where=COUNTY%3D%27Miami-Dade%27&outFields=ROADWAY%2CAADT%2CAADTFLG%2CCOUNTY%2CDISTRICT%2CYEAR_%2CDESC_FRM%2CDESC_TO%2CBEGIN_POST%2CEND_POST&returnGeometry=false&f=json
87000024,6900,C,Miami-Dade,6,2025,SW 187 AVE,SW 137 AVE,0,5.096,FDOT Annual Average Daily Traffic TDA,https://services1.arcgis.com/O1JpcwDW8sjYuddV/arcgis/rest/services/Annual_Average_Daily_Traffic_TDA/FeatureServer/0,https://services1.arcgis.com/O1JpcwDW8sjYuddV/arcgis/rest/services/Annual_Average_Daily_Traffic_TDA/FeatureServer/0/query?where=COUNTY%3D%27Miami-Dade%27&outFields=ROADWAY%2CAADT%2CAADTFLG%2CCOUNTY%2CDISTRICT%2CYEAR_%2CDESC_FRM%2CDESC_TO%2CBEGIN_POST%2CEND_POST&returnGeometry=false&f=json
87000054,19000,F,Miami-Dade,6,2025,US-1/SR-5,TURNPIKE NORTH,0,0.862,FDOT Annual Average Daily Traffic TDA,https://services1.arcgis.com/O1JpcwDW8sjYuddV/arcgis/rest/services/Annual_Average_Daily_Traffic_TDA/FeatureServer/0,https://services1.arcgis.com/O1JpcwDW8sjYuddV/arcgis/rest/services/Annual_Average_Daily_Traffic_TDA/FeatureServer/0/query?where=COUNTY%3D%27Miami-Dade%27&outFields=ROADWAY%2CAADT%2CAADTFLG%2CCOUNTY%2CDISTRICT%2CYEAR_%2CDESC_FRM%2CDESC_TO%2CBEGIN_POST%2CEND_POST&returnGeometry=false&f=json
87000039,3100,C,Miami-Dade,6,2025,SR-821/HEFT,UNSIGNED,0,2.579,FDOT Annual Average Daily Traffic TDA,https://services1.arcgis.com/O1JpcwDW8sjYuddV/arcgis/rest/services/Annual_Average_Daily_Traffic_TDA/FeatureServer/0,https://services1.arcgis.com/O1JpcwDW8sjYuddV/arcgis/rest/services/Annual_Average_Daily_Traffic_TDA/FeatureServer/0/query?where=COUNTY%3D%27Miami-Dade%27&outFields=ROADWAY%2CAADT%2CAADTFLG%2CCOUNTY%2CDISTRICT%2CYEAR_%2CDESC_FRM%2CDESC_TO%2CBEGIN_POST%2CEND_POST&returnGeometry=false&f=json
87000047,11100,C,Miami-Dade,6,2025,SW 312 ST/CAMPBELL,SW 280 ST,0,2.287,FDOT Annual Average Daily Traffic TDA,https://services1.arcgis.com/O1JpcwDW8sjYuddV/arcgis/rest/services/Annual_Average_Daily_Traffic_TDA/FeatureServer/0,https://services1.arcgis.com/O1JpcwDW8sjYuddV/arcgis/rest/services/Annual_Average_Daily_Traffic_TDA/FeatureServer/0/query?where=COUNTY%3D%27Miami-Dade%27&outFields=ROADWAY%2CAADT%2CAADTFLG%2CCOUNTY%2CDISTRICT%2CYEAR_%2CDESC_FRM%2CDESC_TO%2CBEGIN_POST%2CEND_POST&returnGeometry=false&f=json
87000033,26500,C,Miami-Dade,6,2025,SW 147 AV,SW 137 AVE,0.642,1.664,FDOT Annual Average Daily Traffic TDA,https://services1.arcgis.com/O1JpcwDW8sjYuddV/arcgis/rest/services/Annual_Average_Daily_Traffic_TDA/FeatureServer/0,https://services1.arcgis.com/O1JpcwDW8sjYuddV/arcgis/rest/services/Annual_Average_Daily_Traffic_TDA/FeatureServer/0/query?where=COUNTY%3D%27Miami-Dade%27&outFields=ROADWAY%2CAADT%2CAADTFLG%2CCOUNTY%2CDISTRICT%2CYEAR_%2CDESC_FRM%2CDESC_TO%2CBEGIN_POST%2CEND_POST&returnGeometry=false&f=json
87000017,5100,F,Miami-Dade,6,2025,SW 344 ST,SW 320 ST/MOWRY DR,0,1.522,FDOT Annual Average Daily Traffic TDA,https://services1.arcgis.com/O1JpcwDW8sjYuddV/arcgis/rest/services/Annual_Average_Daily_Traffic_TDA/FeatureServer/0,https://services1.arcgis.com/O1JpcwDW8sjYuddV/arcgis/rest/services/Annual_Average_Daily_Traffic_TDA/FeatureServer/0/query?where=COUNTY%3D%27Miami-Dade%27&outFields=ROADWAY%2CAADT%2CAADTFLG%2CCOUNTY%2CDISTRICT%2CYEAR_%2CDESC_FRM%2CDESC_TO%2CBEGIN_POST%2CEND_POST&returnGeometry=false&f=json
87000043,3000,C,Miami-Dade,6,2025,SW 193 AVE,SW 187 AVE,0,0.624,FDOT Annual Average Daily Traffic TDA,https://services1.arcgis.com/O1JpcwDW8sjYuddV/arcgis/rest/services/Annual_Average_Daily_Traffic_TDA/FeatureServer/0,https://services1.arcgis.com/O1JpcwDW8sjYuddV/arcgis/rest/services/Annual_Average_Daily_Traffic_TDA/FeatureServer/0/query?where=COUNTY%3D%27Miami-Dade%27&outFields=ROADWAY%2CAADT%2CAADTFLG%2CCOUNTY%2CDISTRICT%2CYEAR_%2CDESC_FRM%2CDESC_TO%2CBEGIN_POST%2CEND_POST&returnGeometry=false&f=json
87000018,6700,C,Miami-Dade,6,2025,SW 328 ST,SW 192 AVE,0,1.5,FDOT Annual Average Daily Traffic TDA,https://services1.arcgis.com/O1JpcwDW8sjYuddV/arcgis/rest/services/Annual_Average_Daily_Traffic_TDA/FeatureServer/0,https://services1.arcgis.com/O1JpcwDW8sjYuddV/arcgis/rest/services/Annual_Average_Daily_Traffic_TDA/FeatureServer/0/query?where=COUNTY%3D%27Miami-Dade%27&outFields=ROADWAY%2CAADT%2CAADTFLG%2CCOUNTY%2CDISTRICT%2CYEAR_%2CDESC_FRM%2CDESC_TO%2CBEGIN_POST%2CEND_POST&returnGeometry=false&f=json
87000016,22000,C,Miami-Dade,6,2025,N/A,SW 107 AVE,0.294,1.5,FDOT Annual Average Daily Traffic TDA,https://services1.arcgis.com/O1JpcwDW8sjYuddV/arcgis/rest/services/Annual_Average_Daily_Traffic_TDA/FeatureServer/0,https://services1.arcgis.com/O1JpcwDW8sjYuddV/arcgis/rest/services/Annual_Average_Daily_Traffic_TDA/FeatureServer/0/query?where=COUNTY%3D%27Miami-Dade%27&outFields=ROADWAY%2CAADT%2CAADTFLG%2CCOUNTY%2CDISTRICT%2CYEAR_%2CDESC_FRM%2CDESC_TO%2CBEGIN_POST%2CEND_POST&returnGeometry=false&f=json
87000051,12800,C,Miami-Dade,6,2025,SR-5/US-1,SW 137 AVE,0,0.973,FDOT Annual Average Daily Traffic TDA,https://services1.arcgis.com/O1JpcwDW8sjYuddV/arcgis/rest/services/Annual_Average_Daily_Traffic_TDA/FeatureServer/0,https://services1.arcgis.com/O1JpcwDW8sjYuddV/arcgis/rest/services/Annual_Average_Daily_Traffic_TDA/FeatureServer/0/query?where=COUNTY%3D%27Miami-Dade%27&outFields=ROADWAY%2CAADT%2CAADTFLG%2CCOUNTY%2CDISTRICT%2CYEAR_%2CDESC_FRM%2CDESC_TO%2CBEGIN_POST%2CEND_POST&returnGeometry=false&f=json
87000014,5900,C,Miami-Dade,6,2025,HEFT,END OF BRIDGE 874476,0,7.213,FDOT Annual Average Daily Traffic TDA,https://services1.arcgis.com/O1JpcwDW8sjYuddV/arcgis/rest/services/Annual_Average_Daily_Traffic_TDA/FeatureServer/0,https://services1.arcgis.com/O1JpcwDW8sjYuddV/arcgis/rest/services/Annual_Average_Daily_Traffic_TDA/FeatureServer/0/query?where=COUNTY%3D%27Miami-Dade%27&outFields=ROADWAY%2CAADT%2CAADTFLG%2CCOUNTY%2CDISTRICT%2CYEAR_%2CDESC_FRM%2CDESC_TO%2CBEGIN_POST%2CEND_POST&returnGeometry=false&f=json
87000030,21000,C,Miami-Dade,6,2025,SR-932/NW 103 ST,NW 170 ST,0,4.12,FDOT Annual Average Daily Traffic TDA,https://services1.arcgis.com/O1JpcwDW8sjYuddV/arcgis/rest/services/Annual_Average_Daily_Traffic_TDA/FeatureServer/0,https://services1.arcgis.com/O1JpcwDW8sjYuddV/arcgis/rest/services/Annual_Average_Daily_Traffic_TDA/FeatureServer/0/query?where=COUNTY%3D%27Miami-Dade%27&outFields=ROADWAY%2CAADT%2CAADTFLG%2CCOUNTY%2CDISTRICT%2CYEAR_%2CDESC_FRM%2CDESC_TO%2CBEGIN_POST%2CEND_POST&returnGeometry=false&f=json
87000029,25500,C,Miami-Dade,6,2025,NW 117 AVE,NW 102 AVE,0,1.498,FDOT Annual Average Daily Traffic TDA,https://services1.arcgis.com/O1JpcwDW8sjYuddV/arcgis/rest/services/Annual_Average_Daily_Traffic_TDA/FeatureServer/0,https://services1.arcgis.com/O1JpcwDW8sjYuddV/arcgis/rest/services/Annual_Average_Daily_Traffic_TDA/FeatureServer/0/query?where=COUNTY%3D%27Miami-Dade%27&outFields=ROADWAY%2CAADT%2CAADTFLG%2CCOUNTY%2CDISTRICT%2CYEAR_%2CDESC_FRM%2CDESC_TO%2CBEGIN_POST%2CEND_POST&returnGeometry=false&f=json
87000051,12600,R,Miami-Dade,6,2025,SW 137 AVE,SW 122 AVE,0.973,2.5,FDOT Annual Average Daily Traffic TDA,https://services1.arcgis.com/O1JpcwDW8sjYuddV/arcgis/rest/services/Annual_Average_Daily_Traffic_TDA/FeatureServer/0,https://services1.arcgis.com/O1JpcwDW8sjYuddV/arcgis/rest/services/Annual_Average_Daily_Traffic_TDA/FeatureServer/0/query?where=COUNTY%3D%27Miami-Dade%27&outFields=ROADWAY%2CAADT%2CAADTFLG%2CCOUNTY%2CDISTRICT%2CYEAR_%2CDESC_FRM%2CDESC_TO%2CBEGIN_POST%2CEND_POST&returnGeometry=false&f=json
87000016,22500,C,Miami-Dade,6,2025,SW 122 AVE,N/A,0,0.294,FDOT Annual Average Daily Traffic TDA,https://services1.arcgis.com/O1JpcwDW8sjYuddV/arcgis/rest/services/Annual_Average_Daily_Traffic_TDA/FeatureServer/0,https://services1.arcgis.com/O1JpcwDW8sjYuddV/arcgis/rest/services/Annual_Average_Daily_Traffic_TDA/FeatureServer/0/query?where=COUNTY%3D%27Miami-Dade%27&outFields=ROADWAY%2CAADT%2CAADTFLG%2CCOUNTY%2CDISTRICT%2CYEAR_%2CDESC_FRM%2CDESC_TO%2CBEGIN_POST%2CEND_POST&returnGeometry=false&f=json
87000009,10400,F,Miami-Dade,6,2025,US-1,TURKEY POINT ENT,0,8.092,FDOT Annual Average Daily Traffic TDA,https://services1.arcgis.com/O1JpcwDW8sjYuddV/arcgis/rest/services/Annual_Average_Daily_Traffic_TDA/FeatureServer/0,https://services1.arcgis.com/O1JpcwDW8sjYuddV/arcgis/rest/services/Annual_Average_Daily_Traffic_TDA/FeatureServer/0/query?where=COUNTY%3D%27Miami-Dade%27&outFields=ROADWAY%2CAADT%2CAADTFLG%2CCOUNTY%2CDISTRICT%2CYEAR_%2CDESC_FRM%2CDESC_TO%2CBEGIN_POST%2CEND_POST&returnGeometry=false&f=json
87210005,18500,F,Miami-Dade,6,2025,SR-A1A/NB,SR-856/WB,0,0.353,FDOT Annual Average Daily Traffic TDA,https://services1.arcgis.com/O1JpcwDW8sjYuddV/arcgis/rest/services/Annual_Average_Daily_Traffic_TDA/FeatureServer/0,https://services1.arcgis.com/O1JpcwDW8sjYuddV/arcgis/rest/services/Annual_Average_Daily_Traffic_TDA/FeatureServer/0/query?where=COUNTY%3D%27Miami-Dade%27&outFields=ROADWAY%2CAADT%2CAADTFLG%2CCOUNTY%2CDISTRICT%2CYEAR_%2CDESC_FRM%2CDESC_TO%2CBEGIN_POST%2CEND_POST&returnGeometry=false&f=json
87240000,27000,C,Miami-Dade,6,2025,US-1/SR-5/DIXIE HWY,SR 972/SW 22 ST,0,0.715,FDOT Annual Average Daily Traffic TDA,https://services1.arcgis.com/O1JpcwDW8sjYuddV/arcgis/rest/services/Annual_Average_Daily_Traffic_TDA/FeatureServer/0,https://services1.arcgis.com/O1JpcwDW8sjYuddV/arcgis/rest/services/Annual_Average_Daily_Traffic_TDA/FeatureServer/0/query?where=COUNTY%3D%27Miami-Dade%27&outFields=ROADWAY%2CAADT%2CAADTFLG%2CCOUNTY%2CDISTRICT%2CYEAR_%2CDESC_FRM%2CDESC_TO%2CBEGIN_POST%2CEND_POST&returnGeometry=false&f=json
87200423,28500,T,Miami-Dade,6,2025,87200421 NB OFF,SR-826 / NB,0,0.313,FDOT Annual Average Daily Traffic TDA,https://services1.arcgis.com/O1JpcwDW8sjYuddV/arcgis/rest/services/Annual_Average_Daily_Traffic_TDA/FeatureServer/0,https://services1.arcgis.com/O1JpcwDW8sjYuddV/arcgis/rest/services/Annual_Average_Daily_Traffic_TDA/FeatureServer/0/query?where=COUNTY%3D%27Miami-Dade%27&outFields=ROADWAY%2CAADT%2CAADTFLG%2CCOUNTY%2CDISTRICT%2CYEAR_%2CDESC_FRM%2CDESC_TO%2CBEGIN_POST%2CEND_POST&returnGeometry=false&f=json
87210000,43000,C,Miami-Dade,6,2025,US-1/SR-5/BISCAYNE B,SR-A1A / COLLINS AVE,0,1.704,FDOT Annual Average Daily Traffic TDA,https://services1.arcgis.com/O1JpcwDW8sjYuddV/arcgis/rest/services/Annual_Average_Daily_Traffic_TDA/FeatureServer/0,https://services1.arcgis.com/O1JpcwDW8sjYuddV/arcgis/rest/services/Annual_Average_Daily_Traffic_TDA/FeatureServer/0/query?where=COUNTY%3D%27Miami-Dade%27&outFields=ROADWAY%2CAADT%2CAADTFLG%2CCOUNTY%2CDISTRICT%2CYEAR_%2CDESC_FRM%2CDESC_TO%2CBEGIN_POST%2CEND_POST&returnGeometry=false&f=json
87250000,22500,C,Miami-Dade,6,2025,SR-9/NW 27 AV/UNITY,SR-7/US-441/NW 7 AV,2.464,4.497,FDOT Annual Average Daily Traffic TDA,https://services1.arcgis.com/O1JpcwDW8sjYuddV/arcgis/rest/services/Annual_Average_Daily_Traffic_TDA/FeatureServer/0,https://services1.arcgis.com/O1JpcwDW8sjYuddV/arcgis/rest/services/Annual_Average_Daily_Traffic_TDA/FeatureServer/0/query?where=COUNTY%3D%27Miami-Dade%27&outFields=ROADWAY%2CAADT%2CAADTFLG%2CCOUNTY%2CDISTRICT%2CYEAR_%2CDESC_FRM%2CDESC_TO%2CBEGIN_POST%2CEND_POST&returnGeometry=false&f=json
87250000,17200,C,Miami-Dade,6,2025,SR-7/US-441/NW 7 AV,SR-5/US-1,4.497,5.822,FDOT Annual Average Daily Traffic TDA,https://services1.arcgis.com/O1JpcwDW8sjYuddV/arcgis/rest/services/Annual_Average_Daily_Traffic_TDA/FeatureServer/0,https://services1.arcgis.com/O1JpcwDW8sjYuddV/arcgis/rest/services/Annual_Average_Daily_Traffic_TDA/FeatureServer/0/query?where=COUNTY%3D%27Miami-Dade%27&outFields=ROADWAY%2CAADT%2CAADTFLG%2CCOUNTY%2CDISTRICT%2CYEAR_%2CDESC_FRM%2CDESC_TO%2CBEGIN_POST%2CEND_POST&returnGeometry=false&f=json
87200502,13500,F,Miami-Dade,6,2025,SR-973 / NW 87 AVE,87200428 EB ON,0,0.379,FDOT Annual Average Daily Traffic TDA,https://services1.arcgis.com/O1JpcwDW8sjYuddV/arcgis/rest/services/Annual_Average_Daily_Traffic_TDA/FeatureServer/0,https://services1.arcgis.com/O1JpcwDW8sjYuddV/arcgis/rest/services/Annual_Average_Daily_Traffic_TDA/FeatureServer/0/query?where=COUNTY%3D%27Miami-Dade%27&outFields=ROADWAY%2CAADT%2CAADTFLG%2CCOUNTY%2CDISTRICT%2CYEAR_%2CDESC_FRM%2CDESC_TO%2CBEGIN_POST%2CEND_POST&returnGeometry=false&f=json
87200601,9300,F,Miami-Dade,6,2025,SR-985/NW 107 AVE,SR-836/EB,0,0.184,FDOT Annual Average Daily Traffic TDA,https://services1.arcgis.com/O1JpcwDW8sjYuddV/arcgis/rest/services/Annual_Average_Daily_Traffic_TDA/FeatureServer/0,https://services1.arcgis.com/O1JpcwDW8sjYuddV/arcgis/rest/services/Annual_Average_Daily_Traffic_TDA/FeatureServer/0/query?where=COUNTY%3D%27Miami-Dade%27&outFields=ROADWAY%2CAADT%2CAADTFLG%2CCOUNTY%2CDISTRICT%2CYEAR_%2CDESC_FRM%2CDESC_TO%2CBEGIN_POST%2CEND_POST&returnGeometry=false&f=json
87200429,8500,T,Miami-Dade,6,2025,SR-826 / NB,87200324 WB ON,0,0.613,FDOT Annual Average Daily Traffic TDA,https://services1.arcgis.com/O1JpcwDW8sjYuddV/arcgis/rest/services/Annual_Average_Daily_Traffic_TDA/FeatureServer/0,https://services1.arcgis.com/O1JpcwDW8sjYuddV/arcgis/rest/services/Annual_Average_Daily_Traffic_TDA/FeatureServer/0/query?where=COUNTY%3D%27Miami-Dade%27&outFields=ROADWAY%2CAADT%2CAADTFLG%2CCOUNTY%2CDISTRICT%2CYEAR_%2CDESC_FRM%2CDESC_TO%2CBEGIN_POST%2CEND_POST&returnGeometry=false&f=json
87210006,19000,F,Miami-Dade,6,2025,SR-856/LEHMAN/EB,SR-A1A/COLLINS/SB,0,0.046,FDOT Annual Average Daily Traffic TDA,https://services1.arcgis.com/O1JpcwDW8sjYuddV/arcgis/rest/services/Annual_Average_Daily_Traffic_TDA/FeatureServer/0,https://services1.arcgis.com/O1JpcwDW8sjYuddV/arcgis/rest/services/Annual_Average_Daily_Traffic_TDA/FeatureServer/0/query?where=COUNTY%3D%27Miami-Dade%27&outFields=ROADWAY%2CAADT%2CAADTFLG%2CCOUNTY%2CDISTRICT%2CYEAR_%2CDESC_FRM%2CDESC_TO%2CBEGIN_POST%2CEND_POST&returnGeometry=false&f=json
87210001,3900,F,Miami-Dade,6,2025,SR-856/LEHMAN CSWY,NE 192 ST/EB,0,0.025,FDOT Annual Average Daily Traffic TDA,https://services1.arcgis.com/O1JpcwDW8sjYuddV/arcgis/rest/services/Annual_Average_Daily_Traffic_TDA/FeatureServer/0,https://services1.arcgis.com/O1JpcwDW8sjYuddV/arcgis/rest/services/Annual_Average_Daily_Traffic_TDA/FeatureServer/0/query?where=COUNTY%3D%27Miami-Dade%27&outFields=ROADWAY%2CAADT%2CAADTFLG%2CCOUNTY%2CDISTRICT%2CYEAR_%2CDESC_FRM%2CDESC_TO%2CBEGIN_POST%2CEND_POST&returnGeometry=false&f=json
87200425,9300,F,Miami-Dade,6,2025,872002328 WB ON,NW 12 ST,0,0.171,FDOT Annual Average Daily Traffic TDA,https://services1.arcgis.com/O1JpcwDW8sjYuddV/arcgis/rest/services/Annual_Average_Daily_Traffic_TDA/FeatureServer/0,https://services1.arcgis.com/O1JpcwDW8sjYuddV/arcgis/rest/services/Annual_Average_Daily_Traffic_TDA/FeatureServer/0/query?where=COUNTY%3D%27Miami-Dade%27&outFields=ROADWAY%2CAADT%2CAADTFLG%2CCOUNTY%2CDISTRICT%2CYEAR_%2CDESC_FRM%2CDESC_TO%2CBEGIN_POST%2CEND_POST&returnGeometry=false&f=json
87240000,33500,C,Miami-Dade,6,2025,SR-934/NW 79 ST,SR-932/NW 103 ST,7.325,8.853,FDOT Annual Average Daily Traffic TDA,https://services1.arcgis.com/O1JpcwDW8sjYuddV/arcgis/rest/services/Annual_Average_Daily_Traffic_TDA/FeatureServer/0,https://services1.arcgis.com/O1JpcwDW8sjYuddV/arcgis/rest/services/Annual_Average_Daily_Traffic_TDA/FeatureServer/0/query?where=COUNTY%3D%27Miami-Dade%27&outFields=ROADWAY%2CAADT%2CAADTFLG%2CCOUNTY%2CDISTRICT%2CYEAR_%2CDESC_FRM%2CDESC_TO%2CBEGIN_POST%2CEND_POST&returnGeometry=false&f=json
87210002,4600,F,Miami-Dade,6,2025,NE 192 ST/WB,SR-856/LEHMANCSWY/WB,0,0.009,FDOT Annual Average Daily Traffic TDA,https://services1.arcgis.com/O1JpcwDW8sjYuddV/arcgis/rest/services/Annual_Average_Daily_Traffic_TDA/FeatureServer/0,https://services1.arcgis.com/O1JpcwDW8sjYuddV/arcgis/rest/services/Annual_Average_Daily_Traffic_TDA/FeatureServer/0/query?where=COUNTY%3D%27Miami-Dade%27&outFields=ROADWAY%2CAADT%2CAADTFLG%2CCOUNTY%2CDISTRICT%2CYEAR_%2CDESC_FRM%2CDESC_TO%2CBEGIN_POST%2CEND_POST&returnGeometry=false&f=json
87240000,33600,C,Miami-Dade,6,2025,SR-90/US-41/SW 8 ST,SR-968/W FLAGLER ST,1.739,2.231,FDOT Annual Average Daily Traffic TDA,https://services1.arcgis.com/O1JpcwDW8sjYuddV/arcgis/rest/services/Annual_Average_Daily_Traffic_TDA/FeatureServer/0,https://services1.arcgis.com/O1JpcwDW8sjYuddV/arcgis/rest/services/Annual_Average_Daily_Traffic_TDA/FeatureServer/0/query?where=COUNTY%3D%27Miami-Dade%27&outFields=ROADWAY%2CAADT%2CAADTFLG%2CCOUNTY%2CDISTRICT%2CYEAR_%2CDESC_FRM%2CDESC_TO%2CBEGIN_POST%2CEND_POST&returnGeometry=false&f=json
87200427,41000,T,Miami-Dade,6,2025,87200429 WB ON,87200431 EB ON,0,0.439,FDOT Annual Average Daily Traffic TDA,https://services1.arcgis.com/O1JpcwDW8sjYuddV/arcgis/rest/services/Annual_Average_Daily_Traffic_TDA/FeatureServer/0,https://services1.arcgis.com/O1JpcwDW8sjYuddV/arcgis/rest/services/Annual_Average_Daily_Traffic_TDA/FeatureServer/0/query?where=COUNTY%3D%27Miami-Dade%27&outFields=ROADWAY%2CAADT%2CAADTFLG%2CCOUNTY%2CDISTRICT%2CYEAR_%2CDESC_FRM%2CDESC_TO%2CBEGIN_POST%2CEND_POST&returnGeometry=false&f=json
87240101,7100,C,Miami-Dade,6,2025,87240124 SB OFF,SR-817/NW 27 AVE,0,0.098,FDOT Annual Average Daily Traffic TDA,https://services1.arcgis.com/O1JpcwDW8sjYuddV/arcgis/rest/services/Annual_Average_Daily_Traffic_TDA/FeatureServer/0,https://services1.arcgis.com/O1JpcwDW8sjYuddV/arcgis/rest/services/Annual_Average_Daily_Traffic_TDA/FeatureServer/0/query?where=COUNTY%3D%27Miami-Dade%27&outFields=ROADWAY%2CAADT%2CAADTFLG%2CCOUNTY%2CDISTRICT%2CYEAR_%2CDESC_FRM%2CDESC_TO%2CBEGIN_POST%2CEND_POST&returnGeometry=false&f=json
87240000,44000,C,Miami-Dade,6,2025,SR-968/W FLAGLER ST,NW 7 ST,2.231,2.722,FDOT Annual Average Daily Traffic TDA,https://services1.arcgis.com/O1JpcwDW8sjYuddV/arcgis/rest/services/Annual_Average_Daily_Traffic_TDA/FeatureServer/0,https://services1.arcgis.com/O1JpcwDW8sjYuddV/arcgis/rest/services/Annual_Average_Daily_Traffic_TDA/FeatureServer/0/query?where=COUNTY%3D%27Miami-Dade%27&outFields=ROADWAY%2CAADT%2CAADTFLG%2CCOUNTY%2CDISTRICT%2CYEAR_%2CDESC_FRM%2CDESC_TO%2CBEGIN_POST%2CEND_POST&returnGeometry=false&f=json
87200329,13500,F,Miami-Dade,6,2025,SR-836 / EB,87200221 EB ON,0,0.949,FDOT Annual Average Daily Traffic TDA,https://services1.arcgis.com/O1JpcwDW8sjYuddV/arcgis/rest/services/Annual_Average_Daily_Traffic_TDA/FeatureServer/0,https://services1.arcgis.com/O1JpcwDW8sjYuddV/arcgis/rest/services/Annual_Average_Daily_Traffic_TDA/FeatureServer/0/query?where=COUNTY%3D%27Miami-Dade%27&outFields=ROADWAY%2CAADT%2CAADTFLG%2CCOUNTY%2CDISTRICT%2CYEAR_%2CDESC_FRM%2CDESC_TO%2CBEGIN_POST%2CEND_POST&returnGeometry=false&f=json
87200606,10000,F,Miami-Dade,6,2025,SR-985 / NW 107 AVE,SR-836 / EB,0,0.215,FDOT Annual Average Daily Traffic TDA,https://services1.arcgis.com/O1JpcwDW8sjYuddV/arcgis/rest/services/Annual_Average_Daily_Traffic_TDA/FeatureServer/0,https://services1.arcgis.com/O1JpcwDW8sjYuddV/arcgis/rest/services/Annual_Average_Daily_Traffic_TDA/FeatureServer/0/query?where=COUNTY%3D%27Miami-Dade%27&outFields=ROADWAY%2CAADT%2CAADTFLG%2CCOUNTY%2CDISTRICT%2CYEAR_%2CDESC_FRM%2CDESC_TO%2CBEGIN_POST%2CEND_POST&returnGeometry=false&f=json
87240000,32500,C,Miami-Dade,6,2025,N/A,SR-934/NW 79 ST,5.981,7.325,FDOT Annual Average Daily Traffic TDA,https://services1.arcgis.com/O1JpcwDW8sjYuddV/arcgis/rest/services/Annual_Average_Daily_Traffic_TDA/FeatureServer/0,https://services1.arcgis.com/O1JpcwDW8sjYuddV/arcgis/rest/services/Annual_Average_Daily_Traffic_TDA/FeatureServer/0/query?where=COUNTY%3D%27Miami-Dade%27&outFields=ROADWAY%2CAADT%2CAADTFLG%2CCOUNTY%2CDISTRICT%2CYEAR_%2CDESC_FRM%2CDESC_TO%2CBEGIN_POST%2CEND_POST&returnGeometry=false&f=json
87200503,10000,X,Miami-Dade,6,2025,I-395 / MACARTHUR,NE 13 ST,0,0.077,FDOT Annual Average Daily Traffic TDA,https://services1.arcgis.com/O1JpcwDW8sjYuddV/arcgis/rest/services/Annual_Average_Daily_Traffic_TDA/FeatureServer/0,https://services1.arcgis.com/O1JpcwDW8sjYuddV/arcgis/rest/services/Annual_Average_Daily_Traffic_TDA/FeatureServer/0/query?where=COUNTY%3D%27Miami-Dade%27&outFields=ROADWAY%2CAADT%2CAADTFLG%2CCOUNTY%2CDISTRICT%2CYEAR_%2CDESC_FRM%2CDESC_TO%2CBEGIN_POST%2CEND_POST&returnGeometry=false&f=json
87202000,21000,C,Miami-Dade,6,2025,SR-836 / WB,NW 137 AVE,0,4.22,FDOT Annual Average Daily Traffic TDA,https://services1.arcgis.com/O1JpcwDW8sjYuddV/arcgis/rest/services/Annual_Average_Daily_Traffic_TDA/FeatureServer/0,https://services1.arcgis.com/O1JpcwDW8sjYuddV/arcgis/rest/services/Annual_Average_Daily_Traffic_TDA/FeatureServer/0/query?where=COUNTY%3D%27Miami-Dade%27&outFields=ROADWAY%2CAADT%2CAADTFLG%2CCOUNTY%2CDISTRICT%2CYEAR_%2CDESC_FRM%2CDESC_TO%2CBEGIN_POST%2CEND_POST&returnGeometry=false&f=json
87200424,6100,T,Miami-Dade,6,2025,87200326 NB ON,87200328 WB ON,0,0.015,FDOT Annual Average Daily Traffic TDA,https://services1.arcgis.com/O1JpcwDW8sjYuddV/arcgis/rest/services/Annual_Average_Daily_Traffic_TDA/FeatureServer/0,https://services1.arcgis.com/O1JpcwDW8sjYuddV/arcgis/rest/services/Annual_Average_Daily_Traffic_TDA/FeatureServer/0/query?where=COUNTY%3D%27Miami-Dade%27&outFields=ROADWAY%2CAADT%2CAADTFLG%2CCOUNTY%2CDISTRICT%2CYEAR_%2CDESC_FRM%2CDESC_TO%2CBEGIN_POST%2CEND_POST&returnGeometry=false&f=json
87240000,25993,C,Miami-Dade,6,2025,N/A,Bridge No-870092,11.345,12.835,FDOT Annual Average Daily Traffic TDA,https://services1.arcgis.com/O1JpcwDW8sjYuddV/arcgis/rest/services/Annual_Average_Daily_Traffic_TDA/FeatureServer/0,https://services1.arcgis.com/O1JpcwDW8sjYuddV/arcgis/rest/services/Annual_Average_Daily_Traffic_TDA/FeatureServer/0/query?where=COUNTY%3D%27Miami-Dade%27&outFields=ROADWAY%2CAADT%2CAADTFLG%2CCOUNTY%2CDISTRICT%2CYEAR_%2CDESC_FRM%2CDESC_TO%2CBEGIN_POST%2CEND_POST&returnGeometry=false&f=json
87240100,5700,F,Miami-Dade,6,2025,SR-9,N/A,0,0.194,FDOT Annual Average Daily Traffic TDA,https://services1.arcgis.com/O1JpcwDW8sjYuddV/arcgis/rest/services/Annual_Average_Daily_Traffic_TDA/FeatureServer/0,https://services1.arcgis.com/O1JpcwDW8sjYuddV/arcgis/rest/services/Annual_Average_Daily_Traffic_TDA/FeatureServer/0/query?where=COUNTY%3D%27Miami-Dade%27&outFields=ROADWAY%2CAADT%2CAADTFLG%2CCOUNTY%2CDISTRICT%2CYEAR_%2CDESC_FRM%2CDESC_TO%2CBEGIN_POST%2CEND_POST&returnGeometry=false&f=json
87200500,7400,F,Miami-Dade,6,2025,WB SR-836,SB NW 107 AVE,0,0.358,FDOT Annual Average Daily Traffic TDA,https://services1.arcgis.com/O1JpcwDW8sjYuddV/arcgis/rest/services/Annual_Average_Daily_Traffic_TDA/FeatureServer/0,https://services1.arcgis.com/O1JpcwDW8sjYuddV/arcgis/rest/services/Annual_Average_Daily_Traffic_TDA/FeatureServer/0/query?where=COUNTY%3D%27Miami-Dade%27&outFields=ROADWAY%2CAADT%2CAADTFLG%2CCOUNTY%2CDISTRICT%2CYEAR_%2CDESC_FRM%2CDESC_TO%2CBEGIN_POST%2CEND_POST&returnGeometry=false&f=json
87201000,17500,C,Miami-Dade,6,2025,NW 137 AVE,SR-836 / EB,0,3.156,FDOT Annual Average Daily Traffic TDA,https://services1.arcgis.com/O1JpcwDW8sjYuddV/arcgis/rest/services/Annual_Average_Daily_Traffic_TDA/FeatureServer/0,https://services1.arcgis.com/O1JpcwDW8sjYuddV/arcgis/rest/services/Annual_Average_Daily_Traffic_TDA/FeatureServer/0/query?where=COUNTY%3D%27Miami-Dade%27&outFields=ROADWAY%2CAADT%2CAADTFLG%2CCOUNTY%2CDISTRICT%2CYEAR_%2CDESC_FRM%2CDESC_TO%2CBEGIN_POST%2CEND_POST&returnGeometry=false&f=json
87220000,49000,C,Miami-Dade,6,2025,87260391 NB ON,SR-969/NW 72 AV,0,0.627,FDOT Annual Average Daily Traffic TDA,https://services1.arcgis.com/O1JpcwDW8sjYuddV/arcgis/rest/services/Annual_Average_Daily_Traffic_TDA/FeatureServer/0,https://services1.arcgis.com/O1JpcwDW8sjYuddV/arcgis/rest/services/Annual_Average_Daily_Traffic_TDA/FeatureServer/0/query?where=COUNTY%3D%27Miami-Dade%27&outFields=ROADWAY%2CAADT%2CAADTFLG%2CCOUNTY%2CDISTRICT%2CYEAR_%2CDESC_FRM%2CDESC_TO%2CBEGIN_POST%2CEND_POST&returnGeometry=false&f=json
87240000,25000,F,Miami-Dade,6,2025,N/A,N/A,11.113,11.345,FDOT Annual Average Daily Traffic TDA,https://services1.arcgis.com/O1JpcwDW8sjYuddV/arcgis/rest/services/Annual_Average_Daily_Traffic_TDA/FeatureServer/0,https://services1.arcgis.com/O1JpcwDW8sjYuddV/arcgis/rest/services/Annual_Average_Daily_Traffic_TDA/FeatureServer/0/query?where=COUNTY%3D%27Miami-Dade%27&outFields=ROADWAY%2CAADT%2CAADTFLG%2CCOUNTY%2CDISTRICT%2CYEAR_%2CDESC_FRM%2CDESC_TO%2CBEGIN_POST%2CEND_POST&returnGeometry=false&f=json
87240000,29000,C,Miami-Dade,6,2025,N/A,N/A,5.106,5.981,FDOT Annual Average Daily Traffic TDA,https://services1.arcgis.com/O1JpcwDW8sjYuddV/arcgis/rest/services/Annual_Average_Daily_Traffic_TDA/FeatureServer/0,https://services1.arcgis.com/O1JpcwDW8sjYuddV/arcgis/rest/services/Annual_Average_Daily_Traffic_TDA/FeatureServer/0/query?where=COUNTY%3D%27Miami-Dade%27&outFields=ROADWAY%2CAADT%2CAADTFLG%2CCOUNTY%2CDISTRICT%2CYEAR_%2CDESC_FRM%2CDESC_TO%2CBEGIN_POST%2CEND_POST&returnGeometry=false&f=json
87200431,23500,F,Miami-Dade,6,2025,SR-826 SB,SR-836 EB,0,0.859,FDOT Annual Average Daily Traffic TDA,https://services1.arcgis.com/O1JpcwDW8sjYuddV/arcgis/rest/services/Annual_Average_Daily_Traffic_TDA/FeatureServer/0,https://services1.arcgis.com/O1JpcwDW8sjYuddV/arcgis/rest/services/Annual_Average_Daily_Traffic_TDA/FeatureServer/0/query?where=COUNTY%3D%27Miami-Dade%27&outFields=ROADWAY%2CAADT%2CAADTFLG%2CCOUNTY%2CDISTRICT%2CYEAR_%2CDESC_FRM%2CDESC_TO%2CBEGIN_POST%2CEND_POST&returnGeometry=false&f=json
87240000,33500,E,Miami-Dade,6,2025,Bridge No-870092,SR-7/US-441 NB,12.835,13.69,FDOT Annual Average Daily Traffic TDA,https://services1.arcgis.com/O1JpcwDW8sjYuddV/arcgis/rest/services/Annual_Average_Daily_Traffic_TDA/FeatureServer/0,https://services1.arcgis.com/O1JpcwDW8sjYuddV/arcgis/rest/services/Annual_Average_Daily_Traffic_TDA/FeatureServer/0/query?where=COUNTY%3D%27Miami-Dade%27&outFields=ROADWAY%2CAADT%2CAADTFLG%2CCOUNTY%2CDISTRICT%2CYEAR_%2CDESC_FRM%2CDESC_TO%2CBEGIN_POST%2CEND_POST&returnGeometry=false&f=json
87240000,35000,C,Miami-Dade,6,2025,NW 17 ST,SR-25/US-27/NW 36 ST,3.499,4.776,FDOT Annual Average Daily Traffic TDA,https://services1.arcgis.com/O1JpcwDW8sjYuddV/arcgis/rest/services/Annual_Average_Daily_Traffic_TDA/FeatureServer/0,https://services1.arcgis.com/O1JpcwDW8sjYuddV/arcgis/rest/services/Annual_Average_Daily_Traffic_TDA/FeatureServer/0/query?where=COUNTY%3D%27Miami-Dade%27&outFields=ROADWAY%2CAADT%2CAADTFLG%2CCOUNTY%2CDISTRICT%2CYEAR_%2CDESC_FRM%2CDESC_TO%2CBEGIN_POST%2CEND_POST&returnGeometry=false&f=json
87240100,3500,C,Miami-Dade,6,2025,N/A,SR-7/ US-441,0.194,0.346,FDOT Annual Average Daily Traffic TDA,https://services1.arcgis.com/O1JpcwDW8sjYuddV/arcgis/rest/services/Annual_Average_Daily_Traffic_TDA/FeatureServer/0,https://services1.arcgis.com/O1JpcwDW8sjYuddV/arcgis/rest/services/Annual_Average_Daily_Traffic_TDA/FeatureServer/0/query?where=COUNTY%3D%27Miami-Dade%27&outFields=ROADWAY%2CAADT%2CAADTFLG%2CCOUNTY%2CDISTRICT%2CYEAR_%2CDESC_FRM%2CDESC_TO%2CBEGIN_POST%2CEND_POST&returnGeometry=false&f=json
87220000,54500,C,Miami-Dade,6,2025,NW 57 AVE/CURTISS PK,NW N RIVER DR,2.157,3.982,FDOT Annual Average Daily Traffic TDA,https://services1.arcgis.com/O1JpcwDW8sjYuddV/arcgis/rest/services/Annual_Average_Daily_Traffic_TDA/FeatureServer/0,https://services1.arcgis.com/O1JpcwDW8sjYuddV/arcgis/rest/services/Annual_Average_Daily_Traffic_TDA/FeatureServer/0/query?where=COUNTY%3D%27Miami-Dade%27&outFields=ROADWAY%2CAADT%2CAADTFLG%2CCOUNTY%2CDISTRICT%2CYEAR_%2CDESC_FRM%2CDESC_TO%2CBEGIN_POST%2CEND_POST&returnGeometry=false&f=json
87200421,44500,T,Miami-Dade,6,2025,SR-836 WB,SR-826 SB,0,0.708,FDOT Annual Average Daily Traffic TDA,https://services1.arcgis.com/O1JpcwDW8sjYuddV/arcgis/rest/services/Annual_Average_Daily_Traffic_TDA/FeatureServer/0,https://services1.arcgis.com/O1JpcwDW8sjYuddV/arcgis/rest/services/Annual_Average_Daily_Traffic_TDA/FeatureServer/0/query?where=COUNTY%3D%27Miami-Dade%27&outFields=ROADWAY%2CAADT%2CAADTFLG%2CCOUNTY%2CDISTRICT%2CYEAR_%2CDESC_FRM%2CDESC_TO%2CBEGIN_POST%2CEND_POST&returnGeometry=false&f=json
87210101,14500,C,Miami-Dade,6,2025,BEG UNDERPASS 870634,BEG UNDERPASS 870607,0,0.613,FDOT Annual Average Daily Traffic TDA,https://services1.arcgis.com/O1JpcwDW8sjYuddV/arcgis/rest/services/Annual_Average_Daily_Traffic_TDA/FeatureServer/0,https://services1.arcgis.com/O1JpcwDW8sjYuddV/arcgis/rest/services/Annual_Average_Daily_Traffic_TDA/FeatureServer/0/query?where=COUNTY%3D%27Miami-Dade%27&outFields=ROADWAY%2CAADT%2CAADTFLG%2CCOUNTY%2CDISTRICT%2CYEAR_%2CDESC_FRM%2CDESC_TO%2CBEGIN_POST%2CEND_POST&returnGeometry=false&f=json
87201001,14500,F,Miami-Dade,6,2025,SR-825 / NW 137 AVE,SR-836 EXT-EB,0,0.286,FDOT Annual Average Daily Traffic TDA,https://services1.arcgis.com/O1JpcwDW8sjYuddV/arcgis/rest/services/Annual_Average_Daily_Traffic_TDA/FeatureServer/0,https://services1.arcgis.com/O1JpcwDW8sjYuddV/arcgis/rest/services/Annual_Average_Daily_Traffic_TDA/FeatureServer/0/query?where=COUNTY%3D%27Miami-Dade%27&outFields=ROADWAY%2CAADT%2CAADTFLG%2CCOUNTY%2CDISTRICT%2CYEAR_%2CDESC_FRM%2CDESC_TO%2CBEGIN_POST%2CEND_POST&returnGeometry=false&f=json
87240000,37000,C,Miami-Dade,6,2025,SR-932/NW 103 ST,NW 110 ST,8.853,9.288,FDOT Annual Average Daily Traffic TDA,https://services1.arcgis.com/O1JpcwDW8sjYuddV/arcgis/rest/services/Annual_Average_Daily_Traffic_TDA/FeatureServer/0,https://services1.arcgis.com/O1JpcwDW8sjYuddV/arcgis/rest/services/Annual_Average_Daily_Traffic_TDA/FeatureServer/0/query?where=COUNTY%3D%27Miami-Dade%27&outFields=ROADWAY%2CAADT%2CAADTFLG%2CCOUNTY%2CDISTRICT%2CYEAR_%2CDESC_FRM%2CDESC_TO%2CBEGIN_POST%2CEND_POST&returnGeometry=false&f=json
87210004,10500,F,Miami-Dade,6,2025,SR-856/WB,NE 192 ST/WB,0,0.018,FDOT Annual Average Daily Traffic TDA,https://services1.arcgis.com/O1JpcwDW8sjYuddV/arcgis/rest/services/Annual_Average_Daily_Traffic_TDA/FeatureServer/0,https://services1.arcgis.com/O1JpcwDW8sjYuddV/arcgis/rest/services/Annual_Average_Daily_Traffic_TDA/FeatureServer/0/query?where=COUNTY%3D%27Miami-Dade%27&outFields=ROADWAY%2CAADT%2CAADTFLG%2CCOUNTY%2CDISTRICT%2CYEAR_%2CDESC_FRM%2CDESC_TO%2CBEGIN_POST%2CEND_POST&returnGeometry=false&f=json
87240000,30500,C,Miami-Dade,6,2025,SR 972/SW 22 ST,SR-90/US-41/SW 8 ST,0.715,1.739,FDOT Annual Average Daily Traffic TDA,https://services1.arcgis.com/O1JpcwDW8sjYuddV/arcgis/rest/services/Annual_Average_Daily_Traffic_TDA/FeatureServer/0,https://services1.arcgis.com/O1JpcwDW8sjYuddV/arcgis/rest/services/Annual_Average_Daily_Traffic_TDA/FeatureServer/0/query?where=COUNTY%3D%27Miami-Dade%27&outFields=ROADWAY%2CAADT%2CAADTFLG%2CCOUNTY%2CDISTRICT%2CYEAR_%2CDESC_FRM%2CDESC_TO%2CBEGIN_POST%2CEND_POST&returnGeometry=false&f=json
87210102,14000,C,Miami-Dade,6,2025,BEG UNDERPASS 870607,BEG UNDERPASS 870634,0,0.623,FDOT Annual Average Daily Traffic TDA,https://services1.arcgis.com/O1JpcwDW8sjYuddV/arcgis/rest/services/Annual_Average_Daily_Traffic_TDA/FeatureServer/0,https://services1.arcgis.com/O1JpcwDW8sjYuddV/arcgis/rest/services/Annual_Average_Daily_Traffic_TDA/FeatureServer/0/query?where=COUNTY%3D%27Miami-Dade%27&outFields=ROADWAY%2CAADT%2CAADTFLG%2CCOUNTY%2CDISTRICT%2CYEAR_%2CDESC_FRM%2CDESC_TO%2CBEGIN_POST%2CEND_POST&returnGeometry=false&f=json
87240000,35500,C,Miami-Dade,6,2025,SR-25/US-27/NW 36 ST,N/A,4.776,5.106,FDOT Annual Average Daily Traffic TDA,https://services1.arcgis.com/O1JpcwDW8sjYuddV/arcgis/rest/services/Annual_Average_Daily_Traffic_TDA/FeatureServer/0,https://services1.arcgis.com/O1JpcwDW8sjYuddV/arcgis/rest/services/Annual_Average_Daily_Traffic_TDA/FeatureServer/0/query?where=COUNTY%3D%27Miami-Dade%27&outFields=ROADWAY%2CAADT%2CAADTFLG%2CCOUNTY%2CDISTRICT%2CYEAR_%2CDESC_FRM%2CDESC_TO%2CBEGIN_POST%2CEND_POST&returnGeometry=false&f=json
87200328,18500,T,Miami-Dade,6,2025,SR-836 /  WB,87200324 WB ON,0,1.634,FDOT Annual Average Daily Traffic TDA,https://services1.arcgis.com/O1JpcwDW8sjYuddV/arcgis/rest/services/Annual_Average_Daily_Traffic_TDA/FeatureServer/0,https://services1.arcgis.com/O1JpcwDW8sjYuddV/arcgis/rest/services/Annual_Average_Daily_Traffic_TDA/FeatureServer/0/query?where=COUNTY%3D%27Miami-Dade%27&outFields=ROADWAY%2CAADT%2CAADTFLG%2CCOUNTY%2CDISTRICT%2CYEAR_%2CDESC_FRM%2CDESC_TO%2CBEGIN_POST%2CEND_POST&returnGeometry=false&f=json
87202001,16500,F,Miami-Dade,6,2025,SR-836 EXT/WB,SR-825 / NW 137 AVE,0,0.442,FDOT Annual Average Daily Traffic TDA,https://services1.arcgis.com/O1JpcwDW8sjYuddV/arcgis/rest/services/Annual_Average_Daily_Traffic_TDA/FeatureServer/0,https://services1.arcgis.com/O1JpcwDW8sjYuddV/arcgis/rest/services/Annual_Average_Daily_Traffic_TDA/FeatureServer/0/query?where=COUNTY%3D%27Miami-Dade%27&outFields=ROADWAY%2CAADT%2CAADTFLG%2CCOUNTY%2CDISTRICT%2CYEAR_%2CDESC_FRM%2CDESC_TO%2CBEGIN_POST%2CEND_POST&returnGeometry=false&f=json
87200428,30000,C,Miami-Dade,6,2025,SR-836 / EB,SR-826 / NB,0,1.477,FDOT Annual Average Daily Traffic TDA,https://services1.arcgis.com/O1JpcwDW8sjYuddV/arcgis/rest/services/Annual_Average_Daily_Traffic_TDA/FeatureServer/0,https://services1.arcgis.com/O1JpcwDW8sjYuddV/arcgis/rest/services/Annual_Average_Daily_Traffic_TDA/FeatureServer/0/query?where=COUNTY%3D%27Miami-Dade%27&outFields=ROADWAY%2CAADT%2CAADTFLG%2CCOUNTY%2CDISTRICT%2CYEAR_%2CDESC_FRM%2CDESC_TO%2CBEGIN_POST%2CEND_POST&returnGeometry=false&f=json
87250000,21500,C,Miami-Dade,6,2025,E 4 AV/LCPL BILLY SA,SR-953/NW 42 AV/LEJE,0.436,0.934,FDOT Annual Average Daily Traffic TDA,https://services1.arcgis.com/O1JpcwDW8sjYuddV/arcgis/rest/services/Annual_Average_Daily_Traffic_TDA/FeatureServer/0,https://services1.arcgis.com/O1JpcwDW8sjYuddV/arcgis/rest/services/Annual_Average_Daily_Traffic_TDA/FeatureServer/0/query?where=COUNTY%3D%27Miami-Dade%27&outFields=ROADWAY%2CAADT%2CAADTFLG%2CCOUNTY%2CDISTRICT%2CYEAR_%2CDESC_FRM%2CDESC_TO%2CBEGIN_POST%2CEND_POST&returnGeometry=false&f=json
87240124,600,C,Miami-Dade,6,2025,SR-9 SB,SR-9 NB,0,0.115,FDOT Annual Average Daily Traffic TDA,https://services1.arcgis.com/O1JpcwDW8sjYuddV/arcgis/rest/services/Annual_Average_Daily_Traffic_TDA/FeatureServer/0,https://services1.arcgis.com/O1JpcwDW8sjYuddV/arcgis/rest/services/Annual_Average_Daily_Traffic_TDA/FeatureServer/0/query?where=COUNTY%3D%27Miami-Dade%27&outFields=ROADWAY%2CAADT%2CAADTFLG%2CCOUNTY%2CDISTRICT%2CYEAR_%2CDESC_FRM%2CDESC_TO%2CBEGIN_POST%2CEND_POST&returnGeometry=false&f=json
87200426,5700,T,Miami-Dade,6,2025,87200428 NB OFF,87200421 SB OFF,0,0.268,FDOT Annual Average Daily Traffic TDA,https://services1.arcgis.com/O1JpcwDW8sjYuddV/arcgis/rest/services/Annual_Average_Daily_Traffic_TDA/FeatureServer/0,https://services1.arcgis.com/O1JpcwDW8sjYuddV/arcgis/rest/services/Annual_Average_Daily_Traffic_TDA/FeatureServer/0/query?where=COUNTY%3D%27Miami-Dade%27&outFields=ROADWAY%2CAADT%2CAADTFLG%2CCOUNTY%2CDISTRICT%2CYEAR_%2CDESC_FRM%2CDESC_TO%2CBEGIN_POST%2CEND_POST&returnGeometry=false&f=json
87250000,20300,C,Miami-Dade,6,2025,SR-25/US-27,E 4 AV/LCPL BILLY SA,0,0.436,FDOT Annual Average Daily Traffic TDA,https://services1.arcgis.com/O1JpcwDW8sjYuddV/arcgis/rest/services/Annual_Average_Daily_Traffic_TDA/FeatureServer/0,https://services1.arcgis.com/O1JpcwDW8sjYuddV/arcgis/rest/services/Annual_Average_Daily_Traffic_TDA/FeatureServer/0/query?where=COUNTY%3D%27Miami-Dade%27&outFields=ROADWAY%2CAADT%2CAADTFLG%2CCOUNTY%2CDISTRICT%2CYEAR_%2CDESC_FRM%2CDESC_TO%2CBEGIN_POST%2CEND_POST&returnGeometry=false&f=json
87220000,66500,C,Miami-Dade,6,2025,SR-969/NW 72 AV,NW 57 AVE/CURTISS PK,0.627,2.157,FDOT Annual Average Daily Traffic TDA,https://services1.arcgis.com/O1JpcwDW8sjYuddV/arcgis/rest/services/Annual_Average_Daily_Traffic_TDA/FeatureServer/0,https://services1.arcgis.com/O1JpcwDW8sjYuddV/arcgis/rest/services/Annual_Average_Daily_Traffic_TDA/FeatureServer/0/query?where=COUNTY%3D%27Miami-Dade%27&outFields=ROADWAY%2CAADT%2CAADTFLG%2CCOUNTY%2CDISTRICT%2CYEAR_%2CDESC_FRM%2CDESC_TO%2CBEGIN_POST%2CEND_POST&returnGeometry=false&f=json
87200504,13000,T,Miami-Dade,6,2025,US-1/SR-5/BISCAYNE,SR-A1A/MACARTHUR,0,0.177,FDOT Annual Average Daily Traffic TDA,https://services1.arcgis.com/O1JpcwDW8sjYuddV/arcgis/rest/services/Annual_Average_Daily_Traffic_TDA/FeatureServer/0,https://services1.arcgis.com/O1JpcwDW8sjYuddV/arcgis/rest/services/Annual_Average_Daily_Traffic_TDA/FeatureServer/0/query?where=COUNTY%3D%27Miami-Dade%27&outFields=ROADWAY%2CAADT%2CAADTFLG%2CCOUNTY%2CDISTRICT%2CYEAR_%2CDESC_FRM%2CDESC_TO%2CBEGIN_POST%2CEND_POST&returnGeometry=false&f=json
87210003,10500,F,Miami-Dade,6,2025,NE 192 ST/EB,SR-856/EB,0,0.007,FDOT Annual Average Daily Traffic TDA,https://services1.arcgis.com/O1JpcwDW8sjYuddV/arcgis/rest/services/Annual_Average_Daily_Traffic_TDA/FeatureServer/0,https://services1.arcgis.com/O1JpcwDW8sjYuddV/arcgis/rest/services/Annual_Average_Daily_Traffic_TDA/FeatureServer/0/query?where=COUNTY%3D%27Miami-Dade%27&outFields=ROADWAY%2CAADT%2CAADTFLG%2CCOUNTY%2CDISTRICT%2CYEAR_%2CDESC_FRM%2CDESC_TO%2CBEGIN_POST%2CEND_POST&returnGeometry=false&f=json
87200605,9400,F,Miami-Dade,6,2025,SR-836 / WB,SR-985 / NW 107 AVE,0,0.475,FDOT Annual Average Daily Traffic TDA,https://services1.arcgis.com/O1JpcwDW8sjYuddV/arcgis/rest/services/Annual_Average_Daily_Traffic_TDA/FeatureServer/0,https://services1.arcgis.com/O1JpcwDW8sjYuddV/arcgis/rest/services/Annual_Average_Daily_Traffic_TDA/FeatureServer/0/query?where=COUNTY%3D%27Miami-Dade%27&outFields=ROADWAY%2CAADT%2CAADTFLG%2CCOUNTY%2CDISTRICT%2CYEAR_%2CDESC_FRM%2CDESC_TO%2CBEGIN_POST%2CEND_POST&returnGeometry=false&f=json
87240000,47500,C,Miami-Dade,6,2025,NW 7 ST,NW 17 ST,2.722,3.499,FDOT Annual Average Daily Traffic TDA,https://services1.arcgis.com/O1JpcwDW8sjYuddV/arcgis/rest/services/Annual_Average_Daily_Traffic_TDA/FeatureServer/0,https://services1.arcgis.com/O1JpcwDW8sjYuddV/arcgis/rest/services/Annual_Average_Daily_Traffic_TDA/FeatureServer/0/query?where=COUNTY%3D%27Miami-Dade%27&outFields=ROADWAY%2CAADT%2CAADTFLG%2CCOUNTY%2CDISTRICT%2CYEAR_%2CDESC_FRM%2CDESC_TO%2CBEGIN_POST%2CEND_POST&returnGeometry=false&f=json
87005031,7300,F,Miami-Dade,6,2025,EB SW 104 ST,SB SR 874,0,0.339,FDOT Annual Average Daily Traffic TDA,https://services1.arcgis.com/O1JpcwDW8sjYuddV/arcgis/rest/services/Annual_Average_Daily_Traffic_TDA/FeatureServer/0,https://services1.arcgis.com/O1JpcwDW8sjYuddV/arcgis/rest/services/Annual_Average_Daily_Traffic_TDA/FeatureServer/0/query?where=COUNTY%3D%27Miami-Dade%27&outFields=ROADWAY%2CAADT%2CAADTFLG%2CCOUNTY%2CDISTRICT%2CYEAR_%2CDESC_FRM%2CDESC_TO%2CBEGIN_POST%2CEND_POST&returnGeometry=false&f=json
87024500,5700,S,Miami-Dade,6,2025,SR-5/US-1/BISCAYNE,NE 145 ST,0,1.08,FDOT Annual Average Daily Traffic TDA,https://services1.arcgis.com/O1JpcwDW8sjYuddV/arcgis/rest/services/Annual_Average_Daily_Traffic_TDA/FeatureServer/0,https://services1.arcgis.com/O1JpcwDW8sjYuddV/arcgis/rest/services/Annual_Average_Daily_Traffic_TDA/FeatureServer/0/query?where=COUNTY%3D%27Miami-Dade%27&outFields=ROADWAY%2CAADT%2CAADTFLG%2CCOUNTY%2CDISTRICT%2CYEAR_%2CDESC_FRM%2CDESC_TO%2CBEGIN_POST%2CEND_POST&returnGeometry=false&f=json
87008000,20500,C,Miami-Dade,6,2025,SR 953/NW 42 AVE,SR-916 / OPA-LOCKA B,3.598,4.888,FDOT Annual Average Daily Traffic TDA,https://services1.arcgis.com/O1JpcwDW8sjYuddV/arcgis/rest/services/Annual_Average_Daily_Traffic_TDA/FeatureServer/0,https://services1.arcgis.com/O1JpcwDW8sjYuddV/arcgis/rest/services/Annual_Average_Daily_Traffic_TDA/FeatureServer/0/query?where=COUNTY%3D%27Miami-Dade%27&outFields=ROADWAY%2CAADT%2CAADTFLG%2CCOUNTY%2CDISTRICT%2CYEAR_%2CDESC_FRM%2CDESC_TO%2CBEGIN_POST%2CEND_POST&returnGeometry=false&f=json
87000695,10300,F,Miami-Dade,6,2025,SW 137 AV,SW 127 AV,0,0.994,FDOT Annual Average Daily Traffic TDA,https://services1.arcgis.com/O1JpcwDW8sjYuddV/arcgis/rest/services/Annual_Average_Daily_Traffic_TDA/FeatureServer/0,https://services1.arcgis.com/O1JpcwDW8sjYuddV/arcgis/rest/services/Annual_Average_Daily_Traffic_TDA/FeatureServer/0/query?where=COUNTY%3D%27Miami-Dade%27&outFields=ROADWAY%2CAADT%2CAADTFLG%2CCOUNTY%2CDISTRICT%2CYEAR_%2CDESC_FRM%2CDESC_TO%2CBEGIN_POST%2CEND_POST&returnGeometry=false&f=json
87046500,8100,F,Miami-Dade,6,2025,US-1/SR-5,SW 67 AVE,0,1.331,FDOT Annual Average Daily Traffic TDA,https://services1.arcgis.com/O1JpcwDW8sjYuddV/arcgis/rest/services/Annual_Average_Daily_Traffic_TDA/FeatureServer/0,https://services1.arcgis.com/O1JpcwDW8sjYuddV/arcgis/rest/services/Annual_Average_Daily_Traffic_TDA/FeatureServer/0/query?where=COUNTY%3D%27Miami-Dade%27&outFields=ROADWAY%2CAADT%2CAADTFLG%2CCOUNTY%2CDISTRICT%2CYEAR_%2CDESC_FRM%2CDESC_TO%2CBEGIN_POST%2CEND_POST&returnGeometry=false&f=json
87006047,1700,F,Miami-Dade,6,2025,SR-970/EB,SW 3 ST,0,0.093,FDOT Annual Average Daily Traffic TDA,https://services1.arcgis.com/O1JpcwDW8sjYuddV/arcgis/rest/services/Annual_Average_Daily_Traffic_TDA/FeatureServer/0,https://services1.arcgis.com/O1JpcwDW8sjYuddV/arcgis/rest/services/Annual_Average_Daily_Traffic_TDA/FeatureServer/0/query?where=COUNTY%3D%27Miami-Dade%27&outFields=ROADWAY%2CAADT%2CAADTFLG%2CCOUNTY%2CDISTRICT%2CYEAR_%2CDESC_FRM%2CDESC_TO%2CBEGIN_POST%2CEND_POST&returnGeometry=false&f=json
87060000,34000,F,Miami-Dade,6,2025,ALTON RD,COLLINS AVE,3.176,3.656,FDOT Annual Average Daily Traffic TDA,https://services1.arcgis.com/O1JpcwDW8sjYuddV/arcgis/rest/services/Annual_Average_Daily_Traffic_TDA/FeatureServer/0,https://services1.arcgis.com/O1JpcwDW8sjYuddV/arcgis/rest/services/Annual_Average_Daily_Traffic_TDA/FeatureServer/0/query?where=COUNTY%3D%27Miami-Dade%27&outFields=ROADWAY%2CAADT%2CAADTFLG%2CCOUNTY%2CDISTRICT%2CYEAR_%2CDESC_FRM%2CDESC_TO%2CBEGIN_POST%2CEND_POST&returnGeometry=false&f=json
87003010,3400,F,Miami-Dade,6,2025,SR 112/EB,87003012 EB ON,0,0.076,FDOT Annual Average Daily Traffic TDA,https://services1.arcgis.com/O1JpcwDW8sjYuddV/arcgis/rest/services/Annual_Average_Daily_Traffic_TDA/FeatureServer/0,https://services1.arcgis.com/O1JpcwDW8sjYuddV/arcgis/rest/services/Annual_Average_Daily_Traffic_TDA/FeatureServer/0/query?where=COUNTY%3D%27Miami-Dade%27&outFields=ROADWAY%2CAADT%2CAADTFLG%2CCOUNTY%2CDISTRICT%2CYEAR_%2CDESC_FRM%2CDESC_TO%2CBEGIN_POST%2CEND_POST&returnGeometry=false&f=json
87005038,4300,F,Miami-Dade,6,2025,SR-990 / KILLIAN DR,NB SR-874,0,0.109,FDOT Annual Average Daily Traffic TDA,https://services1.arcgis.com/O1JpcwDW8sjYuddV/arcgis/rest/services/Annual_Average_Daily_Traffic_TDA/FeatureServer/0,https://services1.arcgis.com/O1JpcwDW8sjYuddV/arcgis/rest/services/Annual_Average_Daily_Traffic_TDA/FeatureServer/0/query?where=COUNTY%3D%27Miami-Dade%27&outFields=ROADWAY%2CAADT%2CAADTFLG%2CCOUNTY%2CDISTRICT%2CYEAR_%2CDESC_FRM%2CDESC_TO%2CBEGIN_POST%2CEND_POST&returnGeometry=false&f=json
87038000,36000,C,Miami-Dade,6,2025,SR-9/NW 27 AV,NW 17 AV,6.159,7.174,FDOT Annual Average Daily Traffic TDA,https://services1.arcgis.com/O1JpcwDW8sjYuddV/arcgis/rest/services/Annual_Average_Daily_Traffic_TDA/FeatureServer/0,https://services1.arcgis.com/O1JpcwDW8sjYuddV/arcgis/rest/services/Annual_Average_Daily_Traffic_TDA/FeatureServer/0/query?where=COUNTY%3D%27Miami-Dade%27&outFields=ROADWAY%2CAADT%2CAADTFLG%2CCOUNTY%2CDISTRICT%2CYEAR_%2CDESC_FRM%2CDESC_TO%2CBEGIN_POST%2CEND_POST&returnGeometry=false&f=json
87027100,4500,E,Miami-Dade,6,2025,MILAM DAIRY RD,NW 12 ST,0,0.301,FDOT Annual Average Daily Traffic TDA,https://services1.arcgis.com/O1JpcwDW8sjYuddV/arcgis/rest/services/Annual_Average_Daily_Traffic_TDA/FeatureServer/0,https://services1.arcgis.com/O1JpcwDW8sjYuddV/arcgis/rest/services/Annual_Average_Daily_Traffic_TDA/FeatureServer/0/query?where=COUNTY%3D%27Miami-Dade%27&outFields=ROADWAY%2CAADT%2CAADTFLG%2CCOUNTY%2CDISTRICT%2CYEAR_%2CDESC_FRM%2CDESC_TO%2CBEGIN_POST%2CEND_POST&returnGeometry=false&f=json
87002000,36500,C,Miami-Dade,6,2025,W 65 ST/NW 119 ST,W 78 PL,3.545,4.42,FDOT Annual Average Daily Traffic TDA,https://services1.arcgis.com/O1JpcwDW8sjYuddV/arcgis/rest/services/Annual_Average_Daily_Traffic_TDA/FeatureServer/0,https://services1.arcgis.com/O1JpcwDW8sjYuddV/arcgis/rest/services/Annual_Average_Daily_Traffic_TDA/FeatureServer/0/query?where=COUNTY%3D%27Miami-Dade%27&outFields=ROADWAY%2CAADT%2CAADTFLG%2CCOUNTY%2CDISTRICT%2CYEAR_%2CDESC_FRM%2CDESC_TO%2CBEGIN_POST%2CEND_POST&returnGeometry=false&f=json
87054000,25500,C,Miami-Dade,6,2025,SW 17 AV,SR-933/SW 12 AVE,2.549,3.042,FDOT Annual Average Daily Traffic TDA,https://services1.arcgis.com/O1JpcwDW8sjYuddV/arcgis/rest/services/Annual_Average_Daily_Traffic_TDA/FeatureServer/0,https://services1.arcgis.com/O1JpcwDW8sjYuddV/arcgis/rest/services/Annual_Average_Daily_Traffic_TDA/FeatureServer/0/query?where=COUNTY%3D%27Miami-Dade%27&outFields=ROADWAY%2CAADT%2CAADTFLG%2CCOUNTY%2CDISTRICT%2CYEAR_%2CDESC_FRM%2CDESC_TO%2CBEGIN_POST%2CEND_POST&returnGeometry=false&f=json
87000941,7100,F,Miami-Dade,6,2025,SW 24 ST,SW 117 AVE,0,0.175,FDOT Annual Average Daily Traffic TDA,https://services1.arcgis.com/O1JpcwDW8sjYuddV/arcgis/rest/services/Annual_Average_Daily_Traffic_TDA/FeatureServer/0,https://services1.arcgis.com/O1JpcwDW8sjYuddV/arcgis/rest/services/Annual_Average_Daily_Traffic_TDA/FeatureServer/0/query?where=COUNTY%3D%27Miami-Dade%27&outFields=ROADWAY%2CAADT%2CAADTFLG%2CCOUNTY%2CDISTRICT%2CYEAR_%2CDESC_FRM%2CDESC_TO%2CBEGIN_POST%2CEND_POST&returnGeometry=false&f=json
87034000,25823,C,Miami-Dade,6,2025,SR-916 / NE 135 ST,NE 157 ST,2.964,4.319,FDOT Annual Average Daily Traffic TDA,https://services1.arcgis.com/O1JpcwDW8sjYuddV/arcgis/rest/services/Annual_Average_Daily_Traffic_TDA/FeatureServer/0,https://services1.arcgis.com/O1JpcwDW8sjYuddV/arcgis/rest/services/Annual_Average_Daily_Traffic_TDA/FeatureServer/0/query?where=COUNTY%3D%27Miami-Dade%27&outFields=ROADWAY%2CAADT%2CAADTFLG%2CCOUNTY%2CDISTRICT%2CYEAR_%2CDESC_FRM%2CDESC_TO%2CBEGIN_POST%2CEND_POST&returnGeometry=false&f=json
87026400,60,C,Miami-Dade,6,2025,NW 38 AV,NW 39 CT,0,0.187,FDOT Annual Average Daily Traffic TDA,https://services1.arcgis.com/O1JpcwDW8sjYuddV/arcgis/rest/services/Annual_Average_Daily_Traffic_TDA/FeatureServer/0,https://services1.arcgis.com/O1JpcwDW8sjYuddV/arcgis/rest/services/Annual_Average_Daily_Traffic_TDA/FeatureServer/0/query?where=COUNTY%3D%27Miami-Dade%27&outFields=ROADWAY%2CAADT%2CAADTFLG%2CCOUNTY%2CDISTRICT%2CYEAR_%2CDESC_FRM%2CDESC_TO%2CBEGIN_POST%2CEND_POST&returnGeometry=false&f=json
87021000,37810,C,Miami-Dade,6,2025,N/A,N/A,0.612,1.597,FDOT Annual Average Daily Traffic TDA,https://services1.arcgis.com/O1JpcwDW8sjYuddV/arcgis/rest/services/Annual_Average_Daily_Traffic_TDA/FeatureServer/0,https://services1.arcgis.com/O1JpcwDW8sjYuddV/arcgis/rest/services/Annual_Average_Daily_Traffic_TDA/FeatureServer/0/query?where=COUNTY%3D%27Miami-Dade%27&outFields=ROADWAY%2CAADT%2CAADTFLG%2CCOUNTY%2CDISTRICT%2CYEAR_%2CDESC_FRM%2CDESC_TO%2CBEGIN_POST%2CEND_POST&returnGeometry=false&f=json
87004021,9700,F,Miami-Dade,6,2025,I-195/SR-112/EB,US-27 / NE 36 ST,0,0.047,FDOT Annual Average Daily Traffic TDA,https://services1.arcgis.com/O1JpcwDW8sjYuddV/arcgis/rest/services/Annual_Average_Daily_Traffic_TDA/FeatureServer/0,https://services1.arcgis.com/O1JpcwDW8sjYuddV/arcgis/rest/services/Annual_Average_Daily_Traffic_TDA/FeatureServer/0/query?where=COUNTY%3D%27Miami-Dade%27&outFields=ROADWAY%2CAADT%2CAADTFLG%2CCOUNTY%2CDISTRICT%2CYEAR_%2CDESC_FRM%2CDESC_TO%2CBEGIN_POST%2CEND_POST&returnGeometry=false&f=json
87046000,14100,C,Miami-Dade,6,2025,SW 107 CT,SW 97 AV,0,1.258,FDOT Annual Average Daily Traffic TDA,https://services1.arcgis.com/O1JpcwDW8sjYuddV/arcgis/rest/services/Annual_Average_Daily_Traffic_TDA/FeatureServer/0,https://services1.arcgis.com/O1JpcwDW8sjYuddV/arcgis/rest/services/Annual_Average_Daily_Traffic_TDA/FeatureServer/0/query?where=COUNTY%3D%27Miami-Dade%27&outFields=ROADWAY%2CAADT%2CAADTFLG%2CCOUNTY%2CDISTRICT%2CYEAR_%2CDESC_FRM%2CDESC_TO%2CBEGIN_POST%2CEND_POST&returnGeometry=false&f=json
87030000,66000,C,Miami-Dade,6,2025,SR-878/SNAPPER CREEK,SR-959/SW 57 AV,1.309,2.751,FDOT Annual Average Daily Traffic TDA,https://services1.arcgis.com/O1JpcwDW8sjYuddV/arcgis/rest/services/Annual_Average_Daily_Traffic_TDA/FeatureServer/0,https://services1.arcgis.com/O1JpcwDW8sjYuddV/arcgis/rest/services/Annual_Average_Daily_Traffic_TDA/FeatureServer/0/query?where=COUNTY%3D%27Miami-Dade%27&outFields=ROADWAY%2CAADT%2CAADTFLG%2CCOUNTY%2CDISTRICT%2CYEAR_%2CDESC_FRM%2CDESC_TO%2CBEGIN_POST%2CEND_POST&returnGeometry=false&f=json
87000780,10200,F,Miami-Dade,6,2025,SW 42 ST,N/A,0,2.76,FDOT Annual Average Daily Traffic TDA,https://services1.arcgis.com/O1JpcwDW8sjYuddV/arcgis/rest/services/Annual_Average_Daily_Traffic_TDA/FeatureServer/0,https://services1.arcgis.com/O1JpcwDW8sjYuddV/arcgis/rest/services/Annual_Average_Daily_Traffic_TDA/FeatureServer/0/query?where=COUNTY%3D%27Miami-Dade%27&outFields=ROADWAY%2CAADT%2CAADTFLG%2CCOUNTY%2CDISTRICT%2CYEAR_%2CDESC_FRM%2CDESC_TO%2CBEGIN_POST%2CEND_POST&returnGeometry=false&f=json
87030000,33500,C,Miami-Dade,6,2025,N/A,SE 2 AVE,10.221,10.527,FDOT Annual Average Daily Traffic TDA,https://services1.arcgis.com/O1JpcwDW8sjYuddV/arcgis/rest/services/Annual_Average_Daily_Traffic_TDA/FeatureServer/0,https://services1.arcgis.com/O1JpcwDW8sjYuddV/arcgis/rest/services/Annual_Average_Daily_Traffic_TDA/FeatureServer/0/query?where=COUNTY%3D%27Miami-Dade%27&outFields=ROADWAY%2CAADT%2CAADTFLG%2CCOUNTY%2CDISTRICT%2CYEAR_%2CDESC_FRM%2CDESC_TO%2CBEGIN_POST%2CEND_POST&returnGeometry=false&f=json
87005134,11500,F,Miami-Dade,6,2025,SB SR-874,WB SR-990/KILLIAN DR,0,0.268,FDOT Annual Average Daily Traffic TDA,https://services1.arcgis.com/O1JpcwDW8sjYuddV/arcgis/rest/services/Annual_Average_Daily_Traffic_TDA/FeatureServer/0,https://services1.arcgis.com/O1JpcwDW8sjYuddV/arcgis/rest/services/Annual_Average_Daily_Traffic_TDA/FeatureServer/0/query?where=COUNTY%3D%27Miami-Dade%27&outFields=ROADWAY%2CAADT%2CAADTFLG%2CCOUNTY%2CDISTRICT%2CYEAR_%2CDESC_FRM%2CDESC_TO%2CBEGIN_POST%2CEND_POST&returnGeometry=false&f=json
87003012,1700,F,Miami-Dade,6,2025,87003010 SB OFF,SR-112/EB,0,0.096,FDOT Annual Average Daily Traffic TDA,https://services1.arcgis.com/O1JpcwDW8sjYuddV/arcgis/rest/services/Annual_Average_Daily_Traffic_TDA/FeatureServer/0,https://services1.arcgis.com/O1JpcwDW8sjYuddV/arcgis/rest/services/Annual_Average_Daily_Traffic_TDA/FeatureServer/0/query?where=COUNTY%3D%27Miami-Dade%27&outFields=ROADWAY%2CAADT%2CAADTFLG%2CCOUNTY%2CDISTRICT%2CYEAR_%2CDESC_FRM%2CDESC_TO%2CBEGIN_POST%2CEND_POST&returnGeometry=false&f=json
87017000,18500,C,Miami-Dade,6,2025,SW 1 AVE,SOUTH MIAMI AVE,0,0.145,FDOT Annual Average Daily Traffic TDA,https://services1.arcgis.com/O1JpcwDW8sjYuddV/arcgis/rest/services/Annual_Average_Daily_Traffic_TDA/FeatureServer/0,https://services1.arcgis.com/O1JpcwDW8sjYuddV/arcgis/rest/services/Annual_Average_Daily_Traffic_TDA/FeatureServer/0/query?where=COUNTY%3D%27Miami-Dade%27&outFields=ROADWAY%2CAADT%2CAADTFLG%2CCOUNTY%2CDISTRICT%2CYEAR_%2CDESC_FRM%2CDESC_TO%2CBEGIN_POST%2CEND_POST&returnGeometry=false&f=json
87000677,8600,F,Miami-Dade,6,2025,NW 112 AV,NW 107 AV,0,0.486,FDOT Annual Average Daily Traffic TDA,https://services1.arcgis.com/O1JpcwDW8sjYuddV/arcgis/rest/services/Annual_Average_Daily_Traffic_TDA/FeatureServer/0,https://services1.arcgis.com/O1JpcwDW8sjYuddV/arcgis/rest/services/Annual_Average_Daily_Traffic_TDA/FeatureServer/0/query?where=COUNTY%3D%27Miami-Dade%27&outFields=ROADWAY%2CAADT%2CAADTFLG%2CCOUNTY%2CDISTRICT%2CYEAR_%2CDESC_FRM%2CDESC_TO%2CBEGIN_POST%2CEND_POST&returnGeometry=false&f=json
87037202,17000,F,Miami-Dade,6,2025,SR-907/ALTON RD,I-195/WB,0,0.13,FDOT Annual Average Daily Traffic TDA,https://services1.arcgis.com/O1JpcwDW8sjYuddV/arcgis/rest/services/Annual_Average_Daily_Traffic_TDA/FeatureServer/0,https://services1.arcgis.com/O1JpcwDW8sjYuddV/arcgis/rest/services/Annual_Average_Daily_Traffic_TDA/FeatureServer/0/query?where=COUNTY%3D%27Miami-Dade%27&outFields=ROADWAY%2CAADT%2CAADTFLG%2CCOUNTY%2CDISTRICT%2CYEAR_%2CDESC_FRM%2CDESC_TO%2CBEGIN_POST%2CEND_POST&returnGeometry=false&f=json
87056500,29500,S,Miami-Dade,6,2025,SR-9/NW 27 AVE,NW 22 AVE,0,0.518,FDOT Annual Average Daily Traffic TDA,https://services1.arcgis.com/O1JpcwDW8sjYuddV/arcgis/rest/services/Annual_Average_Daily_Traffic_TDA/FeatureServer/0,https://services1.arcgis.com/O1JpcwDW8sjYuddV/arcgis/rest/services/Annual_Average_Daily_Traffic_TDA/FeatureServer/0/query?where=COUNTY%3D%27Miami-Dade%27&outFields=ROADWAY%2CAADT%2CAADTFLG%2CCOUNTY%2CDISTRICT%2CYEAR_%2CDESC_FRM%2CDESC_TO%2CBEGIN_POST%2CEND_POST&returnGeometry=false&f=json
87002000,46500,C,Miami-Dade,6,2025,N/A,GAS STATION,7.555,8.525,FDOT Annual Average Daily Traffic TDA,https://services1.arcgis.com/O1JpcwDW8sjYuddV/arcgis/rest/services/Annual_Average_Daily_Traffic_TDA/FeatureServer/0,https://services1.arcgis.com/O1JpcwDW8sjYuddV/arcgis/rest/services/Annual_Average_Daily_Traffic_TDA/FeatureServer/0/query?where=COUNTY%3D%27Miami-Dade%27&outFields=ROADWAY%2CAADT%2CAADTFLG%2CCOUNTY%2CDISTRICT%2CYEAR_%2CDESC_FRM%2CDESC_TO%2CBEGIN_POST%2CEND_POST&returnGeometry=false&f=json
87008000,39500,C,Miami-Dade,6,2025,N/A,SR-915/NE 6 AV,7.629,8.626,FDOT Annual Average Daily Traffic TDA,https://services1.arcgis.com/O1JpcwDW8sjYuddV/arcgis/rest/services/Annual_Average_Daily_Traffic_TDA/FeatureServer/0,https://services1.arcgis.com/O1JpcwDW8sjYuddV/arcgis/rest/services/Annual_Average_Daily_Traffic_TDA/FeatureServer/0/query?where=COUNTY%3D%27Miami-Dade%27&outFields=ROADWAY%2CAADT%2CAADTFLG%2CCOUNTY%2CDISTRICT%2CYEAR_%2CDESC_FRM%2CDESC_TO%2CBEGIN_POST%2CEND_POST&returnGeometry=false&f=json
87000672,12000,F,Miami-Dade,6,2025,W 68 ST/NW 122 ST,W 76 ST,0,0.508,FDOT Annual Average Daily Traffic TDA,https://services1.arcgis.com/O1JpcwDW8sjYuddV/arcgis/rest/services/Annual_Average_Daily_Traffic_TDA/FeatureServer/0,https://services1.arcgis.com/O1JpcwDW8sjYuddV/arcgis/rest/services/Annual_Average_Daily_Traffic_TDA/FeatureServer/0/query?where=COUNTY%3D%27Miami-Dade%27&outFields=ROADWAY%2CAADT%2CAADTFLG%2CCOUNTY%2CDISTRICT%2CYEAR_%2CDESC_FRM%2CDESC_TO%2CBEGIN_POST%2CEND_POST&returnGeometry=false&f=json
87038000,16500,C,Miami-Dade,6,2025,US-27/SR-25/OKEECHOB,SR-826 SB,0,1.156,FDOT Annual Average Daily Traffic TDA,https://services1.arcgis.com/O1JpcwDW8sjYuddV/arcgis/rest/services/Annual_Average_Daily_Traffic_TDA/FeatureServer/0,https://services1.arcgis.com/O1JpcwDW8sjYuddV/arcgis/rest/services/Annual_Average_Daily_Traffic_TDA/FeatureServer/0/query?where=COUNTY%3D%27Miami-Dade%27&outFields=ROADWAY%2CAADT%2CAADTFLG%2CCOUNTY%2CDISTRICT%2CYEAR_%2CDESC_FRM%2CDESC_TO%2CBEGIN_POST%2CEND_POST&returnGeometry=false&f=json
87005512,9600,F,Miami-Dade,6,2025,NB SR-874 / DON SHUL,87260475 NB OFF,0,0.318,FDOT Annual Average Daily Traffic TDA,https://services1.arcgis.com/O1JpcwDW8sjYuddV/arcgis/rest/services/Annual_Average_Daily_Traffic_TDA/FeatureServer/0,https://services1.arcgis.com/O1JpcwDW8sjYuddV/arcgis/rest/services/Annual_Average_Daily_Traffic_TDA/FeatureServer/0/query?where=COUNTY%3D%27Miami-Dade%27&outFields=ROADWAY%2CAADT%2CAADTFLG%2CCOUNTY%2CDISTRICT%2CYEAR_%2CDESC_FRM%2CDESC_TO%2CBEGIN_POST%2CEND_POST&returnGeometry=false&f=json
87054504,38500,S,Miami-Dade,6,2025,SW 107 AVE,SW 92 AVE,0.99,2.501,FDOT Annual Average Daily Traffic TDA,https://services1.arcgis.com/O1JpcwDW8sjYuddV/arcgis/rest/services/Annual_Average_Daily_Traffic_TDA/FeatureServer/0,https://services1.arcgis.com/O1JpcwDW8sjYuddV/arcgis/rest/services/Annual_Average_Daily_Traffic_TDA/FeatureServer/0/query?where=COUNTY%3D%27Miami-Dade%27&outFields=ROADWAY%2CAADT%2CAADTFLG%2CCOUNTY%2CDISTRICT%2CYEAR_%2CDESC_FRM%2CDESC_TO%2CBEGIN_POST%2CEND_POST&returnGeometry=false&f=json
87001000,36500,C,Miami-Dade,6,2025,N/A,SW 152 AV,1.142,2.428,FDOT Annual Average Daily Traffic TDA,https://services1.arcgis.com/O1JpcwDW8sjYuddV/arcgis/rest/services/Annual_Average_Daily_Traffic_TDA/FeatureServer/0,https://services1.arcgis.com/O1JpcwDW8sjYuddV/arcgis/rest/services/Annual_Average_Daily_Traffic_TDA/FeatureServer/0/query?where=COUNTY%3D%27Miami-Dade%27&outFields=ROADWAY%2CAADT%2CAADTFLG%2CCOUNTY%2CDISTRICT%2CYEAR_%2CDESC_FRM%2CDESC_TO%2CBEGIN_POST%2CEND_POST&returnGeometry=false&f=json
87036501,10200,C,Miami-Dade,6,2025,W 47 ST,W 51 ST,0,0.391,FDOT Annual Average Daily Traffic TDA,https://services1.arcgis.com/O1JpcwDW8sjYuddV/arcgis/rest/services/Annual_Average_Daily_Traffic_TDA/FeatureServer/0,https://services1.arcgis.com/O1JpcwDW8sjYuddV/arcgis/rest/services/Annual_Average_Daily_Traffic_TDA/FeatureServer/0/query?where=COUNTY%3D%27Miami-Dade%27&outFields=ROADWAY%2CAADT%2CAADTFLG%2CCOUNTY%2CDISTRICT%2CYEAR_%2CDESC_FRM%2CDESC_TO%2CBEGIN_POST%2CEND_POST&returnGeometry=false&f=json
87029500,19000,C,Miami-Dade,6,2025,MAIN HWY,SR-972/SW 22 ST,0,2.201,FDOT Annual Average Daily Traffic TDA,https://services1.arcgis.com/O1JpcwDW8sjYuddV/arcgis/rest/services/Annual_Average_Daily_Traffic_TDA/FeatureServer/0,https://services1.arcgis.com/O1JpcwDW8sjYuddV/arcgis/rest/services/Annual_Average_Daily_Traffic_TDA/FeatureServer/0/query?where=COUNTY%3D%27Miami-Dade%27&outFields=ROADWAY%2CAADT%2CAADTFLG%2CCOUNTY%2CDISTRICT%2CYEAR_%2CDESC_FRM%2CDESC_TO%2CBEGIN_POST%2CEND_POST&returnGeometry=false&f=json
87001000,22500,C,Miami-Dade,6,2025,SR-997 / SW 177 AV,N/A,0,1.142,FDOT Annual Average Daily Traffic TDA,https://services1.arcgis.com/O1JpcwDW8sjYuddV/arcgis/rest/services/Annual_Average_Daily_Traffic_TDA/FeatureServer/0,https://services1.arcgis.com/O1JpcwDW8sjYuddV/arcgis/rest/services/Annual_Average_Daily_Traffic_TDA/FeatureServer/0/query?where=COUNTY%3D%27Miami-Dade%27&outFields=ROADWAY%2CAADT%2CAADTFLG%2CCOUNTY%2CDISTRICT%2CYEAR_%2CDESC_FRM%2CDESC_TO%2CBEGIN_POST%2CEND_POST&returnGeometry=false&f=json
87053001,6800,S,Miami-Dade,6,2025,SW 2 AV,SR-5/BISCAYNE BLVD,2.351,3.009,FDOT Annual Average Daily Traffic TDA,https://services1.arcgis.com/O1JpcwDW8sjYuddV/arcgis/rest/services/Annual_Average_Daily_Traffic_TDA/FeatureServer/0,https://services1.arcgis.com/O1JpcwDW8sjYuddV/arcgis/rest/services/Annual_Average_Daily_Traffic_TDA/FeatureServer/0/query?where=COUNTY%3D%27Miami-Dade%27&outFields=ROADWAY%2CAADT%2CAADTFLG%2CCOUNTY%2CDISTRICT%2CYEAR_%2CDESC_FRM%2CDESC_TO%2CBEGIN_POST%2CEND_POST&returnGeometry=false&f=json
87000954,13900,T,Miami-Dade,6,2025,SW 167 AVE,HAMMOCKS BLVD,0,1.362,FDOT Annual Average Daily Traffic TDA,https://services1.arcgis.com/O1JpcwDW8sjYuddV/arcgis/rest/services/Annual_Average_Daily_Traffic_TDA/FeatureServer/0,https://services1.arcgis.com/O1JpcwDW8sjYuddV/arcgis/rest/services/Annual_Average_Daily_Traffic_TDA/FeatureServer/0/query?where=COUNTY%3D%27Miami-Dade%27&outFields=ROADWAY%2CAADT%2CAADTFLG%2CCOUNTY%2CDISTRICT%2CYEAR_%2CDESC_FRM%2CDESC_TO%2CBEGIN_POST%2CEND_POST&returnGeometry=false&f=json
87032500,10500,S,Miami-Dade,6,2025,NE 17 ST,SW 7 ST,0,1.737,FDOT Annual Average Daily Traffic TDA,https://services1.arcgis.com/O1JpcwDW8sjYuddV/arcgis/rest/services/Annual_Average_Daily_Traffic_TDA/FeatureServer/0,https://services1.arcgis.com/O1JpcwDW8sjYuddV/arcgis/rest/services/Annual_Average_Daily_Traffic_TDA/FeatureServer/0/query?where=COUNTY%3D%27Miami-Dade%27&outFields=ROADWAY%2CAADT%2CAADTFLG%2CCOUNTY%2CDISTRICT%2CYEAR_%2CDESC_FRM%2CDESC_TO%2CBEGIN_POST%2CEND_POST&returnGeometry=false&f=json
87026704,350,C,Miami-Dade,6,2025,NW SUNSHINE STATE PK,NW 8 PL,0,0.348,FDOT Annual Average Daily Traffic TDA,https://services1.arcgis.com/O1JpcwDW8sjYuddV/arcgis/rest/services/Annual_Average_Daily_Traffic_TDA/FeatureServer/0,https://services1.arcgis.com/O1JpcwDW8sjYuddV/arcgis/rest/services/Annual_Average_Daily_Traffic_TDA/FeatureServer/0/query?where=COUNTY%3D%27Miami-Dade%27&outFields=ROADWAY%2CAADT%2CAADTFLG%2CCOUNTY%2CDISTRICT%2CYEAR_%2CDESC_FRM%2CDESC_TO%2CBEGIN_POST%2CEND_POST&returnGeometry=false&f=json
87000966,5000,T,Miami-Dade,6,2025,SW 162 AVE,SW 147 AVE,0,1.514,FDOT Annual Average Daily Traffic TDA,https://services1.arcgis.com/O1JpcwDW8sjYuddV/arcgis/rest/services/Annual_Average_Daily_Traffic_TDA/FeatureServer/0,https://services1.arcgis.com/O1JpcwDW8sjYuddV/arcgis/rest/services/Annual_Average_Daily_Traffic_TDA/FeatureServer/0/query?where=COUNTY%3D%27Miami-Dade%27&outFields=ROADWAY%2CAADT%2CAADTFLG%2CCOUNTY%2CDISTRICT%2CYEAR_%2CDESC_FRM%2CDESC_TO%2CBEGIN_POST%2CEND_POST&returnGeometry=false&f=json
87047000,25500,C,Miami-Dade,6,2025,SR 986/SW 72 ST,SW 56 ST/MILLER DR,3.9,4.889,FDOT Annual Average Daily Traffic TDA,https://services1.arcgis.com/O1JpcwDW8sjYuddV/arcgis/rest/services/Annual_Average_Daily_Traffic_TDA/FeatureServer/0,https://services1.arcgis.com/O1JpcwDW8sjYuddV/arcgis/rest/services/Annual_Average_Daily_Traffic_TDA/FeatureServer/0/query?where=COUNTY%3D%27Miami-Dade%27&outFields=ROADWAY%2CAADT%2CAADTFLG%2CCOUNTY%2CDISTRICT%2CYEAR_%2CDESC_FRM%2CDESC_TO%2CBEGIN_POST%2CEND_POST&returnGeometry=false&f=json
87000798,800,F,Miami-Dade,6,2025,SW 162 AV,N/A,0,0.275,FDOT Annual Average Daily Traffic TDA,https://services1.arcgis.com/O1JpcwDW8sjYuddV/arcgis/rest/services/Annual_Average_Daily_Traffic_TDA/FeatureServer/0,https://services1.arcgis.com/O1JpcwDW8sjYuddV/arcgis/rest/services/Annual_Average_Daily_Traffic_TDA/FeatureServer/0/query?where=COUNTY%3D%27Miami-Dade%27&outFields=ROADWAY%2CAADT%2CAADTFLG%2CCOUNTY%2CDISTRICT%2CYEAR_%2CDESC_FRM%2CDESC_TO%2CBEGIN_POST%2CEND_POST&returnGeometry=false&f=json
87030000,87500,C,Miami-Dade,6,2025,N/A,SECOFFEE TER,6.519,6.658,FDOT Annual Average Daily Traffic TDA,https://services1.arcgis.com/O1JpcwDW8sjYuddV/arcgis/rest/services/Annual_Average_Daily_Traffic_TDA/FeatureServer/0,https://services1.arcgis.com/O1JpcwDW8sjYuddV/arcgis/rest/services/Annual_Average_Daily_Traffic_TDA/FeatureServer/0/query?where=COUNTY%3D%27Miami-Dade%27&outFields=ROADWAY%2CAADT%2CAADTFLG%2CCOUNTY%2CDISTRICT%2CYEAR_%2CDESC_FRM%2CDESC_TO%2CBEGIN_POST%2CEND_POST&returnGeometry=false&f=json
87003000,119500,C,Miami-Dade,6,2025,N/A,NW 11 AVE,3.499,4.132,FDOT Annual Average Daily Traffic TDA,https://services1.arcgis.com/O1JpcwDW8sjYuddV/arcgis/rest/services/Annual_Average_Daily_Traffic_TDA/FeatureServer/0,https://services1.arcgis.com/O1JpcwDW8sjYuddV/arcgis/rest/services/Annual_Average_Daily_Traffic_TDA/FeatureServer/0/query?where=COUNTY%3D%27Miami-Dade%27&outFields=ROADWAY%2CAADT%2CAADTFLG%2CCOUNTY%2CDISTRICT%2CYEAR_%2CDESC_FRM%2CDESC_TO%2CBEGIN_POST%2CEND_POST&returnGeometry=false&f=json
87012500,28000,S,Miami-Dade,6,2025,NW 167 AVE,SR-860/ NW 183 ST,0,1,FDOT Annual Average Daily Traffic TDA,https://services1.arcgis.com/O1JpcwDW8sjYuddV/arcgis/rest/services/Annual_Average_Daily_Traffic_TDA/FeatureServer/0,https://services1.arcgis.com/O1JpcwDW8sjYuddV/arcgis/rest/services/Annual_Average_Daily_Traffic_TDA/FeatureServer/0/query?where=COUNTY%3D%27Miami-Dade%27&outFields=ROADWAY%2CAADT%2CAADTFLG%2CCOUNTY%2CDISTRICT%2CYEAR_%2CDESC_FRM%2CDESC_TO%2CBEGIN_POST%2CEND_POST&returnGeometry=false&f=json
87000676,10100,F,Miami-Dade,6,2025,NW 111 AV,NW 107 AV,0,0.413,FDOT Annual Average Daily Traffic TDA,https://services1.arcgis.com/O1JpcwDW8sjYuddV/arcgis/rest/services/Annual_Average_Daily_Traffic_TDA/FeatureServer/0,https://services1.arcgis.com/O1JpcwDW8sjYuddV/arcgis/rest/services/Annual_Average_Daily_Traffic_TDA/FeatureServer/0/query?where=COUNTY%3D%27Miami-Dade%27&outFields=ROADWAY%2CAADT%2CAADTFLG%2CCOUNTY%2CDISTRICT%2CYEAR_%2CDESC_FRM%2CDESC_TO%2CBEGIN_POST%2CEND_POST&returnGeometry=false&f=json
87038000,39500,C,Miami-Dade,6,2025,PALM AV/VETERANS WAY,SR-953/E 8 AV/LE JEU,3.636,4.647,FDOT Annual Average Daily Traffic TDA,https://services1.arcgis.com/O1JpcwDW8sjYuddV/arcgis/rest/services/Annual_Average_Daily_Traffic_TDA/FeatureServer/0,https://services1.arcgis.com/O1JpcwDW8sjYuddV/arcgis/rest/services/Annual_Average_Daily_Traffic_TDA/FeatureServer/0/query?where=COUNTY%3D%27Miami-Dade%27&outFields=ROADWAY%2CAADT%2CAADTFLG%2CCOUNTY%2CDISTRICT%2CYEAR_%2CDESC_FRM%2CDESC_TO%2CBEGIN_POST%2CEND_POST&returnGeometry=false&f=json
87055500,9300,S,Miami-Dade,6,2025,SW 57 AVE,OLD CUTLER RD,0,1.5,FDOT Annual Average Daily Traffic TDA,https://services1.arcgis.com/O1JpcwDW8sjYuddV/arcgis/rest/services/Annual_Average_Daily_Traffic_TDA/FeatureServer/0,https://services1.arcgis.com/O1JpcwDW8sjYuddV/arcgis/rest/services/Annual_Average_Daily_Traffic_TDA/FeatureServer/0/query?where=COUNTY%3D%27Miami-Dade%27&outFields=ROADWAY%2CAADT%2CAADTFLG%2CCOUNTY%2CDISTRICT%2CYEAR_%2CDESC_FRM%2CDESC_TO%2CBEGIN_POST%2CEND_POST&returnGeometry=false&f=json
87026600,100,C,Miami-Dade,6,2025,NW 183 ST,NW 32 AV,0,0.371,FDOT Annual Average Daily Traffic TDA,https://services1.arcgis.com/O1JpcwDW8sjYuddV/arcgis/rest/services/Annual_Average_Daily_Traffic_TDA/FeatureServer/0,https://services1.arcgis.com/O1JpcwDW8sjYuddV/arcgis/rest/services/Annual_Average_Daily_Traffic_TDA/FeatureServer/0/query?where=COUNTY%3D%27Miami-Dade%27&outFields=ROADWAY%2CAADT%2CAADTFLG%2CCOUNTY%2CDISTRICT%2CYEAR_%2CDESC_FRM%2CDESC_TO%2CBEGIN_POST%2CEND_POST&returnGeometry=false&f=json
87000969,12400,C,Miami-Dade,6,2025,W DIXIE HWY,NE 6 AVE,0,0.181,FDOT Annual Average Daily Traffic TDA,https://services1.arcgis.com/O1JpcwDW8sjYuddV/arcgis/rest/services/Annual_Average_Daily_Traffic_TDA/FeatureServer/0,https://services1.arcgis.com/O1JpcwDW8sjYuddV/arcgis/rest/services/Annual_Average_Daily_Traffic_TDA/FeatureServer/0/query?where=COUNTY%3D%27Miami-Dade%27&outFields=ROADWAY%2CAADT%2CAADTFLG%2CCOUNTY%2CDISTRICT%2CYEAR_%2CDESC_FRM%2CDESC_TO%2CBEGIN_POST%2CEND_POST&returnGeometry=false&f=json
87052000,17800,C,Miami-Dade,6,2025,US-441/SR-7/NW 7 AV,SR-909,2.021,3.112,FDOT Annual Average Daily Traffic TDA,https://services1.arcgis.com/O1JpcwDW8sjYuddV/arcgis/rest/services/Annual_Average_Daily_Traffic_TDA/FeatureServer/0,https://services1.arcgis.com/O1JpcwDW8sjYuddV/arcgis/rest/services/Annual_Average_Daily_Traffic_TDA/FeatureServer/0/query?where=COUNTY%3D%27Miami-Dade%27&outFields=ROADWAY%2CAADT%2CAADTFLG%2CCOUNTY%2CDISTRICT%2CYEAR_%2CDESC_FRM%2CDESC_TO%2CBEGIN_POST%2CEND_POST&returnGeometry=false&f=json
87000958,2900,T,Miami-Dade,6,2025,NW 115 AVE,NW 107 AVE,0,0.807,FDOT Annual Average Daily Traffic TDA,https://services1.arcgis.com/O1JpcwDW8sjYuddV/arcgis/rest/services/Annual_Average_Daily_Traffic_TDA/FeatureServer/0,https://services1.arcgis.com/O1JpcwDW8sjYuddV/arcgis/rest/services/Annual_Average_Daily_Traffic_TDA/FeatureServer/0/query?where=COUNTY%3D%27Miami-Dade%27&outFields=ROADWAY%2CAADT%2CAADTFLG%2CCOUNTY%2CDISTRICT%2CYEAR_%2CDESC_FRM%2CDESC_TO%2CBEGIN_POST%2CEND_POST&returnGeometry=false&f=json
87034000,21000,C,Miami-Dade,6,2025,SR-922/NE 125 ST,SR-916 / NE 135 ST,2.343,2.964,FDOT Annual Average Daily Traffic TDA,https://services1.arcgis.com/O1JpcwDW8sjYuddV/arcgis/rest/services/Annual_Average_Daily_Traffic_TDA/FeatureServer/0,https://services1.arcgis.com/O1JpcwDW8sjYuddV/arcgis/rest/services/Annual_Average_Daily_Traffic_TDA/FeatureServer/0/query?where=COUNTY%3D%27Miami-Dade%27&outFields=ROADWAY%2CAADT%2CAADTFLG%2CCOUNTY%2CDISTRICT%2CYEAR_%2CDESC_FRM%2CDESC_TO%2CBEGIN_POST%2CEND_POST&returnGeometry=false&f=json
87028502,20500,C,Miami-Dade,6,2025,SR-944/NW 54 ST,SR-934/NW 79 ST,0,1.526,FDOT Annual Average Daily Traffic TDA,https://services1.arcgis.com/O1JpcwDW8sjYuddV/arcgis/rest/services/Annual_Average_Daily_Traffic_TDA/FeatureServer/0,https://services1.arcgis.com/O1JpcwDW8sjYuddV/arcgis/rest/services/Annual_Average_Daily_Traffic_TDA/FeatureServer/0/query?where=COUNTY%3D%27Miami-Dade%27&outFields=ROADWAY%2CAADT%2CAADTFLG%2CCOUNTY%2CDISTRICT%2CYEAR_%2CDESC_FRM%2CDESC_TO%2CBEGIN_POST%2CEND_POST&returnGeometry=false&f=json
87000977,4900,C,Miami-Dade,6,2025,NE 125 ST,NE 135 ST,0,0.63,FDOT Annual Average Daily Traffic TDA,https://services1.arcgis.com/O1JpcwDW8sjYuddV/arcgis/rest/services/Annual_Average_Daily_Traffic_TDA/FeatureServer/0,https://services1.arcgis.com/O1JpcwDW8sjYuddV/arcgis/rest/services/Annual_Average_Daily_Traffic_TDA/FeatureServer/0/query?where=COUNTY%3D%27Miami-Dade%27&outFields=ROADWAY%2CAADT%2CAADTFLG%2CCOUNTY%2CDISTRICT%2CYEAR_%2CDESC_FRM%2CDESC_TO%2CBEGIN_POST%2CEND_POST&returnGeometry=false&f=json
87053000,35000,C,Miami-Dade,6,2025,N/A,UNSIGNED,4.564,5.562,FDOT Annual Average Daily Traffic TDA,https://services1.arcgis.com/O1JpcwDW8sjYuddV/arcgis/rest/services/Annual_Average_Daily_Traffic_TDA/FeatureServer/0,https://services1.arcgis.com/O1JpcwDW8sjYuddV/arcgis/rest/services/Annual_Average_Daily_Traffic_TDA/FeatureServer/0/query?where=COUNTY%3D%27Miami-Dade%27&outFields=ROADWAY%2CAADT%2CAADTFLG%2CCOUNTY%2CDISTRICT%2CYEAR_%2CDESC_FRM%2CDESC_TO%2CBEGIN_POST%2CEND_POST&returnGeometry=false&f=json
87004019,19000,F,Miami-Dade,6,2025,I-195/EB,N MIAMI AVE/SB,0,0.104,FDOT Annual Average Daily Traffic TDA,https://services1.arcgis.com/O1JpcwDW8sjYuddV/arcgis/rest/services/Annual_Average_Daily_Traffic_TDA/FeatureServer/0,https://services1.arcgis.com/O1JpcwDW8sjYuddV/arcgis/rest/services/Annual_Average_Daily_Traffic_TDA/FeatureServer/0/query?where=COUNTY%3D%27Miami-Dade%27&outFields=ROADWAY%2CAADT%2CAADTFLG%2CCOUNTY%2CDISTRICT%2CYEAR_%2CDESC_FRM%2CDESC_TO%2CBEGIN_POST%2CEND_POST&returnGeometry=false&f=json
87020700,450,C,Miami-Dade,6,2025,MARLIN RD,SW 152 ST/CORALREEF,1.233,4.192,FDOT Annual Average Daily Traffic TDA,https://services1.arcgis.com/O1JpcwDW8sjYuddV/arcgis/rest/services/Annual_Average_Daily_Traffic_TDA/FeatureServer/0,https://services1.arcgis.com/O1JpcwDW8sjYuddV/arcgis/rest/services/Annual_Average_Daily_Traffic_TDA/FeatureServer/0/query?where=COUNTY%3D%27Miami-Dade%27&outFields=ROADWAY%2CAADT%2CAADTFLG%2CCOUNTY%2CDISTRICT%2CYEAR_%2CDESC_FRM%2CDESC_TO%2CBEGIN_POST%2CEND_POST&returnGeometry=false&f=json
87045503,25500,S,Miami-Dade,6,2025,SW 87 AV/GALLOWAY RD,OFF RAMP 87260133,0,1.077,FDOT Annual Average Daily Traffic TDA,https://services1.arcgis.com/O1JpcwDW8sjYuddV/arcgis/rest/services/Annual_Average_Daily_Traffic_TDA/FeatureServer/0,https://services1.arcgis.com/O1JpcwDW8sjYuddV/arcgis/rest/services/Annual_Average_Daily_Traffic_TDA/FeatureServer/0/query?where=COUNTY%3D%27Miami-Dade%27&outFields=ROADWAY%2CAADT%2CAADTFLG%2CCOUNTY%2CDISTRICT%2CYEAR_%2CDESC_FRM%2CDESC_TO%2CBEGIN_POST%2CEND_POST&returnGeometry=false&f=json
87000795,1350,F,Miami-Dade,6,2025,SW 152 AV,SW 139 CT,0,1.161,FDOT Annual Average Daily Traffic TDA,https://services1.arcgis.com/O1JpcwDW8sjYuddV/arcgis/rest/services/Annual_Average_Daily_Traffic_TDA/FeatureServer/0,https://services1.arcgis.com/O1JpcwDW8sjYuddV/arcgis/rest/services/Annual_Average_Daily_Traffic_TDA/FeatureServer/0/query?where=COUNTY%3D%27Miami-Dade%27&outFields=ROADWAY%2CAADT%2CAADTFLG%2CCOUNTY%2CDISTRICT%2CYEAR_%2CDESC_FRM%2CDESC_TO%2CBEGIN_POST%2CEND_POST&returnGeometry=false&f=json
87003023,3600,F,Miami-Dade,6,2025,SR-112/EB,NW 39 ST/EB,0,0.06,FDOT Annual Average Daily Traffic TDA,https://services1.arcgis.com/O1JpcwDW8sjYuddV/arcgis/rest/services/Annual_Average_Daily_Traffic_TDA/FeatureServer/0,https://services1.arcgis.com/O1JpcwDW8sjYuddV/arcgis/rest/services/Annual_Average_Daily_Traffic_TDA/FeatureServer/0/query?where=COUNTY%3D%27Miami-Dade%27&outFields=ROADWAY%2CAADT%2CAADTFLG%2CCOUNTY%2CDISTRICT%2CYEAR_%2CDESC_FRM%2CDESC_TO%2CBEGIN_POST%2CEND_POST&returnGeometry=false&f=json
87008001,15500,C,Miami-Dade,6,2025,NW 135 ST,0.023 E OF SR916 EB,0,2.779,FDOT Annual Average Daily Traffic TDA,https://services1.arcgis.com/O1JpcwDW8sjYuddV/arcgis/rest/services/Annual_Average_Daily_Traffic_TDA/FeatureServer/0,https://services1.arcgis.com/O1JpcwDW8sjYuddV/arcgis/rest/services/Annual_Average_Daily_Traffic_TDA/FeatureServer/0/query?where=COUNTY%3D%27Miami-Dade%27&outFields=ROADWAY%2CAADT%2CAADTFLG%2CCOUNTY%2CDISTRICT%2CYEAR_%2CDESC_FRM%2CDESC_TO%2CBEGIN_POST%2CEND_POST&returnGeometry=false&f=json
87000691,8600,F,Miami-Dade,6,2025,SW 130 ST,SW 128 ST,0,0.155,FDOT Annual Average Daily Traffic TDA,https://services1.arcgis.com/O1JpcwDW8sjYuddV/arcgis/rest/services/Annual_Average_Daily_Traffic_TDA/FeatureServer/0,https://services1.arcgis.com/O1JpcwDW8sjYuddV/arcgis/rest/services/Annual_Average_Daily_Traffic_TDA/FeatureServer/0/query?where=COUNTY%3D%27Miami-Dade%27&outFields=ROADWAY%2CAADT%2CAADTFLG%2CCOUNTY%2CDISTRICT%2CYEAR_%2CDESC_FRM%2CDESC_TO%2CBEGIN_POST%2CEND_POST&returnGeometry=false&f=json
87038000,26500,C,Miami-Dade,6,2025,US-441/SR-7/NW 7 AV,N MIAMI AV,8.188,8.945,FDOT Annual Average Daily Traffic TDA,https://services1.arcgis.com/O1JpcwDW8sjYuddV/arcgis/rest/services/Annual_Average_Daily_Traffic_TDA/FeatureServer/0,https://services1.arcgis.com/O1JpcwDW8sjYuddV/arcgis/rest/services/Annual_Average_Daily_Traffic_TDA/FeatureServer/0/query?where=COUNTY%3D%27Miami-Dade%27&outFields=ROADWAY%2CAADT%2CAADTFLG%2CCOUNTY%2CDISTRICT%2CYEAR_%2CDESC_FRM%2CDESC_TO%2CBEGIN_POST%2CEND_POST&returnGeometry=false&f=json
87060000,15500,C,Miami-Dade,6,2025,5875 BLK/FRTG RD END,71 ST,8.406,9.439,FDOT Annual Average Daily Traffic TDA,https://services1.arcgis.com/O1JpcwDW8sjYuddV/arcgis/rest/services/Annual_Average_Daily_Traffic_TDA/FeatureServer/0,https://services1.arcgis.com/O1JpcwDW8sjYuddV/arcgis/rest/services/Annual_Average_Daily_Traffic_TDA/FeatureServer/0/query?where=COUNTY%3D%27Miami-Dade%27&outFields=ROADWAY%2CAADT%2CAADTFLG%2CCOUNTY%2CDISTRICT%2CYEAR_%2CDESC_FRM%2CDESC_TO%2CBEGIN_POST%2CEND_POST&returnGeometry=false&f=json
87021004,5300,F,Miami-Dade,6,2025,SR-973/SW 87 AVE,SR-878/WB,0,0.166,FDOT Annual Average Daily Traffic TDA,https://services1.arcgis.com/O1JpcwDW8sjYuddV/arcgis/rest/services/Annual_Average_Daily_Traffic_TDA/FeatureServer/0,https://services1.arcgis.com/O1JpcwDW8sjYuddV/arcgis/rest/services/Annual_Average_Daily_Traffic_TDA/FeatureServer/0/query?where=COUNTY%3D%27Miami-Dade%27&outFields=ROADWAY%2CAADT%2CAADTFLG%2CCOUNTY%2CDISTRICT%2CYEAR_%2CDESC_FRM%2CDESC_TO%2CBEGIN_POST%2CEND_POST&returnGeometry=false&f=json
87053001,13000,C,Miami-Dade,6,2025,SR-7/US-441/SW 8 AVE,SW 2 AV,1.714,2.351,FDOT Annual Average Daily Traffic TDA,https://services1.arcgis.com/O1JpcwDW8sjYuddV/arcgis/rest/services/Annual_Average_Daily_Traffic_TDA/FeatureServer/0,https://services1.arcgis.com/O1JpcwDW8sjYuddV/arcgis/rest/services/Annual_Average_Daily_Traffic_TDA/FeatureServer/0/query?where=COUNTY%3D%27Miami-Dade%27&outFields=ROADWAY%2CAADT%2CAADTFLG%2CCOUNTY%2CDISTRICT%2CYEAR_%2CDESC_FRM%2CDESC_TO%2CBEGIN_POST%2CEND_POST&returnGeometry=false&f=json
87000955,22500,T,Miami-Dade,6,2025,OKEECHOBEE R,NW 107 AVE,0,0.489,FDOT Annual Average Daily Traffic TDA,https://services1.arcgis.com/O1JpcwDW8sjYuddV/arcgis/rest/services/Annual_Average_Daily_Traffic_TDA/FeatureServer/0,https://services1.arcgis.com/O1JpcwDW8sjYuddV/arcgis/rest/services/Annual_Average_Daily_Traffic_TDA/FeatureServer/0/query?where=COUNTY%3D%27Miami-Dade%27&outFields=ROADWAY%2CAADT%2CAADTFLG%2CCOUNTY%2CDISTRICT%2CYEAR_%2CDESC_FRM%2CDESC_TO%2CBEGIN_POST%2CEND_POST&returnGeometry=false&f=json
87012000,25000,C,Miami-Dade,6,2025,HONEYHILL DR/199 ST,NW 215 ST,0.992,2.144,FDOT Annual Average Daily Traffic TDA,https://services1.arcgis.com/O1JpcwDW8sjYuddV/arcgis/rest/services/Annual_Average_Daily_Traffic_TDA/FeatureServer/0,https://services1.arcgis.com/O1JpcwDW8sjYuddV/arcgis/rest/services/Annual_Average_Daily_Traffic_TDA/FeatureServer/0/query?where=COUNTY%3D%27Miami-Dade%27&outFields=ROADWAY%2CAADT%2CAADTFLG%2CCOUNTY%2CDISTRICT%2CYEAR_%2CDESC_FRM%2CDESC_TO%2CBEGIN_POST%2CEND_POST&returnGeometry=false&f=json
87048000,8500,C,Miami-Dade,6,2025,87200098 WB OFF,NW 14 ST,0,0.442,FDOT Annual Average Daily Traffic TDA,https://services1.arcgis.com/O1JpcwDW8sjYuddV/arcgis/rest/services/Annual_Average_Daily_Traffic_TDA/FeatureServer/0,https://services1.arcgis.com/O1JpcwDW8sjYuddV/arcgis/rest/services/Annual_Average_Daily_Traffic_TDA/FeatureServer/0/query?where=COUNTY%3D%27Miami-Dade%27&outFields=ROADWAY%2CAADT%2CAADTFLG%2CCOUNTY%2CDISTRICT%2CYEAR_%2CDESC_FRM%2CDESC_TO%2CBEGIN_POST%2CEND_POST&returnGeometry=false&f=json
87000799,16600,F,Miami-Dade,6,2025,E MEADOWMAKE DR,SW 47 AV,0,0.347,FDOT Annual Average Daily Traffic TDA,https://services1.arcgis.com/O1JpcwDW8sjYuddV/arcgis/rest/services/Annual_Average_Daily_Traffic_TDA/FeatureServer/0,https://services1.arcgis.com/O1JpcwDW8sjYuddV/arcgis/rest/services/Annual_Average_Daily_Traffic_TDA/FeatureServer/0/query?where=COUNTY%3D%27Miami-Dade%27&outFields=ROADWAY%2CAADT%2CAADTFLG%2CCOUNTY%2CDISTRICT%2CYEAR_%2CDESC_FRM%2CDESC_TO%2CBEGIN_POST%2CEND_POST&returnGeometry=false&f=json
87005142,6600,F,Miami-Dade,6,2025,NB SR-874,SR-94 / N KENDALL DR,0,0.182,FDOT Annual Average Daily Traffic TDA,https://services1.arcgis.com/O1JpcwDW8sjYuddV/arcgis/rest/services/Annual_Average_Daily_Traffic_TDA/FeatureServer/0,https://services1.arcgis.com/O1JpcwDW8sjYuddV/arcgis/rest/services/Annual_Average_Daily_Traffic_TDA/FeatureServer/0/query?where=COUNTY%3D%27Miami-Dade%27&outFields=ROADWAY%2CAADT%2CAADTFLG%2CCOUNTY%2CDISTRICT%2CYEAR_%2CDESC_FRM%2CDESC_TO%2CBEGIN_POST%2CEND_POST&returnGeometry=false&f=json
87056500,25500,S,Miami-Dade,6,2025,NW 22 AVE,NW 10 AVE,0.518,1.789,FDOT Annual Average Daily Traffic TDA,https://services1.arcgis.com/O1JpcwDW8sjYuddV/arcgis/rest/services/Annual_Average_Daily_Traffic_TDA/FeatureServer/0,https://services1.arcgis.com/O1JpcwDW8sjYuddV/arcgis/rest/services/Annual_Average_Daily_Traffic_TDA/FeatureServer/0/query?where=COUNTY%3D%27Miami-Dade%27&outFields=ROADWAY%2CAADT%2CAADTFLG%2CCOUNTY%2CDISTRICT%2CYEAR_%2CDESC_FRM%2CDESC_TO%2CBEGIN_POST%2CEND_POST&returnGeometry=false&f=json
87002000,54000,C,Miami-Dade,6,2025,W 78 PL,N/A,4.42,4.738,FDOT Annual Average Daily Traffic TDA,https://services1.arcgis.com/O1JpcwDW8sjYuddV/arcgis/rest/services/Annual_Average_Daily_Traffic_TDA/FeatureServer/0,https://services1.arcgis.com/O1JpcwDW8sjYuddV/arcgis/rest/services/Annual_Average_Daily_Traffic_TDA/FeatureServer/0/query?where=COUNTY%3D%27Miami-Dade%27&outFields=ROADWAY%2CAADT%2CAADTFLG%2CCOUNTY%2CDISTRICT%2CYEAR_%2CDESC_FRM%2CDESC_TO%2CBEGIN_POST%2CEND_POST&returnGeometry=false&f=json
87000684,3700,F,Miami-Dade,6,2025,SW 67 AV,SW 57 AV,0,1.019,FDOT Annual Average Daily Traffic TDA,https://services1.arcgis.com/O1JpcwDW8sjYuddV/arcgis/rest/services/Annual_Average_Daily_Traffic_TDA/FeatureServer/0,https://services1.arcgis.com/O1JpcwDW8sjYuddV/arcgis/rest/services/Annual_Average_Daily_Traffic_TDA/FeatureServer/0/query?where=COUNTY%3D%27Miami-Dade%27&outFields=ROADWAY%2CAADT%2CAADTFLG%2CCOUNTY%2CDISTRICT%2CYEAR_%2CDESC_FRM%2CDESC_TO%2CBEGIN_POST%2CEND_POST&returnGeometry=false&f=json
87038000,10900,C,Miami-Dade,6,2025,N MIAMI AV,SR-915/NE 6 AV,8.945,9.7,FDOT Annual Average Daily Traffic TDA,https://services1.arcgis.com/O1JpcwDW8sjYuddV/arcgis/rest/services/Annual_Average_Daily_Traffic_TDA/FeatureServer/0,https://services1.arcgis.com/O1JpcwDW8sjYuddV/arcgis/rest/services/Annual_Average_Daily_Traffic_TDA/FeatureServer/0/query?where=COUNTY%3D%27Miami-Dade%27&outFields=ROADWAY%2CAADT%2CAADTFLG%2CCOUNTY%2CDISTRICT%2CYEAR_%2CDESC_FRM%2CDESC_TO%2CBEGIN_POST%2CEND_POST&returnGeometry=false&f=json
87027000,33500,C,Miami-Dade,6,2025,SR 948/NW 36 ST EXT,NW 58 ST,3.248,4.413,FDOT Annual Average Daily Traffic TDA,https://services1.arcgis.com/O1JpcwDW8sjYuddV/arcgis/rest/services/Annual_Average_Daily_Traffic_TDA/FeatureServer/0,https://services1.arcgis.com/O1JpcwDW8sjYuddV/arcgis/rest/services/Annual_Average_Daily_Traffic_TDA/FeatureServer/0/query?where=COUNTY%3D%27Miami-Dade%27&outFields=ROADWAY%2CAADT%2CAADTFLG%2CCOUNTY%2CDISTRICT%2CYEAR_%2CDESC_FRM%2CDESC_TO%2CBEGIN_POST%2CEND_POST&returnGeometry=false&f=json
87000974,4800,C,Miami-Dade,6,2025,NW 87 AVE,NW 79 AVE,0,0.75,FDOT Annual Average Daily Traffic TDA,https://services1.arcgis.com/O1JpcwDW8sjYuddV/arcgis/rest/services/Annual_Average_Daily_Traffic_TDA/FeatureServer/0,https://services1.arcgis.com/O1JpcwDW8sjYuddV/arcgis/rest/services/Annual_Average_Daily_Traffic_TDA/FeatureServer/0/query?where=COUNTY%3D%27Miami-Dade%27&outFields=ROADWAY%2CAADT%2CAADTFLG%2CCOUNTY%2CDISTRICT%2CYEAR_%2CDESC_FRM%2CDESC_TO%2CBEGIN_POST%2CEND_POST&returnGeometry=false&f=json
87020500,7200,S,Miami-Dade,6,2025,SUNOCO GAS STATION,SW 320 ST/MOWRY DR,0.174,1.252,FDOT Annual Average Daily Traffic TDA,https://services1.arcgis.com/O1JpcwDW8sjYuddV/arcgis/rest/services/Annual_Average_Daily_Traffic_TDA/FeatureServer/0,https://services1.arcgis.com/O1JpcwDW8sjYuddV/arcgis/rest/services/Annual_Average_Daily_Traffic_TDA/FeatureServer/0/query?where=COUNTY%3D%27Miami-Dade%27&outFields=ROADWAY%2CAADT%2CAADTFLG%2CCOUNTY%2CDISTRICT%2CYEAR_%2CDESC_FRM%2CDESC_TO%2CBEGIN_POST%2CEND_POST&returnGeometry=false&f=json
87047000,27500,C,Miami-Dade,6,2025,SW 24 ST,US 41/SR 90/SW 8 ST,7.011,7.995,FDOT Annual Average Daily Traffic TDA,https://services1.arcgis.com/O1JpcwDW8sjYuddV/arcgis/rest/services/Annual_Average_Daily_Traffic_TDA/FeatureServer/0,https://services1.arcgis.com/O1JpcwDW8sjYuddV/arcgis/rest/services/Annual_Average_Daily_Traffic_TDA/FeatureServer/0/query?where=COUNTY%3D%27Miami-Dade%27&outFields=ROADWAY%2CAADT%2CAADTFLG%2CCOUNTY%2CDISTRICT%2CYEAR_%2CDESC_FRM%2CDESC_TO%2CBEGIN_POST%2CEND_POST&returnGeometry=false&f=json
87000783,11000,F,Miami-Dade,6,2025,US-1/S DIXIE HWY,N/A,0,0.642,FDOT Annual Average Daily Traffic TDA,https://services1.arcgis.com/O1JpcwDW8sjYuddV/arcgis/rest/services/Annual_Average_Daily_Traffic_TDA/FeatureServer/0,https://services1.arcgis.com/O1JpcwDW8sjYuddV/arcgis/rest/services/Annual_Average_Daily_Traffic_TDA/FeatureServer/0/query?where=COUNTY%3D%27Miami-Dade%27&outFields=ROADWAY%2CAADT%2CAADTFLG%2CCOUNTY%2CDISTRICT%2CYEAR_%2CDESC_FRM%2CDESC_TO%2CBEGIN_POST%2CEND_POST&returnGeometry=false&f=json
87003008,6700,F,Miami-Dade,6,2025,SR-112/WB,SR-948 / NW 36 ST WB,0,0.08,FDOT Annual Average Daily Traffic TDA,https://services1.arcgis.com/O1JpcwDW8sjYuddV/arcgis/rest/services/Annual_Average_Daily_Traffic_TDA/FeatureServer/0,https://services1.arcgis.com/O1JpcwDW8sjYuddV/arcgis/rest/services/Annual_Average_Daily_Traffic_TDA/FeatureServer/0/query?where=COUNTY%3D%27Miami-Dade%27&outFields=ROADWAY%2CAADT%2CAADTFLG%2CCOUNTY%2CDISTRICT%2CYEAR_%2CDESC_FRM%2CDESC_TO%2CBEGIN_POST%2CEND_POST&returnGeometry=false&f=json
87000694,3700,F,Miami-Dade,6,2025,N/A,FRANJO RD,0.14,1.634,FDOT Annual Average Daily Traffic TDA,https://services1.arcgis.com/O1JpcwDW8sjYuddV/arcgis/rest/services/Annual_Average_Daily_Traffic_TDA/FeatureServer/0,https://services1.arcgis.com/O1JpcwDW8sjYuddV/arcgis/rest/services/Annual_Average_Daily_Traffic_TDA/FeatureServer/0/query?where=COUNTY%3D%27Miami-Dade%27&outFields=ROADWAY%2CAADT%2CAADTFLG%2CCOUNTY%2CDISTRICT%2CYEAR_%2CDESC_FRM%2CDESC_TO%2CBEGIN_POST%2CEND_POST&returnGeometry=false&f=json
87044000,47000,C,Miami-Dade,6,2025,SR-959/SW 57 AV,GRANADA BLVD,6.21,7.012,FDOT Annual Average Daily Traffic TDA,https://services1.arcgis.com/O1JpcwDW8sjYuddV/arcgis/rest/services/Annual_Average_Daily_Traffic_TDA/FeatureServer/0,https://services1.arcgis.com/O1JpcwDW8sjYuddV/arcgis/rest/services/Annual_Average_Daily_Traffic_TDA/FeatureServer/0/query?where=COUNTY%3D%27Miami-Dade%27&outFields=ROADWAY%2CAADT%2CAADTFLG%2CCOUNTY%2CDISTRICT%2CYEAR_%2CDESC_FRM%2CDESC_TO%2CBEGIN_POST%2CEND_POST&returnGeometry=false&f=json
87060000,40500,C,Miami-Dade,6,2025,BEG 87060001/SR A1A,N/A,11.671,14.036,FDOT Annual Average Daily Traffic TDA,https://services1.arcgis.com/O1JpcwDW8sjYuddV/arcgis/rest/services/Annual_Average_Daily_Traffic_TDA/FeatureServer/0,https://services1.arcgis.com/O1JpcwDW8sjYuddV/arcgis/rest/services/Annual_Average_Daily_Traffic_TDA/FeatureServer/0/query?where=COUNTY%3D%27Miami-Dade%27&outFields=ROADWAY%2CAADT%2CAADTFLG%2CCOUNTY%2CDISTRICT%2CYEAR_%2CDESC_FRM%2CDESC_TO%2CBEGIN_POST%2CEND_POST&returnGeometry=false&f=json
87032502,15700,S,Miami-Dade,6,2025,NW 79 ST,N/A,0,1.516,FDOT Annual Average Daily Traffic TDA,https://services1.arcgis.com/O1JpcwDW8sjYuddV/arcgis/rest/services/Annual_Average_Daily_Traffic_TDA/FeatureServer/0,https://services1.arcgis.com/O1JpcwDW8sjYuddV/arcgis/rest/services/Annual_Average_Daily_Traffic_TDA/FeatureServer/0/query?where=COUNTY%3D%27Miami-Dade%27&outFields=ROADWAY%2CAADT%2CAADTFLG%2CCOUNTY%2CDISTRICT%2CYEAR_%2CDESC_FRM%2CDESC_TO%2CBEGIN_POST%2CEND_POST&returnGeometry=false&f=json
87004024,33500,F,Miami-Dade,6,2025,I-195/EB,SR-907/ALTON RD,0,0.413,FDOT Annual Average Daily Traffic TDA,https://services1.arcgis.com/O1JpcwDW8sjYuddV/arcgis/rest/services/Annual_Average_Daily_Traffic_TDA/FeatureServer/0,https://services1.arcgis.com/O1JpcwDW8sjYuddV/arcgis/rest/services/Annual_Average_Daily_Traffic_TDA/FeatureServer/0/query?where=COUNTY%3D%27Miami-Dade%27&outFields=ROADWAY%2CAADT%2CAADTFLG%2CCOUNTY%2CDISTRICT%2CYEAR_%2CDESC_FRM%2CDESC_TO%2CBEGIN_POST%2CEND_POST&returnGeometry=false&f=json
87026005,32000,C,Miami-Dade,6,2025,NW 87 AVE,N/A,0.583,2.415,FDOT Annual Average Daily Traffic TDA,https://services1.arcgis.com/O1JpcwDW8sjYuddV/arcgis/rest/services/Annual_Average_Daily_Traffic_TDA/FeatureServer/0,https://services1.arcgis.com/O1JpcwDW8sjYuddV/arcgis/rest/services/Annual_Average_Daily_Traffic_TDA/FeatureServer/0/query?where=COUNTY%3D%27Miami-Dade%27&outFields=ROADWAY%2CAADT%2CAADTFLG%2CCOUNTY%2CDISTRICT%2CYEAR_%2CDESC_FRM%2CDESC_TO%2CBEGIN_POST%2CEND_POST&returnGeometry=false&f=json
87021000,42000,C,Miami-Dade,6,2025,N/A,Bridge No-870559,1.597,2.167,FDOT Annual Average Daily Traffic TDA,https://services1.arcgis.com/O1JpcwDW8sjYuddV/arcgis/rest/services/Annual_Average_Daily_Traffic_TDA/FeatureServer/0,https://services1.arcgis.com/O1JpcwDW8sjYuddV/arcgis/rest/services/Annual_Average_Daily_Traffic_TDA/FeatureServer/0/query?where=COUNTY%3D%27Miami-Dade%27&outFields=ROADWAY%2CAADT%2CAADTFLG%2CCOUNTY%2CDISTRICT%2CYEAR_%2CDESC_FRM%2CDESC_TO%2CBEGIN_POST%2CEND_POST&returnGeometry=false&f=json
87053003,22000,C,Miami-Dade,6,2025,NW 7 AV,SW 24 AV,0,1.807,FDOT Annual Average Daily Traffic TDA,https://services1.arcgis.com/O1JpcwDW8sjYuddV/arcgis/rest/services/Annual_Average_Daily_Traffic_TDA/FeatureServer/0,https://services1.arcgis.com/O1JpcwDW8sjYuddV/arcgis/rest/services/Annual_Average_Daily_Traffic_TDA/FeatureServer/0/query?where=COUNTY%3D%27Miami-Dade%27&outFields=ROADWAY%2CAADT%2CAADTFLG%2CCOUNTY%2CDISTRICT%2CYEAR_%2CDESC_FRM%2CDESC_TO%2CBEGIN_POST%2CEND_POST&returnGeometry=false&f=json
87000953,31000,T,Miami-Dade,6,2025,NW 58 ST,NW 106 ST,0,2.978,FDOT Annual Average Daily Traffic TDA,https://services1.arcgis.com/O1JpcwDW8sjYuddV/arcgis/rest/services/Annual_Average_Daily_Traffic_TDA/FeatureServer/0,https://services1.arcgis.com/O1JpcwDW8sjYuddV/arcgis/rest/services/Annual_Average_Daily_Traffic_TDA/FeatureServer/0/query?where=COUNTY%3D%27Miami-Dade%27&outFields=ROADWAY%2CAADT%2CAADTFLG%2CCOUNTY%2CDISTRICT%2CYEAR_%2CDESC_FRM%2CDESC_TO%2CBEGIN_POST%2CEND_POST&returnGeometry=false&f=json
87030000,35000,C,Miami-Dade,6,2025,N/A,87200504 ON RAMP,11.325,11.742,FDOT Annual Average Daily Traffic TDA,https://services1.arcgis.com/O1JpcwDW8sjYuddV/arcgis/rest/services/Annual_Average_Daily_Traffic_TDA/FeatureServer/0,https://services1.arcgis.com/O1JpcwDW8sjYuddV/arcgis/rest/services/Annual_Average_Daily_Traffic_TDA/FeatureServer/0/query?where=COUNTY%3D%27Miami-Dade%27&outFields=ROADWAY%2CAADT%2CAADTFLG%2CCOUNTY%2CDISTRICT%2CYEAR_%2CDESC_FRM%2CDESC_TO%2CBEGIN_POST%2CEND_POST&returnGeometry=false&f=json
87030000,22000,C,Miami-Dade,6,2025,SE 2 AVE,SE 2 ST,10.527,10.822,FDOT Annual Average Daily Traffic TDA,https://services1.arcgis.com/O1JpcwDW8sjYuddV/arcgis/rest/services/Annual_Average_Daily_Traffic_TDA/FeatureServer/0,https://services1.arcgis.com/O1JpcwDW8sjYuddV/arcgis/rest/services/Annual_Average_Daily_Traffic_TDA/FeatureServer/0/query?where=COUNTY%3D%27Miami-Dade%27&outFields=ROADWAY%2CAADT%2CAADTFLG%2CCOUNTY%2CDISTRICT%2CYEAR_%2CDESC_FRM%2CDESC_TO%2CBEGIN_POST%2CEND_POST&returnGeometry=false&f=json
87004000,119500,C,Miami-Dade,6,2025,87270513 WB ON,N/A,0,0.81,FDOT Annual Average Daily Traffic TDA,https://services1.arcgis.com/O1JpcwDW8sjYuddV/arcgis/rest/services/Annual_Average_Daily_Traffic_TDA/FeatureServer/0,https://services1.arcgis.com/O1JpcwDW8sjYuddV/arcgis/rest/services/Annual_Average_Daily_Traffic_TDA/FeatureServer/0/query?where=COUNTY%3D%27Miami-Dade%27&outFields=ROADWAY%2CAADT%2CAADTFLG%2CCOUNTY%2CDISTRICT%2CYEAR_%2CDESC_FRM%2CDESC_TO%2CBEGIN_POST%2CEND_POST&returnGeometry=false&f=json
87008000,32500,C,Miami-Dade,6,2025,SR 823/W 4 AV/RED RD,SR 953/NW 42 AVE,2.045,3.598,FDOT Annual Average Daily Traffic TDA,https://services1.arcgis.com/O1JpcwDW8sjYuddV/arcgis/rest/services/Annual_Average_Daily_Traffic_TDA/FeatureServer/0,https://services1.arcgis.com/O1JpcwDW8sjYuddV/arcgis/rest/services/Annual_Average_Daily_Traffic_TDA/FeatureServer/0/query?where=COUNTY%3D%27Miami-Dade%27&outFields=ROADWAY%2CAADT%2CAADTFLG%2CCOUNTY%2CDISTRICT%2CYEAR_%2CDESC_FRM%2CDESC_TO%2CBEGIN_POST%2CEND_POST&returnGeometry=false&f=json
87000670,9700,F,Miami-Dade,6,2025,NW 12 AV,NW 25 ST,0,1.136,FDOT Annual Average Daily Traffic TDA,https://services1.arcgis.com/O1JpcwDW8sjYuddV/arcgis/rest/services/Annual_Average_Daily_Traffic_TDA/FeatureServer/0,https://services1.arcgis.com/O1JpcwDW8sjYuddV/arcgis/rest/services/Annual_Average_Daily_Traffic_TDA/FeatureServer/0/query?where=COUNTY%3D%27Miami-Dade%27&outFields=ROADWAY%2CAADT%2CAADTFLG%2CCOUNTY%2CDISTRICT%2CYEAR_%2CDESC_FRM%2CDESC_TO%2CBEGIN_POST%2CEND_POST&returnGeometry=false&f=json
87037001,3700,C,Miami-Dade,6,2025,SR-907/ALTON RD,BARRY ST,0,0.078,FDOT Annual Average Daily Traffic TDA,https://services1.arcgis.com/O1JpcwDW8sjYuddV/arcgis/rest/services/Annual_Average_Daily_Traffic_TDA/FeatureServer/0,https://services1.arcgis.com/O1JpcwDW8sjYuddV/arcgis/rest/services/Annual_Average_Daily_Traffic_TDA/FeatureServer/0/query?where=COUNTY%3D%27Miami-Dade%27&outFields=ROADWAY%2CAADT%2CAADTFLG%2CCOUNTY%2CDISTRICT%2CYEAR_%2CDESC_FRM%2CDESC_TO%2CBEGIN_POST%2CEND_POST&returnGeometry=false&f=json
87000786,10800,F,Miami-Dade,6,2025,SW 344 ST/PALM DR,SW 328 ST/SE 8 ST,0,0.812,FDOT Annual Average Daily Traffic TDA,https://services1.arcgis.com/O1JpcwDW8sjYuddV/arcgis/rest/services/Annual_Average_Daily_Traffic_TDA/FeatureServer/0,https://services1.arcgis.com/O1JpcwDW8sjYuddV/arcgis/rest/services/Annual_Average_Daily_Traffic_TDA/FeatureServer/0/query?where=COUNTY%3D%27Miami-Dade%27&outFields=ROADWAY%2CAADT%2CAADTFLG%2CCOUNTY%2CDISTRICT%2CYEAR_%2CDESC_FRM%2CDESC_TO%2CBEGIN_POST%2CEND_POST&returnGeometry=false&f=json
87005112,12000,F,Miami-Dade,6,2025,SR-874 SB,SR- 821/HEFT SB,0,0.363,FDOT Annual Average Daily Traffic TDA,https://services1.arcgis.com/O1JpcwDW8sjYuddV/arcgis/rest/services/Annual_Average_Daily_Traffic_TDA/FeatureServer/0,https://services1.arcgis.com/O1JpcwDW8sjYuddV/arcgis/rest/services/Annual_Average_Daily_Traffic_TDA/FeatureServer/0/query?where=COUNTY%3D%27Miami-Dade%27&outFields=ROADWAY%2CAADT%2CAADTFLG%2CCOUNTY%2CDISTRICT%2CYEAR_%2CDESC_FRM%2CDESC_TO%2CBEGIN_POST%2CEND_POST&returnGeometry=false&f=json
87054504,36000,S,Miami-Dade,6,2025,END OF BRIDGE,SW 107 AVE,0,0.99,FDOT Annual Average Daily Traffic TDA,https://services1.arcgis.com/O1JpcwDW8sjYuddV/arcgis/rest/services/Annual_Average_Daily_Traffic_TDA/FeatureServer/0,https://services1.arcgis.com/O1JpcwDW8sjYuddV/arcgis/rest/services/Annual_Average_Daily_Traffic_TDA/FeatureServer/0/query?where=COUNTY%3D%27Miami-Dade%27&outFields=ROADWAY%2CAADT%2CAADTFLG%2CCOUNTY%2CDISTRICT%2CYEAR_%2CDESC_FRM%2CDESC_TO%2CBEGIN_POST%2CEND_POST&returnGeometry=false&f=json
87001000,87000,C,Miami-Dade,6,2025,SW 127 AV,SW 117 AVE,4.953,5.954,FDOT Annual Average Daily Traffic TDA,https://services1.arcgis.com/O1JpcwDW8sjYuddV/arcgis/rest/services/Annual_Average_Daily_Traffic_TDA/FeatureServer/0,https://services1.arcgis.com/O1JpcwDW8sjYuddV/arcgis/rest/services/Annual_Average_Daily_Traffic_TDA/FeatureServer/0/query?where=COUNTY%3D%27Miami-Dade%27&outFields=ROADWAY%2CAADT%2CAADTFLG%2CCOUNTY%2CDISTRICT%2CYEAR_%2CDESC_FRM%2CDESC_TO%2CBEGIN_POST%2CEND_POST&returnGeometry=false&f=json
87028501,19500,S,Miami-Dade,6,2025,RAMP 87200108,NW 54 ST,0,2.835,FDOT Annual Average Daily Traffic TDA,https://services1.arcgis.com/O1JpcwDW8sjYuddV/arcgis/rest/services/Annual_Average_Daily_Traffic_TDA/FeatureServer/0,https://services1.arcgis.com/O1JpcwDW8sjYuddV/arcgis/rest/services/Annual_Average_Daily_Traffic_TDA/FeatureServer/0/query?where=COUNTY%3D%27Miami-Dade%27&outFields=ROADWAY%2CAADT%2CAADTFLG%2CCOUNTY%2CDISTRICT%2CYEAR_%2CDESC_FRM%2CDESC_TO%2CBEGIN_POST%2CEND_POST&returnGeometry=false&f=json
87002000,39000,C,Miami-Dade,6,2025,SR 932/W 49 ST,W 65 ST/NW 119 ST,2.54,3.545,FDOT Annual Average Daily Traffic TDA,https://services1.arcgis.com/O1JpcwDW8sjYuddV/arcgis/rest/services/Annual_Average_Daily_Traffic_TDA/FeatureServer/0,https://services1.arcgis.com/O1JpcwDW8sjYuddV/arcgis/rest/services/Annual_Average_Daily_Traffic_TDA/FeatureServer/0/query?where=COUNTY%3D%27Miami-Dade%27&outFields=ROADWAY%2CAADT%2CAADTFLG%2CCOUNTY%2CDISTRICT%2CYEAR_%2CDESC_FRM%2CDESC_TO%2CBEGIN_POST%2CEND_POST&returnGeometry=false&f=json
87053000,45500,C,Miami-Dade,6,2025,87260146 NB ON,N/A,1.09,1.496,FDOT Annual Average Daily Traffic TDA,https://services1.arcgis.com/O1JpcwDW8sjYuddV/arcgis/rest/services/Annual_Average_Daily_Traffic_TDA/FeatureServer/0,https://services1.arcgis.com/O1JpcwDW8sjYuddV/arcgis/rest/services/Annual_Average_Daily_Traffic_TDA/FeatureServer/0/query?where=COUNTY%3D%27Miami-Dade%27&outFields=ROADWAY%2CAADT%2CAADTFLG%2CCOUNTY%2CDISTRICT%2CYEAR_%2CDESC_FRM%2CDESC_TO%2CBEGIN_POST%2CEND_POST&returnGeometry=false&f=json
87004026,2800,C,Miami-Dade,6,2025,87270513 WB ON,NW 40 ST/WB,0,0.039,FDOT Annual Average Daily Traffic TDA,https://services1.arcgis.com/O1JpcwDW8sjYuddV/arcgis/rest/services/Annual_Average_Daily_Traffic_TDA/FeatureServer/0,https://services1.arcgis.com/O1JpcwDW8sjYuddV/arcgis/rest/services/Annual_Average_Daily_Traffic_TDA/FeatureServer/0/query?where=COUNTY%3D%27Miami-Dade%27&outFields=ROADWAY%2CAADT%2CAADTFLG%2CCOUNTY%2CDISTRICT%2CYEAR_%2CDESC_FRM%2CDESC_TO%2CBEGIN_POST%2CEND_POST&returnGeometry=false&f=json
87026000,29500,C,Miami-Dade,6,2025,SR-823/NW 57 AV,NW 47 AV,0,1.022,FDOT Annual Average Daily Traffic TDA,https://services1.arcgis.com/O1JpcwDW8sjYuddV/arcgis/rest/services/Annual_Average_Daily_Traffic_TDA/FeatureServer/0,https://services1.arcgis.com/O1JpcwDW8sjYuddV/arcgis/rest/services/Annual_Average_Daily_Traffic_TDA/FeatureServer/0/query?where=COUNTY%3D%27Miami-Dade%27&outFields=ROADWAY%2CAADT%2CAADTFLG%2CCOUNTY%2CDISTRICT%2CYEAR_%2CDESC_FRM%2CDESC_TO%2CBEGIN_POST%2CEND_POST&returnGeometry=false&f=json
87020000,28000,C,Miami-Dade,6,2025,CAMPBELL DR/SW 312 S,BISCAYNE DR/288 ST,3.093,5.027,FDOT Annual Average Daily Traffic TDA,https://services1.arcgis.com/O1JpcwDW8sjYuddV/arcgis/rest/services/Annual_Average_Daily_Traffic_TDA/FeatureServer/0,https://services1.arcgis.com/O1JpcwDW8sjYuddV/arcgis/rest/services/Annual_Average_Daily_Traffic_TDA/FeatureServer/0/query?where=COUNTY%3D%27Miami-Dade%27&outFields=ROADWAY%2CAADT%2CAADTFLG%2CCOUNTY%2CDISTRICT%2CYEAR_%2CDESC_FRM%2CDESC_TO%2CBEGIN_POST%2CEND_POST&returnGeometry=false&f=json
87051000,20300,S,Miami-Dade,6,2025,N/A,N/A,3.552,4.573,FDOT Annual Average Daily Traffic TDA,https://services1.arcgis.com/O1JpcwDW8sjYuddV/arcgis/rest/services/Annual_Average_Daily_Traffic_TDA/FeatureServer/0,https://services1.arcgis.com/O1JpcwDW8sjYuddV/arcgis/rest/services/Annual_Average_Daily_Traffic_TDA/FeatureServer/0/query?where=COUNTY%3D%27Miami-Dade%27&outFields=ROADWAY%2CAADT%2CAADTFLG%2CCOUNTY%2CDISTRICT%2CYEAR_%2CDESC_FRM%2CDESC_TO%2CBEGIN_POST%2CEND_POST&returnGeometry=false&f=json
87000950,20300,T,Miami-Dade,6,2025,SW 136 ST,SW 112 ST,0,1.777,FDOT Annual Average Daily Traffic TDA,https://services1.arcgis.com/O1JpcwDW8sjYuddV/arcgis/rest/services/Annual_Average_Daily_Traffic_TDA/FeatureServer/0,https://services1.arcgis.com/O1JpcwDW8sjYuddV/arcgis/rest/services/Annual_Average_Daily_Traffic_TDA/FeatureServer/0/query?where=COUNTY%3D%27Miami-Dade%27&outFields=ROADWAY%2CAADT%2CAADTFLG%2CCOUNTY%2CDISTRICT%2CYEAR_%2CDESC_FRM%2CDESC_TO%2CBEGIN_POST%2CEND_POST&returnGeometry=false&f=json
87005000,103000,C,Miami-Dade,6,2025,N/A, SR 826 NB,4.595,7.01,FDOT Annual Average Daily Traffic TDA,https://services1.arcgis.com/O1JpcwDW8sjYuddV/arcgis/rest/services/Annual_Average_Daily_Traffic_TDA/FeatureServer/0,https://services1.arcgis.com/O1JpcwDW8sjYuddV/arcgis/rest/services/Annual_Average_Daily_Traffic_TDA/FeatureServer/0/query?where=COUNTY%3D%27Miami-Dade%27&outFields=ROADWAY%2CAADT%2CAADTFLG%2CCOUNTY%2CDISTRICT%2CYEAR_%2CDESC_FRM%2CDESC_TO%2CBEGIN_POST%2CEND_POST&returnGeometry=false&f=json
87000741,21200,F,Miami-Dade,6,2025,N CANAL DR/SW 328 ST,SW 312 ST/NE 8 ST,0,1.018,FDOT Annual Average Daily Traffic TDA,https://services1.arcgis.com/O1JpcwDW8sjYuddV/arcgis/rest/services/Annual_Average_Daily_Traffic_TDA/FeatureServer/0,https://services1.arcgis.com/O1JpcwDW8sjYuddV/arcgis/rest/services/Annual_Average_Daily_Traffic_TDA/FeatureServer/0/query?where=COUNTY%3D%27Miami-Dade%27&outFields=ROADWAY%2CAADT%2CAADTFLG%2CCOUNTY%2CDISTRICT%2CYEAR_%2CDESC_FRM%2CDESC_TO%2CBEGIN_POST%2CEND_POST&returnGeometry=false&f=json
87021211,2700,F,Miami-Dade,6,2025,SR-94 / N KENDALL DR,SR-878 / EB,0,0.554,FDOT Annual Average Daily Traffic TDA,https://services1.arcgis.com/O1JpcwDW8sjYuddV/arcgis/rest/services/Annual_Average_Daily_Traffic_TDA/FeatureServer/0,https://services1.arcgis.com/O1JpcwDW8sjYuddV/arcgis/rest/services/Annual_Average_Daily_Traffic_TDA/FeatureServer/0/query?where=COUNTY%3D%27Miami-Dade%27&outFields=ROADWAY%2CAADT%2CAADTFLG%2CCOUNTY%2CDISTRICT%2CYEAR_%2CDESC_FRM%2CDESC_TO%2CBEGIN_POST%2CEND_POST&returnGeometry=false&f=json
87021001,14000,F,Miami-Dade,6,2025,SR-874 / SB,SR-94 / N KENDALL DR,0,0.215,FDOT Annual Average Daily Traffic TDA,https://services1.arcgis.com/O1JpcwDW8sjYuddV/arcgis/rest/services/Annual_Average_Daily_Traffic_TDA/FeatureServer/0,https://services1.arcgis.com/O1JpcwDW8sjYuddV/arcgis/rest/services/Annual_Average_Daily_Traffic_TDA/FeatureServer/0/query?where=COUNTY%3D%27Miami-Dade%27&outFields=ROADWAY%2CAADT%2CAADTFLG%2CCOUNTY%2CDISTRICT%2CYEAR_%2CDESC_FRM%2CDESC_TO%2CBEGIN_POST%2CEND_POST&returnGeometry=false&f=json
87051000,18200,C,Miami-Dade,6,2025,SR-25/OKEECHOBEE RD,METRORAIL,0,3.044,FDOT Annual Average Daily Traffic TDA,https://services1.arcgis.com/O1JpcwDW8sjYuddV/arcgis/rest/services/Annual_Average_Daily_Traffic_TDA/FeatureServer/0,https://services1.arcgis.com/O1JpcwDW8sjYuddV/arcgis/rest/services/Annual_Average_Daily_Traffic_TDA/FeatureServer/0/query?where=COUNTY%3D%27Miami-Dade%27&outFields=ROADWAY%2CAADT%2CAADTFLG%2CCOUNTY%2CDISTRICT%2CYEAR_%2CDESC_FRM%2CDESC_TO%2CBEGIN_POST%2CEND_POST&returnGeometry=false&f=json
87030000,49000,E,Miami-Dade,6,2025,87200504 ON RAMP,NE 13 ST/OFCR WILLIA,11.742,11.837,FDOT Annual Average Daily Traffic TDA,https://services1.arcgis.com/O1JpcwDW8sjYuddV/arcgis/rest/services/Annual_Average_Daily_Traffic_TDA/FeatureServer/0,https://services1.arcgis.com/O1JpcwDW8sjYuddV/arcgis/rest/services/Annual_Average_Daily_Traffic_TDA/FeatureServer/0/query?where=COUNTY%3D%27Miami-Dade%27&outFields=ROADWAY%2CAADT%2CAADTFLG%2CCOUNTY%2CDISTRICT%2CYEAR_%2CDESC_FRM%2CDESC_TO%2CBEGIN_POST%2CEND_POST&returnGeometry=false&f=json
87030000,59000,C,Miami-Dade,6,2025,N/A,N/A,21.967,23.474,FDOT Annual Average Daily Traffic TDA,https://services1.arcgis.com/O1JpcwDW8sjYuddV/arcgis/rest/services/Annual_Average_Daily_Traffic_TDA/FeatureServer/0,https://services1.arcgis.com/O1JpcwDW8sjYuddV/arcgis/rest/services/Annual_Average_Daily_Traffic_TDA/FeatureServer/0/query?where=COUNTY%3D%27Miami-Dade%27&outFields=ROADWAY%2CAADT%2CAADTFLG%2CCOUNTY%2CDISTRICT%2CYEAR_%2CDESC_FRM%2CDESC_TO%2CBEGIN_POST%2CEND_POST&returnGeometry=false&f=json
87003013,7400,F,Miami-Dade,6,2025,SR-112/WB,NW 41 ST/WB,0,0.07,FDOT Annual Average Daily Traffic TDA,https://services1.arcgis.com/O1JpcwDW8sjYuddV/arcgis/rest/services/Annual_Average_Daily_Traffic_TDA/FeatureServer/0,https://services1.arcgis.com/O1JpcwDW8sjYuddV/arcgis/rest/services/Annual_Average_Daily_Traffic_TDA/FeatureServer/0/query?where=COUNTY%3D%27Miami-Dade%27&outFields=ROADWAY%2CAADT%2CAADTFLG%2CCOUNTY%2CDISTRICT%2CYEAR_%2CDESC_FRM%2CDESC_TO%2CBEGIN_POST%2CEND_POST&returnGeometry=false&f=json
87018500,32000,C,Miami-Dade,6,2025,NW 2 AVE,NE 37 AVE,0,1.71,FDOT Annual Average Daily Traffic TDA,https://services1.arcgis.com/O1JpcwDW8sjYuddV/arcgis/rest/services/Annual_Average_Daily_Traffic_TDA/FeatureServer/0,https://services1.arcgis.com/O1JpcwDW8sjYuddV/arcgis/rest/services/Annual_Average_Daily_Traffic_TDA/FeatureServer/0/query?where=COUNTY%3D%27Miami-Dade%27&outFields=ROADWAY%2CAADT%2CAADTFLG%2CCOUNTY%2CDISTRICT%2CYEAR_%2CDESC_FRM%2CDESC_TO%2CBEGIN_POST%2CEND_POST&returnGeometry=false&f=json
87000686,11600,F,Miami-Dade,6,2025,HAMMOCKS BLVD,SW 88 ST,0,0.597,FDOT Annual Average Daily Traffic TDA,https://services1.arcgis.com/O1JpcwDW8sjYuddV/arcgis/rest/services/Annual_Average_Daily_Traffic_TDA/FeatureServer/0,https://services1.arcgis.com/O1JpcwDW8sjYuddV/arcgis/rest/services/Annual_Average_Daily_Traffic_TDA/FeatureServer/0/query?where=COUNTY%3D%27Miami-Dade%27&outFields=ROADWAY%2CAADT%2CAADTFLG%2CCOUNTY%2CDISTRICT%2CYEAR_%2CDESC_FRM%2CDESC_TO%2CBEGIN_POST%2CEND_POST&returnGeometry=false&f=json
87038000,45000,C,Miami-Dade,6,2025,SR-823/W 4 AV,PALM AV/VETERANS WAY,3.15,3.636,FDOT Annual Average Daily Traffic TDA,https://services1.arcgis.com/O1JpcwDW8sjYuddV/arcgis/rest/services/Annual_Average_Daily_Traffic_TDA/FeatureServer/0,https://services1.arcgis.com/O1JpcwDW8sjYuddV/arcgis/rest/services/Annual_Average_Daily_Traffic_TDA/FeatureServer/0/query?where=COUNTY%3D%27Miami-Dade%27&outFields=ROADWAY%2CAADT%2CAADTFLG%2CCOUNTY%2CDISTRICT%2CYEAR_%2CDESC_FRM%2CDESC_TO%2CBEGIN_POST%2CEND_POST&returnGeometry=false&f=json
87060000,31500,C,Miami-Dade,6,2025,SR-856/192 ST EB,COUNTY LINE RD,16.225,17.717,FDOT Annual Average Daily Traffic TDA,https://services1.arcgis.com/O1JpcwDW8sjYuddV/arcgis/rest/services/Annual_Average_Daily_Traffic_TDA/FeatureServer/0,https://services1.arcgis.com/O1JpcwDW8sjYuddV/arcgis/rest/services/Annual_Average_Daily_Traffic_TDA/FeatureServer/0/query?where=COUNTY%3D%27Miami-Dade%27&outFields=ROADWAY%2CAADT%2CAADTFLG%2CCOUNTY%2CDISTRICT%2CYEAR_%2CDESC_FRM%2CDESC_TO%2CBEGIN_POST%2CEND_POST&returnGeometry=false&f=json
87000982,2500,F,Miami-Dade,6,2025,DADE BLVD,28 ST,0,0.505,FDOT Annual Average Daily Traffic TDA,https://services1.arcgis.com/O1JpcwDW8sjYuddV/arcgis/rest/services/Annual_Average_Daily_Traffic_TDA/FeatureServer/0,https://services1.arcgis.com/O1JpcwDW8sjYuddV/arcgis/rest/services/Annual_Average_Daily_Traffic_TDA/FeatureServer/0/query?where=COUNTY%3D%27Miami-Dade%27&outFields=ROADWAY%2CAADT%2CAADTFLG%2CCOUNTY%2CDISTRICT%2CYEAR_%2CDESC_FRM%2CDESC_TO%2CBEGIN_POST%2CEND_POST&returnGeometry=false&f=json
87028504,17100,S,Miami-Dade,6,2025,NW 119 ST,SR-916/NW 135 ST,0.999,2,FDOT Annual Average Daily Traffic TDA,https://services1.arcgis.com/O1JpcwDW8sjYuddV/arcgis/rest/services/Annual_Average_Daily_Traffic_TDA/FeatureServer/0,https://services1.arcgis.com/O1JpcwDW8sjYuddV/arcgis/rest/services/Annual_Average_Daily_Traffic_TDA/FeatureServer/0/query?where=COUNTY%3D%27Miami-Dade%27&outFields=ROADWAY%2CAADT%2CAADTFLG%2CCOUNTY%2CDISTRICT%2CYEAR_%2CDESC_FRM%2CDESC_TO%2CBEGIN_POST%2CEND_POST&returnGeometry=false&f=json
87001000,39500,C,Miami-Dade,6,2025,PLAZA,US-1/SR-5/S DIXIE HW,9.905,10.7,FDOT Annual Average Daily Traffic TDA,https://services1.arcgis.com/O1JpcwDW8sjYuddV/arcgis/rest/services/Annual_Average_Daily_Traffic_TDA/FeatureServer/0,https://services1.arcgis.com/O1JpcwDW8sjYuddV/arcgis/rest/services/Annual_Average_Daily_Traffic_TDA/FeatureServer/0/query?where=COUNTY%3D%27Miami-Dade%27&outFields=ROADWAY%2CAADT%2CAADTFLG%2CCOUNTY%2CDISTRICT%2CYEAR_%2CDESC_FRM%2CDESC_TO%2CBEGIN_POST%2CEND_POST&returnGeometry=false&f=json
87053500,36500,C,Miami-Dade,6,2025,SW 107 AVE,SW 97 AVE,0,0.99,FDOT Annual Average Daily Traffic TDA,https://services1.arcgis.com/O1JpcwDW8sjYuddV/arcgis/rest/services/Annual_Average_Daily_Traffic_TDA/FeatureServer/0,https://services1.arcgis.com/O1JpcwDW8sjYuddV/arcgis/rest/services/Annual_Average_Daily_Traffic_TDA/FeatureServer/0/query?where=COUNTY%3D%27Miami-Dade%27&outFields=ROADWAY%2CAADT%2CAADTFLG%2CCOUNTY%2CDISTRICT%2CYEAR_%2CDESC_FRM%2CDESC_TO%2CBEGIN_POST%2CEND_POST&returnGeometry=false&f=json
87026703,200,C,Miami-Dade,6,2025,NW 17 AV,NW SUNSHINE STATE PK,0,0.371,FDOT Annual Average Daily Traffic TDA,https://services1.arcgis.com/O1JpcwDW8sjYuddV/arcgis/rest/services/Annual_Average_Daily_Traffic_TDA/FeatureServer/0,https://services1.arcgis.com/O1JpcwDW8sjYuddV/arcgis/rest/services/Annual_Average_Daily_Traffic_TDA/FeatureServer/0/query?where=COUNTY%3D%27Miami-Dade%27&outFields=ROADWAY%2CAADT%2CAADTFLG%2CCOUNTY%2CDISTRICT%2CYEAR_%2CDESC_FRM%2CDESC_TO%2CBEGIN_POST%2CEND_POST&returnGeometry=false&f=json
87046503,4300,C,Miami-Dade,6,2025,SW 67 AV/LUDLAM RD,SW 57 AV/RED RD,0,1.149,FDOT Annual Average Daily Traffic TDA,https://services1.arcgis.com/O1JpcwDW8sjYuddV/arcgis/rest/services/Annual_Average_Daily_Traffic_TDA/FeatureServer/0,https://services1.arcgis.com/O1JpcwDW8sjYuddV/arcgis/rest/services/Annual_Average_Daily_Traffic_TDA/FeatureServer/0/query?where=COUNTY%3D%27Miami-Dade%27&outFields=ROADWAY%2CAADT%2CAADTFLG%2CCOUNTY%2CDISTRICT%2CYEAR_%2CDESC_FRM%2CDESC_TO%2CBEGIN_POST%2CEND_POST&returnGeometry=false&f=json
87000789,7900,F,Miami-Dade,6,2025,SW 18 ST,SW 122 AV,0,0.383,FDOT Annual Average Daily Traffic TDA,https://services1.arcgis.com/O1JpcwDW8sjYuddV/arcgis/rest/services/Annual_Average_Daily_Traffic_TDA/FeatureServer/0,https://services1.arcgis.com/O1JpcwDW8sjYuddV/arcgis/rest/services/Annual_Average_Daily_Traffic_TDA/FeatureServer/0/query?where=COUNTY%3D%27Miami-Dade%27&outFields=ROADWAY%2CAADT%2CAADTFLG%2CCOUNTY%2CDISTRICT%2CYEAR_%2CDESC_FRM%2CDESC_TO%2CBEGIN_POST%2CEND_POST&returnGeometry=false&f=json
87030000,36500,C,Miami-Dade,6,2025,NE 31 ST,SR-25/US-27/NE 36 ST,13.171,13.458,FDOT Annual Average Daily Traffic TDA,https://services1.arcgis.com/O1JpcwDW8sjYuddV/arcgis/rest/services/Annual_Average_Daily_Traffic_TDA/FeatureServer/0,https://services1.arcgis.com/O1JpcwDW8sjYuddV/arcgis/rest/services/Annual_Average_Daily_Traffic_TDA/FeatureServer/0/query?where=COUNTY%3D%27Miami-Dade%27&outFields=ROADWAY%2CAADT%2CAADTFLG%2CCOUNTY%2CDISTRICT%2CYEAR_%2CDESC_FRM%2CDESC_TO%2CBEGIN_POST%2CEND_POST&returnGeometry=false&f=json
87003011,4300,F,Miami-Dade,6,2025,NW 41 ST/WB,SR-112/WB,0,0.07,FDOT Annual Average Daily Traffic TDA,https://services1.arcgis.com/O1JpcwDW8sjYuddV/arcgis/rest/services/Annual_Average_Daily_Traffic_TDA/FeatureServer/0,https://services1.arcgis.com/O1JpcwDW8sjYuddV/arcgis/rest/services/Annual_Average_Daily_Traffic_TDA/FeatureServer/0/query?where=COUNTY%3D%27Miami-Dade%27&outFields=ROADWAY%2CAADT%2CAADTFLG%2CCOUNTY%2CDISTRICT%2CYEAR_%2CDESC_FRM%2CDESC_TO%2CBEGIN_POST%2CEND_POST&returnGeometry=false&f=json
87020000,31000,C,Miami-Dade,6,2025,SW 344 ST,E MOWRY DR,0.862,2.443,FDOT Annual Average Daily Traffic TDA,https://services1.arcgis.com/O1JpcwDW8sjYuddV/arcgis/rest/services/Annual_Average_Daily_Traffic_TDA/FeatureServer/0,https://services1.arcgis.com/O1JpcwDW8sjYuddV/arcgis/rest/services/Annual_Average_Daily_Traffic_TDA/FeatureServer/0/query?where=COUNTY%3D%27Miami-Dade%27&outFields=ROADWAY%2CAADT%2CAADTFLG%2CCOUNTY%2CDISTRICT%2CYEAR_%2CDESC_FRM%2CDESC_TO%2CBEGIN_POST%2CEND_POST&returnGeometry=false&f=json
87000685,10800,F,Miami-Dade,6,2025,SW 96 ST,SW 56 ST,0,2.579,FDOT Annual Average Daily Traffic TDA,https://services1.arcgis.com/O1JpcwDW8sjYuddV/arcgis/rest/services/Annual_Average_Daily_Traffic_TDA/FeatureServer/0,https://services1.arcgis.com/O1JpcwDW8sjYuddV/arcgis/rest/services/Annual_Average_Daily_Traffic_TDA/FeatureServer/0/query?where=COUNTY%3D%27Miami-Dade%27&outFields=ROADWAY%2CAADT%2CAADTFLG%2CCOUNTY%2CDISTRICT%2CYEAR_%2CDESC_FRM%2CDESC_TO%2CBEGIN_POST%2CEND_POST&returnGeometry=false&f=json
87038000,31000,C,Miami-Dade,6,2025,NW 17 AV,US-441/SR-7/NW 7 AV,7.174,8.188,FDOT Annual Average Daily Traffic TDA,https://services1.arcgis.com/O1JpcwDW8sjYuddV/arcgis/rest/services/Annual_Average_Daily_Traffic_TDA/FeatureServer/0,https://services1.arcgis.com/O1JpcwDW8sjYuddV/arcgis/rest/services/Annual_Average_Daily_Traffic_TDA/FeatureServer/0/query?where=COUNTY%3D%27Miami-Dade%27&outFields=ROADWAY%2CAADT%2CAADTFLG%2CCOUNTY%2CDISTRICT%2CYEAR_%2CDESC_FRM%2CDESC_TO%2CBEGIN_POST%2CEND_POST&returnGeometry=false&f=json
87046000,9100,C,Miami-Dade,6,2025,SR-973/SW 87 AV,US-1 / SR-5,2.267,2.97,FDOT Annual Average Daily Traffic TDA,https://services1.arcgis.com/O1JpcwDW8sjYuddV/arcgis/rest/services/Annual_Average_Daily_Traffic_TDA/FeatureServer/0,https://services1.arcgis.com/O1JpcwDW8sjYuddV/arcgis/rest/services/Annual_Average_Daily_Traffic_TDA/FeatureServer/0/query?where=COUNTY%3D%27Miami-Dade%27&outFields=ROADWAY%2CAADT%2CAADTFLG%2CCOUNTY%2CDISTRICT%2CYEAR_%2CDESC_FRM%2CDESC_TO%2CBEGIN_POST%2CEND_POST&returnGeometry=false&f=json
87030000,37000,C,Miami-Dade,6,2025,HILTON MIAMI DOWNTOW,NE 31 ST,12.135,13.171,FDOT Annual Average Daily Traffic TDA,https://services1.arcgis.com/O1JpcwDW8sjYuddV/arcgis/rest/services/Annual_Average_Daily_Traffic_TDA/FeatureServer/0,https://services1.arcgis.com/O1JpcwDW8sjYuddV/arcgis/rest/services/Annual_Average_Daily_Traffic_TDA/FeatureServer/0/query?where=COUNTY%3D%27Miami-Dade%27&outFields=ROADWAY%2CAADT%2CAADTFLG%2CCOUNTY%2CDISTRICT%2CYEAR_%2CDESC_FRM%2CDESC_TO%2CBEGIN_POST%2CEND_POST&returnGeometry=false&f=json
87030000,47000,C,Miami-Dade,6,2025,SR-922/NE 123 ST,N/A,19.327,21.492,FDOT Annual Average Daily Traffic TDA,https://services1.arcgis.com/O1JpcwDW8sjYuddV/arcgis/rest/services/Annual_Average_Daily_Traffic_TDA/FeatureServer/0,https://services1.arcgis.com/O1JpcwDW8sjYuddV/arcgis/rest/services/Annual_Average_Daily_Traffic_TDA/FeatureServer/0/query?where=COUNTY%3D%27Miami-Dade%27&outFields=ROADWAY%2CAADT%2CAADTFLG%2CCOUNTY%2CDISTRICT%2CYEAR_%2CDESC_FRM%2CDESC_TO%2CBEGIN_POST%2CEND_POST&returnGeometry=false&f=json
87003000,114000,C,Miami-Dade,6,2025,87003020 EB ON,87003008 WB OFF,0.941,1.154,FDOT Annual Average Daily Traffic TDA,https://services1.arcgis.com/O1JpcwDW8sjYuddV/arcgis/rest/services/Annual_Average_Daily_Traffic_TDA/FeatureServer/0,https://services1.arcgis.com/O1JpcwDW8sjYuddV/arcgis/rest/services/Annual_Average_Daily_Traffic_TDA/FeatureServer/0/query?where=COUNTY%3D%27Miami-Dade%27&outFields=ROADWAY%2CAADT%2CAADTFLG%2CCOUNTY%2CDISTRICT%2CYEAR_%2CDESC_FRM%2CDESC_TO%2CBEGIN_POST%2CEND_POST&returnGeometry=false&f=json
87015000,36500,C,Miami-Dade,6,2025,SW 232 ST,SR 5/US-1/S DIXIE,1.407,3.032,FDOT Annual Average Daily Traffic TDA,https://services1.arcgis.com/O1JpcwDW8sjYuddV/arcgis/rest/services/Annual_Average_Daily_Traffic_TDA/FeatureServer/0,https://services1.arcgis.com/O1JpcwDW8sjYuddV/arcgis/rest/services/Annual_Average_Daily_Traffic_TDA/FeatureServer/0/query?where=COUNTY%3D%27Miami-Dade%27&outFields=ROADWAY%2CAADT%2CAADTFLG%2CCOUNTY%2CDISTRICT%2CYEAR_%2CDESC_FRM%2CDESC_TO%2CBEGIN_POST%2CEND_POST&returnGeometry=false&f=json
87000690,4300,F,Miami-Dade,6,2025,SW 152 ST,N/A,0,0.659,FDOT Annual Average Daily Traffic TDA,https://services1.arcgis.com/O1JpcwDW8sjYuddV/arcgis/rest/services/Annual_Average_Daily_Traffic_TDA/FeatureServer/0,https://services1.arcgis.com/O1JpcwDW8sjYuddV/arcgis/rest/services/Annual_Average_Daily_Traffic_TDA/FeatureServer/0/query?where=COUNTY%3D%27Miami-Dade%27&outFields=ROADWAY%2CAADT%2CAADTFLG%2CCOUNTY%2CDISTRICT%2CYEAR_%2CDESC_FRM%2CDESC_TO%2CBEGIN_POST%2CEND_POST&returnGeometry=false&f=json
87044000,43500,C,Miami-Dade,6,2025,GRANADA BLVD,SR-953/SW 42 AV,7.012,7.733,FDOT Annual Average Daily Traffic TDA,https://services1.arcgis.com/O1JpcwDW8sjYuddV/arcgis/rest/services/Annual_Average_Daily_Traffic_TDA/FeatureServer/0,https://services1.arcgis.com/O1JpcwDW8sjYuddV/arcgis/rest/services/Annual_Average_Daily_Traffic_TDA/FeatureServer/0/query?where=COUNTY%3D%27Miami-Dade%27&outFields=ROADWAY%2CAADT%2CAADTFLG%2CCOUNTY%2CDISTRICT%2CYEAR_%2CDESC_FRM%2CDESC_TO%2CBEGIN_POST%2CEND_POST&returnGeometry=false&f=json
87060000,45000,C,Miami-Dade,6,2025,BRIDGE RD/STAR ISL,ALTON RD,2.436,3.176,FDOT Annual Average Daily Traffic TDA,https://services1.arcgis.com/O1JpcwDW8sjYuddV/arcgis/rest/services/Annual_Average_Daily_Traffic_TDA/FeatureServer/0,https://services1.arcgis.com/O1JpcwDW8sjYuddV/arcgis/rest/services/Annual_Average_Daily_Traffic_TDA/FeatureServer/0/query?where=COUNTY%3D%27Miami-Dade%27&outFields=ROADWAY%2CAADT%2CAADTFLG%2CCOUNTY%2CDISTRICT%2CYEAR_%2CDESC_FRM%2CDESC_TO%2CBEGIN_POST%2CEND_POST&returnGeometry=false&f=json
87005033,2800,F,Miami-Dade,6,2025,SB SR-874,SR-990 / KILLIAN DR,0,0.253,FDOT Annual Average Daily Traffic TDA,https://services1.arcgis.com/O1JpcwDW8sjYuddV/arcgis/rest/services/Annual_Average_Daily_Traffic_TDA/FeatureServer/0,https://services1.arcgis.com/O1JpcwDW8sjYuddV/arcgis/rest/services/Annual_Average_Daily_Traffic_TDA/FeatureServer/0/query?where=COUNTY%3D%27Miami-Dade%27&outFields=ROADWAY%2CAADT%2CAADTFLG%2CCOUNTY%2CDISTRICT%2CYEAR_%2CDESC_FRM%2CDESC_TO%2CBEGIN_POST%2CEND_POST&returnGeometry=false&f=json
87026000,32500,C,Miami-Dade,6,2025,FRONTAGE RD,SR-7/US-441/NW 2 AV,4.393,5.517,FDOT Annual Average Daily Traffic TDA,https://services1.arcgis.com/O1JpcwDW8sjYuddV/arcgis/rest/services/Annual_Average_Daily_Traffic_TDA/FeatureServer/0,https://services1.arcgis.com/O1JpcwDW8sjYuddV/arcgis/rest/services/Annual_Average_Daily_Traffic_TDA/FeatureServer/0/query?where=COUNTY%3D%27Miami-Dade%27&outFields=ROADWAY%2CAADT%2CAADTFLG%2CCOUNTY%2CDISTRICT%2CYEAR_%2CDESC_FRM%2CDESC_TO%2CBEGIN_POST%2CEND_POST&returnGeometry=false&f=json
87000967,5300,T,Miami-Dade,6,2025,SW 42 ST/BIRD RD,SW 8 ST,0,2.207,FDOT Annual Average Daily Traffic TDA,https://services1.arcgis.com/O1JpcwDW8sjYuddV/arcgis/rest/services/Annual_Average_Daily_Traffic_TDA/FeatureServer/0,https://services1.arcgis.com/O1JpcwDW8sjYuddV/arcgis/rest/services/Annual_Average_Daily_Traffic_TDA/FeatureServer/0/query?where=COUNTY%3D%27Miami-Dade%27&outFields=ROADWAY%2CAADT%2CAADTFLG%2CCOUNTY%2CDISTRICT%2CYEAR_%2CDESC_FRM%2CDESC_TO%2CBEGIN_POST%2CEND_POST&returnGeometry=false&f=json
87037000,36500,C,Miami-Dade,6,2025,SR 112,SR A1A,2.751,5.659,FDOT Annual Average Daily Traffic TDA,https://services1.arcgis.com/O1JpcwDW8sjYuddV/arcgis/rest/services/Annual_Average_Daily_Traffic_TDA/FeatureServer/0,https://services1.arcgis.com/O1JpcwDW8sjYuddV/arcgis/rest/services/Annual_Average_Daily_Traffic_TDA/FeatureServer/0/query?where=COUNTY%3D%27Miami-Dade%27&outFields=ROADWAY%2CAADT%2CAADTFLG%2CCOUNTY%2CDISTRICT%2CYEAR_%2CDESC_FRM%2CDESC_TO%2CBEGIN_POST%2CEND_POST&returnGeometry=false&f=json
87054000,34000,C,Miami-Dade,6,2025,SW 36 AV,SR-9/SW 27 AV/UNITY,0.665,1.532,FDOT Annual Average Daily Traffic TDA,https://services1.arcgis.com/O1JpcwDW8sjYuddV/arcgis/rest/services/Annual_Average_Daily_Traffic_TDA/FeatureServer/0,https://services1.arcgis.com/O1JpcwDW8sjYuddV/arcgis/rest/services/Annual_Average_Daily_Traffic_TDA/FeatureServer/0/query?where=COUNTY%3D%27Miami-Dade%27&outFields=ROADWAY%2CAADT%2CAADTFLG%2CCOUNTY%2CDISTRICT%2CYEAR_%2CDESC_FRM%2CDESC_TO%2CBEGIN_POST%2CEND_POST&returnGeometry=false&f=json
87032501,21500,S,Miami-Dade,6,2025,ON RAMP SR 1-95 WB,SR-934/N 79 ST,1.395,3.847,FDOT Annual Average Daily Traffic TDA,https://services1.arcgis.com/O1JpcwDW8sjYuddV/arcgis/rest/services/Annual_Average_Daily_Traffic_TDA/FeatureServer/0,https://services1.arcgis.com/O1JpcwDW8sjYuddV/arcgis/rest/services/Annual_Average_Daily_Traffic_TDA/FeatureServer/0/query?where=COUNTY%3D%27Miami-Dade%27&outFields=ROADWAY%2CAADT%2CAADTFLG%2CCOUNTY%2CDISTRICT%2CYEAR_%2CDESC_FRM%2CDESC_TO%2CBEGIN_POST%2CEND_POST&returnGeometry=false&f=json
87004004,25000,F,Miami-Dade,6,2025,SR-112 / WB,87270178 SB ON,0,0.434,FDOT Annual Average Daily Traffic TDA,https://services1.arcgis.com/O1JpcwDW8sjYuddV/arcgis/rest/services/Annual_Average_Daily_Traffic_TDA/FeatureServer/0,https://services1.arcgis.com/O1JpcwDW8sjYuddV/arcgis/rest/services/Annual_Average_Daily_Traffic_TDA/FeatureServer/0/query?where=COUNTY%3D%27Miami-Dade%27&outFields=ROADWAY%2CAADT%2CAADTFLG%2CCOUNTY%2CDISTRICT%2CYEAR_%2CDESC_FRM%2CDESC_TO%2CBEGIN_POST%2CEND_POST&returnGeometry=false&f=json
87021009,7200,F,Miami-Dade,6,2025,SR-878/EB,SW 72 AVE,0,0.126,FDOT Annual Average Daily Traffic TDA,https://services1.arcgis.com/O1JpcwDW8sjYuddV/arcgis/rest/services/Annual_Average_Daily_Traffic_TDA/FeatureServer/0,https://services1.arcgis.com/O1JpcwDW8sjYuddV/arcgis/rest/services/Annual_Average_Daily_Traffic_TDA/FeatureServer/0/query?where=COUNTY%3D%27Miami-Dade%27&outFields=ROADWAY%2CAADT%2CAADTFLG%2CCOUNTY%2CDISTRICT%2CYEAR_%2CDESC_FRM%2CDESC_TO%2CBEGIN_POST%2CEND_POST&returnGeometry=false&f=json
87049501,8200,C,Miami-Dade,6,2025,SR-933/NW 12 AVE,NW 4 ST,0,0.5,FDOT Annual Average Daily Traffic TDA,https://services1.arcgis.com/O1JpcwDW8sjYuddV/arcgis/rest/services/Annual_Average_Daily_Traffic_TDA/FeatureServer/0,https://services1.arcgis.com/O1JpcwDW8sjYuddV/arcgis/rest/services/Annual_Average_Daily_Traffic_TDA/FeatureServer/0/query?where=COUNTY%3D%27Miami-Dade%27&outFields=ROADWAY%2CAADT%2CAADTFLG%2CCOUNTY%2CDISTRICT%2CYEAR_%2CDESC_FRM%2CDESC_TO%2CBEGIN_POST%2CEND_POST&returnGeometry=false&f=json
87000780,7100,F,Miami-Dade,6,2025,N/A,SW 122 AV,2.76,3.588,FDOT Annual Average Daily Traffic TDA,https://services1.arcgis.com/O1JpcwDW8sjYuddV/arcgis/rest/services/Annual_Average_Daily_Traffic_TDA/FeatureServer/0,https://services1.arcgis.com/O1JpcwDW8sjYuddV/arcgis/rest/services/Annual_Average_Daily_Traffic_TDA/FeatureServer/0/query?where=COUNTY%3D%27Miami-Dade%27&outFields=ROADWAY%2CAADT%2CAADTFLG%2CCOUNTY%2CDISTRICT%2CYEAR_%2CDESC_FRM%2CDESC_TO%2CBEGIN_POST%2CEND_POST&returnGeometry=false&f=json
87005136,12500,F,Miami-Dade,6,2025,SR-990 / KILLIAN DR,NB SR-874,0,0.198,FDOT Annual Average Daily Traffic TDA,https://services1.arcgis.com/O1JpcwDW8sjYuddV/arcgis/rest/services/Annual_Average_Daily_Traffic_TDA/FeatureServer/0,https://services1.arcgis.com/O1JpcwDW8sjYuddV/arcgis/rest/services/Annual_Average_Daily_Traffic_TDA/FeatureServer/0/query?where=COUNTY%3D%27Miami-Dade%27&outFields=ROADWAY%2CAADT%2CAADTFLG%2CCOUNTY%2CDISTRICT%2CYEAR_%2CDESC_FRM%2CDESC_TO%2CBEGIN_POST%2CEND_POST&returnGeometry=false&f=json
87003020,12000,T,Miami-Dade,6,2025,SR-948/NW 36 ST,SR-112,0,0.272,FDOT Annual Average Daily Traffic TDA,https://services1.arcgis.com/O1JpcwDW8sjYuddV/arcgis/rest/services/Annual_Average_Daily_Traffic_TDA/FeatureServer/0,https://services1.arcgis.com/O1JpcwDW8sjYuddV/arcgis/rest/services/Annual_Average_Daily_Traffic_TDA/FeatureServer/0/query?where=COUNTY%3D%27Miami-Dade%27&outFields=ROADWAY%2CAADT%2CAADTFLG%2CCOUNTY%2CDISTRICT%2CYEAR_%2CDESC_FRM%2CDESC_TO%2CBEGIN_POST%2CEND_POST&returnGeometry=false&f=json
87019000,46000,C,Miami-Dade,6,2025,SR 860/NW 183 ST,SR 852/NW 215 ST,2.74,4.866,FDOT Annual Average Daily Traffic TDA,https://services1.arcgis.com/O1JpcwDW8sjYuddV/arcgis/rest/services/Annual_Average_Daily_Traffic_TDA/FeatureServer/0,https://services1.arcgis.com/O1JpcwDW8sjYuddV/arcgis/rest/services/Annual_Average_Daily_Traffic_TDA/FeatureServer/0/query?where=COUNTY%3D%27Miami-Dade%27&outFields=ROADWAY%2CAADT%2CAADTFLG%2CCOUNTY%2CDISTRICT%2CYEAR_%2CDESC_FRM%2CDESC_TO%2CBEGIN_POST%2CEND_POST&returnGeometry=false&f=json
87000707,13300,T,Miami-Dade,6,2025,SW 147 AVE,SW 104 ST,0,1.152,FDOT Annual Average Daily Traffic TDA,https://services1.arcgis.com/O1JpcwDW8sjYuddV/arcgis/rest/services/Annual_Average_Daily_Traffic_TDA/FeatureServer/0,https://services1.arcgis.com/O1JpcwDW8sjYuddV/arcgis/rest/services/Annual_Average_Daily_Traffic_TDA/FeatureServer/0/query?where=COUNTY%3D%27Miami-Dade%27&outFields=ROADWAY%2CAADT%2CAADTFLG%2CCOUNTY%2CDISTRICT%2CYEAR_%2CDESC_FRM%2CDESC_TO%2CBEGIN_POST%2CEND_POST&returnGeometry=false&f=json
87040500,8000,S,Miami-Dade,6,2025,US-1/SR-5,SW 167 AVE/NW 12 AV,0,1.18,FDOT Annual Average Daily Traffic TDA,https://services1.arcgis.com/O1JpcwDW8sjYuddV/arcgis/rest/services/Annual_Average_Daily_Traffic_TDA/FeatureServer/0,https://services1.arcgis.com/O1JpcwDW8sjYuddV/arcgis/rest/services/Annual_Average_Daily_Traffic_TDA/FeatureServer/0/query?where=COUNTY%3D%27Miami-Dade%27&outFields=ROADWAY%2CAADT%2CAADTFLG%2CCOUNTY%2CDISTRICT%2CYEAR_%2CDESC_FRM%2CDESC_TO%2CBEGIN_POST%2CEND_POST&returnGeometry=false&f=json
87060001,21000,C,Miami-Dade,6,2025,SPUR FROM SR-A1A,INDIAN CREEK DR,0,2.498,FDOT Annual Average Daily Traffic TDA,https://services1.arcgis.com/O1JpcwDW8sjYuddV/arcgis/rest/services/Annual_Average_Daily_Traffic_TDA/FeatureServer/0,https://services1.arcgis.com/O1JpcwDW8sjYuddV/arcgis/rest/services/Annual_Average_Daily_Traffic_TDA/FeatureServer/0/query?where=COUNTY%3D%27Miami-Dade%27&outFields=ROADWAY%2CAADT%2CAADTFLG%2CCOUNTY%2CDISTRICT%2CYEAR_%2CDESC_FRM%2CDESC_TO%2CBEGIN_POST%2CEND_POST&returnGeometry=false&f=json
87026000,43500,C,Miami-Dade,6,2025,SR-915/NE 6 AV,NE 22 AVE,6.572,8.716,FDOT Annual Average Daily Traffic TDA,https://services1.arcgis.com/O1JpcwDW8sjYuddV/arcgis/rest/services/Annual_Average_Daily_Traffic_TDA/FeatureServer/0,https://services1.arcgis.com/O1JpcwDW8sjYuddV/arcgis/rest/services/Annual_Average_Daily_Traffic_TDA/FeatureServer/0/query?where=COUNTY%3D%27Miami-Dade%27&outFields=ROADWAY%2CAADT%2CAADTFLG%2CCOUNTY%2CDISTRICT%2CYEAR_%2CDESC_FRM%2CDESC_TO%2CBEGIN_POST%2CEND_POST&returnGeometry=false&f=json
87020700,400,C,Miami-Dade,6,2025,SW 152 ST/CORALREEF,DATRAN DR,4.192,8.354,FDOT Annual Average Daily Traffic TDA,https://services1.arcgis.com/O1JpcwDW8sjYuddV/arcgis/rest/services/Annual_Average_Daily_Traffic_TDA/FeatureServer/0,https://services1.arcgis.com/O1JpcwDW8sjYuddV/arcgis/rest/services/Annual_Average_Daily_Traffic_TDA/FeatureServer/0/query?where=COUNTY%3D%27Miami-Dade%27&outFields=ROADWAY%2CAADT%2CAADTFLG%2CCOUNTY%2CDISTRICT%2CYEAR_%2CDESC_FRM%2CDESC_TO%2CBEGIN_POST%2CEND_POST&returnGeometry=false&f=json
87052501,31500,C,Miami-Dade,6,2025,NB SR-826,W 8 AVE/62 AVE,0,1.385,FDOT Annual Average Daily Traffic TDA,https://services1.arcgis.com/O1JpcwDW8sjYuddV/arcgis/rest/services/Annual_Average_Daily_Traffic_TDA/FeatureServer/0,https://services1.arcgis.com/O1JpcwDW8sjYuddV/arcgis/rest/services/Annual_Average_Daily_Traffic_TDA/FeatureServer/0/query?where=COUNTY%3D%27Miami-Dade%27&outFields=ROADWAY%2CAADT%2CAADTFLG%2CCOUNTY%2CDISTRICT%2CYEAR_%2CDESC_FRM%2CDESC_TO%2CBEGIN_POST%2CEND_POST&returnGeometry=false&f=json
87054503,16300,C,Miami-Dade,6,2025,CARDENA,OFF RAMP 87260277,0.393,3.45,FDOT Annual Average Daily Traffic TDA,https://services1.arcgis.com/O1JpcwDW8sjYuddV/arcgis/rest/services/Annual_Average_Daily_Traffic_TDA/FeatureServer/0,https://services1.arcgis.com/O1JpcwDW8sjYuddV/arcgis/rest/services/Annual_Average_Daily_Traffic_TDA/FeatureServer/0/query?where=COUNTY%3D%27Miami-Dade%27&outFields=ROADWAY%2CAADT%2CAADTFLG%2CCOUNTY%2CDISTRICT%2CYEAR_%2CDESC_FRM%2CDESC_TO%2CBEGIN_POST%2CEND_POST&returnGeometry=false&f=json
87001000,40000,C,Miami-Dade,6,2025,SW 97 AV,SR-973 /  87 AV,8.144,9.145,FDOT Annual Average Daily Traffic TDA,https://services1.arcgis.com/O1JpcwDW8sjYuddV/arcgis/rest/services/Annual_Average_Daily_Traffic_TDA/FeatureServer/0,https://services1.arcgis.com/O1JpcwDW8sjYuddV/arcgis/rest/services/Annual_Average_Daily_Traffic_TDA/FeatureServer/0/query?where=COUNTY%3D%27Miami-Dade%27&outFields=ROADWAY%2CAADT%2CAADTFLG%2CCOUNTY%2CDISTRICT%2CYEAR_%2CDESC_FRM%2CDESC_TO%2CBEGIN_POST%2CEND_POST&returnGeometry=false&f=json
87037000,28500,C,Miami-Dade,6,2025,SR A1A,DADE BLVD,0,1.307,FDOT Annual Average Daily Traffic TDA,https://services1.arcgis.com/O1JpcwDW8sjYuddV/arcgis/rest/services/Annual_Average_Daily_Traffic_TDA/FeatureServer/0,https://services1.arcgis.com/O1JpcwDW8sjYuddV/arcgis/rest/services/Annual_Average_Daily_Traffic_TDA/FeatureServer/0/query?where=COUNTY%3D%27Miami-Dade%27&outFields=ROADWAY%2CAADT%2CAADTFLG%2CCOUNTY%2CDISTRICT%2CYEAR_%2CDESC_FRM%2CDESC_TO%2CBEGIN_POST%2CEND_POST&returnGeometry=false&f=json
87020001,26000,C,Miami-Dade,6,2025,US-1 / SR-5,US-1 / SR-5,0,1.104,FDOT Annual Average Daily Traffic TDA,https://services1.arcgis.com/O1JpcwDW8sjYuddV/arcgis/rest/services/Annual_Average_Daily_Traffic_TDA/FeatureServer/0,https://services1.arcgis.com/O1JpcwDW8sjYuddV/arcgis/rest/services/Annual_Average_Daily_Traffic_TDA/FeatureServer/0/query?where=COUNTY%3D%27Miami-Dade%27&outFields=ROADWAY%2CAADT%2CAADTFLG%2CCOUNTY%2CDISTRICT%2CYEAR_%2CDESC_FRM%2CDESC_TO%2CBEGIN_POST%2CEND_POST&returnGeometry=false&f=json
87054000,35500,C,Miami-Dade,6,2025,SR-953/LEJEUNE RD,SW 36 AV,0,0.665,FDOT Annual Average Daily Traffic TDA,https://services1.arcgis.com/O1JpcwDW8sjYuddV/arcgis/rest/services/Annual_Average_Daily_Traffic_TDA/FeatureServer/0,https://services1.arcgis.com/O1JpcwDW8sjYuddV/arcgis/rest/services/Annual_Average_Daily_Traffic_TDA/FeatureServer/0/query?where=COUNTY%3D%27Miami-Dade%27&outFields=ROADWAY%2CAADT%2CAADTFLG%2CCOUNTY%2CDISTRICT%2CYEAR_%2CDESC_FRM%2CDESC_TO%2CBEGIN_POST%2CEND_POST&returnGeometry=false&f=json
87033500,25000,S,Miami-Dade,6,2025,NW 163 ST,SR-860/NE 185 ST,0,1.4,FDOT Annual Average Daily Traffic TDA,https://services1.arcgis.com/O1JpcwDW8sjYuddV/arcgis/rest/services/Annual_Average_Daily_Traffic_TDA/FeatureServer/0,https://services1.arcgis.com/O1JpcwDW8sjYuddV/arcgis/rest/services/Annual_Average_Daily_Traffic_TDA/FeatureServer/0/query?where=COUNTY%3D%27Miami-Dade%27&outFields=ROADWAY%2CAADT%2CAADTFLG%2CCOUNTY%2CDISTRICT%2CYEAR_%2CDESC_FRM%2CDESC_TO%2CBEGIN_POST%2CEND_POST&returnGeometry=false&f=json
87018000,30500,C,Miami-Dade,6,2025,SR-817/NW 27 AVE,87470110 SB ON,0,0.927,FDOT Annual Average Daily Traffic TDA,https://services1.arcgis.com/O1JpcwDW8sjYuddV/arcgis/rest/services/Annual_Average_Daily_Traffic_TDA/FeatureServer/0,https://services1.arcgis.com/O1JpcwDW8sjYuddV/arcgis/rest/services/Annual_Average_Daily_Traffic_TDA/FeatureServer/0/query?where=COUNTY%3D%27Miami-Dade%27&outFields=ROADWAY%2CAADT%2CAADTFLG%2CCOUNTY%2CDISTRICT%2CYEAR_%2CDESC_FRM%2CDESC_TO%2CBEGIN_POST%2CEND_POST&returnGeometry=false&f=json
87045502,29500,S,Miami-Dade,6,2025,SW 117 AVE,SW 107 AVE,0,0.977,FDOT Annual Average Daily Traffic TDA,https://services1.arcgis.com/O1JpcwDW8sjYuddV/arcgis/rest/services/Annual_Average_Daily_Traffic_TDA/FeatureServer/0,https://services1.arcgis.com/O1JpcwDW8sjYuddV/arcgis/rest/services/Annual_Average_Daily_Traffic_TDA/FeatureServer/0/query?where=COUNTY%3D%27Miami-Dade%27&outFields=ROADWAY%2CAADT%2CAADTFLG%2CCOUNTY%2CDISTRICT%2CYEAR_%2CDESC_FRM%2CDESC_TO%2CBEGIN_POST%2CEND_POST&returnGeometry=false&f=json
87004002,20000,F,Miami-Dade,6,2025,SR-112/EB,87270181 NB ON,0,0.556,FDOT Annual Average Daily Traffic TDA,https://services1.arcgis.com/O1JpcwDW8sjYuddV/arcgis/rest/services/Annual_Average_Daily_Traffic_TDA/FeatureServer/0,https://services1.arcgis.com/O1JpcwDW8sjYuddV/arcgis/rest/services/Annual_Average_Daily_Traffic_TDA/FeatureServer/0/query?where=COUNTY%3D%27Miami-Dade%27&outFields=ROADWAY%2CAADT%2CAADTFLG%2CCOUNTY%2CDISTRICT%2CYEAR_%2CDESC_FRM%2CDESC_TO%2CBEGIN_POST%2CEND_POST&returnGeometry=false&f=json
87000703,2600,T,Miami-Dade,6,2025,SW 112 AV,SW 107 AV,0,0.5,FDOT Annual Average Daily Traffic TDA,https://services1.arcgis.com/O1JpcwDW8sjYuddV/arcgis/rest/services/Annual_Average_Daily_Traffic_TDA/FeatureServer/0,https://services1.arcgis.com/O1JpcwDW8sjYuddV/arcgis/rest/services/Annual_Average_Daily_Traffic_TDA/FeatureServer/0/query?where=COUNTY%3D%27Miami-Dade%27&outFields=ROADWAY%2CAADT%2CAADTFLG%2CCOUNTY%2CDISTRICT%2CYEAR_%2CDESC_FRM%2CDESC_TO%2CBEGIN_POST%2CEND_POST&returnGeometry=false&f=json
87044000,63500,C,Miami-Dade,6,2025,SR-973/SW 87 AV,SR-826 / SB,3.133,4.218,FDOT Annual Average Daily Traffic TDA,https://services1.arcgis.com/O1JpcwDW8sjYuddV/arcgis/rest/services/Annual_Average_Daily_Traffic_TDA/FeatureServer/0,https://services1.arcgis.com/O1JpcwDW8sjYuddV/arcgis/rest/services/Annual_Average_Daily_Traffic_TDA/FeatureServer/0/query?where=COUNTY%3D%27Miami-Dade%27&outFields=ROADWAY%2CAADT%2CAADTFLG%2CCOUNTY%2CDISTRICT%2CYEAR_%2CDESC_FRM%2CDESC_TO%2CBEGIN_POST%2CEND_POST&returnGeometry=false&f=json
87034000,28000,C,Miami-Dade,6,2025,NE 157 ST,SR-860/MIAMI GARDENS,4.319,5.867,FDOT Annual Average Daily Traffic TDA,https://services1.arcgis.com/O1JpcwDW8sjYuddV/arcgis/rest/services/Annual_Average_Daily_Traffic_TDA/FeatureServer/0,https://services1.arcgis.com/O1JpcwDW8sjYuddV/arcgis/rest/services/Annual_Average_Daily_Traffic_TDA/FeatureServer/0/query?where=COUNTY%3D%27Miami-Dade%27&outFields=ROADWAY%2CAADT%2CAADTFLG%2CCOUNTY%2CDISTRICT%2CYEAR_%2CDESC_FRM%2CDESC_TO%2CBEGIN_POST%2CEND_POST&returnGeometry=false&f=json
87005000,105000,C,Miami-Dade,6,2025,SR 821/HEFT,SR 990/KILLIAN PKWY,0,2.275,FDOT Annual Average Daily Traffic TDA,https://services1.arcgis.com/O1JpcwDW8sjYuddV/arcgis/rest/services/Annual_Average_Daily_Traffic_TDA/FeatureServer/0,https://services1.arcgis.com/O1JpcwDW8sjYuddV/arcgis/rest/services/Annual_Average_Daily_Traffic_TDA/FeatureServer/0/query?where=COUNTY%3D%27Miami-Dade%27&outFields=ROADWAY%2CAADT%2CAADTFLG%2CCOUNTY%2CDISTRICT%2CYEAR_%2CDESC_FRM%2CDESC_TO%2CBEGIN_POST%2CEND_POST&returnGeometry=false&f=json
87005039,14500,F,Miami-Dade,6,2025,SW 122 AVE,SR 874 NB,0,0.876,FDOT Annual Average Daily Traffic TDA,https://services1.arcgis.com/O1JpcwDW8sjYuddV/arcgis/rest/services/Annual_Average_Daily_Traffic_TDA/FeatureServer/0,https://services1.arcgis.com/O1JpcwDW8sjYuddV/arcgis/rest/services/Annual_Average_Daily_Traffic_TDA/FeatureServer/0/query?where=COUNTY%3D%27Miami-Dade%27&outFields=ROADWAY%2CAADT%2CAADTFLG%2CCOUNTY%2CDISTRICT%2CYEAR_%2CDESC_FRM%2CDESC_TO%2CBEGIN_POST%2CEND_POST&returnGeometry=false&f=json
87000732,14300,F,Miami-Dade,6,2025,S DIXIE HWY,SW 152 AV,0,1.075,FDOT Annual Average Daily Traffic TDA,https://services1.arcgis.com/O1JpcwDW8sjYuddV/arcgis/rest/services/Annual_Average_Daily_Traffic_TDA/FeatureServer/0,https://services1.arcgis.com/O1JpcwDW8sjYuddV/arcgis/rest/services/Annual_Average_Daily_Traffic_TDA/FeatureServer/0/query?where=COUNTY%3D%27Miami-Dade%27&outFields=ROADWAY%2CAADT%2CAADTFLG%2CCOUNTY%2CDISTRICT%2CYEAR_%2CDESC_FRM%2CDESC_TO%2CBEGIN_POST%2CEND_POST&returnGeometry=false&f=json
87026000,42500,C,Miami-Dade,6,2025,NE 22 AVE,SR-5/US-1,8.716,9.311,FDOT Annual Average Daily Traffic TDA,https://services1.arcgis.com/O1JpcwDW8sjYuddV/arcgis/rest/services/Annual_Average_Daily_Traffic_TDA/FeatureServer/0,https://services1.arcgis.com/O1JpcwDW8sjYuddV/arcgis/rest/services/Annual_Average_Daily_Traffic_TDA/FeatureServer/0/query?where=COUNTY%3D%27Miami-Dade%27&outFields=ROADWAY%2CAADT%2CAADTFLG%2CCOUNTY%2CDISTRICT%2CYEAR_%2CDESC_FRM%2CDESC_TO%2CBEGIN_POST%2CEND_POST&returnGeometry=false&f=json
87020000,39000,C,Miami-Dade,6,2025,BISCAYNE DR/288 ST,COCONUT PALM DR,5.027,8.416,FDOT Annual Average Daily Traffic TDA,https://services1.arcgis.com/O1JpcwDW8sjYuddV/arcgis/rest/services/Annual_Average_Daily_Traffic_TDA/FeatureServer/0,https://services1.arcgis.com/O1JpcwDW8sjYuddV/arcgis/rest/services/Annual_Average_Daily_Traffic_TDA/FeatureServer/0/query?where=COUNTY%3D%27Miami-Dade%27&outFields=ROADWAY%2CAADT%2CAADTFLG%2CCOUNTY%2CDISTRICT%2CYEAR_%2CDESC_FRM%2CDESC_TO%2CBEGIN_POST%2CEND_POST&returnGeometry=false&f=json
87004022,13500,F,Miami-Dade,6,2025,I-195/WB,SPUR TO NE 5 CT,0,0.184,FDOT Annual Average Daily Traffic TDA,https://services1.arcgis.com/O1JpcwDW8sjYuddV/arcgis/rest/services/Annual_Average_Daily_Traffic_TDA/FeatureServer/0,https://services1.arcgis.com/O1JpcwDW8sjYuddV/arcgis/rest/services/Annual_Average_Daily_Traffic_TDA/FeatureServer/0/query?where=COUNTY%3D%27Miami-Dade%27&outFields=ROADWAY%2CAADT%2CAADTFLG%2CCOUNTY%2CDISTRICT%2CYEAR_%2CDESC_FRM%2CDESC_TO%2CBEGIN_POST%2CEND_POST&returnGeometry=false&f=json
87047000,54000,C,Miami-Dade,6,2025,SR 968/W FLAGLER ST,NW 12 ST,8.519,9.505,FDOT Annual Average Daily Traffic TDA,https://services1.arcgis.com/O1JpcwDW8sjYuddV/arcgis/rest/services/Annual_Average_Daily_Traffic_TDA/FeatureServer/0,https://services1.arcgis.com/O1JpcwDW8sjYuddV/arcgis/rest/services/Annual_Average_Daily_Traffic_TDA/FeatureServer/0/query?where=COUNTY%3D%27Miami-Dade%27&outFields=ROADWAY%2CAADT%2CAADTFLG%2CCOUNTY%2CDISTRICT%2CYEAR_%2CDESC_FRM%2CDESC_TO%2CBEGIN_POST%2CEND_POST&returnGeometry=false&f=json
87021011,36000,C,Miami-Dade,6,2025,87021003 SB ON,SR-874 / SB,0,0.419,FDOT Annual Average Daily Traffic TDA,https://services1.arcgis.com/O1JpcwDW8sjYuddV/arcgis/rest/services/Annual_Average_Daily_Traffic_TDA/FeatureServer/0,https://services1.arcgis.com/O1JpcwDW8sjYuddV/arcgis/rest/services/Annual_Average_Daily_Traffic_TDA/FeatureServer/0/query?where=COUNTY%3D%27Miami-Dade%27&outFields=ROADWAY%2CAADT%2CAADTFLG%2CCOUNTY%2CDISTRICT%2CYEAR_%2CDESC_FRM%2CDESC_TO%2CBEGIN_POST%2CEND_POST&returnGeometry=false&f=json
87001000,41000,C,Miami-Dade,6,2025,SR-973 /  87 AV,PLAZA,9.145,9.905,FDOT Annual Average Daily Traffic TDA,https://services1.arcgis.com/O1JpcwDW8sjYuddV/arcgis/rest/services/Annual_Average_Daily_Traffic_TDA/FeatureServer/0,https://services1.arcgis.com/O1JpcwDW8sjYuddV/arcgis/rest/services/Annual_Average_Daily_Traffic_TDA/FeatureServer/0/query?where=COUNTY%3D%27Miami-Dade%27&outFields=ROADWAY%2CAADT%2CAADTFLG%2CCOUNTY%2CDISTRICT%2CYEAR_%2CDESC_FRM%2CDESC_TO%2CBEGIN_POST%2CEND_POST&returnGeometry=false&f=json
87053000,15000,C,Miami-Dade,6,2025,SW 7 AVE,SW 2 AVE,8.155,8.68,FDOT Annual Average Daily Traffic TDA,https://services1.arcgis.com/O1JpcwDW8sjYuddV/arcgis/rest/services/Annual_Average_Daily_Traffic_TDA/FeatureServer/0,https://services1.arcgis.com/O1JpcwDW8sjYuddV/arcgis/rest/services/Annual_Average_Daily_Traffic_TDA/FeatureServer/0/query?where=COUNTY%3D%27Miami-Dade%27&outFields=ROADWAY%2CAADT%2CAADTFLG%2CCOUNTY%2CDISTRICT%2CYEAR_%2CDESC_FRM%2CDESC_TO%2CBEGIN_POST%2CEND_POST&returnGeometry=false&f=json
87031500,16300,S,Miami-Dade,6,2025,NW 167 ST,NW 183 ST/MIA GARDEN,0,1,FDOT Annual Average Daily Traffic TDA,https://services1.arcgis.com/O1JpcwDW8sjYuddV/arcgis/rest/services/Annual_Average_Daily_Traffic_TDA/FeatureServer/0,https://services1.arcgis.com/O1JpcwDW8sjYuddV/arcgis/rest/services/Annual_Average_Daily_Traffic_TDA/FeatureServer/0/query?where=COUNTY%3D%27Miami-Dade%27&outFields=ROADWAY%2CAADT%2CAADTFLG%2CCOUNTY%2CDISTRICT%2CYEAR_%2CDESC_FRM%2CDESC_TO%2CBEGIN_POST%2CEND_POST&returnGeometry=false&f=json
87045500,27500,S,Miami-Dade,6,2025,NB OFF RAMP SR 826,N/A,0,0.961,FDOT Annual Average Daily Traffic TDA,https://services1.arcgis.com/O1JpcwDW8sjYuddV/arcgis/rest/services/Annual_Average_Daily_Traffic_TDA/FeatureServer/0,https://services1.arcgis.com/O1JpcwDW8sjYuddV/arcgis/rest/services/Annual_Average_Daily_Traffic_TDA/FeatureServer/0/query?where=COUNTY%3D%27Miami-Dade%27&outFields=ROADWAY%2CAADT%2CAADTFLG%2CCOUNTY%2CDISTRICT%2CYEAR_%2CDESC_FRM%2CDESC_TO%2CBEGIN_POST%2CEND_POST&returnGeometry=false&f=json
87000796,4700,F,Miami-Dade,6,2025,SW 162 AV,SW 152 AV,0,1.065,FDOT Annual Average Daily Traffic TDA,https://services1.arcgis.com/O1JpcwDW8sjYuddV/arcgis/rest/services/Annual_Average_Daily_Traffic_TDA/FeatureServer/0,https://services1.arcgis.com/O1JpcwDW8sjYuddV/arcgis/rest/services/Annual_Average_Daily_Traffic_TDA/FeatureServer/0/query?where=COUNTY%3D%27Miami-Dade%27&outFields=ROADWAY%2CAADT%2CAADTFLG%2CCOUNTY%2CDISTRICT%2CYEAR_%2CDESC_FRM%2CDESC_TO%2CBEGIN_POST%2CEND_POST&returnGeometry=false&f=json
87059000,12000,C,Miami-Dade,6,2025,SR-A1A / MACARTHUR C,MAIN CHANEL,0,0.5,FDOT Annual Average Daily Traffic TDA,https://services1.arcgis.com/O1JpcwDW8sjYuddV/arcgis/rest/services/Annual_Average_Daily_Traffic_TDA/FeatureServer/0,https://services1.arcgis.com/O1JpcwDW8sjYuddV/arcgis/rest/services/Annual_Average_Daily_Traffic_TDA/FeatureServer/0/query?where=COUNTY%3D%27Miami-Dade%27&outFields=ROADWAY%2CAADT%2CAADTFLG%2CCOUNTY%2CDISTRICT%2CYEAR_%2CDESC_FRM%2CDESC_TO%2CBEGIN_POST%2CEND_POST&returnGeometry=false&f=json
87003109,9900,F,Miami-Dade,6,2025,SR-112/WB,US-27/OKEECHOBEE RD,0,0.46,FDOT Annual Average Daily Traffic TDA,https://services1.arcgis.com/O1JpcwDW8sjYuddV/arcgis/rest/services/Annual_Average_Daily_Traffic_TDA/FeatureServer/0,https://services1.arcgis.com/O1JpcwDW8sjYuddV/arcgis/rest/services/Annual_Average_Daily_Traffic_TDA/FeatureServer/0/query?where=COUNTY%3D%27Miami-Dade%27&outFields=ROADWAY%2CAADT%2CAADTFLG%2CCOUNTY%2CDISTRICT%2CYEAR_%2CDESC_FRM%2CDESC_TO%2CBEGIN_POST%2CEND_POST&returnGeometry=false&f=json
87000690,10800,F,Miami-Dade,6,2025,N/A,SW 136 ST,0.693,1.083,FDOT Annual Average Daily Traffic TDA,https://services1.arcgis.com/O1JpcwDW8sjYuddV/arcgis/rest/services/Annual_Average_Daily_Traffic_TDA/FeatureServer/0,https://services1.arcgis.com/O1JpcwDW8sjYuddV/arcgis/rest/services/Annual_Average_Daily_Traffic_TDA/FeatureServer/0/query?where=COUNTY%3D%27Miami-Dade%27&outFields=ROADWAY%2CAADT%2CAADTFLG%2CCOUNTY%2CDISTRICT%2CYEAR_%2CDESC_FRM%2CDESC_TO%2CBEGIN_POST%2CEND_POST&returnGeometry=false&f=json
87044000,44500,C,Miami-Dade,6,2025,SR-985 / SW 107 AV,SW 97 AV,1.139,2.138,FDOT Annual Average Daily Traffic TDA,https://services1.arcgis.com/O1JpcwDW8sjYuddV/arcgis/rest/services/Annual_Average_Daily_Traffic_TDA/FeatureServer/0,https://services1.arcgis.com/O1JpcwDW8sjYuddV/arcgis/rest/services/Annual_Average_Daily_Traffic_TDA/FeatureServer/0/query?where=COUNTY%3D%27Miami-Dade%27&outFields=ROADWAY%2CAADT%2CAADTFLG%2CCOUNTY%2CDISTRICT%2CYEAR_%2CDESC_FRM%2CDESC_TO%2CBEGIN_POST%2CEND_POST&returnGeometry=false&f=json
87047000,27000,C,Miami-Dade,6,2025,SR 94/SW 88 ST,N/A,2.92,3.452,FDOT Annual Average Daily Traffic TDA,https://services1.arcgis.com/O1JpcwDW8sjYuddV/arcgis/rest/services/Annual_Average_Daily_Traffic_TDA/FeatureServer/0,https://services1.arcgis.com/O1JpcwDW8sjYuddV/arcgis/rest/services/Annual_Average_Daily_Traffic_TDA/FeatureServer/0/query?where=COUNTY%3D%27Miami-Dade%27&outFields=ROADWAY%2CAADT%2CAADTFLG%2CCOUNTY%2CDISTRICT%2CYEAR_%2CDESC_FRM%2CDESC_TO%2CBEGIN_POST%2CEND_POST&returnGeometry=false&f=json
87000797,1950,F,Miami-Dade,6,2025,SW 197 AV,SW 193 AV,0,0.377,FDOT Annual Average Daily Traffic TDA,https://services1.arcgis.com/O1JpcwDW8sjYuddV/arcgis/rest/services/Annual_Average_Daily_Traffic_TDA/FeatureServer/0,https://services1.arcgis.com/O1JpcwDW8sjYuddV/arcgis/rest/services/Annual_Average_Daily_Traffic_TDA/FeatureServer/0/query?where=COUNTY%3D%27Miami-Dade%27&outFields=ROADWAY%2CAADT%2CAADTFLG%2CCOUNTY%2CDISTRICT%2CYEAR_%2CDESC_FRM%2CDESC_TO%2CBEGIN_POST%2CEND_POST&returnGeometry=false&f=json
87060000,12300,C,Miami-Dade,6,2025,COLLINS AVE,15 ST,3.656,4.564,FDOT Annual Average Daily Traffic TDA,https://services1.arcgis.com/O1JpcwDW8sjYuddV/arcgis/rest/services/Annual_Average_Daily_Traffic_TDA/FeatureServer/0,https://services1.arcgis.com/O1JpcwDW8sjYuddV/arcgis/rest/services/Annual_Average_Daily_Traffic_TDA/FeatureServer/0/query?where=COUNTY%3D%27Miami-Dade%27&outFields=ROADWAY%2CAADT%2CAADTFLG%2CCOUNTY%2CDISTRICT%2CYEAR_%2CDESC_FRM%2CDESC_TO%2CBEGIN_POST%2CEND_POST&returnGeometry=false&f=json
87004001,21500,F,Miami-Dade,6,2025,87270180 EB OFF,SR-112/WB,0,0.392,FDOT Annual Average Daily Traffic TDA,https://services1.arcgis.com/O1JpcwDW8sjYuddV/arcgis/rest/services/Annual_Average_Daily_Traffic_TDA/FeatureServer/0,https://services1.arcgis.com/O1JpcwDW8sjYuddV/arcgis/rest/services/Annual_Average_Daily_Traffic_TDA/FeatureServer/0/query?where=COUNTY%3D%27Miami-Dade%27&outFields=ROADWAY%2CAADT%2CAADTFLG%2CCOUNTY%2CDISTRICT%2CYEAR_%2CDESC_FRM%2CDESC_TO%2CBEGIN_POST%2CEND_POST&returnGeometry=false&f=json
87000681,4200,F,Miami-Dade,6,2025,NW 114 AV,NW 109 AV,0,0.747,FDOT Annual Average Daily Traffic TDA,https://services1.arcgis.com/O1JpcwDW8sjYuddV/arcgis/rest/services/Annual_Average_Daily_Traffic_TDA/FeatureServer/0,https://services1.arcgis.com/O1JpcwDW8sjYuddV/arcgis/rest/services/Annual_Average_Daily_Traffic_TDA/FeatureServer/0/query?where=COUNTY%3D%27Miami-Dade%27&outFields=ROADWAY%2CAADT%2CAADTFLG%2CCOUNTY%2CDISTRICT%2CYEAR_%2CDESC_FRM%2CDESC_TO%2CBEGIN_POST%2CEND_POST&returnGeometry=false&f=json
87044000,43500,C,Miami-Dade,6,2025,KENDALL REGIONAL HOS,SR-985 / SW 107 AV,0,1.139,FDOT Annual Average Daily Traffic TDA,https://services1.arcgis.com/O1JpcwDW8sjYuddV/arcgis/rest/services/Annual_Average_Daily_Traffic_TDA/FeatureServer/0,https://services1.arcgis.com/O1JpcwDW8sjYuddV/arcgis/rest/services/Annual_Average_Daily_Traffic_TDA/FeatureServer/0/query?where=COUNTY%3D%27Miami-Dade%27&outFields=ROADWAY%2CAADT%2CAADTFLG%2CCOUNTY%2CDISTRICT%2CYEAR_%2CDESC_FRM%2CDESC_TO%2CBEGIN_POST%2CEND_POST&returnGeometry=false&f=json
87052500,23000,S,Miami-Dade,6,2025,RED RD/W 4 AVE,E 8 AVE/NW 42,0,1.493,FDOT Annual Average Daily Traffic TDA,https://services1.arcgis.com/O1JpcwDW8sjYuddV/arcgis/rest/services/Annual_Average_Daily_Traffic_TDA/FeatureServer/0,https://services1.arcgis.com/O1JpcwDW8sjYuddV/arcgis/rest/services/Annual_Average_Daily_Traffic_TDA/FeatureServer/0/query?where=COUNTY%3D%27Miami-Dade%27&outFields=ROADWAY%2CAADT%2CAADTFLG%2CCOUNTY%2CDISTRICT%2CYEAR_%2CDESC_FRM%2CDESC_TO%2CBEGIN_POST%2CEND_POST&returnGeometry=false&f=json
87030001,28000,C,Miami-Dade,6,2025,US-1 / SR-5 / BISCAY,US-1 / SR-5 / SE4 ST,0,0.286,FDOT Annual Average Daily Traffic TDA,https://services1.arcgis.com/O1JpcwDW8sjYuddV/arcgis/rest/services/Annual_Average_Daily_Traffic_TDA/FeatureServer/0,https://services1.arcgis.com/O1JpcwDW8sjYuddV/arcgis/rest/services/Annual_Average_Daily_Traffic_TDA/FeatureServer/0/query?where=COUNTY%3D%27Miami-Dade%27&outFields=ROADWAY%2CAADT%2CAADTFLG%2CCOUNTY%2CDISTRICT%2CYEAR_%2CDESC_FRM%2CDESC_TO%2CBEGIN_POST%2CEND_POST&returnGeometry=false&f=json
87000751,3200,S,Miami-Dade,6,2025,UNSIGNED,SPUR,0,0.012,FDOT Annual Average Daily Traffic TDA,https://services1.arcgis.com/O1JpcwDW8sjYuddV/arcgis/rest/services/Annual_Average_Daily_Traffic_TDA/FeatureServer/0,https://services1.arcgis.com/O1JpcwDW8sjYuddV/arcgis/rest/services/Annual_Average_Daily_Traffic_TDA/FeatureServer/0/query?where=COUNTY%3D%27Miami-Dade%27&outFields=ROADWAY%2CAADT%2CAADTFLG%2CCOUNTY%2CDISTRICT%2CYEAR_%2CDESC_FRM%2CDESC_TO%2CBEGIN_POST%2CEND_POST&returnGeometry=false&f=json
87023500,4500,S,Miami-Dade,6,2025,BISCAYNE BLVD/SR-5,END OF ROAD-RESERVE,0,0.898,FDOT Annual Average Daily Traffic TDA,https://services1.arcgis.com/O1JpcwDW8sjYuddV/arcgis/rest/services/Annual_Average_Daily_Traffic_TDA/FeatureServer/0,https://services1.arcgis.com/O1JpcwDW8sjYuddV/arcgis/rest/services/Annual_Average_Daily_Traffic_TDA/FeatureServer/0/query?where=COUNTY%3D%27Miami-Dade%27&outFields=ROADWAY%2CAADT%2CAADTFLG%2CCOUNTY%2CDISTRICT%2CYEAR_%2CDESC_FRM%2CDESC_TO%2CBEGIN_POST%2CEND_POST&returnGeometry=false&f=json
87021005,4100,F,Miami-Dade,6,2025,SR-878 / EB,SR-973 / SW 87 AVE,0,0.177,FDOT Annual Average Daily Traffic TDA,https://services1.arcgis.com/O1JpcwDW8sjYuddV/arcgis/rest/services/Annual_Average_Daily_Traffic_TDA/FeatureServer/0,https://services1.arcgis.com/O1JpcwDW8sjYuddV/arcgis/rest/services/Annual_Average_Daily_Traffic_TDA/FeatureServer/0/query?where=COUNTY%3D%27Miami-Dade%27&outFields=ROADWAY%2CAADT%2CAADTFLG%2CCOUNTY%2CDISTRICT%2CYEAR_%2CDESC_FRM%2CDESC_TO%2CBEGIN_POST%2CEND_POST&returnGeometry=false&f=json
87051000,18500,S,Miami-Dade,6,2025,METRORAIL,N/A,3.044,3.552,FDOT Annual Average Daily Traffic TDA,https://services1.arcgis.com/O1JpcwDW8sjYuddV/arcgis/rest/services/Annual_Average_Daily_Traffic_TDA/FeatureServer/0,https://services1.arcgis.com/O1JpcwDW8sjYuddV/arcgis/rest/services/Annual_Average_Daily_Traffic_TDA/FeatureServer/0/query?where=COUNTY%3D%27Miami-Dade%27&outFields=ROADWAY%2CAADT%2CAADTFLG%2CCOUNTY%2CDISTRICT%2CYEAR_%2CDESC_FRM%2CDESC_TO%2CBEGIN_POST%2CEND_POST&returnGeometry=false&f=json
87030000,34000,C,Miami-Dade,6,2025,SE 2 ST,N/A,10.822,11.325,FDOT Annual Average Daily Traffic TDA,https://services1.arcgis.com/O1JpcwDW8sjYuddV/arcgis/rest/services/Annual_Average_Daily_Traffic_TDA/FeatureServer/0,https://services1.arcgis.com/O1JpcwDW8sjYuddV/arcgis/rest/services/Annual_Average_Daily_Traffic_TDA/FeatureServer/0/query?where=COUNTY%3D%27Miami-Dade%27&outFields=ROADWAY%2CAADT%2CAADTFLG%2CCOUNTY%2CDISTRICT%2CYEAR_%2CDESC_FRM%2CDESC_TO%2CBEGIN_POST%2CEND_POST&returnGeometry=false&f=json
87030000,66500,C,Miami-Dade,6,2025,SR-959/SW 57 AV,SANTONA ST,2.751,3.091,FDOT Annual Average Daily Traffic TDA,https://services1.arcgis.com/O1JpcwDW8sjYuddV/arcgis/rest/services/Annual_Average_Daily_Traffic_TDA/FeatureServer/0,https://services1.arcgis.com/O1JpcwDW8sjYuddV/arcgis/rest/services/Annual_Average_Daily_Traffic_TDA/FeatureServer/0/query?where=COUNTY%3D%27Miami-Dade%27&outFields=ROADWAY%2CAADT%2CAADTFLG%2CCOUNTY%2CDISTRICT%2CYEAR_%2CDESC_FRM%2CDESC_TO%2CBEGIN_POST%2CEND_POST&returnGeometry=false&f=json
87003014,7000,F,Miami-Dade,6,2025,NW 25 AVE,SR-112/EB,0,0.092,FDOT Annual Average Daily Traffic TDA,https://services1.arcgis.com/O1JpcwDW8sjYuddV/arcgis/rest/services/Annual_Average_Daily_Traffic_TDA/FeatureServer/0,https://services1.arcgis.com/O1JpcwDW8sjYuddV/arcgis/rest/services/Annual_Average_Daily_Traffic_TDA/FeatureServer/0/query?where=COUNTY%3D%27Miami-Dade%27&outFields=ROADWAY%2CAADT%2CAADTFLG%2CCOUNTY%2CDISTRICT%2CYEAR_%2CDESC_FRM%2CDESC_TO%2CBEGIN_POST%2CEND_POST&returnGeometry=false&f=json
87013000,50500,S,Miami-Dade,6,2025,NE 10 AVE,NE 20 AV,1.382,2.887,FDOT Annual Average Daily Traffic TDA,https://services1.arcgis.com/O1JpcwDW8sjYuddV/arcgis/rest/services/Annual_Average_Daily_Traffic_TDA/FeatureServer/0,https://services1.arcgis.com/O1JpcwDW8sjYuddV/arcgis/rest/services/Annual_Average_Daily_Traffic_TDA/FeatureServer/0/query?where=COUNTY%3D%27Miami-Dade%27&outFields=ROADWAY%2CAADT%2CAADTFLG%2CCOUNTY%2CDISTRICT%2CYEAR_%2CDESC_FRM%2CDESC_TO%2CBEGIN_POST%2CEND_POST&returnGeometry=false&f=json
87000686,16600,F,Miami-Dade,6,2025,SW 88 ST,E MEADOWMAKE DR,0.597,3.187,FDOT Annual Average Daily Traffic TDA,https://services1.arcgis.com/O1JpcwDW8sjYuddV/arcgis/rest/services/Annual_Average_Daily_Traffic_TDA/FeatureServer/0,https://services1.arcgis.com/O1JpcwDW8sjYuddV/arcgis/rest/services/Annual_Average_Daily_Traffic_TDA/FeatureServer/0/query?where=COUNTY%3D%27Miami-Dade%27&outFields=ROADWAY%2CAADT%2CAADTFLG%2CCOUNTY%2CDISTRICT%2CYEAR_%2CDESC_FRM%2CDESC_TO%2CBEGIN_POST%2CEND_POST&returnGeometry=false&f=json
87038000,40500,C,Miami-Dade,6,2025,SR-953/E 8 AV/LE JEU,SR-9/NW 27 AV,4.647,6.159,FDOT Annual Average Daily Traffic TDA,https://services1.arcgis.com/O1JpcwDW8sjYuddV/arcgis/rest/services/Annual_Average_Daily_Traffic_TDA/FeatureServer/0,https://services1.arcgis.com/O1JpcwDW8sjYuddV/arcgis/rest/services/Annual_Average_Daily_Traffic_TDA/FeatureServer/0/query?where=COUNTY%3D%27Miami-Dade%27&outFields=ROADWAY%2CAADT%2CAADTFLG%2CCOUNTY%2CDISTRICT%2CYEAR_%2CDESC_FRM%2CDESC_TO%2CBEGIN_POST%2CEND_POST&returnGeometry=false&f=json
87032504,6500,S,Miami-Dade,6,2025,MEMORIAL HWY/GRIFFIN,N 167 ST/SR-826,0,1.225,FDOT Annual Average Daily Traffic TDA,https://services1.arcgis.com/O1JpcwDW8sjYuddV/arcgis/rest/services/Annual_Average_Daily_Traffic_TDA/FeatureServer/0,https://services1.arcgis.com/O1JpcwDW8sjYuddV/arcgis/rest/services/Annual_Average_Daily_Traffic_TDA/FeatureServer/0/query?where=COUNTY%3D%27Miami-Dade%27&outFields=ROADWAY%2CAADT%2CAADTFLG%2CCOUNTY%2CDISTRICT%2CYEAR_%2CDESC_FRM%2CDESC_TO%2CBEGIN_POST%2CEND_POST&returnGeometry=false&f=json
87008000,24500,C,Miami-Dade,6,2025,NE 13 AV,US-1/SR-5/BISCAYNE B,9.502,10.253,FDOT Annual Average Daily Traffic TDA,https://services1.arcgis.com/O1JpcwDW8sjYuddV/arcgis/rest/services/Annual_Average_Daily_Traffic_TDA/FeatureServer/0,https://services1.arcgis.com/O1JpcwDW8sjYuddV/arcgis/rest/services/Annual_Average_Daily_Traffic_TDA/FeatureServer/0/query?where=COUNTY%3D%27Miami-Dade%27&outFields=ROADWAY%2CAADT%2CAADTFLG%2CCOUNTY%2CDISTRICT%2CYEAR_%2CDESC_FRM%2CDESC_TO%2CBEGIN_POST%2CEND_POST&returnGeometry=false&f=json
87000698,7000,F,Miami-Dade,6,2025,SW 167 AV,SW 152 AV,0,1.525,FDOT Annual Average Daily Traffic TDA,https://services1.arcgis.com/O1JpcwDW8sjYuddV/arcgis/rest/services/Annual_Average_Daily_Traffic_TDA/FeatureServer/0,https://services1.arcgis.com/O1JpcwDW8sjYuddV/arcgis/rest/services/Annual_Average_Daily_Traffic_TDA/FeatureServer/0/query?where=COUNTY%3D%27Miami-Dade%27&outFields=ROADWAY%2CAADT%2CAADTFLG%2CCOUNTY%2CDISTRICT%2CYEAR_%2CDESC_FRM%2CDESC_TO%2CBEGIN_POST%2CEND_POST&returnGeometry=false&f=json
87047000,13100,C,Miami-Dade,6,2025,SR 5/US-1,SR 990/SW 112 ST,0,1.382,FDOT Annual Average Daily Traffic TDA,https://services1.arcgis.com/O1JpcwDW8sjYuddV/arcgis/rest/services/Annual_Average_Daily_Traffic_TDA/FeatureServer/0,https://services1.arcgis.com/O1JpcwDW8sjYuddV/arcgis/rest/services/Annual_Average_Daily_Traffic_TDA/FeatureServer/0/query?where=COUNTY%3D%27Miami-Dade%27&outFields=ROADWAY%2CAADT%2CAADTFLG%2CCOUNTY%2CDISTRICT%2CYEAR_%2CDESC_FRM%2CDESC_TO%2CBEGIN_POST%2CEND_POST&returnGeometry=false&f=json
87054503,18500,F,Miami-Dade,6,2025,N/A,CARDENA,0.245,0.393,FDOT Annual Average Daily Traffic TDA,https://services1.arcgis.com/O1JpcwDW8sjYuddV/arcgis/rest/services/Annual_Average_Daily_Traffic_TDA/FeatureServer/0,https://services1.arcgis.com/O1JpcwDW8sjYuddV/arcgis/rest/services/Annual_Average_Daily_Traffic_TDA/FeatureServer/0/query?where=COUNTY%3D%27Miami-Dade%27&outFields=ROADWAY%2CAADT%2CAADTFLG%2CCOUNTY%2CDISTRICT%2CYEAR_%2CDESC_FRM%2CDESC_TO%2CBEGIN_POST%2CEND_POST&returnGeometry=false&f=json
87004000,137500,C,Miami-Dade,6,2025,N/A,N/A,0.81,1.565,FDOT Annual Average Daily Traffic TDA,https://services1.arcgis.com/O1JpcwDW8sjYuddV/arcgis/rest/services/Annual_Average_Daily_Traffic_TDA/FeatureServer/0,https://services1.arcgis.com/O1JpcwDW8sjYuddV/arcgis/rest/services/Annual_Average_Daily_Traffic_TDA/FeatureServer/0/query?where=COUNTY%3D%27Miami-Dade%27&outFields=ROADWAY%2CAADT%2CAADTFLG%2CCOUNTY%2CDISTRICT%2CYEAR_%2CDESC_FRM%2CDESC_TO%2CBEGIN_POST%2CEND_POST&returnGeometry=false&f=json
87042500,8900,F,Miami-Dade,6,2025,SW 117 AVE,SR-5/US-1/S DIXIE HW,0,2.2,FDOT Annual Average Daily Traffic TDA,https://services1.arcgis.com/O1JpcwDW8sjYuddV/arcgis/rest/services/Annual_Average_Daily_Traffic_TDA/FeatureServer/0,https://services1.arcgis.com/O1JpcwDW8sjYuddV/arcgis/rest/services/Annual_Average_Daily_Traffic_TDA/FeatureServer/0/query?where=COUNTY%3D%27Miami-Dade%27&outFields=ROADWAY%2CAADT%2CAADTFLG%2CCOUNTY%2CDISTRICT%2CYEAR_%2CDESC_FRM%2CDESC_TO%2CBEGIN_POST%2CEND_POST&returnGeometry=false&f=json
87027000,26500,C,Miami-Dade,6,2025,NW 12 ST,NW 31 ST,1.183,2.783,FDOT Annual Average Daily Traffic TDA,https://services1.arcgis.com/O1JpcwDW8sjYuddV/arcgis/rest/services/Annual_Average_Daily_Traffic_TDA/FeatureServer/0,https://services1.arcgis.com/O1JpcwDW8sjYuddV/arcgis/rest/services/Annual_Average_Daily_Traffic_TDA/FeatureServer/0/query?where=COUNTY%3D%27Miami-Dade%27&outFields=ROADWAY%2CAADT%2CAADTFLG%2CCOUNTY%2CDISTRICT%2CYEAR_%2CDESC_FRM%2CDESC_TO%2CBEGIN_POST%2CEND_POST&returnGeometry=false&f=json
87000971,9600,T,Miami-Dade,6,2025,NW 41 ST/DORAL BLVD,NW 58 ST,0,1.056,FDOT Annual Average Daily Traffic TDA,https://services1.arcgis.com/O1JpcwDW8sjYuddV/arcgis/rest/services/Annual_Average_Daily_Traffic_TDA/FeatureServer/0,https://services1.arcgis.com/O1JpcwDW8sjYuddV/arcgis/rest/services/Annual_Average_Daily_Traffic_TDA/FeatureServer/0/query?where=COUNTY%3D%27Miami-Dade%27&outFields=ROADWAY%2CAADT%2CAADTFLG%2CCOUNTY%2CDISTRICT%2CYEAR_%2CDESC_FRM%2CDESC_TO%2CBEGIN_POST%2CEND_POST&returnGeometry=false&f=json
87054000,19600,C,Miami-Dade,6,2025,SR-933/SW 12 AVE,SW 15 RD/BROADWAY,3.042,4.232,FDOT Annual Average Daily Traffic TDA,https://services1.arcgis.com/O1JpcwDW8sjYuddV/arcgis/rest/services/Annual_Average_Daily_Traffic_TDA/FeatureServer/0,https://services1.arcgis.com/O1JpcwDW8sjYuddV/arcgis/rest/services/Annual_Average_Daily_Traffic_TDA/FeatureServer/0/query?where=COUNTY%3D%27Miami-Dade%27&outFields=ROADWAY%2CAADT%2CAADTFLG%2CCOUNTY%2CDISTRICT%2CYEAR_%2CDESC_FRM%2CDESC_TO%2CBEGIN_POST%2CEND_POST&returnGeometry=false&f=json
87030000,76500,C,Miami-Dade,6,2025,N/A,Bridge No-870954,23.474,24.59,FDOT Annual Average Daily Traffic TDA,https://services1.arcgis.com/O1JpcwDW8sjYuddV/arcgis/rest/services/Annual_Average_Daily_Traffic_TDA/FeatureServer/0,https://services1.arcgis.com/O1JpcwDW8sjYuddV/arcgis/rest/services/Annual_Average_Daily_Traffic_TDA/FeatureServer/0/query?where=COUNTY%3D%27Miami-Dade%27&outFields=ROADWAY%2CAADT%2CAADTFLG%2CCOUNTY%2CDISTRICT%2CYEAR_%2CDESC_FRM%2CDESC_TO%2CBEGIN_POST%2CEND_POST&returnGeometry=false&f=json
87030000,43500,C,Miami-Dade,6,2025,NE 83 ST,NE 88 ST,16.337,16.647,FDOT Annual Average Daily Traffic TDA,https://services1.arcgis.com/O1JpcwDW8sjYuddV/arcgis/rest/services/Annual_Average_Daily_Traffic_TDA/FeatureServer/0,https://services1.arcgis.com/O1JpcwDW8sjYuddV/arcgis/rest/services/Annual_Average_Daily_Traffic_TDA/FeatureServer/0/query?where=COUNTY%3D%27Miami-Dade%27&outFields=ROADWAY%2CAADT%2CAADTFLG%2CCOUNTY%2CDISTRICT%2CYEAR_%2CDESC_FRM%2CDESC_TO%2CBEGIN_POST%2CEND_POST&returnGeometry=false&f=json
87002000,51000,C,Miami-Dade,6,2025,GAS STATION,COUNTY LINE/BR860550,8.525,9.699,FDOT Annual Average Daily Traffic TDA,https://services1.arcgis.com/O1JpcwDW8sjYuddV/arcgis/rest/services/Annual_Average_Daily_Traffic_TDA/FeatureServer/0,https://services1.arcgis.com/O1JpcwDW8sjYuddV/arcgis/rest/services/Annual_Average_Daily_Traffic_TDA/FeatureServer/0/query?where=COUNTY%3D%27Miami-Dade%27&outFields=ROADWAY%2CAADT%2CAADTFLG%2CCOUNTY%2CDISTRICT%2CYEAR_%2CDESC_FRM%2CDESC_TO%2CBEGIN_POST%2CEND_POST&returnGeometry=false&f=json
87017000,23400,C,Miami-Dade,6,2025,SOUTH MIAMI AVE, TOLL PLAZA,0.145,0.373,FDOT Annual Average Daily Traffic TDA,https://services1.arcgis.com/O1JpcwDW8sjYuddV/arcgis/rest/services/Annual_Average_Daily_Traffic_TDA/FeatureServer/0,https://services1.arcgis.com/O1JpcwDW8sjYuddV/arcgis/rest/services/Annual_Average_Daily_Traffic_TDA/FeatureServer/0/query?where=COUNTY%3D%27Miami-Dade%27&outFields=ROADWAY%2CAADT%2CAADTFLG%2CCOUNTY%2CDISTRICT%2CYEAR_%2CDESC_FRM%2CDESC_TO%2CBEGIN_POST%2CEND_POST&returnGeometry=false&f=json
87000694,3700,F,Miami-Dade,6,2025,OLD CUTLER RD,N/A,0,0.088,FDOT Annual Average Daily Traffic TDA,https://services1.arcgis.com/O1JpcwDW8sjYuddV/arcgis/rest/services/Annual_Average_Daily_Traffic_TDA/FeatureServer/0,https://services1.arcgis.com/O1JpcwDW8sjYuddV/arcgis/rest/services/Annual_Average_Daily_Traffic_TDA/FeatureServer/0/query?where=COUNTY%3D%27Miami-Dade%27&outFields=ROADWAY%2CAADT%2CAADTFLG%2CCOUNTY%2CDISTRICT%2CYEAR_%2CDESC_FRM%2CDESC_TO%2CBEGIN_POST%2CEND_POST&returnGeometry=false&f=json
87041500,17000,S,Miami-Dade,6,2025,SW 117 AVE,US-1/SR 5/S DIXIE HW,0,1.672,FDOT Annual Average Daily Traffic TDA,https://services1.arcgis.com/O1JpcwDW8sjYuddV/arcgis/rest/services/Annual_Average_Daily_Traffic_TDA/FeatureServer/0,https://services1.arcgis.com/O1JpcwDW8sjYuddV/arcgis/rest/services/Annual_Average_Daily_Traffic_TDA/FeatureServer/0/query?where=COUNTY%3D%27Miami-Dade%27&outFields=ROADWAY%2CAADT%2CAADTFLG%2CCOUNTY%2CDISTRICT%2CYEAR_%2CDESC_FRM%2CDESC_TO%2CBEGIN_POST%2CEND_POST&returnGeometry=false&f=json
87060000,36000,E,Miami-Dade,6,2025,INDIAN CREEK DR,5875 BLK/FRTG RD END,6.647,8.406,FDOT Annual Average Daily Traffic TDA,https://services1.arcgis.com/O1JpcwDW8sjYuddV/arcgis/rest/services/Annual_Average_Daily_Traffic_TDA/FeatureServer/0,https://services1.arcgis.com/O1JpcwDW8sjYuddV/arcgis/rest/services/Annual_Average_Daily_Traffic_TDA/FeatureServer/0/query?where=COUNTY%3D%27Miami-Dade%27&outFields=ROADWAY%2CAADT%2CAADTFLG%2CCOUNTY%2CDISTRICT%2CYEAR_%2CDESC_FRM%2CDESC_TO%2CBEGIN_POST%2CEND_POST&returnGeometry=false&f=json
87000981,24000,T,Miami-Dade,6,2025,SW 184 ST,SW 136 ST,0,3.076,FDOT Annual Average Daily Traffic TDA,https://services1.arcgis.com/O1JpcwDW8sjYuddV/arcgis/rest/services/Annual_Average_Daily_Traffic_TDA/FeatureServer/0,https://services1.arcgis.com/O1JpcwDW8sjYuddV/arcgis/rest/services/Annual_Average_Daily_Traffic_TDA/FeatureServer/0/query?where=COUNTY%3D%27Miami-Dade%27&outFields=ROADWAY%2CAADT%2CAADTFLG%2CCOUNTY%2CDISTRICT%2CYEAR_%2CDESC_FRM%2CDESC_TO%2CBEGIN_POST%2CEND_POST&returnGeometry=false&f=json
87028503,20600,S,Miami-Dade,6,2025,NW 79 ST/SR-934,NW 103 ST/SR-932,0,1.519,FDOT Annual Average Daily Traffic TDA,https://services1.arcgis.com/O1JpcwDW8sjYuddV/arcgis/rest/services/Annual_Average_Daily_Traffic_TDA/FeatureServer/0,https://services1.arcgis.com/O1JpcwDW8sjYuddV/arcgis/rest/services/Annual_Average_Daily_Traffic_TDA/FeatureServer/0/query?where=COUNTY%3D%27Miami-Dade%27&outFields=ROADWAY%2CAADT%2CAADTFLG%2CCOUNTY%2CDISTRICT%2CYEAR_%2CDESC_FRM%2CDESC_TO%2CBEGIN_POST%2CEND_POST&returnGeometry=false&f=json
87000979,7300,F,Miami-Dade,6,2025,NW 38 ST,NW 41 ST,0,0.186,FDOT Annual Average Daily Traffic TDA,https://services1.arcgis.com/O1JpcwDW8sjYuddV/arcgis/rest/services/Annual_Average_Daily_Traffic_TDA/FeatureServer/0,https://services1.arcgis.com/O1JpcwDW8sjYuddV/arcgis/rest/services/Annual_Average_Daily_Traffic_TDA/FeatureServer/0/query?where=COUNTY%3D%27Miami-Dade%27&outFields=ROADWAY%2CAADT%2CAADTFLG%2CCOUNTY%2CDISTRICT%2CYEAR_%2CDESC_FRM%2CDESC_TO%2CBEGIN_POST%2CEND_POST&returnGeometry=false&f=json
87053000,7900,E,Miami-Dade,6,2025,SW 2 AVE,US-1SB/SR-5/BISCAYNE,8.68,9.298,FDOT Annual Average Daily Traffic TDA,https://services1.arcgis.com/O1JpcwDW8sjYuddV/arcgis/rest/services/Annual_Average_Daily_Traffic_TDA/FeatureServer/0,https://services1.arcgis.com/O1JpcwDW8sjYuddV/arcgis/rest/services/Annual_Average_Daily_Traffic_TDA/FeatureServer/0/query?where=COUNTY%3D%27Miami-Dade%27&outFields=ROADWAY%2CAADT%2CAADTFLG%2CCOUNTY%2CDISTRICT%2CYEAR_%2CDESC_FRM%2CDESC_TO%2CBEGIN_POST%2CEND_POST&returnGeometry=false&f=json
87000961,4600,F,Miami-Dade,6,2025,SW 177 AVE/KROME AVE,US-1/DIXIE HWY,0,2.845,FDOT Annual Average Daily Traffic TDA,https://services1.arcgis.com/O1JpcwDW8sjYuddV/arcgis/rest/services/Annual_Average_Daily_Traffic_TDA/FeatureServer/0,https://services1.arcgis.com/O1JpcwDW8sjYuddV/arcgis/rest/services/Annual_Average_Daily_Traffic_TDA/FeatureServer/0/query?where=COUNTY%3D%27Miami-Dade%27&outFields=ROADWAY%2CAADT%2CAADTFLG%2CCOUNTY%2CDISTRICT%2CYEAR_%2CDESC_FRM%2CDESC_TO%2CBEGIN_POST%2CEND_POST&returnGeometry=false&f=json
87055000,35000,C,Miami-Dade,6,2025,SR- 985/SW 107 AVE,SR- 973/SW 87 AVE,2.018,4.018,FDOT Annual Average Daily Traffic TDA,https://services1.arcgis.com/O1JpcwDW8sjYuddV/arcgis/rest/services/Annual_Average_Daily_Traffic_TDA/FeatureServer/0,https://services1.arcgis.com/O1JpcwDW8sjYuddV/arcgis/rest/services/Annual_Average_Daily_Traffic_TDA/FeatureServer/0/query?where=COUNTY%3D%27Miami-Dade%27&outFields=ROADWAY%2CAADT%2CAADTFLG%2CCOUNTY%2CDISTRICT%2CYEAR_%2CDESC_FRM%2CDESC_TO%2CBEGIN_POST%2CEND_POST&returnGeometry=false&f=json
87000970,7900,T,Miami-Dade,6,2025,NW 107 AVE,NW 97 AVE,0,1.081,FDOT Annual Average Daily Traffic TDA,https://services1.arcgis.com/O1JpcwDW8sjYuddV/arcgis/rest/services/Annual_Average_Daily_Traffic_TDA/FeatureServer/0,https://services1.arcgis.com/O1JpcwDW8sjYuddV/arcgis/rest/services/Annual_Average_Daily_Traffic_TDA/FeatureServer/0/query?where=COUNTY%3D%27Miami-Dade%27&outFields=ROADWAY%2CAADT%2CAADTFLG%2CCOUNTY%2CDISTRICT%2CYEAR_%2CDESC_FRM%2CDESC_TO%2CBEGIN_POST%2CEND_POST&returnGeometry=false&f=json
87027000,29500,C,Miami-Dade,6,2025,NW 58 ST,NW 74 ST,4.413,5.406,FDOT Annual Average Daily Traffic TDA,https://services1.arcgis.com/O1JpcwDW8sjYuddV/arcgis/rest/services/Annual_Average_Daily_Traffic_TDA/FeatureServer/0,https://services1.arcgis.com/O1JpcwDW8sjYuddV/arcgis/rest/services/Annual_Average_Daily_Traffic_TDA/FeatureServer/0/query?where=COUNTY%3D%27Miami-Dade%27&outFields=ROADWAY%2CAADT%2CAADTFLG%2CCOUNTY%2CDISTRICT%2CYEAR_%2CDESC_FRM%2CDESC_TO%2CBEGIN_POST%2CEND_POST&returnGeometry=false&f=json
87000978,18700,C,Miami-Dade,6,2025,MIAMI LAKEWAY DR S,MIAMI LAKESWAY S,0,1.227,FDOT Annual Average Daily Traffic TDA,https://services1.arcgis.com/O1JpcwDW8sjYuddV/arcgis/rest/services/Annual_Average_Daily_Traffic_TDA/FeatureServer/0,https://services1.arcgis.com/O1JpcwDW8sjYuddV/arcgis/rest/services/Annual_Average_Daily_Traffic_TDA/FeatureServer/0/query?where=COUNTY%3D%27Miami-Dade%27&outFields=ROADWAY%2CAADT%2CAADTFLG%2CCOUNTY%2CDISTRICT%2CYEAR_%2CDESC_FRM%2CDESC_TO%2CBEGIN_POST%2CEND_POST&returnGeometry=false&f=json
87052000,47000,C,Miami-Dade,6,2025,NW 18 AVE,US-441/SR-7/NW 7 AV,0.892,2.021,FDOT Annual Average Daily Traffic TDA,https://services1.arcgis.com/O1JpcwDW8sjYuddV/arcgis/rest/services/Annual_Average_Daily_Traffic_TDA/FeatureServer/0,https://services1.arcgis.com/O1JpcwDW8sjYuddV/arcgis/rest/services/Annual_Average_Daily_Traffic_TDA/FeatureServer/0/query?where=COUNTY%3D%27Miami-Dade%27&outFields=ROADWAY%2CAADT%2CAADTFLG%2CCOUNTY%2CDISTRICT%2CYEAR_%2CDESC_FRM%2CDESC_TO%2CBEGIN_POST%2CEND_POST&returnGeometry=false&f=json
87034000,9800,C,Miami-Dade,6,2025,US-1 / SR-5 / BISCAY,SR-932 / NE 103 ST,0,0.929,FDOT Annual Average Daily Traffic TDA,https://services1.arcgis.com/O1JpcwDW8sjYuddV/arcgis/rest/services/Annual_Average_Daily_Traffic_TDA/FeatureServer/0,https://services1.arcgis.com/O1JpcwDW8sjYuddV/arcgis/rest/services/Annual_Average_Daily_Traffic_TDA/FeatureServer/0/query?where=COUNTY%3D%27Miami-Dade%27&outFields=ROADWAY%2CAADT%2CAADTFLG%2CCOUNTY%2CDISTRICT%2CYEAR_%2CDESC_FRM%2CDESC_TO%2CBEGIN_POST%2CEND_POST&returnGeometry=false&f=json
87027000,23300,C,Miami-Dade,6,2025,SR- 968/FLAGLER ST,MILAM DAIRY RD,0,0.479,FDOT Annual Average Daily Traffic TDA,https://services1.arcgis.com/O1JpcwDW8sjYuddV/arcgis/rest/services/Annual_Average_Daily_Traffic_TDA/FeatureServer/0,https://services1.arcgis.com/O1JpcwDW8sjYuddV/arcgis/rest/services/Annual_Average_Daily_Traffic_TDA/FeatureServer/0/query?where=COUNTY%3D%27Miami-Dade%27&outFields=ROADWAY%2CAADT%2CAADTFLG%2CCOUNTY%2CDISTRICT%2CYEAR_%2CDESC_FRM%2CDESC_TO%2CBEGIN_POST%2CEND_POST&returnGeometry=false&f=json
87047000,26000,C,Miami-Dade,6,2025,SR 976/SW 40 ST,SW 24 ST,6.011,7.011,FDOT Annual Average Daily Traffic TDA,https://services1.arcgis.com/O1JpcwDW8sjYuddV/arcgis/rest/services/Annual_Average_Daily_Traffic_TDA/FeatureServer/0,https://services1.arcgis.com/O1JpcwDW8sjYuddV/arcgis/rest/services/Annual_Average_Daily_Traffic_TDA/FeatureServer/0/query?where=COUNTY%3D%27Miami-Dade%27&outFields=ROADWAY%2CAADT%2CAADTFLG%2CCOUNTY%2CDISTRICT%2CYEAR_%2CDESC_FRM%2CDESC_TO%2CBEGIN_POST%2CEND_POST&returnGeometry=false&f=json
87030000,57000,C,Miami-Dade,6,2025,N/A,N/A,21.492,21.967,FDOT Annual Average Daily Traffic TDA,https://services1.arcgis.com/O1JpcwDW8sjYuddV/arcgis/rest/services/Annual_Average_Daily_Traffic_TDA/FeatureServer/0,https://services1.arcgis.com/O1JpcwDW8sjYuddV/arcgis/rest/services/Annual_Average_Daily_Traffic_TDA/FeatureServer/0/query?where=COUNTY%3D%27Miami-Dade%27&outFields=ROADWAY%2CAADT%2CAADTFLG%2CCOUNTY%2CDISTRICT%2CYEAR_%2CDESC_FRM%2CDESC_TO%2CBEGIN_POST%2CEND_POST&returnGeometry=false&f=json
87000751,6400,S,Miami-Dade,6,2025,SPUR,OKEECHOBEE RD,0.012,0.457,FDOT Annual Average Daily Traffic TDA,https://services1.arcgis.com/O1JpcwDW8sjYuddV/arcgis/rest/services/Annual_Average_Daily_Traffic_TDA/FeatureServer/0,https://services1.arcgis.com/O1JpcwDW8sjYuddV/arcgis/rest/services/Annual_Average_Daily_Traffic_TDA/FeatureServer/0/query?where=COUNTY%3D%27Miami-Dade%27&outFields=ROADWAY%2CAADT%2CAADTFLG%2CCOUNTY%2CDISTRICT%2CYEAR_%2CDESC_FRM%2CDESC_TO%2CBEGIN_POST%2CEND_POST&returnGeometry=false&f=json
87030000,39500,C,Miami-Dade,6,2025,SR-934/NE 79 ST,NE 83 ST,16.083,16.337,FDOT Annual Average Daily Traffic TDA,https://services1.arcgis.com/O1JpcwDW8sjYuddV/arcgis/rest/services/Annual_Average_Daily_Traffic_TDA/FeatureServer/0,https://services1.arcgis.com/O1JpcwDW8sjYuddV/arcgis/rest/services/Annual_Average_Daily_Traffic_TDA/FeatureServer/0/query?where=COUNTY%3D%27Miami-Dade%27&outFields=ROADWAY%2CAADT%2CAADTFLG%2CCOUNTY%2CDISTRICT%2CYEAR_%2CDESC_FRM%2CDESC_TO%2CBEGIN_POST%2CEND_POST&returnGeometry=false&f=json
87003022,4500,F,Miami-Dade,6,2025,SR-112/WB,NW 40 ST,0,0.015,FDOT Annual Average Daily Traffic TDA,https://services1.arcgis.com/O1JpcwDW8sjYuddV/arcgis/rest/services/Annual_Average_Daily_Traffic_TDA/FeatureServer/0,https://services1.arcgis.com/O1JpcwDW8sjYuddV/arcgis/rest/services/Annual_Average_Daily_Traffic_TDA/FeatureServer/0/query?where=COUNTY%3D%27Miami-Dade%27&outFields=ROADWAY%2CAADT%2CAADTFLG%2CCOUNTY%2CDISTRICT%2CYEAR_%2CDESC_FRM%2CDESC_TO%2CBEGIN_POST%2CEND_POST&returnGeometry=false&f=json
87013000,39000,S,Miami-Dade,6,2025,NW 2 AVE/US-441,NE 10 AVE,0,1.382,FDOT Annual Average Daily Traffic TDA,https://services1.arcgis.com/O1JpcwDW8sjYuddV/arcgis/rest/services/Annual_Average_Daily_Traffic_TDA/FeatureServer/0,https://services1.arcgis.com/O1JpcwDW8sjYuddV/arcgis/rest/services/Annual_Average_Daily_Traffic_TDA/FeatureServer/0/query?where=COUNTY%3D%27Miami-Dade%27&outFields=ROADWAY%2CAADT%2CAADTFLG%2CCOUNTY%2CDISTRICT%2CYEAR_%2CDESC_FRM%2CDESC_TO%2CBEGIN_POST%2CEND_POST&returnGeometry=false&f=json
87000669,14100,F,Miami-Dade,6,2025,NW 25 ST,NW 41 ST,0,1.024,FDOT Annual Average Daily Traffic TDA,https://services1.arcgis.com/O1JpcwDW8sjYuddV/arcgis/rest/services/Annual_Average_Daily_Traffic_TDA/FeatureServer/0,https://services1.arcgis.com/O1JpcwDW8sjYuddV/arcgis/rest/services/Annual_Average_Daily_Traffic_TDA/FeatureServer/0/query?where=COUNTY%3D%27Miami-Dade%27&outFields=ROADWAY%2CAADT%2CAADTFLG%2CCOUNTY%2CDISTRICT%2CYEAR_%2CDESC_FRM%2CDESC_TO%2CBEGIN_POST%2CEND_POST&returnGeometry=false&f=json
87044000,50000,C,Miami-Dade,6,2025,SW 67 AVE,SR-959/SW 57 AV,5.187,6.21,FDOT Annual Average Daily Traffic TDA,https://services1.arcgis.com/O1JpcwDW8sjYuddV/arcgis/rest/services/Annual_Average_Daily_Traffic_TDA/FeatureServer/0,https://services1.arcgis.com/O1JpcwDW8sjYuddV/arcgis/rest/services/Annual_Average_Daily_Traffic_TDA/FeatureServer/0/query?where=COUNTY%3D%27Miami-Dade%27&outFields=ROADWAY%2CAADT%2CAADTFLG%2CCOUNTY%2CDISTRICT%2CYEAR_%2CDESC_FRM%2CDESC_TO%2CBEGIN_POST%2CEND_POST&returnGeometry=false&f=json
87060000,82500,C,Miami-Dade,6,2025,0.2MI E OF US-1,BRIDGE RD/STAR ISL,0,2.436,FDOT Annual Average Daily Traffic TDA,https://services1.arcgis.com/O1JpcwDW8sjYuddV/arcgis/rest/services/Annual_Average_Daily_Traffic_TDA/FeatureServer/0,https://services1.arcgis.com/O1JpcwDW8sjYuddV/arcgis/rest/services/Annual_Average_Daily_Traffic_TDA/FeatureServer/0/query?where=COUNTY%3D%27Miami-Dade%27&outFields=ROADWAY%2CAADT%2CAADTFLG%2CCOUNTY%2CDISTRICT%2CYEAR_%2CDESC_FRM%2CDESC_TO%2CBEGIN_POST%2CEND_POST&returnGeometry=false&f=json
87027003,38000,C,Miami-Dade,6,2025,HOTEL ENTRANCE,NW 12 ST,0,0.502,FDOT Annual Average Daily Traffic TDA,https://services1.arcgis.com/O1JpcwDW8sjYuddV/arcgis/rest/services/Annual_Average_Daily_Traffic_TDA/FeatureServer/0,https://services1.arcgis.com/O1JpcwDW8sjYuddV/arcgis/rest/services/Annual_Average_Daily_Traffic_TDA/FeatureServer/0/query?where=COUNTY%3D%27Miami-Dade%27&outFields=ROADWAY%2CAADT%2CAADTFLG%2CCOUNTY%2CDISTRICT%2CYEAR_%2CDESC_FRM%2CDESC_TO%2CBEGIN_POST%2CEND_POST&returnGeometry=false&f=json
87053000,30500,C,Miami-Dade,6,2025,UNSIGNED,SECTION 87053001,5.562,6.348,FDOT Annual Average Daily Traffic TDA,https://services1.arcgis.com/O1JpcwDW8sjYuddV/arcgis/rest/services/Annual_Average_Daily_Traffic_TDA/FeatureServer/0,https://services1.arcgis.com/O1JpcwDW8sjYuddV/arcgis/rest/services/Annual_Average_Daily_Traffic_TDA/FeatureServer/0/query?where=COUNTY%3D%27Miami-Dade%27&outFields=ROADWAY%2CAADT%2CAADTFLG%2CCOUNTY%2CDISTRICT%2CYEAR_%2CDESC_FRM%2CDESC_TO%2CBEGIN_POST%2CEND_POST&returnGeometry=false&f=json
87030000,56000,C,Miami-Dade,6,2025,Bridge No-870954,DADE/BROWARD CO LINE,24.59,25.402,FDOT Annual Average Daily Traffic TDA,https://services1.arcgis.com/O1JpcwDW8sjYuddV/arcgis/rest/services/Annual_Average_Daily_Traffic_TDA/FeatureServer/0,https://services1.arcgis.com/O1JpcwDW8sjYuddV/arcgis/rest/services/Annual_Average_Daily_Traffic_TDA/FeatureServer/0/query?where=COUNTY%3D%27Miami-Dade%27&outFields=ROADWAY%2CAADT%2CAADTFLG%2CCOUNTY%2CDISTRICT%2CYEAR_%2CDESC_FRM%2CDESC_TO%2CBEGIN_POST%2CEND_POST&returnGeometry=false&f=json
87026700,100,C,Miami-Dade,6,2025,NW 183 ST,NW 183 ST,0,0.286,FDOT Annual Average Daily Traffic TDA,https://services1.arcgis.com/O1JpcwDW8sjYuddV/arcgis/rest/services/Annual_Average_Daily_Traffic_TDA/FeatureServer/0,https://services1.arcgis.com/O1JpcwDW8sjYuddV/arcgis/rest/services/Annual_Average_Daily_Traffic_TDA/FeatureServer/0/query?where=COUNTY%3D%27Miami-Dade%27&outFields=ROADWAY%2CAADT%2CAADTFLG%2CCOUNTY%2CDISTRICT%2CYEAR_%2CDESC_FRM%2CDESC_TO%2CBEGIN_POST%2CEND_POST&returnGeometry=false&f=json
87004018,19500,F,Miami-Dade,6,2025,NW 38 ST,SR-112/WB,0,0.092,FDOT Annual Average Daily Traffic TDA,https://services1.arcgis.com/O1JpcwDW8sjYuddV/arcgis/rest/services/Annual_Average_Daily_Traffic_TDA/FeatureServer/0,https://services1.arcgis.com/O1JpcwDW8sjYuddV/arcgis/rest/services/Annual_Average_Daily_Traffic_TDA/FeatureServer/0/query?where=COUNTY%3D%27Miami-Dade%27&outFields=ROADWAY%2CAADT%2CAADTFLG%2CCOUNTY%2CDISTRICT%2CYEAR_%2CDESC_FRM%2CDESC_TO%2CBEGIN_POST%2CEND_POST&returnGeometry=false&f=json
87021000,25000,C,Miami-Dade,6,2025,Bridge No-870559,SR 5/US-1,2.167,2.621,FDOT Annual Average Daily Traffic TDA,https://services1.arcgis.com/O1JpcwDW8sjYuddV/arcgis/rest/services/Annual_Average_Daily_Traffic_TDA/FeatureServer/0,https://services1.arcgis.com/O1JpcwDW8sjYuddV/arcgis/rest/services/Annual_Average_Daily_Traffic_TDA/FeatureServer/0/query?where=COUNTY%3D%27Miami-Dade%27&outFields=ROADWAY%2CAADT%2CAADTFLG%2CCOUNTY%2CDISTRICT%2CYEAR_%2CDESC_FRM%2CDESC_TO%2CBEGIN_POST%2CEND_POST&returnGeometry=false&f=json
87047000,28000,E,Miami-Dade,6,2025,N/A,SR 986/SW 72 ST,3.452,3.9,FDOT Annual Average Daily Traffic TDA,https://services1.arcgis.com/O1JpcwDW8sjYuddV/arcgis/rest/services/Annual_Average_Daily_Traffic_TDA/FeatureServer/0,https://services1.arcgis.com/O1JpcwDW8sjYuddV/arcgis/rest/services/Annual_Average_Daily_Traffic_TDA/FeatureServer/0/query?where=COUNTY%3D%27Miami-Dade%27&outFields=ROADWAY%2CAADT%2CAADTFLG%2CCOUNTY%2CDISTRICT%2CYEAR_%2CDESC_FRM%2CDESC_TO%2CBEGIN_POST%2CEND_POST&returnGeometry=false&f=json
87000787,13000,F,Miami-Dade,6,2025,SW 312 ST/NE 8 ST,SR-5/US-1,0,1.607,FDOT Annual Average Daily Traffic TDA,https://services1.arcgis.com/O1JpcwDW8sjYuddV/arcgis/rest/services/Annual_Average_Daily_Traffic_TDA/FeatureServer/0,https://services1.arcgis.com/O1JpcwDW8sjYuddV/arcgis/rest/services/Annual_Average_Daily_Traffic_TDA/FeatureServer/0/query?where=COUNTY%3D%27Miami-Dade%27&outFields=ROADWAY%2CAADT%2CAADTFLG%2CCOUNTY%2CDISTRICT%2CYEAR_%2CDESC_FRM%2CDESC_TO%2CBEGIN_POST%2CEND_POST&returnGeometry=false&f=json
87005041,5700,F,Miami-Dade,6,2025,SR-94 / KENDALL DR,SB SR-874,0,0.238,FDOT Annual Average Daily Traffic TDA,https://services1.arcgis.com/O1JpcwDW8sjYuddV/arcgis/rest/services/Annual_Average_Daily_Traffic_TDA/FeatureServer/0,https://services1.arcgis.com/O1JpcwDW8sjYuddV/arcgis/rest/services/Annual_Average_Daily_Traffic_TDA/FeatureServer/0/query?where=COUNTY%3D%27Miami-Dade%27&outFields=ROADWAY%2CAADT%2CAADTFLG%2CCOUNTY%2CDISTRICT%2CYEAR_%2CDESC_FRM%2CDESC_TO%2CBEGIN_POST%2CEND_POST&returnGeometry=false&f=json
87026000,37000,E,Miami-Dade,6,2025,SR-817/NW 27 AV,FRONTAGE RD,3.019,4.393,FDOT Annual Average Daily Traffic TDA,https://services1.arcgis.com/O1JpcwDW8sjYuddV/arcgis/rest/services/Annual_Average_Daily_Traffic_TDA/FeatureServer/0,https://services1.arcgis.com/O1JpcwDW8sjYuddV/arcgis/rest/services/Annual_Average_Daily_Traffic_TDA/FeatureServer/0/query?where=COUNTY%3D%27Miami-Dade%27&outFields=ROADWAY%2CAADT%2CAADTFLG%2CCOUNTY%2CDISTRICT%2CYEAR_%2CDESC_FRM%2CDESC_TO%2CBEGIN_POST%2CEND_POST&returnGeometry=false&f=json
87000963,20300,T,Miami-Dade,6,2025,SW 157 AVE,SW 137 AVE,0,1.991,FDOT Annual Average Daily Traffic TDA,https://services1.arcgis.com/O1JpcwDW8sjYuddV/arcgis/rest/services/Annual_Average_Daily_Traffic_TDA/FeatureServer/0,https://services1.arcgis.com/O1JpcwDW8sjYuddV/arcgis/rest/services/Annual_Average_Daily_Traffic_TDA/FeatureServer/0/query?where=COUNTY%3D%27Miami-Dade%27&outFields=ROADWAY%2CAADT%2CAADTFLG%2CCOUNTY%2CDISTRICT%2CYEAR_%2CDESC_FRM%2CDESC_TO%2CBEGIN_POST%2CEND_POST&returnGeometry=false&f=json
87020000,33500,C,Miami-Dade,6,2025,E MOWRY DR,CAMPBELL DR/SW 312 S,2.443,3.093,FDOT Annual Average Daily Traffic TDA,https://services1.arcgis.com/O1JpcwDW8sjYuddV/arcgis/rest/services/Annual_Average_Daily_Traffic_TDA/FeatureServer/0,https://services1.arcgis.com/O1JpcwDW8sjYuddV/arcgis/rest/services/Annual_Average_Daily_Traffic_TDA/FeatureServer/0/query?where=COUNTY%3D%27Miami-Dade%27&outFields=ROADWAY%2CAADT%2CAADTFLG%2CCOUNTY%2CDISTRICT%2CYEAR_%2CDESC_FRM%2CDESC_TO%2CBEGIN_POST%2CEND_POST&returnGeometry=false&f=json
87000767,11700,T,Miami-Dade,6,2025,NW 137 AVE,NW 127 AVE,0,1.007,FDOT Annual Average Daily Traffic TDA,https://services1.arcgis.com/O1JpcwDW8sjYuddV/arcgis/rest/services/Annual_Average_Daily_Traffic_TDA/FeatureServer/0,https://services1.arcgis.com/O1JpcwDW8sjYuddV/arcgis/rest/services/Annual_Average_Daily_Traffic_TDA/FeatureServer/0/query?where=COUNTY%3D%27Miami-Dade%27&outFields=ROADWAY%2CAADT%2CAADTFLG%2CCOUNTY%2CDISTRICT%2CYEAR_%2CDESC_FRM%2CDESC_TO%2CBEGIN_POST%2CEND_POST&returnGeometry=false&f=json
87006050,3100,F,Miami-Dade,6,2025,87270506 NB ON,SR-970/WB,0,0.139,FDOT Annual Average Daily Traffic TDA,https://services1.arcgis.com/O1JpcwDW8sjYuddV/arcgis/rest/services/Annual_Average_Daily_Traffic_TDA/FeatureServer/0,https://services1.arcgis.com/O1JpcwDW8sjYuddV/arcgis/rest/services/Annual_Average_Daily_Traffic_TDA/FeatureServer/0/query?where=COUNTY%3D%27Miami-Dade%27&outFields=ROADWAY%2CAADT%2CAADTFLG%2CCOUNTY%2CDISTRICT%2CYEAR_%2CDESC_FRM%2CDESC_TO%2CBEGIN_POST%2CEND_POST&returnGeometry=false&f=json
87003015,5900,F,Miami-Dade,6,2025,NW 22 AVE/SB,SR-112/WB,0,0.15,FDOT Annual Average Daily Traffic TDA,https://services1.arcgis.com/O1JpcwDW8sjYuddV/arcgis/rest/services/Annual_Average_Daily_Traffic_TDA/FeatureServer/0,https://services1.arcgis.com/O1JpcwDW8sjYuddV/arcgis/rest/services/Annual_Average_Daily_Traffic_TDA/FeatureServer/0/query?where=COUNTY%3D%27Miami-Dade%27&outFields=ROADWAY%2CAADT%2CAADTFLG%2CCOUNTY%2CDISTRICT%2CYEAR_%2CDESC_FRM%2CDESC_TO%2CBEGIN_POST%2CEND_POST&returnGeometry=false&f=json
87008000,20000,C,Miami-Dade,6,2025,SR-9 / NW 27 AV,N/A,5.102,7.629,FDOT Annual Average Daily Traffic TDA,https://services1.arcgis.com/O1JpcwDW8sjYuddV/arcgis/rest/services/Annual_Average_Daily_Traffic_TDA/FeatureServer/0,https://services1.arcgis.com/O1JpcwDW8sjYuddV/arcgis/rest/services/Annual_Average_Daily_Traffic_TDA/FeatureServer/0/query?where=COUNTY%3D%27Miami-Dade%27&outFields=ROADWAY%2CAADT%2CAADTFLG%2CCOUNTY%2CDISTRICT%2CYEAR_%2CDESC_FRM%2CDESC_TO%2CBEGIN_POST%2CEND_POST&returnGeometry=false&f=json
87000688,10400,F,Miami-Dade,6,2025,SW 56 ST,SW 42 ST,0,1.013,FDOT Annual Average Daily Traffic TDA,https://services1.arcgis.com/O1JpcwDW8sjYuddV/arcgis/rest/services/Annual_Average_Daily_Traffic_TDA/FeatureServer/0,https://services1.arcgis.com/O1JpcwDW8sjYuddV/arcgis/rest/services/Annual_Average_Daily_Traffic_TDA/FeatureServer/0/query?where=COUNTY%3D%27Miami-Dade%27&outFields=ROADWAY%2CAADT%2CAADTFLG%2CCOUNTY%2CDISTRICT%2CYEAR_%2CDESC_FRM%2CDESC_TO%2CBEGIN_POST%2CEND_POST&returnGeometry=false&f=json
87037200,12500,F,Miami-Dade,6,2025,SR-A1A/MACARTHUR/EB,SR-907/ALTON RD/NB,0,0.246,FDOT Annual Average Daily Traffic TDA,https://services1.arcgis.com/O1JpcwDW8sjYuddV/arcgis/rest/services/Annual_Average_Daily_Traffic_TDA/FeatureServer/0,https://services1.arcgis.com/O1JpcwDW8sjYuddV/arcgis/rest/services/Annual_Average_Daily_Traffic_TDA/FeatureServer/0/query?where=COUNTY%3D%27Miami-Dade%27&outFields=ROADWAY%2CAADT%2CAADTFLG%2CCOUNTY%2CDISTRICT%2CYEAR_%2CDESC_FRM%2CDESC_TO%2CBEGIN_POST%2CEND_POST&returnGeometry=false&f=json
87060001,21000,C,Miami-Dade,6,2025,SR-907/W 63 ST,0.012 M N OF SR-A1A,3.014,3.231,FDOT Annual Average Daily Traffic TDA,https://services1.arcgis.com/O1JpcwDW8sjYuddV/arcgis/rest/services/Annual_Average_Daily_Traffic_TDA/FeatureServer/0,https://services1.arcgis.com/O1JpcwDW8sjYuddV/arcgis/rest/services/Annual_Average_Daily_Traffic_TDA/FeatureServer/0/query?where=COUNTY%3D%27Miami-Dade%27&outFields=ROADWAY%2CAADT%2CAADTFLG%2CCOUNTY%2CDISTRICT%2CYEAR_%2CDESC_FRM%2CDESC_TO%2CBEGIN_POST%2CEND_POST&returnGeometry=false&f=json
87026000,30000,C,Miami-Dade,6,2025,NW 47 AV,SR-817/NW 27 AV,1.022,3.019,FDOT Annual Average Daily Traffic TDA,https://services1.arcgis.com/O1JpcwDW8sjYuddV/arcgis/rest/services/Annual_Average_Daily_Traffic_TDA/FeatureServer/0,https://services1.arcgis.com/O1JpcwDW8sjYuddV/arcgis/rest/services/Annual_Average_Daily_Traffic_TDA/FeatureServer/0/query?where=COUNTY%3D%27Miami-Dade%27&outFields=ROADWAY%2CAADT%2CAADTFLG%2CCOUNTY%2CDISTRICT%2CYEAR_%2CDESC_FRM%2CDESC_TO%2CBEGIN_POST%2CEND_POST&returnGeometry=false&f=json
87001000,52000,C,Miami-Dade,6,2025,SR-985 / SW 107 AV,SW 97 AV,7.125,8.144,FDOT Annual Average Daily Traffic TDA,https://services1.arcgis.com/O1JpcwDW8sjYuddV/arcgis/rest/services/Annual_Average_Daily_Traffic_TDA/FeatureServer/0,https://services1.arcgis.com/O1JpcwDW8sjYuddV/arcgis/rest/services/Annual_Average_Daily_Traffic_TDA/FeatureServer/0/query?where=COUNTY%3D%27Miami-Dade%27&outFields=ROADWAY%2CAADT%2CAADTFLG%2CCOUNTY%2CDISTRICT%2CYEAR_%2CDESC_FRM%2CDESC_TO%2CBEGIN_POST%2CEND_POST&returnGeometry=false&f=json
87021006,2500,F,Miami-Dade,6,2025,SR-878/WB,SW 87 AVE,0,0.193,FDOT Annual Average Daily Traffic TDA,https://services1.arcgis.com/O1JpcwDW8sjYuddV/arcgis/rest/services/Annual_Average_Daily_Traffic_TDA/FeatureServer/0,https://services1.arcgis.com/O1JpcwDW8sjYuddV/arcgis/rest/services/Annual_Average_Daily_Traffic_TDA/FeatureServer/0/query?where=COUNTY%3D%27Miami-Dade%27&outFields=ROADWAY%2CAADT%2CAADTFLG%2CCOUNTY%2CDISTRICT%2CYEAR_%2CDESC_FRM%2CDESC_TO%2CBEGIN_POST%2CEND_POST&returnGeometry=false&f=json
87053000,46500,C,Miami-Dade,6,2025,SR-973 / NW 87 AV,W 79 AV,0,0.733,FDOT Annual Average Daily Traffic TDA,https://services1.arcgis.com/O1JpcwDW8sjYuddV/arcgis/rest/services/Annual_Average_Daily_Traffic_TDA/FeatureServer/0,https://services1.arcgis.com/O1JpcwDW8sjYuddV/arcgis/rest/services/Annual_Average_Daily_Traffic_TDA/FeatureServer/0/query?where=COUNTY%3D%27Miami-Dade%27&outFields=ROADWAY%2CAADT%2CAADTFLG%2CCOUNTY%2CDISTRICT%2CYEAR_%2CDESC_FRM%2CDESC_TO%2CBEGIN_POST%2CEND_POST&returnGeometry=false&f=json
87004003,10000,F,Miami-Dade,6,2025,87270179 EB OFF,87004001 WB OFF,0,0.427,FDOT Annual Average Daily Traffic TDA,https://services1.arcgis.com/O1JpcwDW8sjYuddV/arcgis/rest/services/Annual_Average_Daily_Traffic_TDA/FeatureServer/0,https://services1.arcgis.com/O1JpcwDW8sjYuddV/arcgis/rest/services/Annual_Average_Daily_Traffic_TDA/FeatureServer/0/query?where=COUNTY%3D%27Miami-Dade%27&outFields=ROADWAY%2CAADT%2CAADTFLG%2CCOUNTY%2CDISTRICT%2CYEAR_%2CDESC_FRM%2CDESC_TO%2CBEGIN_POST%2CEND_POST&returnGeometry=false&f=json
87015000,35500,C,Miami-Dade,6,2025,ON RAMP 87471235,SW 232 ST,0,1.407,FDOT Annual Average Daily Traffic TDA,https://services1.arcgis.com/O1JpcwDW8sjYuddV/arcgis/rest/services/Annual_Average_Daily_Traffic_TDA/FeatureServer/0,https://services1.arcgis.com/O1JpcwDW8sjYuddV/arcgis/rest/services/Annual_Average_Daily_Traffic_TDA/FeatureServer/0/query?where=COUNTY%3D%27Miami-Dade%27&outFields=ROADWAY%2CAADT%2CAADTFLG%2CCOUNTY%2CDISTRICT%2CYEAR_%2CDESC_FRM%2CDESC_TO%2CBEGIN_POST%2CEND_POST&returnGeometry=false&f=json
87003017,6300,F,Miami-Dade,6,2025,NW 22 AVE,SR-112/EB,0,0.15,FDOT Annual Average Daily Traffic TDA,https://services1.arcgis.com/O1JpcwDW8sjYuddV/arcgis/rest/services/Annual_Average_Daily_Traffic_TDA/FeatureServer/0,https://services1.arcgis.com/O1JpcwDW8sjYuddV/arcgis/rest/services/Annual_Average_Daily_Traffic_TDA/FeatureServer/0/query?where=COUNTY%3D%27Miami-Dade%27&outFields=ROADWAY%2CAADT%2CAADTFLG%2CCOUNTY%2CDISTRICT%2CYEAR_%2CDESC_FRM%2CDESC_TO%2CBEGIN_POST%2CEND_POST&returnGeometry=false&f=json
87019000,40000,C,Miami-Dade,6,2025,SR 9 SB,FR 87260600/NW 167ST,0.178,1.716,FDOT Annual Average Daily Traffic TDA,https://services1.arcgis.com/O1JpcwDW8sjYuddV/arcgis/rest/services/Annual_Average_Daily_Traffic_TDA/FeatureServer/0,https://services1.arcgis.com/O1JpcwDW8sjYuddV/arcgis/rest/services/Annual_Average_Daily_Traffic_TDA/FeatureServer/0/query?where=COUNTY%3D%27Miami-Dade%27&outFields=ROADWAY%2CAADT%2CAADTFLG%2CCOUNTY%2CDISTRICT%2CYEAR_%2CDESC_FRM%2CDESC_TO%2CBEGIN_POST%2CEND_POST&returnGeometry=false&f=json
87000675,7900,F,Miami-Dade,6,2025,SW 137 AV,SW 124 CT,0,1.352,FDOT Annual Average Daily Traffic TDA,https://services1.arcgis.com/O1JpcwDW8sjYuddV/arcgis/rest/services/Annual_Average_Daily_Traffic_TDA/FeatureServer/0,https://services1.arcgis.com/O1JpcwDW8sjYuddV/arcgis/rest/services/Annual_Average_Daily_Traffic_TDA/FeatureServer/0/query?where=COUNTY%3D%27Miami-Dade%27&outFields=ROADWAY%2CAADT%2CAADTFLG%2CCOUNTY%2CDISTRICT%2CYEAR_%2CDESC_FRM%2CDESC_TO%2CBEGIN_POST%2CEND_POST&returnGeometry=false&f=json
87040101,10500,C,Miami-Dade,6,2025,SR-968 / W FLAGLER S,87270174 NB ON,0,0.565,FDOT Annual Average Daily Traffic TDA,https://services1.arcgis.com/O1JpcwDW8sjYuddV/arcgis/rest/services/Annual_Average_Daily_Traffic_TDA/FeatureServer/0,https://services1.arcgis.com/O1JpcwDW8sjYuddV/arcgis/rest/services/Annual_Average_Daily_Traffic_TDA/FeatureServer/0/query?where=COUNTY%3D%27Miami-Dade%27&outFields=ROADWAY%2CAADT%2CAADTFLG%2CCOUNTY%2CDISTRICT%2CYEAR_%2CDESC_FRM%2CDESC_TO%2CBEGIN_POST%2CEND_POST&returnGeometry=false&f=json
87060000,53500,C,Miami-Dade,6,2025,N/A,172 ST,14.036,14.966,FDOT Annual Average Daily Traffic TDA,https://services1.arcgis.com/O1JpcwDW8sjYuddV/arcgis/rest/services/Annual_Average_Daily_Traffic_TDA/FeatureServer/0,https://services1.arcgis.com/O1JpcwDW8sjYuddV/arcgis/rest/services/Annual_Average_Daily_Traffic_TDA/FeatureServer/0/query?where=COUNTY%3D%27Miami-Dade%27&outFields=ROADWAY%2CAADT%2CAADTFLG%2CCOUNTY%2CDISTRICT%2CYEAR_%2CDESC_FRM%2CDESC_TO%2CBEGIN_POST%2CEND_POST&returnGeometry=false&f=json
87032502,7600,S,Miami-Dade,6,2025,N/A,N 119 ST,1.516,2.535,FDOT Annual Average Daily Traffic TDA,https://services1.arcgis.com/O1JpcwDW8sjYuddV/arcgis/rest/services/Annual_Average_Daily_Traffic_TDA/FeatureServer/0,https://services1.arcgis.com/O1JpcwDW8sjYuddV/arcgis/rest/services/Annual_Average_Daily_Traffic_TDA/FeatureServer/0/query?where=COUNTY%3D%27Miami-Dade%27&outFields=ROADWAY%2CAADT%2CAADTFLG%2CCOUNTY%2CDISTRICT%2CYEAR_%2CDESC_FRM%2CDESC_TO%2CBEGIN_POST%2CEND_POST&returnGeometry=false&f=json
87020000,57500,C,Miami-Dade,6,2025,BEG SECTION 87020001,SW 136 ST,15.265,17.387,FDOT Annual Average Daily Traffic TDA,https://services1.arcgis.com/O1JpcwDW8sjYuddV/arcgis/rest/services/Annual_Average_Daily_Traffic_TDA/FeatureServer/0,https://services1.arcgis.com/O1JpcwDW8sjYuddV/arcgis/rest/services/Annual_Average_Daily_Traffic_TDA/FeatureServer/0/query?where=COUNTY%3D%27Miami-Dade%27&outFields=ROADWAY%2CAADT%2CAADTFLG%2CCOUNTY%2CDISTRICT%2CYEAR_%2CDESC_FRM%2CDESC_TO%2CBEGIN_POST%2CEND_POST&returnGeometry=false&f=json
87053501,28500,S,Miami-Dade,6,2025,END UNDERPASS 870416,W 107 AVE,0,1.018,FDOT Annual Average Daily Traffic TDA,https://services1.arcgis.com/O1JpcwDW8sjYuddV/arcgis/rest/services/Annual_Average_Daily_Traffic_TDA/FeatureServer/0,https://services1.arcgis.com/O1JpcwDW8sjYuddV/arcgis/rest/services/Annual_Average_Daily_Traffic_TDA/FeatureServer/0/query?where=COUNTY%3D%27Miami-Dade%27&outFields=ROADWAY%2CAADT%2CAADTFLG%2CCOUNTY%2CDISTRICT%2CYEAR_%2CDESC_FRM%2CDESC_TO%2CBEGIN_POST%2CEND_POST&returnGeometry=false&f=json
87000957,8300,T,Miami-Dade,6,2025,SW 167 AVE,SW 157 AVE,0,0.999,FDOT Annual Average Daily Traffic TDA,https://services1.arcgis.com/O1JpcwDW8sjYuddV/arcgis/rest/services/Annual_Average_Daily_Traffic_TDA/FeatureServer/0,https://services1.arcgis.com/O1JpcwDW8sjYuddV/arcgis/rest/services/Annual_Average_Daily_Traffic_TDA/FeatureServer/0/query?where=COUNTY%3D%27Miami-Dade%27&outFields=ROADWAY%2CAADT%2CAADTFLG%2CCOUNTY%2CDISTRICT%2CYEAR_%2CDESC_FRM%2CDESC_TO%2CBEGIN_POST%2CEND_POST&returnGeometry=false&f=json
87030000,70500,C,Miami-Dade,6,2025,N/A,SW 32 AV,4.731,5.966,FDOT Annual Average Daily Traffic TDA,https://services1.arcgis.com/O1JpcwDW8sjYuddV/arcgis/rest/services/Annual_Average_Daily_Traffic_TDA/FeatureServer/0,https://services1.arcgis.com/O1JpcwDW8sjYuddV/arcgis/rest/services/Annual_Average_Daily_Traffic_TDA/FeatureServer/0/query?where=COUNTY%3D%27Miami-Dade%27&outFields=ROADWAY%2CAADT%2CAADTFLG%2CCOUNTY%2CDISTRICT%2CYEAR_%2CDESC_FRM%2CDESC_TO%2CBEGIN_POST%2CEND_POST&returnGeometry=false&f=json
87008000,17600,C,Miami-Dade,6,2025,UNDERPASS#870467 /NB,SR 823/W 4 AV/RED RD,0,2.045,FDOT Annual Average Daily Traffic TDA,https://services1.arcgis.com/O1JpcwDW8sjYuddV/arcgis/rest/services/Annual_Average_Daily_Traffic_TDA/FeatureServer/0,https://services1.arcgis.com/O1JpcwDW8sjYuddV/arcgis/rest/services/Annual_Average_Daily_Traffic_TDA/FeatureServer/0/query?where=COUNTY%3D%27Miami-Dade%27&outFields=ROADWAY%2CAADT%2CAADTFLG%2CCOUNTY%2CDISTRICT%2CYEAR_%2CDESC_FRM%2CDESC_TO%2CBEGIN_POST%2CEND_POST&returnGeometry=false&f=json
87000693,8100,F,Miami-Dade,6,2025,HAMMOCKS BLVD,W CALUSA CLUB DR,0,1.668,FDOT Annual Average Daily Traffic TDA,https://services1.arcgis.com/O1JpcwDW8sjYuddV/arcgis/rest/services/Annual_Average_Daily_Traffic_TDA/FeatureServer/0,https://services1.arcgis.com/O1JpcwDW8sjYuddV/arcgis/rest/services/Annual_Average_Daily_Traffic_TDA/FeatureServer/0/query?where=COUNTY%3D%27Miami-Dade%27&outFields=ROADWAY%2CAADT%2CAADTFLG%2CCOUNTY%2CDISTRICT%2CYEAR_%2CDESC_FRM%2CDESC_TO%2CBEGIN_POST%2CEND_POST&returnGeometry=false&f=json
87045501,34500,C,Miami-Dade,6,2025,SW 107 AVE,N/A,0,1.003,FDOT Annual Average Daily Traffic TDA,https://services1.arcgis.com/O1JpcwDW8sjYuddV/arcgis/rest/services/Annual_Average_Daily_Traffic_TDA/FeatureServer/0,https://services1.arcgis.com/O1JpcwDW8sjYuddV/arcgis/rest/services/Annual_Average_Daily_Traffic_TDA/FeatureServer/0/query?where=COUNTY%3D%27Miami-Dade%27&outFields=ROADWAY%2CAADT%2CAADTFLG%2CCOUNTY%2CDISTRICT%2CYEAR_%2CDESC_FRM%2CDESC_TO%2CBEGIN_POST%2CEND_POST&returnGeometry=false&f=json
87005511,9600,F,Miami-Dade,6,2025,87260235 SB OFF,SB SR-874,0,0.274,FDOT Annual Average Daily Traffic TDA,https://services1.arcgis.com/O1JpcwDW8sjYuddV/arcgis/rest/services/Annual_Average_Daily_Traffic_TDA/FeatureServer/0,https://services1.arcgis.com/O1JpcwDW8sjYuddV/arcgis/rest/services/Annual_Average_Daily_Traffic_TDA/FeatureServer/0/query?where=COUNTY%3D%27Miami-Dade%27&outFields=ROADWAY%2CAADT%2CAADTFLG%2CCOUNTY%2CDISTRICT%2CYEAR_%2CDESC_FRM%2CDESC_TO%2CBEGIN_POST%2CEND_POST&returnGeometry=false&f=json
87059000,15572,C,Miami-Dade,6,2025,MAIN CHANEL,BAHAMA DR,0.5,1.003,FDOT Annual Average Daily Traffic TDA,https://services1.arcgis.com/O1JpcwDW8sjYuddV/arcgis/rest/services/Annual_Average_Daily_Traffic_TDA/FeatureServer/0,https://services1.arcgis.com/O1JpcwDW8sjYuddV/arcgis/rest/services/Annual_Average_Daily_Traffic_TDA/FeatureServer/0/query?where=COUNTY%3D%27Miami-Dade%27&outFields=ROADWAY%2CAADT%2CAADTFLG%2CCOUNTY%2CDISTRICT%2CYEAR_%2CDESC_FRM%2CDESC_TO%2CBEGIN_POST%2CEND_POST&returnGeometry=false&f=json
87001000,50000,C,Miami-Dade,6,2025,SW 117 AVE,SR-985 / SW 107 AV,5.954,7.125,FDOT Annual Average Daily Traffic TDA,https://services1.arcgis.com/O1JpcwDW8sjYuddV/arcgis/rest/services/Annual_Average_Daily_Traffic_TDA/FeatureServer/0,https://services1.arcgis.com/O1JpcwDW8sjYuddV/arcgis/rest/services/Annual_Average_Daily_Traffic_TDA/FeatureServer/0/query?where=COUNTY%3D%27Miami-Dade%27&outFields=ROADWAY%2CAADT%2CAADTFLG%2CCOUNTY%2CDISTRICT%2CYEAR_%2CDESC_FRM%2CDESC_TO%2CBEGIN_POST%2CEND_POST&returnGeometry=false&f=json
87027000,30500,C,Miami-Dade,6,2025,NW 31 ST,SR 948/NW 36 ST EXT,2.783,3.248,FDOT Annual Average Daily Traffic TDA,https://services1.arcgis.com/O1JpcwDW8sjYuddV/arcgis/rest/services/Annual_Average_Daily_Traffic_TDA/FeatureServer/0,https://services1.arcgis.com/O1JpcwDW8sjYuddV/arcgis/rest/services/Annual_Average_Daily_Traffic_TDA/FeatureServer/0/query?where=COUNTY%3D%27Miami-Dade%27&outFields=ROADWAY%2CAADT%2CAADTFLG%2CCOUNTY%2CDISTRICT%2CYEAR_%2CDESC_FRM%2CDESC_TO%2CBEGIN_POST%2CEND_POST&returnGeometry=false&f=json
87002000,36000,C,Miami-Dade,6,2025,SR 25/OKEECHOBEE RD,W 29 ST,0,1.263,FDOT Annual Average Daily Traffic TDA,https://services1.arcgis.com/O1JpcwDW8sjYuddV/arcgis/rest/services/Annual_Average_Daily_Traffic_TDA/FeatureServer/0,https://services1.arcgis.com/O1JpcwDW8sjYuddV/arcgis/rest/services/Annual_Average_Daily_Traffic_TDA/FeatureServer/0/query?where=COUNTY%3D%27Miami-Dade%27&outFields=ROADWAY%2CAADT%2CAADTFLG%2CCOUNTY%2CDISTRICT%2CYEAR_%2CDESC_FRM%2CDESC_TO%2CBEGIN_POST%2CEND_POST&returnGeometry=false&f=json
87054000,38500,C,Miami-Dade,6,2025,SR-9/SW 27 AV/UNITY,SW 17 AV,1.532,2.549,FDOT Annual Average Daily Traffic TDA,https://services1.arcgis.com/O1JpcwDW8sjYuddV/arcgis/rest/services/Annual_Average_Daily_Traffic_TDA/FeatureServer/0,https://services1.arcgis.com/O1JpcwDW8sjYuddV/arcgis/rest/services/Annual_Average_Daily_Traffic_TDA/FeatureServer/0/query?where=COUNTY%3D%27Miami-Dade%27&outFields=ROADWAY%2CAADT%2CAADTFLG%2CCOUNTY%2CDISTRICT%2CYEAR_%2CDESC_FRM%2CDESC_TO%2CBEGIN_POST%2CEND_POST&returnGeometry=false&f=json
87026200,200,C,Miami-Dade,6,2025,NW 42 AV,NW 43 CT,0,0.213,FDOT Annual Average Daily Traffic TDA,https://services1.arcgis.com/O1JpcwDW8sjYuddV/arcgis/rest/services/Annual_Average_Daily_Traffic_TDA/FeatureServer/0,https://services1.arcgis.com/O1JpcwDW8sjYuddV/arcgis/rest/services/Annual_Average_Daily_Traffic_TDA/FeatureServer/0/query?where=COUNTY%3D%27Miami-Dade%27&outFields=ROADWAY%2CAADT%2CAADTFLG%2CCOUNTY%2CDISTRICT%2CYEAR_%2CDESC_FRM%2CDESC_TO%2CBEGIN_POST%2CEND_POST&returnGeometry=false&f=json
87020000,35500,C,Miami-Dade,6,2025,COCONUT PALM DR,SR 989/SW 112 AVE,8.416,12.014,FDOT Annual Average Daily Traffic TDA,https://services1.arcgis.com/O1JpcwDW8sjYuddV/arcgis/rest/services/Annual_Average_Daily_Traffic_TDA/FeatureServer/0,https://services1.arcgis.com/O1JpcwDW8sjYuddV/arcgis/rest/services/Annual_Average_Daily_Traffic_TDA/FeatureServer/0/query?where=COUNTY%3D%27Miami-Dade%27&outFields=ROADWAY%2CAADT%2CAADTFLG%2CCOUNTY%2CDISTRICT%2CYEAR_%2CDESC_FRM%2CDESC_TO%2CBEGIN_POST%2CEND_POST&returnGeometry=false&f=json
87047000,35000,C,Miami-Dade,6,2025,US 41/SR 90/SW 8 ST,SR 968/W FLAGLER ST,7.995,8.519,FDOT Annual Average Daily Traffic TDA,https://services1.arcgis.com/O1JpcwDW8sjYuddV/arcgis/rest/services/Annual_Average_Daily_Traffic_TDA/FeatureServer/0,https://services1.arcgis.com/O1JpcwDW8sjYuddV/arcgis/rest/services/Annual_Average_Daily_Traffic_TDA/FeatureServer/0/query?where=COUNTY%3D%27Miami-Dade%27&outFields=ROADWAY%2CAADT%2CAADTFLG%2CCOUNTY%2CDISTRICT%2CYEAR_%2CDESC_FRM%2CDESC_TO%2CBEGIN_POST%2CEND_POST&returnGeometry=false&f=json
87030000,87500,C,Miami-Dade,6,2025,SECOFFEE TER,N/A,6.658,7.609,FDOT Annual Average Daily Traffic TDA,https://services1.arcgis.com/O1JpcwDW8sjYuddV/arcgis/rest/services/Annual_Average_Daily_Traffic_TDA/FeatureServer/0,https://services1.arcgis.com/O1JpcwDW8sjYuddV/arcgis/rest/services/Annual_Average_Daily_Traffic_TDA/FeatureServer/0/query?where=COUNTY%3D%27Miami-Dade%27&outFields=ROADWAY%2CAADT%2CAADTFLG%2CCOUNTY%2CDISTRICT%2CYEAR_%2CDESC_FRM%2CDESC_TO%2CBEGIN_POST%2CEND_POST&returnGeometry=false&f=json
87000774,4200,F,Miami-Dade,6,2025,SW 157 AV,SR-5/US-1,0,0.371,FDOT Annual Average Daily Traffic TDA,https://services1.arcgis.com/O1JpcwDW8sjYuddV/arcgis/rest/services/Annual_Average_Daily_Traffic_TDA/FeatureServer/0,https://services1.arcgis.com/O1JpcwDW8sjYuddV/arcgis/rest/services/Annual_Average_Daily_Traffic_TDA/FeatureServer/0/query?where=COUNTY%3D%27Miami-Dade%27&outFields=ROADWAY%2CAADT%2CAADTFLG%2CCOUNTY%2CDISTRICT%2CYEAR_%2CDESC_FRM%2CDESC_TO%2CBEGIN_POST%2CEND_POST&returnGeometry=false&f=json
87030000,87500,C,Miami-Dade,6,2025,N/A,SW 32 RD,7.609,8.293,FDOT Annual Average Daily Traffic TDA,https://services1.arcgis.com/O1JpcwDW8sjYuddV/arcgis/rest/services/Annual_Average_Daily_Traffic_TDA/FeatureServer/0,https://services1.arcgis.com/O1JpcwDW8sjYuddV/arcgis/rest/services/Annual_Average_Daily_Traffic_TDA/FeatureServer/0/query?where=COUNTY%3D%27Miami-Dade%27&outFields=ROADWAY%2CAADT%2CAADTFLG%2CCOUNTY%2CDISTRICT%2CYEAR_%2CDESC_FRM%2CDESC_TO%2CBEGIN_POST%2CEND_POST&returnGeometry=false&f=json
87003007,12500,F,Miami-Dade,6,2025,US-27/OKEECHOBEE RD,SR-112/EB,0,0.15,FDOT Annual Average Daily Traffic TDA,https://services1.arcgis.com/O1JpcwDW8sjYuddV/arcgis/rest/services/Annual_Average_Daily_Traffic_TDA/FeatureServer/0,https://services1.arcgis.com/O1JpcwDW8sjYuddV/arcgis/rest/services/Annual_Average_Daily_Traffic_TDA/FeatureServer/0/query?where=COUNTY%3D%27Miami-Dade%27&outFields=ROADWAY%2CAADT%2CAADTFLG%2CCOUNTY%2CDISTRICT%2CYEAR_%2CDESC_FRM%2CDESC_TO%2CBEGIN_POST%2CEND_POST&returnGeometry=false&f=json
87008503,30500,F,Miami-Dade,6,2025,OKEECHOBEE RD,HIALEAH GARDEN BLVD,0,1.809,FDOT Annual Average Daily Traffic TDA,https://services1.arcgis.com/O1JpcwDW8sjYuddV/arcgis/rest/services/Annual_Average_Daily_Traffic_TDA/FeatureServer/0,https://services1.arcgis.com/O1JpcwDW8sjYuddV/arcgis/rest/services/Annual_Average_Daily_Traffic_TDA/FeatureServer/0/query?where=COUNTY%3D%27Miami-Dade%27&outFields=ROADWAY%2CAADT%2CAADTFLG%2CCOUNTY%2CDISTRICT%2CYEAR_%2CDESC_FRM%2CDESC_TO%2CBEGIN_POST%2CEND_POST&returnGeometry=false&f=json
87000699,3600,F,Miami-Dade,6,2025,SW 147 AV,SW 137 AV,0,0.988,FDOT Annual Average Daily Traffic TDA,https://services1.arcgis.com/O1JpcwDW8sjYuddV/arcgis/rest/services/Annual_Average_Daily_Traffic_TDA/FeatureServer/0,https://services1.arcgis.com/O1JpcwDW8sjYuddV/arcgis/rest/services/Annual_Average_Daily_Traffic_TDA/FeatureServer/0/query?where=COUNTY%3D%27Miami-Dade%27&outFields=ROADWAY%2CAADT%2CAADTFLG%2CCOUNTY%2CDISTRICT%2CYEAR_%2CDESC_FRM%2CDESC_TO%2CBEGIN_POST%2CEND_POST&returnGeometry=false&f=json
87020500,4200,F,Miami-Dade,6,2025,UNSIGNED,SUNOCO GAS STATION,0.103,0.174,FDOT Annual Average Daily Traffic TDA,https://services1.arcgis.com/O1JpcwDW8sjYuddV/arcgis/rest/services/Annual_Average_Daily_Traffic_TDA/FeatureServer/0,https://services1.arcgis.com/O1JpcwDW8sjYuddV/arcgis/rest/services/Annual_Average_Daily_Traffic_TDA/FeatureServer/0/query?where=COUNTY%3D%27Miami-Dade%27&outFields=ROADWAY%2CAADT%2CAADTFLG%2CCOUNTY%2CDISTRICT%2CYEAR_%2CDESC_FRM%2CDESC_TO%2CBEGIN_POST%2CEND_POST&returnGeometry=false&f=json
87047000,19200,C,Miami-Dade,6,2025,SR 990/SW 112 ST,SR 94/SW 88 ST,1.382,2.92,FDOT Annual Average Daily Traffic TDA,https://services1.arcgis.com/O1JpcwDW8sjYuddV/arcgis/rest/services/Annual_Average_Daily_Traffic_TDA/FeatureServer/0,https://services1.arcgis.com/O1JpcwDW8sjYuddV/arcgis/rest/services/Annual_Average_Daily_Traffic_TDA/FeatureServer/0/query?where=COUNTY%3D%27Miami-Dade%27&outFields=ROADWAY%2CAADT%2CAADTFLG%2CCOUNTY%2CDISTRICT%2CYEAR_%2CDESC_FRM%2CDESC_TO%2CBEGIN_POST%2CEND_POST&returnGeometry=false&f=json
87030000,44500,C,Miami-Dade,6,2025,SR-25/US-27/NE 36 ST,NE 38 ST,13.458,13.583,FDOT Annual Average Daily Traffic TDA,https://services1.arcgis.com/O1JpcwDW8sjYuddV/arcgis/rest/services/Annual_Average_Daily_Traffic_TDA/FeatureServer/0,https://services1.arcgis.com/O1JpcwDW8sjYuddV/arcgis/rest/services/Annual_Average_Daily_Traffic_TDA/FeatureServer/0/query?where=COUNTY%3D%27Miami-Dade%27&outFields=ROADWAY%2CAADT%2CAADTFLG%2CCOUNTY%2CDISTRICT%2CYEAR_%2CDESC_FRM%2CDESC_TO%2CBEGIN_POST%2CEND_POST&returnGeometry=false&f=json
87030000,26000,T,Miami-Dade,6,2025,SE 12 TER,N/A,9.906,10.221,FDOT Annual Average Daily Traffic TDA,https://services1.arcgis.com/O1JpcwDW8sjYuddV/arcgis/rest/services/Annual_Average_Daily_Traffic_TDA/FeatureServer/0,https://services1.arcgis.com/O1JpcwDW8sjYuddV/arcgis/rest/services/Annual_Average_Daily_Traffic_TDA/FeatureServer/0/query?where=COUNTY%3D%27Miami-Dade%27&outFields=ROADWAY%2CAADT%2CAADTFLG%2CCOUNTY%2CDISTRICT%2CYEAR_%2CDESC_FRM%2CDESC_TO%2CBEGIN_POST%2CEND_POST&returnGeometry=false&f=json
87003004,10500,F,Miami-Dade,6,2025,SR-112/WB,SR-953 / LE JEUNE RD,0,0.185,FDOT Annual Average Daily Traffic TDA,https://services1.arcgis.com/O1JpcwDW8sjYuddV/arcgis/rest/services/Annual_Average_Daily_Traffic_TDA/FeatureServer/0,https://services1.arcgis.com/O1JpcwDW8sjYuddV/arcgis/rest/services/Annual_Average_Daily_Traffic_TDA/FeatureServer/0/query?where=COUNTY%3D%27Miami-Dade%27&outFields=ROADWAY%2CAADT%2CAADTFLG%2CCOUNTY%2CDISTRICT%2CYEAR_%2CDESC_FRM%2CDESC_TO%2CBEGIN_POST%2CEND_POST&returnGeometry=false&f=json
87008000,14000,C,Miami-Dade,6,2025,SR-916 / OPA-LOCKA B,SR-9 / NW 27 AV,4.888,5.102,FDOT Annual Average Daily Traffic TDA,https://services1.arcgis.com/O1JpcwDW8sjYuddV/arcgis/rest/services/Annual_Average_Daily_Traffic_TDA/FeatureServer/0,https://services1.arcgis.com/O1JpcwDW8sjYuddV/arcgis/rest/services/Annual_Average_Daily_Traffic_TDA/FeatureServer/0/query?where=COUNTY%3D%27Miami-Dade%27&outFields=ROADWAY%2CAADT%2CAADTFLG%2CCOUNTY%2CDISTRICT%2CYEAR_%2CDESC_FRM%2CDESC_TO%2CBEGIN_POST%2CEND_POST&returnGeometry=false&f=json
87000674,2700,F,Miami-Dade,6,2025,E CALUSA CLUB DR,SW 122 AV,0,0.573,FDOT Annual Average Daily Traffic TDA,https://services1.arcgis.com/O1JpcwDW8sjYuddV/arcgis/rest/services/Annual_Average_Daily_Traffic_TDA/FeatureServer/0,https://services1.arcgis.com/O1JpcwDW8sjYuddV/arcgis/rest/services/Annual_Average_Daily_Traffic_TDA/FeatureServer/0/query?where=COUNTY%3D%27Miami-Dade%27&outFields=ROADWAY%2CAADT%2CAADTFLG%2CCOUNTY%2CDISTRICT%2CYEAR_%2CDESC_FRM%2CDESC_TO%2CBEGIN_POST%2CEND_POST&returnGeometry=false&f=json
87037001,3700,C,Miami-Dade,6,2025,SPUR,SR-907/ALTON RD,0.345,0.408,FDOT Annual Average Daily Traffic TDA,https://services1.arcgis.com/O1JpcwDW8sjYuddV/arcgis/rest/services/Annual_Average_Daily_Traffic_TDA/FeatureServer/0,https://services1.arcgis.com/O1JpcwDW8sjYuddV/arcgis/rest/services/Annual_Average_Daily_Traffic_TDA/FeatureServer/0/query?where=COUNTY%3D%27Miami-Dade%27&outFields=ROADWAY%2CAADT%2CAADTFLG%2CCOUNTY%2CDISTRICT%2CYEAR_%2CDESC_FRM%2CDESC_TO%2CBEGIN_POST%2CEND_POST&returnGeometry=false&f=json
87000798,3400,F,Miami-Dade,6,2025,SW 158 CT,SW 152 AV,0.346,1.025,FDOT Annual Average Daily Traffic TDA,https://services1.arcgis.com/O1JpcwDW8sjYuddV/arcgis/rest/services/Annual_Average_Daily_Traffic_TDA/FeatureServer/0,https://services1.arcgis.com/O1JpcwDW8sjYuddV/arcgis/rest/services/Annual_Average_Daily_Traffic_TDA/FeatureServer/0/query?where=COUNTY%3D%27Miami-Dade%27&outFields=ROADWAY%2CAADT%2CAADTFLG%2CCOUNTY%2CDISTRICT%2CYEAR_%2CDESC_FRM%2CDESC_TO%2CBEGIN_POST%2CEND_POST&returnGeometry=false&f=json
87060000,11000,C,Miami-Dade,6,2025,26 ST,INDIAN CREEK DR,5.636,6.647,FDOT Annual Average Daily Traffic TDA,https://services1.arcgis.com/O1JpcwDW8sjYuddV/arcgis/rest/services/Annual_Average_Daily_Traffic_TDA/FeatureServer/0,https://services1.arcgis.com/O1JpcwDW8sjYuddV/arcgis/rest/services/Annual_Average_Daily_Traffic_TDA/FeatureServer/0/query?where=COUNTY%3D%27Miami-Dade%27&outFields=ROADWAY%2CAADT%2CAADTFLG%2CCOUNTY%2CDISTRICT%2CYEAR_%2CDESC_FRM%2CDESC_TO%2CBEGIN_POST%2CEND_POST&returnGeometry=false&f=json
87000983,12700,F,Miami-Dade,6,2025,US-1/DIXIE HWY,SW 200ST/QUAIL ROOST,0,3.173,FDOT Annual Average Daily Traffic TDA,https://services1.arcgis.com/O1JpcwDW8sjYuddV/arcgis/rest/services/Annual_Average_Daily_Traffic_TDA/FeatureServer/0,https://services1.arcgis.com/O1JpcwDW8sjYuddV/arcgis/rest/services/Annual_Average_Daily_Traffic_TDA/FeatureServer/0/query?where=COUNTY%3D%27Miami-Dade%27&outFields=ROADWAY%2CAADT%2CAADTFLG%2CCOUNTY%2CDISTRICT%2CYEAR_%2CDESC_FRM%2CDESC_TO%2CBEGIN_POST%2CEND_POST&returnGeometry=false&f=json
87000668,4200,F,Miami-Dade,6,2025,NW 37 AV,NW 27 AV,0,0.977,FDOT Annual Average Daily Traffic TDA,https://services1.arcgis.com/O1JpcwDW8sjYuddV/arcgis/rest/services/Annual_Average_Daily_Traffic_TDA/FeatureServer/0,https://services1.arcgis.com/O1JpcwDW8sjYuddV/arcgis/rest/services/Annual_Average_Daily_Traffic_TDA/FeatureServer/0/query?where=COUNTY%3D%27Miami-Dade%27&outFields=ROADWAY%2CAADT%2CAADTFLG%2CCOUNTY%2CDISTRICT%2CYEAR_%2CDESC_FRM%2CDESC_TO%2CBEGIN_POST%2CEND_POST&returnGeometry=false&f=json
87028504,24000,C,Miami-Dade,6,2025,SR-932/NW 103 ST,NW 119 ST,0,0.999,FDOT Annual Average Daily Traffic TDA,https://services1.arcgis.com/O1JpcwDW8sjYuddV/arcgis/rest/services/Annual_Average_Daily_Traffic_TDA/FeatureServer/0,https://services1.arcgis.com/O1JpcwDW8sjYuddV/arcgis/rest/services/Annual_Average_Daily_Traffic_TDA/FeatureServer/0/query?where=COUNTY%3D%27Miami-Dade%27&outFields=ROADWAY%2CAADT%2CAADTFLG%2CCOUNTY%2CDISTRICT%2CYEAR_%2CDESC_FRM%2CDESC_TO%2CBEGIN_POST%2CEND_POST&returnGeometry=false&f=json
87002000,42500,C,Miami-Dade,6,2025,W 29 ST,SR 932/W 49 ST,1.263,2.54,FDOT Annual Average Daily Traffic TDA,https://services1.arcgis.com/O1JpcwDW8sjYuddV/arcgis/rest/services/Annual_Average_Daily_Traffic_TDA/FeatureServer/0,https://services1.arcgis.com/O1JpcwDW8sjYuddV/arcgis/rest/services/Annual_Average_Daily_Traffic_TDA/FeatureServer/0/query?where=COUNTY%3D%27Miami-Dade%27&outFields=ROADWAY%2CAADT%2CAADTFLG%2CCOUNTY%2CDISTRICT%2CYEAR_%2CDESC_FRM%2CDESC_TO%2CBEGIN_POST%2CEND_POST&returnGeometry=false&f=json
87053500,46500,S,Miami-Dade,6,2025,SW 97 AVE,SR-973/NW 87 AVE,0.99,2.032,FDOT Annual Average Daily Traffic TDA,https://services1.arcgis.com/O1JpcwDW8sjYuddV/arcgis/rest/services/Annual_Average_Daily_Traffic_TDA/FeatureServer/0,https://services1.arcgis.com/O1JpcwDW8sjYuddV/arcgis/rest/services/Annual_Average_Daily_Traffic_TDA/FeatureServer/0/query?where=COUNTY%3D%27Miami-Dade%27&outFields=ROADWAY%2CAADT%2CAADTFLG%2CCOUNTY%2CDISTRICT%2CYEAR_%2CDESC_FRM%2CDESC_TO%2CBEGIN_POST%2CEND_POST&returnGeometry=false&f=json
87030112,17500,C,Miami-Dade,6,2025,SR-5 NB,87030113 SB OFF,0,0.46,FDOT Annual Average Daily Traffic TDA,https://services1.arcgis.com/O1JpcwDW8sjYuddV/arcgis/rest/services/Annual_Average_Daily_Traffic_TDA/FeatureServer/0,https://services1.arcgis.com/O1JpcwDW8sjYuddV/arcgis/rest/services/Annual_Average_Daily_Traffic_TDA/FeatureServer/0/query?where=COUNTY%3D%27Miami-Dade%27&outFields=ROADWAY%2CAADT%2CAADTFLG%2CCOUNTY%2CDISTRICT%2CYEAR_%2CDESC_FRM%2CDESC_TO%2CBEGIN_POST%2CEND_POST&returnGeometry=false&f=json
87026702,150,C,Miami-Dade,6,2025,NW 17 AV,NW 21 AV,0,0.446,FDOT Annual Average Daily Traffic TDA,https://services1.arcgis.com/O1JpcwDW8sjYuddV/arcgis/rest/services/Annual_Average_Daily_Traffic_TDA/FeatureServer/0,https://services1.arcgis.com/O1JpcwDW8sjYuddV/arcgis/rest/services/Annual_Average_Daily_Traffic_TDA/FeatureServer/0/query?where=COUNTY%3D%27Miami-Dade%27&outFields=ROADWAY%2CAADT%2CAADTFLG%2CCOUNTY%2CDISTRICT%2CYEAR_%2CDESC_FRM%2CDESC_TO%2CBEGIN_POST%2CEND_POST&returnGeometry=false&f=json
87020000,27000,C,Miami-Dade,6,2025,SW 183 ST,BEG SECTION 87020001,14.139,15.265,FDOT Annual Average Daily Traffic TDA,https://services1.arcgis.com/O1JpcwDW8sjYuddV/arcgis/rest/services/Annual_Average_Daily_Traffic_TDA/FeatureServer/0,https://services1.arcgis.com/O1JpcwDW8sjYuddV/arcgis/rest/services/Annual_Average_Daily_Traffic_TDA/FeatureServer/0/query?where=COUNTY%3D%27Miami-Dade%27&outFields=ROADWAY%2CAADT%2CAADTFLG%2CCOUNTY%2CDISTRICT%2CYEAR_%2CDESC_FRM%2CDESC_TO%2CBEGIN_POST%2CEND_POST&returnGeometry=false&f=json
87046000,13200,C,Miami-Dade,6,2025,SW 97 AV,SR-973/SW 87 AV,1.258,2.267,FDOT Annual Average Daily Traffic TDA,https://services1.arcgis.com/O1JpcwDW8sjYuddV/arcgis/rest/services/Annual_Average_Daily_Traffic_TDA/FeatureServer/0,https://services1.arcgis.com/O1JpcwDW8sjYuddV/arcgis/rest/services/Annual_Average_Daily_Traffic_TDA/FeatureServer/0/query?where=COUNTY%3D%27Miami-Dade%27&outFields=ROADWAY%2CAADT%2CAADTFLG%2CCOUNTY%2CDISTRICT%2CYEAR_%2CDESC_FRM%2CDESC_TO%2CBEGIN_POST%2CEND_POST&returnGeometry=false&f=json
87000794,1050,F,Miami-Dade,6,2025,SW 138 ST/SE 8 ST,UNSIGNED,0,1.664,FDOT Annual Average Daily Traffic TDA,https://services1.arcgis.com/O1JpcwDW8sjYuddV/arcgis/rest/services/Annual_Average_Daily_Traffic_TDA/FeatureServer/0,https://services1.arcgis.com/O1JpcwDW8sjYuddV/arcgis/rest/services/Annual_Average_Daily_Traffic_TDA/FeatureServer/0/query?where=COUNTY%3D%27Miami-Dade%27&outFields=ROADWAY%2CAADT%2CAADTFLG%2CCOUNTY%2CDISTRICT%2CYEAR_%2CDESC_FRM%2CDESC_TO%2CBEGIN_POST%2CEND_POST&returnGeometry=false&f=json
87030000,38500,C,Miami-Dade,6,2025,NE 53 ST,SR-934/NE 79 ST,14.476,16.083,FDOT Annual Average Daily Traffic TDA,https://services1.arcgis.com/O1JpcwDW8sjYuddV/arcgis/rest/services/Annual_Average_Daily_Traffic_TDA/FeatureServer/0,https://services1.arcgis.com/O1JpcwDW8sjYuddV/arcgis/rest/services/Annual_Average_Daily_Traffic_TDA/FeatureServer/0/query?where=COUNTY%3D%27Miami-Dade%27&outFields=ROADWAY%2CAADT%2CAADTFLG%2CCOUNTY%2CDISTRICT%2CYEAR_%2CDESC_FRM%2CDESC_TO%2CBEGIN_POST%2CEND_POST&returnGeometry=false&f=json
87006000,40000,C,Miami-Dade,6,2025,SR-9A / I-95,US-1 / SR-5/SE / AV,0,0.563,FDOT Annual Average Daily Traffic TDA,https://services1.arcgis.com/O1JpcwDW8sjYuddV/arcgis/rest/services/Annual_Average_Daily_Traffic_TDA/FeatureServer/0,https://services1.arcgis.com/O1JpcwDW8sjYuddV/arcgis/rest/services/Annual_Average_Daily_Traffic_TDA/FeatureServer/0/query?where=COUNTY%3D%27Miami-Dade%27&outFields=ROADWAY%2CAADT%2CAADTFLG%2CCOUNTY%2CDISTRICT%2CYEAR_%2CDESC_FRM%2CDESC_TO%2CBEGIN_POST%2CEND_POST&returnGeometry=false&f=json
87003000,111500,C,Miami-Dade,6,2025,87003010 SB OFF,N/A,2.261,3.499,FDOT Annual Average Daily Traffic TDA,https://services1.arcgis.com/O1JpcwDW8sjYuddV/arcgis/rest/services/Annual_Average_Daily_Traffic_TDA/FeatureServer/0,https://services1.arcgis.com/O1JpcwDW8sjYuddV/arcgis/rest/services/Annual_Average_Daily_Traffic_TDA/FeatureServer/0/query?where=COUNTY%3D%27Miami-Dade%27&outFields=ROADWAY%2CAADT%2CAADTFLG%2CCOUNTY%2CDISTRICT%2CYEAR_%2CDESC_FRM%2CDESC_TO%2CBEGIN_POST%2CEND_POST&returnGeometry=false&f=json
87012000,24500,C,Miami-Dade,6,2025,SR 860/NW 183 ST,HONEYHILL DR/199 ST,0,0.992,FDOT Annual Average Daily Traffic TDA,https://services1.arcgis.com/O1JpcwDW8sjYuddV/arcgis/rest/services/Annual_Average_Daily_Traffic_TDA/FeatureServer/0,https://services1.arcgis.com/O1JpcwDW8sjYuddV/arcgis/rest/services/Annual_Average_Daily_Traffic_TDA/FeatureServer/0/query?where=COUNTY%3D%27Miami-Dade%27&outFields=ROADWAY%2CAADT%2CAADTFLG%2CCOUNTY%2CDISTRICT%2CYEAR_%2CDESC_FRM%2CDESC_TO%2CBEGIN_POST%2CEND_POST&returnGeometry=false&f=json
87000721,16600,T,Miami-Dade,6,2025,SW 157 AV,SW 147 AV,0,1.045,FDOT Annual Average Daily Traffic TDA,https://services1.arcgis.com/O1JpcwDW8sjYuddV/arcgis/rest/services/Annual_Average_Daily_Traffic_TDA/FeatureServer/0,https://services1.arcgis.com/O1JpcwDW8sjYuddV/arcgis/rest/services/Annual_Average_Daily_Traffic_TDA/FeatureServer/0/query?where=COUNTY%3D%27Miami-Dade%27&outFields=ROADWAY%2CAADT%2CAADTFLG%2CCOUNTY%2CDISTRICT%2CYEAR_%2CDESC_FRM%2CDESC_TO%2CBEGIN_POST%2CEND_POST&returnGeometry=false&f=json
87039000,33000,C,Miami-Dade,6,2025,SW 112 AV/LINCOLN BL,SR 5/US-1,0.384,2.462,FDOT Annual Average Daily Traffic TDA,https://services1.arcgis.com/O1JpcwDW8sjYuddV/arcgis/rest/services/Annual_Average_Daily_Traffic_TDA/FeatureServer/0,https://services1.arcgis.com/O1JpcwDW8sjYuddV/arcgis/rest/services/Annual_Average_Daily_Traffic_TDA/FeatureServer/0/query?where=COUNTY%3D%27Miami-Dade%27&outFields=ROADWAY%2CAADT%2CAADTFLG%2CCOUNTY%2CDISTRICT%2CYEAR_%2CDESC_FRM%2CDESC_TO%2CBEGIN_POST%2CEND_POST&returnGeometry=false&f=json
87055000,36500,C,Miami-Dade,6,2025,SR- 973/SW 87 AVE,SR- 826 / NB,4.018,5.066,FDOT Annual Average Daily Traffic TDA,https://services1.arcgis.com/O1JpcwDW8sjYuddV/arcgis/rest/services/Annual_Average_Daily_Traffic_TDA/FeatureServer/0,https://services1.arcgis.com/O1JpcwDW8sjYuddV/arcgis/rest/services/Annual_Average_Daily_Traffic_TDA/FeatureServer/0/query?where=COUNTY%3D%27Miami-Dade%27&outFields=ROADWAY%2CAADT%2CAADTFLG%2CCOUNTY%2CDISTRICT%2CYEAR_%2CDESC_FRM%2CDESC_TO%2CBEGIN_POST%2CEND_POST&returnGeometry=false&f=json
87026300,150,C,Miami-Dade,6,2025,NW 44 AV,NW 42 AV,0,0.249,FDOT Annual Average Daily Traffic TDA,https://services1.arcgis.com/O1JpcwDW8sjYuddV/arcgis/rest/services/Annual_Average_Daily_Traffic_TDA/FeatureServer/0,https://services1.arcgis.com/O1JpcwDW8sjYuddV/arcgis/rest/services/Annual_Average_Daily_Traffic_TDA/FeatureServer/0/query?where=COUNTY%3D%27Miami-Dade%27&outFields=ROADWAY%2CAADT%2CAADTFLG%2CCOUNTY%2CDISTRICT%2CYEAR_%2CDESC_FRM%2CDESC_TO%2CBEGIN_POST%2CEND_POST&returnGeometry=false&f=json
87000975,8800,T,Miami-Dade,6,2025,NW 41 ST/DORAL BLVD,NW 58 ST,0,1.001,FDOT Annual Average Daily Traffic TDA,https://services1.arcgis.com/O1JpcwDW8sjYuddV/arcgis/rest/services/Annual_Average_Daily_Traffic_TDA/FeatureServer/0,https://services1.arcgis.com/O1JpcwDW8sjYuddV/arcgis/rest/services/Annual_Average_Daily_Traffic_TDA/FeatureServer/0/query?where=COUNTY%3D%27Miami-Dade%27&outFields=ROADWAY%2CAADT%2CAADTFLG%2CCOUNTY%2CDISTRICT%2CYEAR_%2CDESC_FRM%2CDESC_TO%2CBEGIN_POST%2CEND_POST&returnGeometry=false&f=json
87037000,31500,C,Miami-Dade,6,2025,DADE BLVD,SR 112,1.307,2.751,FDOT Annual Average Daily Traffic TDA,https://services1.arcgis.com/O1JpcwDW8sjYuddV/arcgis/rest/services/Annual_Average_Daily_Traffic_TDA/FeatureServer/0,https://services1.arcgis.com/O1JpcwDW8sjYuddV/arcgis/rest/services/Annual_Average_Daily_Traffic_TDA/FeatureServer/0/query?where=COUNTY%3D%27Miami-Dade%27&outFields=ROADWAY%2CAADT%2CAADTFLG%2CCOUNTY%2CDISTRICT%2CYEAR_%2CDESC_FRM%2CDESC_TO%2CBEGIN_POST%2CEND_POST&returnGeometry=false&f=json
87037201,15500,F,Miami-Dade,6,2025,87004024 SB OFF,SR-907/ ALTON RD,0,0.264,FDOT Annual Average Daily Traffic TDA,https://services1.arcgis.com/O1JpcwDW8sjYuddV/arcgis/rest/services/Annual_Average_Daily_Traffic_TDA/FeatureServer/0,https://services1.arcgis.com/O1JpcwDW8sjYuddV/arcgis/rest/services/Annual_Average_Daily_Traffic_TDA/FeatureServer/0/query?where=COUNTY%3D%27Miami-Dade%27&outFields=ROADWAY%2CAADT%2CAADTFLG%2CCOUNTY%2CDISTRICT%2CYEAR_%2CDESC_FRM%2CDESC_TO%2CBEGIN_POST%2CEND_POST&returnGeometry=false&f=json
87056500,21000,S,Miami-Dade,6,2025,NW 10 AVE,END UNDERPASS 870724,1.789,2.166,FDOT Annual Average Daily Traffic TDA,https://services1.arcgis.com/O1JpcwDW8sjYuddV/arcgis/rest/services/Annual_Average_Daily_Traffic_TDA/FeatureServer/0,https://services1.arcgis.com/O1JpcwDW8sjYuddV/arcgis/rest/services/Annual_Average_Daily_Traffic_TDA/FeatureServer/0/query?where=COUNTY%3D%27Miami-Dade%27&outFields=ROADWAY%2CAADT%2CAADTFLG%2CCOUNTY%2CDISTRICT%2CYEAR_%2CDESC_FRM%2CDESC_TO%2CBEGIN_POST%2CEND_POST&returnGeometry=false&f=json
87026005,48500,C,Miami-Dade,6,2025,0.021M E OF RAMPS,NW 87 AVE,0,0.583,FDOT Annual Average Daily Traffic TDA,https://services1.arcgis.com/O1JpcwDW8sjYuddV/arcgis/rest/services/Annual_Average_Daily_Traffic_TDA/FeatureServer/0,https://services1.arcgis.com/O1JpcwDW8sjYuddV/arcgis/rest/services/Annual_Average_Daily_Traffic_TDA/FeatureServer/0/query?where=COUNTY%3D%27Miami-Dade%27&outFields=ROADWAY%2CAADT%2CAADTFLG%2CCOUNTY%2CDISTRICT%2CYEAR_%2CDESC_FRM%2CDESC_TO%2CBEGIN_POST%2CEND_POST&returnGeometry=false&f=json
87000972,9500,C,Miami-Dade,6,2025,NW 107 AVE,NW 97 AVE,0,1.015,FDOT Annual Average Daily Traffic TDA,https://services1.arcgis.com/O1JpcwDW8sjYuddV/arcgis/rest/services/Annual_Average_Daily_Traffic_TDA/FeatureServer/0,https://services1.arcgis.com/O1JpcwDW8sjYuddV/arcgis/rest/services/Annual_Average_Daily_Traffic_TDA/FeatureServer/0/query?where=COUNTY%3D%27Miami-Dade%27&outFields=ROADWAY%2CAADT%2CAADTFLG%2CCOUNTY%2CDISTRICT%2CYEAR_%2CDESC_FRM%2CDESC_TO%2CBEGIN_POST%2CEND_POST&returnGeometry=false&f=json
87053000,36500,C,Miami-Dade,6,2025,N/A,N/A,3.032,4.564,FDOT Annual Average Daily Traffic TDA,https://services1.arcgis.com/O1JpcwDW8sjYuddV/arcgis/rest/services/Annual_Average_Daily_Traffic_TDA/FeatureServer/0,https://services1.arcgis.com/O1JpcwDW8sjYuddV/arcgis/rest/services/Annual_Average_Daily_Traffic_TDA/FeatureServer/0/query?where=COUNTY%3D%27Miami-Dade%27&outFields=ROADWAY%2CAADT%2CAADTFLG%2CCOUNTY%2CDISTRICT%2CYEAR_%2CDESC_FRM%2CDESC_TO%2CBEGIN_POST%2CEND_POST&returnGeometry=false&f=json
87000960,7300,C,Miami-Dade,6,2025,NW 116 WAY,S RIVER DR,0,1.259,FDOT Annual Average Daily Traffic TDA,https://services1.arcgis.com/O1JpcwDW8sjYuddV/arcgis/rest/services/Annual_Average_Daily_Traffic_TDA/FeatureServer/0,https://services1.arcgis.com/O1JpcwDW8sjYuddV/arcgis/rest/services/Annual_Average_Daily_Traffic_TDA/FeatureServer/0/query?where=COUNTY%3D%27Miami-Dade%27&outFields=ROADWAY%2CAADT%2CAADTFLG%2CCOUNTY%2CDISTRICT%2CYEAR_%2CDESC_FRM%2CDESC_TO%2CBEGIN_POST%2CEND_POST&returnGeometry=false&f=json
87004020,11500,F,Miami-Dade,6,2025,NE 38 ST/EB,I-195/SR-112/WB,0,0.061,FDOT Annual Average Daily Traffic TDA,https://services1.arcgis.com/O1JpcwDW8sjYuddV/arcgis/rest/services/Annual_Average_Daily_Traffic_TDA/FeatureServer/0,https://services1.arcgis.com/O1JpcwDW8sjYuddV/arcgis/rest/services/Annual_Average_Daily_Traffic_TDA/FeatureServer/0/query?where=COUNTY%3D%27Miami-Dade%27&outFields=ROADWAY%2CAADT%2CAADTFLG%2CCOUNTY%2CDISTRICT%2CYEAR_%2CDESC_FRM%2CDESC_TO%2CBEGIN_POST%2CEND_POST&returnGeometry=false&f=json
87020700,350,C,Miami-Dade,6,2025,SW 112 AVE/SW 208 DR,MARLIN RD,0,1.233,FDOT Annual Average Daily Traffic TDA,https://services1.arcgis.com/O1JpcwDW8sjYuddV/arcgis/rest/services/Annual_Average_Daily_Traffic_TDA/FeatureServer/0,https://services1.arcgis.com/O1JpcwDW8sjYuddV/arcgis/rest/services/Annual_Average_Daily_Traffic_TDA/FeatureServer/0/query?where=COUNTY%3D%27Miami-Dade%27&outFields=ROADWAY%2CAADT%2CAADTFLG%2CCOUNTY%2CDISTRICT%2CYEAR_%2CDESC_FRM%2CDESC_TO%2CBEGIN_POST%2CEND_POST&returnGeometry=false&f=json
87004023,13500,F,Miami-Dade,6,2025,0.102 MI E OF NE 5,I-195/EB,0,0.187,FDOT Annual Average Daily Traffic TDA,https://services1.arcgis.com/O1JpcwDW8sjYuddV/arcgis/rest/services/Annual_Average_Daily_Traffic_TDA/FeatureServer/0,https://services1.arcgis.com/O1JpcwDW8sjYuddV/arcgis/rest/services/Annual_Average_Daily_Traffic_TDA/FeatureServer/0/query?where=COUNTY%3D%27Miami-Dade%27&outFields=ROADWAY%2CAADT%2CAADTFLG%2CCOUNTY%2CDISTRICT%2CYEAR_%2CDESC_FRM%2CDESC_TO%2CBEGIN_POST%2CEND_POST&returnGeometry=false&f=json
87045500,14200,S,Miami-Dade,6,2025,N/A,SR-959/SW 57 AV/RED,0.961,1.976,FDOT Annual Average Daily Traffic TDA,https://services1.arcgis.com/O1JpcwDW8sjYuddV/arcgis/rest/services/Annual_Average_Daily_Traffic_TDA/FeatureServer/0,https://services1.arcgis.com/O1JpcwDW8sjYuddV/arcgis/rest/services/Annual_Average_Daily_Traffic_TDA/FeatureServer/0/query?where=COUNTY%3D%27Miami-Dade%27&outFields=ROADWAY%2CAADT%2CAADTFLG%2CCOUNTY%2CDISTRICT%2CYEAR_%2CDESC_FRM%2CDESC_TO%2CBEGIN_POST%2CEND_POST&returnGeometry=false&f=json
87000793,8500,F,Miami-Dade,6,2025,SW 18 AV,SW 152 AV,0,0.973,FDOT Annual Average Daily Traffic TDA,https://services1.arcgis.com/O1JpcwDW8sjYuddV/arcgis/rest/services/Annual_Average_Daily_Traffic_TDA/FeatureServer/0,https://services1.arcgis.com/O1JpcwDW8sjYuddV/arcgis/rest/services/Annual_Average_Daily_Traffic_TDA/FeatureServer/0/query?where=COUNTY%3D%27Miami-Dade%27&outFields=ROADWAY%2CAADT%2CAADTFLG%2CCOUNTY%2CDISTRICT%2CYEAR_%2CDESC_FRM%2CDESC_TO%2CBEGIN_POST%2CEND_POST&returnGeometry=false&f=json
87006049,14000,F,Miami-Dade,6,2025,SR-970/WB,87270506 NB ON,0,0.159,FDOT Annual Average Daily Traffic TDA,https://services1.arcgis.com/O1JpcwDW8sjYuddV/arcgis/rest/services/Annual_Average_Daily_Traffic_TDA/FeatureServer/0,https://services1.arcgis.com/O1JpcwDW8sjYuddV/arcgis/rest/services/Annual_Average_Daily_Traffic_TDA/FeatureServer/0/query?where=COUNTY%3D%27Miami-Dade%27&outFields=ROADWAY%2CAADT%2CAADTFLG%2CCOUNTY%2CDISTRICT%2CYEAR_%2CDESC_FRM%2CDESC_TO%2CBEGIN_POST%2CEND_POST&returnGeometry=false&f=json
87003000,33500,C,Miami-Dade,6,2025,87281225 NB ON,87003020 EB ON,0,0.941,FDOT Annual Average Daily Traffic TDA,https://services1.arcgis.com/O1JpcwDW8sjYuddV/arcgis/rest/services/Annual_Average_Daily_Traffic_TDA/FeatureServer/0,https://services1.arcgis.com/O1JpcwDW8sjYuddV/arcgis/rest/services/Annual_Average_Daily_Traffic_TDA/FeatureServer/0/query?where=COUNTY%3D%27Miami-Dade%27&outFields=ROADWAY%2CAADT%2CAADTFLG%2CCOUNTY%2CDISTRICT%2CYEAR_%2CDESC_FRM%2CDESC_TO%2CBEGIN_POST%2CEND_POST&returnGeometry=false&f=json
87019001,45000,C,Miami-Dade,6,2025,SR-9 NB/87240000,SR-9 SB/87240101,0,0.178,FDOT Annual Average Daily Traffic TDA,https://services1.arcgis.com/O1JpcwDW8sjYuddV/arcgis/rest/services/Annual_Average_Daily_Traffic_TDA/FeatureServer/0,https://services1.arcgis.com/O1JpcwDW8sjYuddV/arcgis/rest/services/Annual_Average_Daily_Traffic_TDA/FeatureServer/0/query?where=COUNTY%3D%27Miami-Dade%27&outFields=ROADWAY%2CAADT%2CAADTFLG%2CCOUNTY%2CDISTRICT%2CYEAR_%2CDESC_FRM%2CDESC_TO%2CBEGIN_POST%2CEND_POST&returnGeometry=false&f=json
87000671,6300,F,Miami-Dade,6,2025,W FLAGLER ST,NW 122 AV,0,0.634,FDOT Annual Average Daily Traffic TDA,https://services1.arcgis.com/O1JpcwDW8sjYuddV/arcgis/rest/services/Annual_Average_Daily_Traffic_TDA/FeatureServer/0,https://services1.arcgis.com/O1JpcwDW8sjYuddV/arcgis/rest/services/Annual_Average_Daily_Traffic_TDA/FeatureServer/0/query?where=COUNTY%3D%27Miami-Dade%27&outFields=ROADWAY%2CAADT%2CAADTFLG%2CCOUNTY%2CDISTRICT%2CYEAR_%2CDESC_FRM%2CDESC_TO%2CBEGIN_POST%2CEND_POST&returnGeometry=false&f=json
87044000,45000,C,Miami-Dade,6,2025,SW 97 AV,SR-973/SW 87 AV,2.138,3.133,FDOT Annual Average Daily Traffic TDA,https://services1.arcgis.com/O1JpcwDW8sjYuddV/arcgis/rest/services/Annual_Average_Daily_Traffic_TDA/FeatureServer/0,https://services1.arcgis.com/O1JpcwDW8sjYuddV/arcgis/rest/services/Annual_Average_Daily_Traffic_TDA/FeatureServer/0/query?where=COUNTY%3D%27Miami-Dade%27&outFields=ROADWAY%2CAADT%2CAADTFLG%2CCOUNTY%2CDISTRICT%2CYEAR_%2CDESC_FRM%2CDESC_TO%2CBEGIN_POST%2CEND_POST&returnGeometry=false&f=json
87060001,36000,E,Miami-Dade,6,2025,INDIAN CREEK DR,SR-907/W 63 ST,2.498,3.014,FDOT Annual Average Daily Traffic TDA,https://services1.arcgis.com/O1JpcwDW8sjYuddV/arcgis/rest/services/Annual_Average_Daily_Traffic_TDA/FeatureServer/0,https://services1.arcgis.com/O1JpcwDW8sjYuddV/arcgis/rest/services/Annual_Average_Daily_Traffic_TDA/FeatureServer/0/query?where=COUNTY%3D%27Miami-Dade%27&outFields=ROADWAY%2CAADT%2CAADTFLG%2CCOUNTY%2CDISTRICT%2CYEAR_%2CDESC_FRM%2CDESC_TO%2CBEGIN_POST%2CEND_POST&returnGeometry=false&f=json
87026005,32000,C,Miami-Dade,6,2025,N/A,SR-823 / NW 57 AV,2.415,3.664,FDOT Annual Average Daily Traffic TDA,https://services1.arcgis.com/O1JpcwDW8sjYuddV/arcgis/rest/services/Annual_Average_Daily_Traffic_TDA/FeatureServer/0,https://services1.arcgis.com/O1JpcwDW8sjYuddV/arcgis/rest/services/Annual_Average_Daily_Traffic_TDA/FeatureServer/0/query?where=COUNTY%3D%27Miami-Dade%27&outFields=ROADWAY%2CAADT%2CAADTFLG%2CCOUNTY%2CDISTRICT%2CYEAR_%2CDESC_FRM%2CDESC_TO%2CBEGIN_POST%2CEND_POST&returnGeometry=false&f=json
87020000,82500,C,Miami-Dade,6,2025,SW 112 ST,SW 98 ST,19.071,20.042,FDOT Annual Average Daily Traffic TDA,https://services1.arcgis.com/O1JpcwDW8sjYuddV/arcgis/rest/services/Annual_Average_Daily_Traffic_TDA/FeatureServer/0,https://services1.arcgis.com/O1JpcwDW8sjYuddV/arcgis/rest/services/Annual_Average_Daily_Traffic_TDA/FeatureServer/0/query?where=COUNTY%3D%27Miami-Dade%27&outFields=ROADWAY%2CAADT%2CAADTFLG%2CCOUNTY%2CDISTRICT%2CYEAR_%2CDESC_FRM%2CDESC_TO%2CBEGIN_POST%2CEND_POST&returnGeometry=false&f=json
87053001,23000,C,Miami-Dade,6,2025,SR-968 / W FLAGLER S,SW 17 AV,0,0.78,FDOT Annual Average Daily Traffic TDA,https://services1.arcgis.com/O1JpcwDW8sjYuddV/arcgis/rest/services/Annual_Average_Daily_Traffic_TDA/FeatureServer/0,https://services1.arcgis.com/O1JpcwDW8sjYuddV/arcgis/rest/services/Annual_Average_Daily_Traffic_TDA/FeatureServer/0/query?where=COUNTY%3D%27Miami-Dade%27&outFields=ROADWAY%2CAADT%2CAADTFLG%2CCOUNTY%2CDISTRICT%2CYEAR_%2CDESC_FRM%2CDESC_TO%2CBEGIN_POST%2CEND_POST&returnGeometry=false&f=json
87000952,17600,T,Miami-Dade,6,2025,SW 104 ST,SW 42 ST,0,4.09,FDOT Annual Average Daily Traffic TDA,https://services1.arcgis.com/O1JpcwDW8sjYuddV/arcgis/rest/services/Annual_Average_Daily_Traffic_TDA/FeatureServer/0,https://services1.arcgis.com/O1JpcwDW8sjYuddV/arcgis/rest/services/Annual_Average_Daily_Traffic_TDA/FeatureServer/0/query?where=COUNTY%3D%27Miami-Dade%27&outFields=ROADWAY%2CAADT%2CAADTFLG%2CCOUNTY%2CDISTRICT%2CYEAR_%2CDESC_FRM%2CDESC_TO%2CBEGIN_POST%2CEND_POST&returnGeometry=false&f=json
87036500,20300,S,Miami-Dade,6,2025,23 ST,47 ST,0,1.612,FDOT Annual Average Daily Traffic TDA,https://services1.arcgis.com/O1JpcwDW8sjYuddV/arcgis/rest/services/Annual_Average_Daily_Traffic_TDA/FeatureServer/0,https://services1.arcgis.com/O1JpcwDW8sjYuddV/arcgis/rest/services/Annual_Average_Daily_Traffic_TDA/FeatureServer/0/query?where=COUNTY%3D%27Miami-Dade%27&outFields=ROADWAY%2CAADT%2CAADTFLG%2CCOUNTY%2CDISTRICT%2CYEAR_%2CDESC_FRM%2CDESC_TO%2CBEGIN_POST%2CEND_POST&returnGeometry=false&f=json
87008500,5600,C,Miami-Dade,6,2025,SR-916/NW 138 ST,87075527 NB ON,0,0.051,FDOT Annual Average Daily Traffic TDA,https://services1.arcgis.com/O1JpcwDW8sjYuddV/arcgis/rest/services/Annual_Average_Daily_Traffic_TDA/FeatureServer/0,https://services1.arcgis.com/O1JpcwDW8sjYuddV/arcgis/rest/services/Annual_Average_Daily_Traffic_TDA/FeatureServer/0/query?where=COUNTY%3D%27Miami-Dade%27&outFields=ROADWAY%2CAADT%2CAADTFLG%2CCOUNTY%2CDISTRICT%2CYEAR_%2CDESC_FRM%2CDESC_TO%2CBEGIN_POST%2CEND_POST&returnGeometry=false&f=json
87047000,42500,C,Miami-Dade,6,2025,NW 12 ST,NW 36 ST EXT,9.505,11.33,FDOT Annual Average Daily Traffic TDA,https://services1.arcgis.com/O1JpcwDW8sjYuddV/arcgis/rest/services/Annual_Average_Daily_Traffic_TDA/FeatureServer/0,https://services1.arcgis.com/O1JpcwDW8sjYuddV/arcgis/rest/services/Annual_Average_Daily_Traffic_TDA/FeatureServer/0/query?where=COUNTY%3D%27Miami-Dade%27&outFields=ROADWAY%2CAADT%2CAADTFLG%2CCOUNTY%2CDISTRICT%2CYEAR_%2CDESC_FRM%2CDESC_TO%2CBEGIN_POST%2CEND_POST&returnGeometry=false&f=json
87054503,6500,C,Miami-Dade,6,2025,LE JEUNE RD/SW 42 AV,N/A,0,0.245,FDOT Annual Average Daily Traffic TDA,https://services1.arcgis.com/O1JpcwDW8sjYuddV/arcgis/rest/services/Annual_Average_Daily_Traffic_TDA/FeatureServer/0,https://services1.arcgis.com/O1JpcwDW8sjYuddV/arcgis/rest/services/Annual_Average_Daily_Traffic_TDA/FeatureServer/0/query?where=COUNTY%3D%27Miami-Dade%27&outFields=ROADWAY%2CAADT%2CAADTFLG%2CCOUNTY%2CDISTRICT%2CYEAR_%2CDESC_FRM%2CDESC_TO%2CBEGIN_POST%2CEND_POST&returnGeometry=false&f=json
87034000,22500,C,Miami-Dade,6,2025,SR-932 / NE 103 ST,SR-922/NE 125 ST,0.929,2.343,FDOT Annual Average Daily Traffic TDA,https://services1.arcgis.com/O1JpcwDW8sjYuddV/arcgis/rest/services/Annual_Average_Daily_Traffic_TDA/FeatureServer/0,https://services1.arcgis.com/O1JpcwDW8sjYuddV/arcgis/rest/services/Annual_Average_Daily_Traffic_TDA/FeatureServer/0/query?where=COUNTY%3D%27Miami-Dade%27&outFields=ROADWAY%2CAADT%2CAADTFLG%2CCOUNTY%2CDISTRICT%2CYEAR_%2CDESC_FRM%2CDESC_TO%2CBEGIN_POST%2CEND_POST&returnGeometry=false&f=json
87010000,26500,C,Miami-Dade,6,2025,N END BR900139/CO LN,CARD SOUND ROAD,0,13.947,FDOT Annual Average Daily Traffic TDA,https://services1.arcgis.com/O1JpcwDW8sjYuddV/arcgis/rest/services/Annual_Average_Daily_Traffic_TDA/FeatureServer/0,https://services1.arcgis.com/O1JpcwDW8sjYuddV/arcgis/rest/services/Annual_Average_Daily_Traffic_TDA/FeatureServer/0/query?where=COUNTY%3D%27Miami-Dade%27&outFields=ROADWAY%2CAADT%2CAADTFLG%2CCOUNTY%2CDISTRICT%2CYEAR_%2CDESC_FRM%2CDESC_TO%2CBEGIN_POST%2CEND_POST&returnGeometry=false&f=json
87045501,39500,S,Miami-Dade,6,2025,N/A,SW 87 AVE,1.003,2,FDOT Annual Average Daily Traffic TDA,https://services1.arcgis.com/O1JpcwDW8sjYuddV/arcgis/rest/services/Annual_Average_Daily_Traffic_TDA/FeatureServer/0,https://services1.arcgis.com/O1JpcwDW8sjYuddV/arcgis/rest/services/Annual_Average_Daily_Traffic_TDA/FeatureServer/0/query?where=COUNTY%3D%27Miami-Dade%27&outFields=ROADWAY%2CAADT%2CAADTFLG%2CCOUNTY%2CDISTRICT%2CYEAR_%2CDESC_FRM%2CDESC_TO%2CBEGIN_POST%2CEND_POST&returnGeometry=false&f=json
87000766,11800,T,Miami-Dade,6,2025,NW 12 ST,NW 25 ST,0,0.988,FDOT Annual Average Daily Traffic TDA,https://services1.arcgis.com/O1JpcwDW8sjYuddV/arcgis/rest/services/Annual_Average_Daily_Traffic_TDA/FeatureServer/0,https://services1.arcgis.com/O1JpcwDW8sjYuddV/arcgis/rest/services/Annual_Average_Daily_Traffic_TDA/FeatureServer/0/query?where=COUNTY%3D%27Miami-Dade%27&outFields=ROADWAY%2CAADT%2CAADTFLG%2CCOUNTY%2CDISTRICT%2CYEAR_%2CDESC_FRM%2CDESC_TO%2CBEGIN_POST%2CEND_POST&returnGeometry=false&f=json
87002000,50500,C,Miami-Dade,6,2025,SR 826/PALMETTO EXPY,N/A,6.56,7.555,FDOT Annual Average Daily Traffic TDA,https://services1.arcgis.com/O1JpcwDW8sjYuddV/arcgis/rest/services/Annual_Average_Daily_Traffic_TDA/FeatureServer/0,https://services1.arcgis.com/O1JpcwDW8sjYuddV/arcgis/rest/services/Annual_Average_Daily_Traffic_TDA/FeatureServer/0/query?where=COUNTY%3D%27Miami-Dade%27&outFields=ROADWAY%2CAADT%2CAADTFLG%2CCOUNTY%2CDISTRICT%2CYEAR_%2CDESC_FRM%2CDESC_TO%2CBEGIN_POST%2CEND_POST&returnGeometry=false&f=json
87000697,4300,F,Miami-Dade,6,2025,SW 162 AV,HAMMOCKS BLVD,0,1.103,FDOT Annual Average Daily Traffic TDA,https://services1.arcgis.com/O1JpcwDW8sjYuddV/arcgis/rest/services/Annual_Average_Daily_Traffic_TDA/FeatureServer/0,https://services1.arcgis.com/O1JpcwDW8sjYuddV/arcgis/rest/services/Annual_Average_Daily_Traffic_TDA/FeatureServer/0/query?where=COUNTY%3D%27Miami-Dade%27&outFields=ROADWAY%2CAADT%2CAADTFLG%2CCOUNTY%2CDISTRICT%2CYEAR_%2CDESC_FRM%2CDESC_TO%2CBEGIN_POST%2CEND_POST&returnGeometry=false&f=json
87044000,66500,C,Miami-Dade,6,2025,SR-826 / SB,SW 67 AVE,4.218,5.187,FDOT Annual Average Daily Traffic TDA,https://services1.arcgis.com/O1JpcwDW8sjYuddV/arcgis/rest/services/Annual_Average_Daily_Traffic_TDA/FeatureServer/0,https://services1.arcgis.com/O1JpcwDW8sjYuddV/arcgis/rest/services/Annual_Average_Daily_Traffic_TDA/FeatureServer/0/query?where=COUNTY%3D%27Miami-Dade%27&outFields=ROADWAY%2CAADT%2CAADTFLG%2CCOUNTY%2CDISTRICT%2CYEAR_%2CDESC_FRM%2CDESC_TO%2CBEGIN_POST%2CEND_POST&returnGeometry=false&f=json
87060000,21500,C,Miami-Dade,6,2025,71 ST,BEG 87060001/SR A1A,9.439,11.671,FDOT Annual Average Daily Traffic TDA,https://services1.arcgis.com/O1JpcwDW8sjYuddV/arcgis/rest/services/Annual_Average_Daily_Traffic_TDA/FeatureServer/0,https://services1.arcgis.com/O1JpcwDW8sjYuddV/arcgis/rest/services/Annual_Average_Daily_Traffic_TDA/FeatureServer/0/query?where=COUNTY%3D%27Miami-Dade%27&outFields=ROADWAY%2CAADT%2CAADTFLG%2CCOUNTY%2CDISTRICT%2CYEAR_%2CDESC_FRM%2CDESC_TO%2CBEGIN_POST%2CEND_POST&returnGeometry=false&f=json
87030113,8600,C,Miami-Dade,6,2025,SR-5 SB,NE 26 ST,0,0.401,FDOT Annual Average Daily Traffic TDA,https://services1.arcgis.com/O1JpcwDW8sjYuddV/arcgis/rest/services/Annual_Average_Daily_Traffic_TDA/FeatureServer/0,https://services1.arcgis.com/O1JpcwDW8sjYuddV/arcgis/rest/services/Annual_Average_Daily_Traffic_TDA/FeatureServer/0/query?where=COUNTY%3D%27Miami-Dade%27&outFields=ROADWAY%2CAADT%2CAADTFLG%2CCOUNTY%2CDISTRICT%2CYEAR_%2CDESC_FRM%2CDESC_TO%2CBEGIN_POST%2CEND_POST&returnGeometry=false&f=json
87026705,80,C,Miami-Dade,6,2025,NW 2 CT,NW 5 AV,0,0.153,FDOT Annual Average Daily Traffic TDA,https://services1.arcgis.com/O1JpcwDW8sjYuddV/arcgis/rest/services/Annual_Average_Daily_Traffic_TDA/FeatureServer/0,https://services1.arcgis.com/O1JpcwDW8sjYuddV/arcgis/rest/services/Annual_Average_Daily_Traffic_TDA/FeatureServer/0/query?where=COUNTY%3D%27Miami-Dade%27&outFields=ROADWAY%2CAADT%2CAADTFLG%2CCOUNTY%2CDISTRICT%2CYEAR_%2CDESC_FRM%2CDESC_TO%2CBEGIN_POST%2CEND_POST&returnGeometry=false&f=json
87021000,37000,C,Miami-Dade,6,2025,SR-874 / DON SHULA E,N/A,0,0.612,FDOT Annual Average Daily Traffic TDA,https://services1.arcgis.com/O1JpcwDW8sjYuddV/arcgis/rest/services/Annual_Average_Daily_Traffic_TDA/FeatureServer/0,https://services1.arcgis.com/O1JpcwDW8sjYuddV/arcgis/rest/services/Annual_Average_Daily_Traffic_TDA/FeatureServer/0/query?where=COUNTY%3D%27Miami-Dade%27&outFields=ROADWAY%2CAADT%2CAADTFLG%2CCOUNTY%2CDISTRICT%2CYEAR_%2CDESC_FRM%2CDESC_TO%2CBEGIN_POST%2CEND_POST&returnGeometry=false&f=json
87047000,22500,C,Miami-Dade,6,2025,SW 56 ST/MILLER DR,SR 976/SW 40 ST,4.889,6.011,FDOT Annual Average Daily Traffic TDA,https://services1.arcgis.com/O1JpcwDW8sjYuddV/arcgis/rest/services/Annual_Average_Daily_Traffic_TDA/FeatureServer/0,https://services1.arcgis.com/O1JpcwDW8sjYuddV/arcgis/rest/services/Annual_Average_Daily_Traffic_TDA/FeatureServer/0/query?where=COUNTY%3D%27Miami-Dade%27&outFields=ROADWAY%2CAADT%2CAADTFLG%2CCOUNTY%2CDISTRICT%2CYEAR_%2CDESC_FRM%2CDESC_TO%2CBEGIN_POST%2CEND_POST&returnGeometry=false&f=json
87030000,28000,T,Miami-Dade,6,2025,SW 32 RD,SE 12 TER,8.293,9.906,FDOT Annual Average Daily Traffic TDA,https://services1.arcgis.com/O1JpcwDW8sjYuddV/arcgis/rest/services/Annual_Average_Daily_Traffic_TDA/FeatureServer/0,https://services1.arcgis.com/O1JpcwDW8sjYuddV/arcgis/rest/services/Annual_Average_Daily_Traffic_TDA/FeatureServer/0/query?where=COUNTY%3D%27Miami-Dade%27&outFields=ROADWAY%2CAADT%2CAADTFLG%2CCOUNTY%2CDISTRICT%2CYEAR_%2CDESC_FRM%2CDESC_TO%2CBEGIN_POST%2CEND_POST&returnGeometry=false&f=json
87030000,45000,C,Miami-Dade,6,2025,SW 98 ST,N/A,0,0.84,FDOT Annual Average Daily Traffic TDA,https://services1.arcgis.com/O1JpcwDW8sjYuddV/arcgis/rest/services/Annual_Average_Daily_Traffic_TDA/FeatureServer/0,https://services1.arcgis.com/O1JpcwDW8sjYuddV/arcgis/rest/services/Annual_Average_Daily_Traffic_TDA/FeatureServer/0/query?where=COUNTY%3D%27Miami-Dade%27&outFields=ROADWAY%2CAADT%2CAADTFLG%2CCOUNTY%2CDISTRICT%2CYEAR_%2CDESC_FRM%2CDESC_TO%2CBEGIN_POST%2CEND_POST&returnGeometry=false&f=json
87003018,4800,F,Miami-Dade,6,2025,SR-112/WB,NW 41 ST/WB,0,0.121,FDOT Annual Average Daily Traffic TDA,https://services1.arcgis.com/O1JpcwDW8sjYuddV/arcgis/rest/services/Annual_Average_Daily_Traffic_TDA/FeatureServer/0,https://services1.arcgis.com/O1JpcwDW8sjYuddV/arcgis/rest/services/Annual_Average_Daily_Traffic_TDA/FeatureServer/0/query?where=COUNTY%3D%27Miami-Dade%27&outFields=ROADWAY%2CAADT%2CAADTFLG%2CCOUNTY%2CDISTRICT%2CYEAR_%2CDESC_FRM%2CDESC_TO%2CBEGIN_POST%2CEND_POST&returnGeometry=false&f=json
87010100,200,C,Miami-Dade,6,2025,SW 424 ST,SR-5 / US-1,0,0.24,FDOT Annual Average Daily Traffic TDA,https://services1.arcgis.com/O1JpcwDW8sjYuddV/arcgis/rest/services/Annual_Average_Daily_Traffic_TDA/FeatureServer/0,https://services1.arcgis.com/O1JpcwDW8sjYuddV/arcgis/rest/services/Annual_Average_Daily_Traffic_TDA/FeatureServer/0/query?where=COUNTY%3D%27Miami-Dade%27&outFields=ROADWAY%2CAADT%2CAADTFLG%2CCOUNTY%2CDISTRICT%2CYEAR_%2CDESC_FRM%2CDESC_TO%2CBEGIN_POST%2CEND_POST&returnGeometry=false&f=json
87000687,15400,F,Miami-Dade,6,2025,SW 120 ST,SW 72 ST,0,3.247,FDOT Annual Average Daily Traffic TDA,https://services1.arcgis.com/O1JpcwDW8sjYuddV/arcgis/rest/services/Annual_Average_Daily_Traffic_TDA/FeatureServer/0,https://services1.arcgis.com/O1JpcwDW8sjYuddV/arcgis/rest/services/Annual_Average_Daily_Traffic_TDA/FeatureServer/0/query?where=COUNTY%3D%27Miami-Dade%27&outFields=ROADWAY%2CAADT%2CAADTFLG%2CCOUNTY%2CDISTRICT%2CYEAR_%2CDESC_FRM%2CDESC_TO%2CBEGIN_POST%2CEND_POST&returnGeometry=false&f=json
87039500,13200,S,Miami-Dade,6,2025,SR-5/US-1,OLD CUTLER RD,0,1.868,FDOT Annual Average Daily Traffic TDA,https://services1.arcgis.com/O1JpcwDW8sjYuddV/arcgis/rest/services/Annual_Average_Daily_Traffic_TDA/FeatureServer/0,https://services1.arcgis.com/O1JpcwDW8sjYuddV/arcgis/rest/services/Annual_Average_Daily_Traffic_TDA/FeatureServer/0/query?where=COUNTY%3D%27Miami-Dade%27&outFields=ROADWAY%2CAADT%2CAADTFLG%2CCOUNTY%2CDISTRICT%2CYEAR_%2CDESC_FRM%2CDESC_TO%2CBEGIN_POST%2CEND_POST&returnGeometry=false&f=json
87000759,9200,F,Miami-Dade,6,2025,N CANAL DR,SW 312 ST,0,1.03,FDOT Annual Average Daily Traffic TDA,https://services1.arcgis.com/O1JpcwDW8sjYuddV/arcgis/rest/services/Annual_Average_Daily_Traffic_TDA/FeatureServer/0,https://services1.arcgis.com/O1JpcwDW8sjYuddV/arcgis/rest/services/Annual_Average_Daily_Traffic_TDA/FeatureServer/0/query?where=COUNTY%3D%27Miami-Dade%27&outFields=ROADWAY%2CAADT%2CAADTFLG%2CCOUNTY%2CDISTRICT%2CYEAR_%2CDESC_FRM%2CDESC_TO%2CBEGIN_POST%2CEND_POST&returnGeometry=false&f=json
87055000,37500,C,Miami-Dade,6,2025,SR- 821/HEFT /SB,SR- 985/SW 107 AVE,0.905,2.018,FDOT Annual Average Daily Traffic TDA,https://services1.arcgis.com/O1JpcwDW8sjYuddV/arcgis/rest/services/Annual_Average_Daily_Traffic_TDA/FeatureServer/0,https://services1.arcgis.com/O1JpcwDW8sjYuddV/arcgis/rest/services/Annual_Average_Daily_Traffic_TDA/FeatureServer/0/query?where=COUNTY%3D%27Miami-Dade%27&outFields=ROADWAY%2CAADT%2CAADTFLG%2CCOUNTY%2CDISTRICT%2CYEAR_%2CDESC_FRM%2CDESC_TO%2CBEGIN_POST%2CEND_POST&returnGeometry=false&f=json
87001000,70500,C,Miami-Dade,6,2025,SR- 825 / SW 137 AV,SW 127 AV,3.962,4.953,FDOT Annual Average Daily Traffic TDA,https://services1.arcgis.com/O1JpcwDW8sjYuddV/arcgis/rest/services/Annual_Average_Daily_Traffic_TDA/FeatureServer/0,https://services1.arcgis.com/O1JpcwDW8sjYuddV/arcgis/rest/services/Annual_Average_Daily_Traffic_TDA/FeatureServer/0/query?where=COUNTY%3D%27Miami-Dade%27&outFields=ROADWAY%2CAADT%2CAADTFLG%2CCOUNTY%2CDISTRICT%2CYEAR_%2CDESC_FRM%2CDESC_TO%2CBEGIN_POST%2CEND_POST&returnGeometry=false&f=json
87005037,13000,F,Miami-Dade,6,2025,SR 874 SB,SW 122 AVE,0,0.85,FDOT Annual Average Daily Traffic TDA,https://services1.arcgis.com/O1JpcwDW8sjYuddV/arcgis/rest/services/Annual_Average_Daily_Traffic_TDA/FeatureServer/0,https://services1.arcgis.com/O1JpcwDW8sjYuddV/arcgis/rest/services/Annual_Average_Daily_Traffic_TDA/FeatureServer/0/query?where=COUNTY%3D%27Miami-Dade%27&outFields=ROADWAY%2CAADT%2CAADTFLG%2CCOUNTY%2CDISTRICT%2CYEAR_%2CDESC_FRM%2CDESC_TO%2CBEGIN_POST%2CEND_POST&returnGeometry=false&f=json
87029501,26000,S,Miami-Dade,6,2025,SW 22 ST/CORAL WAY,NW 7 ST/LUIS SABINES,0,1.998,FDOT Annual Average Daily Traffic TDA,https://services1.arcgis.com/O1JpcwDW8sjYuddV/arcgis/rest/services/Annual_Average_Daily_Traffic_TDA/FeatureServer/0,https://services1.arcgis.com/O1JpcwDW8sjYuddV/arcgis/rest/services/Annual_Average_Daily_Traffic_TDA/FeatureServer/0/query?where=COUNTY%3D%27Miami-Dade%27&outFields=ROADWAY%2CAADT%2CAADTFLG%2CCOUNTY%2CDISTRICT%2CYEAR_%2CDESC_FRM%2CDESC_TO%2CBEGIN_POST%2CEND_POST&returnGeometry=false&f=json
87000980,13500,T,Miami-Dade,6,2025,NW 117 AVE,NW 107 AVE,0,1,FDOT Annual Average Daily Traffic TDA,https://services1.arcgis.com/O1JpcwDW8sjYuddV/arcgis/rest/services/Annual_Average_Daily_Traffic_TDA/FeatureServer/0,https://services1.arcgis.com/O1JpcwDW8sjYuddV/arcgis/rest/services/Annual_Average_Daily_Traffic_TDA/FeatureServer/0/query?where=COUNTY%3D%27Miami-Dade%27&outFields=ROADWAY%2CAADT%2CAADTFLG%2CCOUNTY%2CDISTRICT%2CYEAR_%2CDESC_FRM%2CDESC_TO%2CBEGIN_POST%2CEND_POST&returnGeometry=false&f=json
87000783,11000,F,Miami-Dade,6,2025,SW 92 AV,SW 97 AV,0.742,1.247,FDOT Annual Average Daily Traffic TDA,https://services1.arcgis.com/O1JpcwDW8sjYuddV/arcgis/rest/services/Annual_Average_Daily_Traffic_TDA/FeatureServer/0,https://services1.arcgis.com/O1JpcwDW8sjYuddV/arcgis/rest/services/Annual_Average_Daily_Traffic_TDA/FeatureServer/0/query?where=COUNTY%3D%27Miami-Dade%27&outFields=ROADWAY%2CAADT%2CAADTFLG%2CCOUNTY%2CDISTRICT%2CYEAR_%2CDESC_FRM%2CDESC_TO%2CBEGIN_POST%2CEND_POST&returnGeometry=false&f=json
87006048,11500,F,Miami-Dade,6,2025,87270505 EB OFF,S MIAMI AVE,0,0.078,FDOT Annual Average Daily Traffic TDA,https://services1.arcgis.com/O1JpcwDW8sjYuddV/arcgis/rest/services/Annual_Average_Daily_Traffic_TDA/FeatureServer/0,https://services1.arcgis.com/O1JpcwDW8sjYuddV/arcgis/rest/services/Annual_Average_Daily_Traffic_TDA/FeatureServer/0/query?where=COUNTY%3D%27Miami-Dade%27&outFields=ROADWAY%2CAADT%2CAADTFLG%2CCOUNTY%2CDISTRICT%2CYEAR_%2CDESC_FRM%2CDESC_TO%2CBEGIN_POST%2CEND_POST&returnGeometry=false&f=json
87055000,38000,C,Miami-Dade,6,2025,SW 127 AV,SR- 821/HEFT /SB,0,0.905,FDOT Annual Average Daily Traffic TDA,https://services1.arcgis.com/O1JpcwDW8sjYuddV/arcgis/rest/services/Annual_Average_Daily_Traffic_TDA/FeatureServer/0,https://services1.arcgis.com/O1JpcwDW8sjYuddV/arcgis/rest/services/Annual_Average_Daily_Traffic_TDA/FeatureServer/0/query?where=COUNTY%3D%27Miami-Dade%27&outFields=ROADWAY%2CAADT%2CAADTFLG%2CCOUNTY%2CDISTRICT%2CYEAR_%2CDESC_FRM%2CDESC_TO%2CBEGIN_POST%2CEND_POST&returnGeometry=false&f=json
87004000,108500,C,Miami-Dade,6,2025,N/A,SR-907 / ALTON RD,1.565,4.921,FDOT Annual Average Daily Traffic TDA,https://services1.arcgis.com/O1JpcwDW8sjYuddV/arcgis/rest/services/Annual_Average_Daily_Traffic_TDA/FeatureServer/0,https://services1.arcgis.com/O1JpcwDW8sjYuddV/arcgis/rest/services/Annual_Average_Daily_Traffic_TDA/FeatureServer/0/query?where=COUNTY%3D%27Miami-Dade%27&outFields=ROADWAY%2CAADT%2CAADTFLG%2CCOUNTY%2CDISTRICT%2CYEAR_%2CDESC_FRM%2CDESC_TO%2CBEGIN_POST%2CEND_POST&returnGeometry=false&f=json
87037001,5300,C,Miami-Dade,6,2025,BARRY ST,SPUR,0.078,0.345,FDOT Annual Average Daily Traffic TDA,https://services1.arcgis.com/O1JpcwDW8sjYuddV/arcgis/rest/services/Annual_Average_Daily_Traffic_TDA/FeatureServer/0,https://services1.arcgis.com/O1JpcwDW8sjYuddV/arcgis/rest/services/Annual_Average_Daily_Traffic_TDA/FeatureServer/0/query?where=COUNTY%3D%27Miami-Dade%27&outFields=ROADWAY%2CAADT%2CAADTFLG%2CCOUNTY%2CDISTRICT%2CYEAR_%2CDESC_FRM%2CDESC_TO%2CBEGIN_POST%2CEND_POST&returnGeometry=false&f=json
87027000,32500,C,Miami-Dade,6,2025,NW 72 AVE,NW 12 ST,0.857,1.183,FDOT Annual Average Daily Traffic TDA,https://services1.arcgis.com/O1JpcwDW8sjYuddV/arcgis/rest/services/Annual_Average_Daily_Traffic_TDA/FeatureServer/0,https://services1.arcgis.com/O1JpcwDW8sjYuddV/arcgis/rest/services/Annual_Average_Daily_Traffic_TDA/FeatureServer/0/query?where=COUNTY%3D%27Miami-Dade%27&outFields=ROADWAY%2CAADT%2CAADTFLG%2CCOUNTY%2CDISTRICT%2CYEAR_%2CDESC_FRM%2CDESC_TO%2CBEGIN_POST%2CEND_POST&returnGeometry=false&f=json
87000976,5200,F,Miami-Dade,6,2025,SW 11 ST,SW 8 ST,0,1.762,FDOT Annual Average Daily Traffic TDA,https://services1.arcgis.com/O1JpcwDW8sjYuddV/arcgis/rest/services/Annual_Average_Daily_Traffic_TDA/FeatureServer/0,https://services1.arcgis.com/O1JpcwDW8sjYuddV/arcgis/rest/services/Annual_Average_Daily_Traffic_TDA/FeatureServer/0/query?where=COUNTY%3D%27Miami-Dade%27&outFields=ROADWAY%2CAADT%2CAADTFLG%2CCOUNTY%2CDISTRICT%2CYEAR_%2CDESC_FRM%2CDESC_TO%2CBEGIN_POST%2CEND_POST&returnGeometry=false&f=json
87053000,41500,C,Miami-Dade,6,2025,N/A,N/A,1.496,3.032,FDOT Annual Average Daily Traffic TDA,https://services1.arcgis.com/O1JpcwDW8sjYuddV/arcgis/rest/services/Annual_Average_Daily_Traffic_TDA/FeatureServer/0,https://services1.arcgis.com/O1JpcwDW8sjYuddV/arcgis/rest/services/Annual_Average_Daily_Traffic_TDA/FeatureServer/0/query?where=COUNTY%3D%27Miami-Dade%27&outFields=ROADWAY%2CAADT%2CAADTFLG%2CCOUNTY%2CDISTRICT%2CYEAR_%2CDESC_FRM%2CDESC_TO%2CBEGIN_POST%2CEND_POST&returnGeometry=false&f=json
87005000,117000,C,Miami-Dade,6,2025,SR 990/KILLIAN PKWY,N/A,2.275,4.595,FDOT Annual Average Daily Traffic TDA,https://services1.arcgis.com/O1JpcwDW8sjYuddV/arcgis/rest/services/Annual_Average_Daily_Traffic_TDA/FeatureServer/0,https://services1.arcgis.com/O1JpcwDW8sjYuddV/arcgis/rest/services/Annual_Average_Daily_Traffic_TDA/FeatureServer/0/query?where=COUNTY%3D%27Miami-Dade%27&outFields=ROADWAY%2CAADT%2CAADTFLG%2CCOUNTY%2CDISTRICT%2CYEAR_%2CDESC_FRM%2CDESC_TO%2CBEGIN_POST%2CEND_POST&returnGeometry=false&f=json
87020000,55500,C,Miami-Dade,6,2025,SW 136 ST,SW 112 ST,17.387,19.071,FDOT Annual Average Daily Traffic TDA,https://services1.arcgis.com/O1JpcwDW8sjYuddV/arcgis/rest/services/Annual_Average_Daily_Traffic_TDA/FeatureServer/0,https://services1.arcgis.com/O1JpcwDW8sjYuddV/arcgis/rest/services/Annual_Average_Daily_Traffic_TDA/FeatureServer/0/query?where=COUNTY%3D%27Miami-Dade%27&outFields=ROADWAY%2CAADT%2CAADTFLG%2CCOUNTY%2CDISTRICT%2CYEAR_%2CDESC_FRM%2CDESC_TO%2CBEGIN_POST%2CEND_POST&returnGeometry=false&f=json
87048000,27700,C,Miami-Dade,6,2025,NW 14 ST,NW 42 CT,0.442,0.671,FDOT Annual Average Daily Traffic TDA,https://services1.arcgis.com/O1JpcwDW8sjYuddV/arcgis/rest/services/Annual_Average_Daily_Traffic_TDA/FeatureServer/0,https://services1.arcgis.com/O1JpcwDW8sjYuddV/arcgis/rest/services/Annual_Average_Daily_Traffic_TDA/FeatureServer/0/query?where=COUNTY%3D%27Miami-Dade%27&outFields=ROADWAY%2CAADT%2CAADTFLG%2CCOUNTY%2CDISTRICT%2CYEAR_%2CDESC_FRM%2CDESC_TO%2CBEGIN_POST%2CEND_POST&returnGeometry=false&f=json
87030000,81500,C,Miami-Dade,6,2025,SW 32 AV,N/A,5.966,6.519,FDOT Annual Average Daily Traffic TDA,https://services1.arcgis.com/O1JpcwDW8sjYuddV/arcgis/rest/services/Annual_Average_Daily_Traffic_TDA/FeatureServer/0,https://services1.arcgis.com/O1JpcwDW8sjYuddV/arcgis/rest/services/Annual_Average_Daily_Traffic_TDA/FeatureServer/0/query?where=COUNTY%3D%27Miami-Dade%27&outFields=ROADWAY%2CAADT%2CAADTFLG%2CCOUNTY%2CDISTRICT%2CYEAR_%2CDESC_FRM%2CDESC_TO%2CBEGIN_POST%2CEND_POST&returnGeometry=false&f=json
87030000,37500,C,Miami-Dade,6,2025,NE 108 ST,SR-922/NE 123 ST,18.25,19.327,FDOT Annual Average Daily Traffic TDA,https://services1.arcgis.com/O1JpcwDW8sjYuddV/arcgis/rest/services/Annual_Average_Daily_Traffic_TDA/FeatureServer/0,https://services1.arcgis.com/O1JpcwDW8sjYuddV/arcgis/rest/services/Annual_Average_Daily_Traffic_TDA/FeatureServer/0/query?where=COUNTY%3D%27Miami-Dade%27&outFields=ROADWAY%2CAADT%2CAADTFLG%2CCOUNTY%2CDISTRICT%2CYEAR_%2CDESC_FRM%2CDESC_TO%2CBEGIN_POST%2CEND_POST&returnGeometry=false&f=json
87003016,4600,F,Miami-Dade,6,2025,SR-112/EB,NW 22 AVE,0,0.121,FDOT Annual Average Daily Traffic TDA,https://services1.arcgis.com/O1JpcwDW8sjYuddV/arcgis/rest/services/Annual_Average_Daily_Traffic_TDA/FeatureServer/0,https://services1.arcgis.com/O1JpcwDW8sjYuddV/arcgis/rest/services/Annual_Average_Daily_Traffic_TDA/FeatureServer/0/query?where=COUNTY%3D%27Miami-Dade%27&outFields=ROADWAY%2CAADT%2CAADTFLG%2CCOUNTY%2CDISTRICT%2CYEAR_%2CDESC_FRM%2CDESC_TO%2CBEGIN_POST%2CEND_POST&returnGeometry=false&f=json
87018000,32000,C,Miami-Dade,6,2025,87470110 SB ON,SR-7/US-441/NW 2 AV,0.927,2.534,FDOT Annual Average Daily Traffic TDA,https://services1.arcgis.com/O1JpcwDW8sjYuddV/arcgis/rest/services/Annual_Average_Daily_Traffic_TDA/FeatureServer/0,https://services1.arcgis.com/O1JpcwDW8sjYuddV/arcgis/rest/services/Annual_Average_Daily_Traffic_TDA/FeatureServer/0/query?where=COUNTY%3D%27Miami-Dade%27&outFields=ROADWAY%2CAADT%2CAADTFLG%2CCOUNTY%2CDISTRICT%2CYEAR_%2CDESC_FRM%2CDESC_TO%2CBEGIN_POST%2CEND_POST&returnGeometry=false&f=json
87000682,12100,F,Miami-Dade,6,2025,W FLAGLER ST,NW 12 ST,0,0.899,FDOT Annual Average Daily Traffic TDA,https://services1.arcgis.com/O1JpcwDW8sjYuddV/arcgis/rest/services/Annual_Average_Daily_Traffic_TDA/FeatureServer/0,https://services1.arcgis.com/O1JpcwDW8sjYuddV/arcgis/rest/services/Annual_Average_Daily_Traffic_TDA/FeatureServer/0/query?where=COUNTY%3D%27Miami-Dade%27&outFields=ROADWAY%2CAADT%2CAADTFLG%2CCOUNTY%2CDISTRICT%2CYEAR_%2CDESC_FRM%2CDESC_TO%2CBEGIN_POST%2CEND_POST&returnGeometry=false&f=json
87039000,39000,C,Miami-Dade,6,2025,SPUR,SW 112 AV/LINCOLN BL,0,0.384,FDOT Annual Average Daily Traffic TDA,https://services1.arcgis.com/O1JpcwDW8sjYuddV/arcgis/rest/services/Annual_Average_Daily_Traffic_TDA/FeatureServer/0,https://services1.arcgis.com/O1JpcwDW8sjYuddV/arcgis/rest/services/Annual_Average_Daily_Traffic_TDA/FeatureServer/0/query?where=COUNTY%3D%27Miami-Dade%27&outFields=ROADWAY%2CAADT%2CAADTFLG%2CCOUNTY%2CDISTRICT%2CYEAR_%2CDESC_FRM%2CDESC_TO%2CBEGIN_POST%2CEND_POST&returnGeometry=false&f=json
87060000,62000,C,Miami-Dade,6,2025,172 ST,SR-856/192 ST EB,14.966,16.225,FDOT Annual Average Daily Traffic TDA,https://services1.arcgis.com/O1JpcwDW8sjYuddV/arcgis/rest/services/Annual_Average_Daily_Traffic_TDA/FeatureServer/0,https://services1.arcgis.com/O1JpcwDW8sjYuddV/arcgis/rest/services/Annual_Average_Daily_Traffic_TDA/FeatureServer/0/query?where=COUNTY%3D%27Miami-Dade%27&outFields=ROADWAY%2CAADT%2CAADTFLG%2CCOUNTY%2CDISTRICT%2CYEAR_%2CDESC_FRM%2CDESC_TO%2CBEGIN_POST%2CEND_POST&returnGeometry=false&f=json
87000973,5000,C,Miami-Dade,6,2025,NW 117 AVE,NW 107 AVE,0,1.004,FDOT Annual Average Daily Traffic TDA,https://services1.arcgis.com/O1JpcwDW8sjYuddV/arcgis/rest/services/Annual_Average_Daily_Traffic_TDA/FeatureServer/0,https://services1.arcgis.com/O1JpcwDW8sjYuddV/arcgis/rest/services/Annual_Average_Daily_Traffic_TDA/FeatureServer/0/query?where=COUNTY%3D%27Miami-Dade%27&outFields=ROADWAY%2CAADT%2CAADTFLG%2CCOUNTY%2CDISTRICT%2CYEAR_%2CDESC_FRM%2CDESC_TO%2CBEGIN_POST%2CEND_POST&returnGeometry=false&f=json
87005035,5200,F,Miami-Dade,6,2025,NB SR-874,SB SR-990/KILLIAN DR,0,0.321,FDOT Annual Average Daily Traffic TDA,https://services1.arcgis.com/O1JpcwDW8sjYuddV/arcgis/rest/services/Annual_Average_Daily_Traffic_TDA/FeatureServer/0,https://services1.arcgis.com/O1JpcwDW8sjYuddV/arcgis/rest/services/Annual_Average_Daily_Traffic_TDA/FeatureServer/0/query?where=COUNTY%3D%27Miami-Dade%27&outFields=ROADWAY%2CAADT%2CAADTFLG%2CCOUNTY%2CDISTRICT%2CYEAR_%2CDESC_FRM%2CDESC_TO%2CBEGIN_POST%2CEND_POST&returnGeometry=false&f=json
87028500,19900,C,Miami-Dade,6,2025,DIXIE HWY/SR-5/US-1,ON RAMP 836 87200108,0,2.589,FDOT Annual Average Daily Traffic TDA,https://services1.arcgis.com/O1JpcwDW8sjYuddV/arcgis/rest/services/Annual_Average_Daily_Traffic_TDA/FeatureServer/0,https://services1.arcgis.com/O1JpcwDW8sjYuddV/arcgis/rest/services/Annual_Average_Daily_Traffic_TDA/FeatureServer/0/query?where=COUNTY%3D%27Miami-Dade%27&outFields=ROADWAY%2CAADT%2CAADTFLG%2CCOUNTY%2CDISTRICT%2CYEAR_%2CDESC_FRM%2CDESC_TO%2CBEGIN_POST%2CEND_POST&returnGeometry=false&f=json
87000968,6300,T,Miami-Dade,6,2025,NE 6 AVE,W DIXIE HWY,0,0.12,FDOT Annual Average Daily Traffic TDA,https://services1.arcgis.com/O1JpcwDW8sjYuddV/arcgis/rest/services/Annual_Average_Daily_Traffic_TDA/FeatureServer/0,https://services1.arcgis.com/O1JpcwDW8sjYuddV/arcgis/rest/services/Annual_Average_Daily_Traffic_TDA/FeatureServer/0/query?where=COUNTY%3D%27Miami-Dade%27&outFields=ROADWAY%2CAADT%2CAADTFLG%2CCOUNTY%2CDISTRICT%2CYEAR_%2CDESC_FRM%2CDESC_TO%2CBEGIN_POST%2CEND_POST&returnGeometry=false&f=json
87053002,8600,F,Miami-Dade,6,2025,BISCAYNE BLVD NB,NW 3 CT,0,0.785,FDOT Annual Average Daily Traffic TDA,https://services1.arcgis.com/O1JpcwDW8sjYuddV/arcgis/rest/services/Annual_Average_Daily_Traffic_TDA/FeatureServer/0,https://services1.arcgis.com/O1JpcwDW8sjYuddV/arcgis/rest/services/Annual_Average_Daily_Traffic_TDA/FeatureServer/0/query?where=COUNTY%3D%27Miami-Dade%27&outFields=ROADWAY%2CAADT%2CAADTFLG%2CCOUNTY%2CDISTRICT%2CYEAR_%2CDESC_FRM%2CDESC_TO%2CBEGIN_POST%2CEND_POST&returnGeometry=false&f=json
87000962,19400,T,Miami-Dade,6,2025,SW 42 ST/BIRD RD,SW 8 ST,0,2.219,FDOT Annual Average Daily Traffic TDA,https://services1.arcgis.com/O1JpcwDW8sjYuddV/arcgis/rest/services/Annual_Average_Daily_Traffic_TDA/FeatureServer/0,https://services1.arcgis.com/O1JpcwDW8sjYuddV/arcgis/rest/services/Annual_Average_Daily_Traffic_TDA/FeatureServer/0/query?where=COUNTY%3D%27Miami-Dade%27&outFields=ROADWAY%2CAADT%2CAADTFLG%2CCOUNTY%2CDISTRICT%2CYEAR_%2CDESC_FRM%2CDESC_TO%2CBEGIN_POST%2CEND_POST&returnGeometry=false&f=json
87030002,5400,F,Miami-Dade,6,2025, , ,0,0.128,FDOT Annual Average Daily Traffic TDA,https://services1.arcgis.com/O1JpcwDW8sjYuddV/arcgis/rest/services/Annual_Average_Daily_Traffic_TDA/FeatureServer/0,https://services1.arcgis.com/O1JpcwDW8sjYuddV/arcgis/rest/services/Annual_Average_Daily_Traffic_TDA/FeatureServer/0/query?where=COUNTY%3D%27Miami-Dade%27&outFields=ROADWAY%2CAADT%2CAADTFLG%2CCOUNTY%2CDISTRICT%2CYEAR_%2CDESC_FRM%2CDESC_TO%2CBEGIN_POST%2CEND_POST&returnGeometry=false&f=json
87026701,200,C,Miami-Dade,6,2025,0.023 EAST NW 23 AV,NW 24 AV,0,0.125,FDOT Annual Average Daily Traffic TDA,https://services1.arcgis.com/O1JpcwDW8sjYuddV/arcgis/rest/services/Annual_Average_Daily_Traffic_TDA/FeatureServer/0,https://services1.arcgis.com/O1JpcwDW8sjYuddV/arcgis/rest/services/Annual_Average_Daily_Traffic_TDA/FeatureServer/0/query?where=COUNTY%3D%27Miami-Dade%27&outFields=ROADWAY%2CAADT%2CAADTFLG%2CCOUNTY%2CDISTRICT%2CYEAR_%2CDESC_FRM%2CDESC_TO%2CBEGIN_POST%2CEND_POST&returnGeometry=false&f=json
87000965,27000,T,Miami-Dade,6,2025,NW 127 AVE,NW 117 AVE,0,0.998,FDOT Annual Average Daily Traffic TDA,https://services1.arcgis.com/O1JpcwDW8sjYuddV/arcgis/rest/services/Annual_Average_Daily_Traffic_TDA/FeatureServer/0,https://services1.arcgis.com/O1JpcwDW8sjYuddV/arcgis/rest/services/Annual_Average_Daily_Traffic_TDA/FeatureServer/0/query?where=COUNTY%3D%27Miami-Dade%27&outFields=ROADWAY%2CAADT%2CAADTFLG%2CCOUNTY%2CDISTRICT%2CYEAR_%2CDESC_FRM%2CDESC_TO%2CBEGIN_POST%2CEND_POST&returnGeometry=false&f=json
87046112,5200,F,Miami-Dade,6,2025,SR-990 / KILLIAN DR,SR-985 / SW 107,0,0.224,FDOT Annual Average Daily Traffic TDA,https://services1.arcgis.com/O1JpcwDW8sjYuddV/arcgis/rest/services/Annual_Average_Daily_Traffic_TDA/FeatureServer/0,https://services1.arcgis.com/O1JpcwDW8sjYuddV/arcgis/rest/services/Annual_Average_Daily_Traffic_TDA/FeatureServer/0/query?where=COUNTY%3D%27Miami-Dade%27&outFields=ROADWAY%2CAADT%2CAADTFLG%2CCOUNTY%2CDISTRICT%2CYEAR_%2CDESC_FRM%2CDESC_TO%2CBEGIN_POST%2CEND_POST&returnGeometry=false&f=json
87053000,44000,C,Miami-Dade,6,2025,W 79 AV,87260146 NB ON,0.733,1.09,FDOT Annual Average Daily Traffic TDA,https://services1.arcgis.com/O1JpcwDW8sjYuddV/arcgis/rest/services/Annual_Average_Daily_Traffic_TDA/FeatureServer/0,https://services1.arcgis.com/O1JpcwDW8sjYuddV/arcgis/rest/services/Annual_Average_Daily_Traffic_TDA/FeatureServer/0/query?where=COUNTY%3D%27Miami-Dade%27&outFields=ROADWAY%2CAADT%2CAADTFLG%2CCOUNTY%2CDISTRICT%2CYEAR_%2CDESC_FRM%2CDESC_TO%2CBEGIN_POST%2CEND_POST&returnGeometry=false&f=json
87000951,11500,C,Miami-Dade,6,2025,NW N RIVER DR,NW 17 AVE,0,0.144,FDOT Annual Average Daily Traffic TDA,https://services1.arcgis.com/O1JpcwDW8sjYuddV/arcgis/rest/services/Annual_Average_Daily_Traffic_TDA/FeatureServer/0,https://services1.arcgis.com/O1JpcwDW8sjYuddV/arcgis/rest/services/Annual_Average_Daily_Traffic_TDA/FeatureServer/0/query?where=COUNTY%3D%27Miami-Dade%27&outFields=ROADWAY%2CAADT%2CAADTFLG%2CCOUNTY%2CDISTRICT%2CYEAR_%2CDESC_FRM%2CDESC_TO%2CBEGIN_POST%2CEND_POST&returnGeometry=false&f=json
87004025,16500,F,Miami-Dade,6,2025,SR-907/SB ALTON RD,I-195/WB,0,0.075,FDOT Annual Average Daily Traffic TDA,https://services1.arcgis.com/O1JpcwDW8sjYuddV/arcgis/rest/services/Annual_Average_Daily_Traffic_TDA/FeatureServer/0,https://services1.arcgis.com/O1JpcwDW8sjYuddV/arcgis/rest/services/Annual_Average_Daily_Traffic_TDA/FeatureServer/0/query?where=COUNTY%3D%27Miami-Dade%27&outFields=ROADWAY%2CAADT%2CAADTFLG%2CCOUNTY%2CDISTRICT%2CYEAR_%2CDESC_FRM%2CDESC_TO%2CBEGIN_POST%2CEND_POST&returnGeometry=false&f=json
87021010,1500,F,Miami-Dade,6,2025,SR-878/EB,US-1/SR-5/SB,0,0.036,FDOT Annual Average Daily Traffic TDA,https://services1.arcgis.com/O1JpcwDW8sjYuddV/arcgis/rest/services/Annual_Average_Daily_Traffic_TDA/FeatureServer/0,https://services1.arcgis.com/O1JpcwDW8sjYuddV/arcgis/rest/services/Annual_Average_Daily_Traffic_TDA/FeatureServer/0/query?where=COUNTY%3D%27Miami-Dade%27&outFields=ROADWAY%2CAADT%2CAADTFLG%2CCOUNTY%2CDISTRICT%2CYEAR_%2CDESC_FRM%2CDESC_TO%2CBEGIN_POST%2CEND_POST&returnGeometry=false&f=json
87000964,11100,T,Miami-Dade,6,2025,SW 42 ST/BIRD RD,SW 8 ST,0,2.229,FDOT Annual Average Daily Traffic TDA,https://services1.arcgis.com/O1JpcwDW8sjYuddV/arcgis/rest/services/Annual_Average_Daily_Traffic_TDA/FeatureServer/0,https://services1.arcgis.com/O1JpcwDW8sjYuddV/arcgis/rest/services/Annual_Average_Daily_Traffic_TDA/FeatureServer/0/query?where=COUNTY%3D%27Miami-Dade%27&outFields=ROADWAY%2CAADT%2CAADTFLG%2CCOUNTY%2CDISTRICT%2CYEAR_%2CDESC_FRM%2CDESC_TO%2CBEGIN_POST%2CEND_POST&returnGeometry=false&f=json
87020500,2100,F,Miami-Dade,6,2025,SR-5/US-1,UNSIGNED,0,0.103,FDOT Annual Average Daily Traffic TDA,https://services1.arcgis.com/O1JpcwDW8sjYuddV/arcgis/rest/services/Annual_Average_Daily_Traffic_TDA/FeatureServer/0,https://services1.arcgis.com/O1JpcwDW8sjYuddV/arcgis/rest/services/Annual_Average_Daily_Traffic_TDA/FeatureServer/0/query?where=COUNTY%3D%27Miami-Dade%27&outFields=ROADWAY%2CAADT%2CAADTFLG%2CCOUNTY%2CDISTRICT%2CYEAR_%2CDESC_FRM%2CDESC_TO%2CBEGIN_POST%2CEND_POST&returnGeometry=false&f=json
87044000,42000,C,Miami-Dade,6,2025,SR-953/SW 42 AV,US-1/ SR-5,7.733,8.466,FDOT Annual Average Daily Traffic TDA,https://services1.arcgis.com/O1JpcwDW8sjYuddV/arcgis/rest/services/Annual_Average_Daily_Traffic_TDA/FeatureServer/0,https://services1.arcgis.com/O1JpcwDW8sjYuddV/arcgis/rest/services/Annual_Average_Daily_Traffic_TDA/FeatureServer/0/query?where=COUNTY%3D%27Miami-Dade%27&outFields=ROADWAY%2CAADT%2CAADTFLG%2CCOUNTY%2CDISTRICT%2CYEAR_%2CDESC_FRM%2CDESC_TO%2CBEGIN_POST%2CEND_POST&returnGeometry=false&f=json
87029502,24500,C,Miami-Dade,6,2025,NW 7 ST/LUIS SABINES,NW 21 ST,0,1.1,FDOT Annual Average Daily Traffic TDA,https://services1.arcgis.com/O1JpcwDW8sjYuddV/arcgis/rest/services/Annual_Average_Daily_Traffic_TDA/FeatureServer/0,https://services1.arcgis.com/O1JpcwDW8sjYuddV/arcgis/rest/services/Annual_Average_Daily_Traffic_TDA/FeatureServer/0/query?where=COUNTY%3D%27Miami-Dade%27&outFields=ROADWAY%2CAADT%2CAADTFLG%2CCOUNTY%2CDISTRICT%2CYEAR_%2CDESC_FRM%2CDESC_TO%2CBEGIN_POST%2CEND_POST&returnGeometry=false&f=json
87000781,8500,F,Miami-Dade,6,2025,SW 136 ST,SE 128 AV,0,0.448,FDOT Annual Average Daily Traffic TDA,https://services1.arcgis.com/O1JpcwDW8sjYuddV/arcgis/rest/services/Annual_Average_Daily_Traffic_TDA/FeatureServer/0,https://services1.arcgis.com/O1JpcwDW8sjYuddV/arcgis/rest/services/Annual_Average_Daily_Traffic_TDA/FeatureServer/0/query?where=COUNTY%3D%27Miami-Dade%27&outFields=ROADWAY%2CAADT%2CAADTFLG%2CCOUNTY%2CDISTRICT%2CYEAR_%2CDESC_FRM%2CDESC_TO%2CBEGIN_POST%2CEND_POST&returnGeometry=false&f=json
87030000,46500,C,Miami-Dade,6,2025,NE 88 ST,NE 108 ST,16.647,18.25,FDOT Annual Average Daily Traffic TDA,https://services1.arcgis.com/O1JpcwDW8sjYuddV/arcgis/rest/services/Annual_Average_Daily_Traffic_TDA/FeatureServer/0,https://services1.arcgis.com/O1JpcwDW8sjYuddV/arcgis/rest/services/Annual_Average_Daily_Traffic_TDA/FeatureServer/0/query?where=COUNTY%3D%27Miami-Dade%27&outFields=ROADWAY%2CAADT%2CAADTFLG%2CCOUNTY%2CDISTRICT%2CYEAR_%2CDESC_FRM%2CDESC_TO%2CBEGIN_POST%2CEND_POST&returnGeometry=false&f=json
87002000,51500,C,Miami-Dade,6,2025,N/A,SR 826/PALMETTO EXPY,4.738,6.56,FDOT Annual Average Daily Traffic TDA,https://services1.arcgis.com/O1JpcwDW8sjYuddV/arcgis/rest/services/Annual_Average_Daily_Traffic_TDA/FeatureServer/0,https://services1.arcgis.com/O1JpcwDW8sjYuddV/arcgis/rest/services/Annual_Average_Daily_Traffic_TDA/FeatureServer/0/query?where=COUNTY%3D%27Miami-Dade%27&outFields=ROADWAY%2CAADT%2CAADTFLG%2CCOUNTY%2CDISTRICT%2CYEAR_%2CDESC_FRM%2CDESC_TO%2CBEGIN_POST%2CEND_POST&returnGeometry=false&f=json
87008000,27000,C,Miami-Dade,6,2025,SR-915/NE 6 AV,NE 13 AV,8.626,9.502,FDOT Annual Average Daily Traffic TDA,https://services1.arcgis.com/O1JpcwDW8sjYuddV/arcgis/rest/services/Annual_Average_Daily_Traffic_TDA/FeatureServer/0,https://services1.arcgis.com/O1JpcwDW8sjYuddV/arcgis/rest/services/Annual_Average_Daily_Traffic_TDA/FeatureServer/0/query?where=COUNTY%3D%27Miami-Dade%27&outFields=ROADWAY%2CAADT%2CAADTFLG%2CCOUNTY%2CDISTRICT%2CYEAR_%2CDESC_FRM%2CDESC_TO%2CBEGIN_POST%2CEND_POST&returnGeometry=false&f=json
87000679,9600,F,Miami-Dade,6,2025,NW 117 AV,NW 114 AV,0,0.255,FDOT Annual Average Daily Traffic TDA,https://services1.arcgis.com/O1JpcwDW8sjYuddV/arcgis/rest/services/Annual_Average_Daily_Traffic_TDA/FeatureServer/0,https://services1.arcgis.com/O1JpcwDW8sjYuddV/arcgis/rest/services/Annual_Average_Daily_Traffic_TDA/FeatureServer/0/query?where=COUNTY%3D%27Miami-Dade%27&outFields=ROADWAY%2CAADT%2CAADTFLG%2CCOUNTY%2CDISTRICT%2CYEAR_%2CDESC_FRM%2CDESC_TO%2CBEGIN_POST%2CEND_POST&returnGeometry=false&f=json
87043500,32000,C,Miami-Dade,6,2025,N/A,RAMP  87471227,0.23,1.881,FDOT Annual Average Daily Traffic TDA,https://services1.arcgis.com/O1JpcwDW8sjYuddV/arcgis/rest/services/Annual_Average_Daily_Traffic_TDA/FeatureServer/0,https://services1.arcgis.com/O1JpcwDW8sjYuddV/arcgis/rest/services/Annual_Average_Daily_Traffic_TDA/FeatureServer/0/query?where=COUNTY%3D%27Miami-Dade%27&outFields=ROADWAY%2CAADT%2CAADTFLG%2CCOUNTY%2CDISTRICT%2CYEAR_%2CDESC_FRM%2CDESC_TO%2CBEGIN_POST%2CEND_POST&returnGeometry=false&f=json
87054505,47500,C,Miami-Dade,6,2025,SW 92 AV,SPUR,0,1.612,FDOT Annual Average Daily Traffic TDA,https://services1.arcgis.com/O1JpcwDW8sjYuddV/arcgis/rest/services/Annual_Average_Daily_Traffic_TDA/FeatureServer/0,https://services1.arcgis.com/O1JpcwDW8sjYuddV/arcgis/rest/services/Annual_Average_Daily_Traffic_TDA/FeatureServer/0/query?where=COUNTY%3D%27Miami-Dade%27&outFields=ROADWAY%2CAADT%2CAADTFLG%2CCOUNTY%2CDISTRICT%2CYEAR_%2CDESC_FRM%2CDESC_TO%2CBEGIN_POST%2CEND_POST&returnGeometry=false&f=json
87026500,200,C,Miami-Dade,6,2025,NW 183 ST,NW 31 AV,0,0.499,FDOT Annual Average Daily Traffic TDA,https://services1.arcgis.com/O1JpcwDW8sjYuddV/arcgis/rest/services/Annual_Average_Daily_Traffic_TDA/FeatureServer/0,https://services1.arcgis.com/O1JpcwDW8sjYuddV/arcgis/rest/services/Annual_Average_Daily_Traffic_TDA/FeatureServer/0/query?where=COUNTY%3D%27Miami-Dade%27&outFields=ROADWAY%2CAADT%2CAADTFLG%2CCOUNTY%2CDISTRICT%2CYEAR_%2CDESC_FRM%2CDESC_TO%2CBEGIN_POST%2CEND_POST&returnGeometry=false&f=json
87001500,9200,F,Miami-Dade,6,2025,SR-5/US-1,OLD CUTLER RD,0,2.511,FDOT Annual Average Daily Traffic TDA,https://services1.arcgis.com/O1JpcwDW8sjYuddV/arcgis/rest/services/Annual_Average_Daily_Traffic_TDA/FeatureServer/0,https://services1.arcgis.com/O1JpcwDW8sjYuddV/arcgis/rest/services/Annual_Average_Daily_Traffic_TDA/FeatureServer/0/query?where=COUNTY%3D%27Miami-Dade%27&outFields=ROADWAY%2CAADT%2CAADTFLG%2CCOUNTY%2CDISTRICT%2CYEAR_%2CDESC_FRM%2CDESC_TO%2CBEGIN_POST%2CEND_POST&returnGeometry=false&f=json
87036502,3300,S,Miami-Dade,6,2025,63 ST,PINE TREE DR,0,1.147,FDOT Annual Average Daily Traffic TDA,https://services1.arcgis.com/O1JpcwDW8sjYuddV/arcgis/rest/services/Annual_Average_Daily_Traffic_TDA/FeatureServer/0,https://services1.arcgis.com/O1JpcwDW8sjYuddV/arcgis/rest/services/Annual_Average_Daily_Traffic_TDA/FeatureServer/0/query?where=COUNTY%3D%27Miami-Dade%27&outFields=ROADWAY%2CAADT%2CAADTFLG%2CCOUNTY%2CDISTRICT%2CYEAR_%2CDESC_FRM%2CDESC_TO%2CBEGIN_POST%2CEND_POST&returnGeometry=false&f=json
87051000,25500,S,Miami-Dade,6,2025,N/A,87270184 SB OFF RAMP,4.573,5.22,FDOT Annual Average Daily Traffic TDA,https://services1.arcgis.com/O1JpcwDW8sjYuddV/arcgis/rest/services/Annual_Average_Daily_Traffic_TDA/FeatureServer/0,https://services1.arcgis.com/O1JpcwDW8sjYuddV/arcgis/rest/services/Annual_Average_Daily_Traffic_TDA/FeatureServer/0/query?where=COUNTY%3D%27Miami-Dade%27&outFields=ROADWAY%2CAADT%2CAADTFLG%2CCOUNTY%2CDISTRICT%2CYEAR_%2CDESC_FRM%2CDESC_TO%2CBEGIN_POST%2CEND_POST&returnGeometry=false&f=json
87000958,2900,T,Miami-Dade,6,2025,NW 122 ST,NW S RIVER DR,0.888,1.28,FDOT Annual Average Daily Traffic TDA,https://services1.arcgis.com/O1JpcwDW8sjYuddV/arcgis/rest/services/Annual_Average_Daily_Traffic_TDA/FeatureServer/0,https://services1.arcgis.com/O1JpcwDW8sjYuddV/arcgis/rest/services/Annual_Average_Daily_Traffic_TDA/FeatureServer/0/query?where=COUNTY%3D%27Miami-Dade%27&outFields=ROADWAY%2CAADT%2CAADTFLG%2CCOUNTY%2CDISTRICT%2CYEAR_%2CDESC_FRM%2CDESC_TO%2CBEGIN_POST%2CEND_POST&returnGeometry=false&f=json
87032501,19700,S,Miami-Dade,6,2025,NE 17 ST,ON RAMP SR 1-95 WB,0,1.395,FDOT Annual Average Daily Traffic TDA,https://services1.arcgis.com/O1JpcwDW8sjYuddV/arcgis/rest/services/Annual_Average_Daily_Traffic_TDA/FeatureServer/0,https://services1.arcgis.com/O1JpcwDW8sjYuddV/arcgis/rest/services/Annual_Average_Daily_Traffic_TDA/FeatureServer/0/query?where=COUNTY%3D%27Miami-Dade%27&outFields=ROADWAY%2CAADT%2CAADTFLG%2CCOUNTY%2CDISTRICT%2CYEAR_%2CDESC_FRM%2CDESC_TO%2CBEGIN_POST%2CEND_POST&returnGeometry=false&f=json
87021008,5400,F,Miami-Dade,6,2025,SW 80 ST/WB,SR-878/WB,0,0.016,FDOT Annual Average Daily Traffic TDA,https://services1.arcgis.com/O1JpcwDW8sjYuddV/arcgis/rest/services/Annual_Average_Daily_Traffic_TDA/FeatureServer/0,https://services1.arcgis.com/O1JpcwDW8sjYuddV/arcgis/rest/services/Annual_Average_Daily_Traffic_TDA/FeatureServer/0/query?where=COUNTY%3D%27Miami-Dade%27&outFields=ROADWAY%2CAADT%2CAADTFLG%2CCOUNTY%2CDISTRICT%2CYEAR_%2CDESC_FRM%2CDESC_TO%2CBEGIN_POST%2CEND_POST&returnGeometry=false&f=json
87048500,4900,F,Miami-Dade,6,2025,SR-5/US-1,SW 67 AVE,0,2.04,FDOT Annual Average Daily Traffic TDA,https://services1.arcgis.com/O1JpcwDW8sjYuddV/arcgis/rest/services/Annual_Average_Daily_Traffic_TDA/FeatureServer/0,https://services1.arcgis.com/O1JpcwDW8sjYuddV/arcgis/rest/services/Annual_Average_Daily_Traffic_TDA/FeatureServer/0/query?where=COUNTY%3D%27Miami-Dade%27&outFields=ROADWAY%2CAADT%2CAADTFLG%2CCOUNTY%2CDISTRICT%2CYEAR_%2CDESC_FRM%2CDESC_TO%2CBEGIN_POST%2CEND_POST&returnGeometry=false&f=json
87005111,6600,F,Miami-Dade,6,2025,87021211 NB ON,SR-874/DON SHULA EXP,0,0.802,FDOT Annual Average Daily Traffic TDA,https://services1.arcgis.com/O1JpcwDW8sjYuddV/arcgis/rest/services/Annual_Average_Daily_Traffic_TDA/FeatureServer/0,https://services1.arcgis.com/O1JpcwDW8sjYuddV/arcgis/rest/services/Annual_Average_Daily_Traffic_TDA/FeatureServer/0/query?where=COUNTY%3D%27Miami-Dade%27&outFields=ROADWAY%2CAADT%2CAADTFLG%2CCOUNTY%2CDISTRICT%2CYEAR_%2CDESC_FRM%2CDESC_TO%2CBEGIN_POST%2CEND_POST&returnGeometry=false&f=json
87003000,106500,C,Miami-Dade,6,2025,87003008 WB OFF,87003010 SB OFF,1.154,2.261,FDOT Annual Average Daily Traffic TDA,https://services1.arcgis.com/O1JpcwDW8sjYuddV/arcgis/rest/services/Annual_Average_Daily_Traffic_TDA/FeatureServer/0,https://services1.arcgis.com/O1JpcwDW8sjYuddV/arcgis/rest/services/Annual_Average_Daily_Traffic_TDA/FeatureServer/0/query?where=COUNTY%3D%27Miami-Dade%27&outFields=ROADWAY%2CAADT%2CAADTFLG%2CCOUNTY%2CDISTRICT%2CYEAR_%2CDESC_FRM%2CDESC_TO%2CBEGIN_POST%2CEND_POST&returnGeometry=false&f=json
87019000,46000,C,Miami-Dade,6,2025,FR 87260600/NW 167ST,SR 860/NW 183 ST,1.716,2.74,FDOT Annual Average Daily Traffic TDA,https://services1.arcgis.com/O1JpcwDW8sjYuddV/arcgis/rest/services/Annual_Average_Daily_Traffic_TDA/FeatureServer/0,https://services1.arcgis.com/O1JpcwDW8sjYuddV/arcgis/rest/services/Annual_Average_Daily_Traffic_TDA/FeatureServer/0/query?where=COUNTY%3D%27Miami-Dade%27&outFields=ROADWAY%2CAADT%2CAADTFLG%2CCOUNTY%2CDISTRICT%2CYEAR_%2CDESC_FRM%2CDESC_TO%2CBEGIN_POST%2CEND_POST&returnGeometry=false&f=json
87000680,12600,F,Miami-Dade,6,2025,NW 122 AVE,HEFT,0,0.289,FDOT Annual Average Daily Traffic TDA,https://services1.arcgis.com/O1JpcwDW8sjYuddV/arcgis/rest/services/Annual_Average_Daily_Traffic_TDA/FeatureServer/0,https://services1.arcgis.com/O1JpcwDW8sjYuddV/arcgis/rest/services/Annual_Average_Daily_Traffic_TDA/FeatureServer/0/query?where=COUNTY%3D%27Miami-Dade%27&outFields=ROADWAY%2CAADT%2CAADTFLG%2CCOUNTY%2CDISTRICT%2CYEAR_%2CDESC_FRM%2CDESC_TO%2CBEGIN_POST%2CEND_POST&returnGeometry=false&f=json
87040102,15500,C,Miami-Dade,6,2025,NW 8 ST,SR-968 / WFLAGLER ST,0,0.506,FDOT Annual Average Daily Traffic TDA,https://services1.arcgis.com/O1JpcwDW8sjYuddV/arcgis/rest/services/Annual_Average_Daily_Traffic_TDA/FeatureServer/0,https://services1.arcgis.com/O1JpcwDW8sjYuddV/arcgis/rest/services/Annual_Average_Daily_Traffic_TDA/FeatureServer/0/query?where=COUNTY%3D%27Miami-Dade%27&outFields=ROADWAY%2CAADT%2CAADTFLG%2CCOUNTY%2CDISTRICT%2CYEAR_%2CDESC_FRM%2CDESC_TO%2CBEGIN_POST%2CEND_POST&returnGeometry=false&f=json
87060000,20000,C,Miami-Dade,6,2025,15 ST,26 ST,4.564,5.636,FDOT Annual Average Daily Traffic TDA,https://services1.arcgis.com/O1JpcwDW8sjYuddV/arcgis/rest/services/Annual_Average_Daily_Traffic_TDA/FeatureServer/0,https://services1.arcgis.com/O1JpcwDW8sjYuddV/arcgis/rest/services/Annual_Average_Daily_Traffic_TDA/FeatureServer/0/query?where=COUNTY%3D%27Miami-Dade%27&outFields=ROADWAY%2CAADT%2CAADTFLG%2CCOUNTY%2CDISTRICT%2CYEAR_%2CDESC_FRM%2CDESC_TO%2CBEGIN_POST%2CEND_POST&returnGeometry=false&f=json
87000783,5500,F,Miami-Dade,6,2025,N/A,SW 92 AV,0.642,0.742,FDOT Annual Average Daily Traffic TDA,https://services1.arcgis.com/O1JpcwDW8sjYuddV/arcgis/rest/services/Annual_Average_Daily_Traffic_TDA/FeatureServer/0,https://services1.arcgis.com/O1JpcwDW8sjYuddV/arcgis/rest/services/Annual_Average_Daily_Traffic_TDA/FeatureServer/0/query?where=COUNTY%3D%27Miami-Dade%27&outFields=ROADWAY%2CAADT%2CAADTFLG%2CCOUNTY%2CDISTRICT%2CYEAR_%2CDESC_FRM%2CDESC_TO%2CBEGIN_POST%2CEND_POST&returnGeometry=false&f=json
87030000,65000,C,Miami-Dade,6,2025,SANTONA ST,N/A,3.091,4.731,FDOT Annual Average Daily Traffic TDA,https://services1.arcgis.com/O1JpcwDW8sjYuddV/arcgis/rest/services/Annual_Average_Daily_Traffic_TDA/FeatureServer/0,https://services1.arcgis.com/O1JpcwDW8sjYuddV/arcgis/rest/services/Annual_Average_Daily_Traffic_TDA/FeatureServer/0/query?where=COUNTY%3D%27Miami-Dade%27&outFields=ROADWAY%2CAADT%2CAADTFLG%2CCOUNTY%2CDISTRICT%2CYEAR_%2CDESC_FRM%2CDESC_TO%2CBEGIN_POST%2CEND_POST&returnGeometry=false&f=json
87003006,13000,F,Miami-Dade,6,2025,SR-953 / LE JEUNE RD,SR-112/EB,0,0.077,FDOT Annual Average Daily Traffic TDA,https://services1.arcgis.com/O1JpcwDW8sjYuddV/arcgis/rest/services/Annual_Average_Daily_Traffic_TDA/FeatureServer/0,https://services1.arcgis.com/O1JpcwDW8sjYuddV/arcgis/rest/services/Annual_Average_Daily_Traffic_TDA/FeatureServer/0/query?where=COUNTY%3D%27Miami-Dade%27&outFields=ROADWAY%2CAADT%2CAADTFLG%2CCOUNTY%2CDISTRICT%2CYEAR_%2CDESC_FRM%2CDESC_TO%2CBEGIN_POST%2CEND_POST&returnGeometry=false&f=json
87020000,26000,C,Miami-Dade,6,2025,CARD SOUND RD,SW 344 ST,0,0.862,FDOT Annual Average Daily Traffic TDA,https://services1.arcgis.com/O1JpcwDW8sjYuddV/arcgis/rest/services/Annual_Average_Daily_Traffic_TDA/FeatureServer/0,https://services1.arcgis.com/O1JpcwDW8sjYuddV/arcgis/rest/services/Annual_Average_Daily_Traffic_TDA/FeatureServer/0/query?where=COUNTY%3D%27Miami-Dade%27&outFields=ROADWAY%2CAADT%2CAADTFLG%2CCOUNTY%2CDISTRICT%2CYEAR_%2CDESC_FRM%2CDESC_TO%2CBEGIN_POST%2CEND_POST&returnGeometry=false&f=json
87000689,7700,F,Miami-Dade,6,2025,SW 288 ST,SW 268 ST,0,1.269,FDOT Annual Average Daily Traffic TDA,https://services1.arcgis.com/O1JpcwDW8sjYuddV/arcgis/rest/services/Annual_Average_Daily_Traffic_TDA/FeatureServer/0,https://services1.arcgis.com/O1JpcwDW8sjYuddV/arcgis/rest/services/Annual_Average_Daily_Traffic_TDA/FeatureServer/0/query?where=COUNTY%3D%27Miami-Dade%27&outFields=ROADWAY%2CAADT%2CAADTFLG%2CCOUNTY%2CDISTRICT%2CYEAR_%2CDESC_FRM%2CDESC_TO%2CBEGIN_POST%2CEND_POST&returnGeometry=false&f=json
87038000,48500,C,Miami-Dade,6,2025,SR-826 SB,SR-823/W 4 AV,1.156,3.15,FDOT Annual Average Daily Traffic TDA,https://services1.arcgis.com/O1JpcwDW8sjYuddV/arcgis/rest/services/Annual_Average_Daily_Traffic_TDA/FeatureServer/0,https://services1.arcgis.com/O1JpcwDW8sjYuddV/arcgis/rest/services/Annual_Average_Daily_Traffic_TDA/FeatureServer/0/query?where=COUNTY%3D%27Miami-Dade%27&outFields=ROADWAY%2CAADT%2CAADTFLG%2CCOUNTY%2CDISTRICT%2CYEAR_%2CDESC_FRM%2CDESC_TO%2CBEGIN_POST%2CEND_POST&returnGeometry=false&f=json
87055000,38000,C,Miami-Dade,6,2025,SR- 826 / NB,SR-959/SW 57 AVE,5.066,7.062,FDOT Annual Average Daily Traffic TDA,https://services1.arcgis.com/O1JpcwDW8sjYuddV/arcgis/rest/services/Annual_Average_Daily_Traffic_TDA/FeatureServer/0,https://services1.arcgis.com/O1JpcwDW8sjYuddV/arcgis/rest/services/Annual_Average_Daily_Traffic_TDA/FeatureServer/0/query?where=COUNTY%3D%27Miami-Dade%27&outFields=ROADWAY%2CAADT%2CAADTFLG%2CCOUNTY%2CDISTRICT%2CYEAR_%2CDESC_FRM%2CDESC_TO%2CBEGIN_POST%2CEND_POST&returnGeometry=false&f=json
87026000,41500,C,Miami-Dade,6,2025,SR-7/US-441/NW 2 AV,SR-915/NE 6 AV,5.517,6.572,FDOT Annual Average Daily Traffic TDA,https://services1.arcgis.com/O1JpcwDW8sjYuddV/arcgis/rest/services/Annual_Average_Daily_Traffic_TDA/FeatureServer/0,https://services1.arcgis.com/O1JpcwDW8sjYuddV/arcgis/rest/services/Annual_Average_Daily_Traffic_TDA/FeatureServer/0/query?where=COUNTY%3D%27Miami-Dade%27&outFields=ROADWAY%2CAADT%2CAADTFLG%2CCOUNTY%2CDISTRICT%2CYEAR_%2CDESC_FRM%2CDESC_TO%2CBEGIN_POST%2CEND_POST&returnGeometry=false&f=json
87001000,59500,C,Miami-Dade,6,2025,SW 152 AV,SR- 825 / SW 137 AV,2.428,3.962,FDOT Annual Average Daily Traffic TDA,https://services1.arcgis.com/O1JpcwDW8sjYuddV/arcgis/rest/services/Annual_Average_Daily_Traffic_TDA/FeatureServer/0,https://services1.arcgis.com/O1JpcwDW8sjYuddV/arcgis/rest/services/Annual_Average_Daily_Traffic_TDA/FeatureServer/0/query?where=COUNTY%3D%27Miami-Dade%27&outFields=ROADWAY%2CAADT%2CAADTFLG%2CCOUNTY%2CDISTRICT%2CYEAR_%2CDESC_FRM%2CDESC_TO%2CBEGIN_POST%2CEND_POST&returnGeometry=false&f=json
87036501,5900,S,Miami-Dade,6,2025,W 51 ST,W 63 ST,0.391,1.55,FDOT Annual Average Daily Traffic TDA,https://services1.arcgis.com/O1JpcwDW8sjYuddV/arcgis/rest/services/Annual_Average_Daily_Traffic_TDA/FeatureServer/0,https://services1.arcgis.com/O1JpcwDW8sjYuddV/arcgis/rest/services/Annual_Average_Daily_Traffic_TDA/FeatureServer/0/query?where=COUNTY%3D%27Miami-Dade%27&outFields=ROADWAY%2CAADT%2CAADTFLG%2CCOUNTY%2CDISTRICT%2CYEAR_%2CDESC_FRM%2CDESC_TO%2CBEGIN_POST%2CEND_POST&returnGeometry=false&f=json
87021007,2000,F,Miami-Dade,6,2025,SW 87 AVE/NB,SR-878/EB,0,0.175,FDOT Annual Average Daily Traffic TDA,https://services1.arcgis.com/O1JpcwDW8sjYuddV/arcgis/rest/services/Annual_Average_Daily_Traffic_TDA/FeatureServer/0,https://services1.arcgis.com/O1JpcwDW8sjYuddV/arcgis/rest/services/Annual_Average_Daily_Traffic_TDA/FeatureServer/0/query?where=COUNTY%3D%27Miami-Dade%27&outFields=ROADWAY%2CAADT%2CAADTFLG%2CCOUNTY%2CDISTRICT%2CYEAR_%2CDESC_FRM%2CDESC_TO%2CBEGIN_POST%2CEND_POST&returnGeometry=false&f=json
87052000,43000,C,Miami-Dade,6,2025,SR-9/NW 27 AVE,NW 18 AVE,0,0.892,FDOT Annual Average Daily Traffic TDA,https://services1.arcgis.com/O1JpcwDW8sjYuddV/arcgis/rest/services/Annual_Average_Daily_Traffic_TDA/FeatureServer/0,https://services1.arcgis.com/O1JpcwDW8sjYuddV/arcgis/rest/services/Annual_Average_Daily_Traffic_TDA/FeatureServer/0/query?where=COUNTY%3D%27Miami-Dade%27&outFields=ROADWAY%2CAADT%2CAADTFLG%2CCOUNTY%2CDISTRICT%2CYEAR_%2CDESC_FRM%2CDESC_TO%2CBEGIN_POST%2CEND_POST&returnGeometry=false&f=json
87016000,36500,C,Miami-Dade,6,2025,SR 907/ALTON RD,SR A1A/COLLINS AVE,0,0.814,FDOT Annual Average Daily Traffic TDA,https://services1.arcgis.com/O1JpcwDW8sjYuddV/arcgis/rest/services/Annual_Average_Daily_Traffic_TDA/FeatureServer/0,https://services1.arcgis.com/O1JpcwDW8sjYuddV/arcgis/rest/services/Annual_Average_Daily_Traffic_TDA/FeatureServer/0/query?where=COUNTY%3D%27Miami-Dade%27&outFields=ROADWAY%2CAADT%2CAADTFLG%2CCOUNTY%2CDISTRICT%2CYEAR_%2CDESC_FRM%2CDESC_TO%2CBEGIN_POST%2CEND_POST&returnGeometry=false&f=json
87053001,18000,C,Miami-Dade,6,2025,SW 17 AV,SR-7/US-441/SW 8 AVE,0.78,1.714,FDOT Annual Average Daily Traffic TDA,https://services1.arcgis.com/O1JpcwDW8sjYuddV/arcgis/rest/services/Annual_Average_Daily_Traffic_TDA/FeatureServer/0,https://services1.arcgis.com/O1JpcwDW8sjYuddV/arcgis/rest/services/Annual_Average_Daily_Traffic_TDA/FeatureServer/0/query?where=COUNTY%3D%27Miami-Dade%27&outFields=ROADWAY%2CAADT%2CAADTFLG%2CCOUNTY%2CDISTRICT%2CYEAR_%2CDESC_FRM%2CDESC_TO%2CBEGIN_POST%2CEND_POST&returnGeometry=false&f=json
87000956,1250,T,Miami-Dade,6,2025,NW 107 AVE,NW 122 ST,0,0.588,FDOT Annual Average Daily Traffic TDA,https://services1.arcgis.com/O1JpcwDW8sjYuddV/arcgis/rest/services/Annual_Average_Daily_Traffic_TDA/FeatureServer/0,https://services1.arcgis.com/O1JpcwDW8sjYuddV/arcgis/rest/services/Annual_Average_Daily_Traffic_TDA/FeatureServer/0/query?where=COUNTY%3D%27Miami-Dade%27&outFields=ROADWAY%2CAADT%2CAADTFLG%2CCOUNTY%2CDISTRICT%2CYEAR_%2CDESC_FRM%2CDESC_TO%2CBEGIN_POST%2CEND_POST&returnGeometry=false&f=json
87032503,9300,C,Miami-Dade,6,2025,SR-924/NW 119 ST,MEMORIAL HWY,0,1.807,FDOT Annual Average Daily Traffic TDA,https://services1.arcgis.com/O1JpcwDW8sjYuddV/arcgis/rest/services/Annual_Average_Daily_Traffic_TDA/FeatureServer/0,https://services1.arcgis.com/O1JpcwDW8sjYuddV/arcgis/rest/services/Annual_Average_Daily_Traffic_TDA/FeatureServer/0/query?where=COUNTY%3D%27Miami-Dade%27&outFields=ROADWAY%2CAADT%2CAADTFLG%2CCOUNTY%2CDISTRICT%2CYEAR_%2CDESC_FRM%2CDESC_TO%2CBEGIN_POST%2CEND_POST&returnGeometry=false&f=json
87000747,18900,F,Miami-Dade,6,2025,W 103 ST,NW 122 ST/W 68 ST,0,1.022,FDOT Annual Average Daily Traffic TDA,https://services1.arcgis.com/O1JpcwDW8sjYuddV/arcgis/rest/services/Annual_Average_Daily_Traffic_TDA/FeatureServer/0,https://services1.arcgis.com/O1JpcwDW8sjYuddV/arcgis/rest/services/Annual_Average_Daily_Traffic_TDA/FeatureServer/0/query?where=COUNTY%3D%27Miami-Dade%27&outFields=ROADWAY%2CAADT%2CAADTFLG%2CCOUNTY%2CDISTRICT%2CYEAR_%2CDESC_FRM%2CDESC_TO%2CBEGIN_POST%2CEND_POST&returnGeometry=false&f=json
87021003,10500,F,Miami-Dade,6,2025,SR-874 / SB,87021011 SB ON,0,0.216,FDOT Annual Average Daily Traffic TDA,https://services1.arcgis.com/O1JpcwDW8sjYuddV/arcgis/rest/services/Annual_Average_Daily_Traffic_TDA/FeatureServer/0,https://services1.arcgis.com/O1JpcwDW8sjYuddV/arcgis/rest/services/Annual_Average_Daily_Traffic_TDA/FeatureServer/0/query?where=COUNTY%3D%27Miami-Dade%27&outFields=ROADWAY%2CAADT%2CAADTFLG%2CCOUNTY%2CDISTRICT%2CYEAR_%2CDESC_FRM%2CDESC_TO%2CBEGIN_POST%2CEND_POST&returnGeometry=false&f=json
87049500,29500,C,Miami-Dade,6,2025,NW 67 AV,NW 42 AV,0,2.604,FDOT Annual Average Daily Traffic TDA,https://services1.arcgis.com/O1JpcwDW8sjYuddV/arcgis/rest/services/Annual_Average_Daily_Traffic_TDA/FeatureServer/0,https://services1.arcgis.com/O1JpcwDW8sjYuddV/arcgis/rest/services/Annual_Average_Daily_Traffic_TDA/FeatureServer/0/query?where=COUNTY%3D%27Miami-Dade%27&outFields=ROADWAY%2CAADT%2CAADTFLG%2CCOUNTY%2CDISTRICT%2CYEAR_%2CDESC_FRM%2CDESC_TO%2CBEGIN_POST%2CEND_POST&returnGeometry=false&f=json
87030000,36500,C,Miami-Dade,6,2025,NE 13 ST/OFCR WILLIA,HILTON MIAMI DOWNTOW,11.837,12.135,FDOT Annual Average Daily Traffic TDA,https://services1.arcgis.com/O1JpcwDW8sjYuddV/arcgis/rest/services/Annual_Average_Daily_Traffic_TDA/FeatureServer/0,https://services1.arcgis.com/O1JpcwDW8sjYuddV/arcgis/rest/services/Annual_Average_Daily_Traffic_TDA/FeatureServer/0/query?where=COUNTY%3D%27Miami-Dade%27&outFields=ROADWAY%2CAADT%2CAADTFLG%2CCOUNTY%2CDISTRICT%2CYEAR_%2CDESC_FRM%2CDESC_TO%2CBEGIN_POST%2CEND_POST&returnGeometry=false&f=json
87030000,41000,C,Miami-Dade,6,2025,N/A,SR-878/SNAPPER CREEK,0.84,1.309,FDOT Annual Average Daily Traffic TDA,https://services1.arcgis.com/O1JpcwDW8sjYuddV/arcgis/rest/services/Annual_Average_Daily_Traffic_TDA/FeatureServer/0,https://services1.arcgis.com/O1JpcwDW8sjYuddV/arcgis/rest/services/Annual_Average_Daily_Traffic_TDA/FeatureServer/0/query?where=COUNTY%3D%27Miami-Dade%27&outFields=ROADWAY%2CAADT%2CAADTFLG%2CCOUNTY%2CDISTRICT%2CYEAR_%2CDESC_FRM%2CDESC_TO%2CBEGIN_POST%2CEND_POST&returnGeometry=false&f=json
87140000,55500,C,Miami-Dade,6,2025,BEGIN SEC 87140001,SR-860 / NW 183 ST,11.883,12.593,FDOT Annual Average Daily Traffic TDA,https://services1.arcgis.com/O1JpcwDW8sjYuddV/arcgis/rest/services/Annual_Average_Daily_Traffic_TDA/FeatureServer/0,https://services1.arcgis.com/O1JpcwDW8sjYuddV/arcgis/rest/services/Annual_Average_Daily_Traffic_TDA/FeatureServer/0/query?where=COUNTY%3D%27Miami-Dade%27&outFields=ROADWAY%2CAADT%2CAADTFLG%2CCOUNTY%2CDISTRICT%2CYEAR_%2CDESC_FRM%2CDESC_TO%2CBEGIN_POST%2CEND_POST&returnGeometry=false&f=json
87067505,11800,F,Miami-Dade,6,2025,N/A,SE 12 ST,2.719,2.985,FDOT Annual Average Daily Traffic TDA,https://services1.arcgis.com/O1JpcwDW8sjYuddV/arcgis/rest/services/Annual_Average_Daily_Traffic_TDA/FeatureServer/0,https://services1.arcgis.com/O1JpcwDW8sjYuddV/arcgis/rest/services/Annual_Average_Daily_Traffic_TDA/FeatureServer/0/query?where=COUNTY%3D%27Miami-Dade%27&outFields=ROADWAY%2CAADT%2CAADTFLG%2CCOUNTY%2CDISTRICT%2CYEAR_%2CDESC_FRM%2CDESC_TO%2CBEGIN_POST%2CEND_POST&returnGeometry=false&f=json
87075611,9000,C,Miami-Dade,6,2025,RAMP 87075612,I-75 SB,0,0.035,FDOT Annual Average Daily Traffic TDA,https://services1.arcgis.com/O1JpcwDW8sjYuddV/arcgis/rest/services/Annual_Average_Daily_Traffic_TDA/FeatureServer/0,https://services1.arcgis.com/O1JpcwDW8sjYuddV/arcgis/rest/services/Annual_Average_Daily_Traffic_TDA/FeatureServer/0/query?where=COUNTY%3D%27Miami-Dade%27&outFields=ROADWAY%2CAADT%2CAADTFLG%2CCOUNTY%2CDISTRICT%2CYEAR_%2CDESC_FRM%2CDESC_TO%2CBEGIN_POST%2CEND_POST&returnGeometry=false&f=json
87075304,14000,F,Miami-Dade,6,2025,SR-826 / SB,I-75 / NB,0,0.319,FDOT Annual Average Daily Traffic TDA,https://services1.arcgis.com/O1JpcwDW8sjYuddV/arcgis/rest/services/Annual_Average_Daily_Traffic_TDA/FeatureServer/0,https://services1.arcgis.com/O1JpcwDW8sjYuddV/arcgis/rest/services/Annual_Average_Daily_Traffic_TDA/FeatureServer/0/query?where=COUNTY%3D%27Miami-Dade%27&outFields=ROADWAY%2CAADT%2CAADTFLG%2CCOUNTY%2CDISTRICT%2CYEAR_%2CDESC_FRM%2CDESC_TO%2CBEGIN_POST%2CEND_POST&returnGeometry=false&f=json
87060002,15000,C,Miami-Dade,6,2025,SR 112/41 ST,SR A1A/26 ST,0.198,1.034,FDOT Annual Average Daily Traffic TDA,https://services1.arcgis.com/O1JpcwDW8sjYuddV/arcgis/rest/services/Annual_Average_Daily_Traffic_TDA/FeatureServer/0,https://services1.arcgis.com/O1JpcwDW8sjYuddV/arcgis/rest/services/Annual_Average_Daily_Traffic_TDA/FeatureServer/0/query?where=COUNTY%3D%27Miami-Dade%27&outFields=ROADWAY%2CAADT%2CAADTFLG%2CCOUNTY%2CDISTRICT%2CYEAR_%2CDESC_FRM%2CDESC_TO%2CBEGIN_POST%2CEND_POST&returnGeometry=false&f=json
87090005,6000,C,Miami-Dade,6,2025,NW 95 ST/JOHN HILL R,NW 87 AVE,0,0.717,FDOT Annual Average Daily Traffic TDA,https://services1.arcgis.com/O1JpcwDW8sjYuddV/arcgis/rest/services/Annual_Average_Daily_Traffic_TDA/FeatureServer/0,https://services1.arcgis.com/O1JpcwDW8sjYuddV/arcgis/rest/services/Annual_Average_Daily_Traffic_TDA/FeatureServer/0/query?where=COUNTY%3D%27Miami-Dade%27&outFields=ROADWAY%2CAADT%2CAADTFLG%2CCOUNTY%2CDISTRICT%2CYEAR_%2CDESC_FRM%2CDESC_TO%2CBEGIN_POST%2CEND_POST&returnGeometry=false&f=json
87120000,59000,C,Miami-Dade,6,2025,SR- 973/SW 87 AV,SR-826 / NB,9.056,10.021,FDOT Annual Average Daily Traffic TDA,https://services1.arcgis.com/O1JpcwDW8sjYuddV/arcgis/rest/services/Annual_Average_Daily_Traffic_TDA/FeatureServer/0,https://services1.arcgis.com/O1JpcwDW8sjYuddV/arcgis/rest/services/Annual_Average_Daily_Traffic_TDA/FeatureServer/0/query?where=COUNTY%3D%27Miami-Dade%27&outFields=ROADWAY%2CAADT%2CAADTFLG%2CCOUNTY%2CDISTRICT%2CYEAR_%2CDESC_FRM%2CDESC_TO%2CBEGIN_POST%2CEND_POST&returnGeometry=false&f=json
87190000,24000,C,Miami-Dade,6,2025,NE 126 ST,NE 18 AV,0.669,2.807,FDOT Annual Average Daily Traffic TDA,https://services1.arcgis.com/O1JpcwDW8sjYuddV/arcgis/rest/services/Annual_Average_Daily_Traffic_TDA/FeatureServer/0,https://services1.arcgis.com/O1JpcwDW8sjYuddV/arcgis/rest/services/Annual_Average_Daily_Traffic_TDA/FeatureServer/0/query?where=COUNTY%3D%27Miami-Dade%27&outFields=ROADWAY%2CAADT%2CAADTFLG%2CCOUNTY%2CDISTRICT%2CYEAR_%2CDESC_FRM%2CDESC_TO%2CBEGIN_POST%2CEND_POST&returnGeometry=false&f=json
87200126,5300,F,Miami-Dade,6,2025,87200142 EB OFF,NW 45 AVE,0,0.171,FDOT Annual Average Daily Traffic TDA,https://services1.arcgis.com/O1JpcwDW8sjYuddV/arcgis/rest/services/Annual_Average_Daily_Traffic_TDA/FeatureServer/0,https://services1.arcgis.com/O1JpcwDW8sjYuddV/arcgis/rest/services/Annual_Average_Daily_Traffic_TDA/FeatureServer/0/query?where=COUNTY%3D%27Miami-Dade%27&outFields=ROADWAY%2CAADT%2CAADTFLG%2CCOUNTY%2CDISTRICT%2CYEAR_%2CDESC_FRM%2CDESC_TO%2CBEGIN_POST%2CEND_POST&returnGeometry=false&f=json
87085000,8900,C,Miami-Dade,6,2025,SR-972 / SW 3 AVE,US-41/ SR-9/ SW 8 ST,0,1.005,FDOT Annual Average Daily Traffic TDA,https://services1.arcgis.com/O1JpcwDW8sjYuddV/arcgis/rest/services/Annual_Average_Daily_Traffic_TDA/FeatureServer/0,https://services1.arcgis.com/O1JpcwDW8sjYuddV/arcgis/rest/services/Annual_Average_Daily_Traffic_TDA/FeatureServer/0/query?where=COUNTY%3D%27Miami-Dade%27&outFields=ROADWAY%2CAADT%2CAADTFLG%2CCOUNTY%2CDISTRICT%2CYEAR_%2CDESC_FRM%2CDESC_TO%2CBEGIN_POST%2CEND_POST&returnGeometry=false&f=json
87200087,8500,F,Miami-Dade,6,2025,SR-836/EB,SR-959 / NW 57 AVE,0,0.164,FDOT Annual Average Daily Traffic TDA,https://services1.arcgis.com/O1JpcwDW8sjYuddV/arcgis/rest/services/Annual_Average_Daily_Traffic_TDA/FeatureServer/0,https://services1.arcgis.com/O1JpcwDW8sjYuddV/arcgis/rest/services/Annual_Average_Daily_Traffic_TDA/FeatureServer/0/query?where=COUNTY%3D%27Miami-Dade%27&outFields=ROADWAY%2CAADT%2CAADTFLG%2CCOUNTY%2CDISTRICT%2CYEAR_%2CDESC_FRM%2CDESC_TO%2CBEGIN_POST%2CEND_POST&returnGeometry=false&f=json
87170352,5100,F,Miami-Dade,6,2025,SR-7/US 441,SR-826/EB,0,0.186,FDOT Annual Average Daily Traffic TDA,https://services1.arcgis.com/O1JpcwDW8sjYuddV/arcgis/rest/services/Annual_Average_Daily_Traffic_TDA/FeatureServer/0,https://services1.arcgis.com/O1JpcwDW8sjYuddV/arcgis/rest/services/Annual_Average_Daily_Traffic_TDA/FeatureServer/0/query?where=COUNTY%3D%27Miami-Dade%27&outFields=ROADWAY%2CAADT%2CAADTFLG%2CCOUNTY%2CDISTRICT%2CYEAR_%2CDESC_FRM%2CDESC_TO%2CBEGIN_POST%2CEND_POST&returnGeometry=false&f=json
87071502,9700,F,Miami-Dade,6,2025,WALNUT PARK CONDO,N/A,0,1.167,FDOT Annual Average Daily Traffic TDA,https://services1.arcgis.com/O1JpcwDW8sjYuddV/arcgis/rest/services/Annual_Average_Daily_Traffic_TDA/FeatureServer/0,https://services1.arcgis.com/O1JpcwDW8sjYuddV/arcgis/rest/services/Annual_Average_Daily_Traffic_TDA/FeatureServer/0/query?where=COUNTY%3D%27Miami-Dade%27&outFields=ROADWAY%2CAADT%2CAADTFLG%2CCOUNTY%2CDISTRICT%2CYEAR_%2CDESC_FRM%2CDESC_TO%2CBEGIN_POST%2CEND_POST&returnGeometry=false&f=json
87075902,6000,C,Miami-Dade,6,2025,DADE/BROWARD CO LINE,N/A,0,2.615,FDOT Annual Average Daily Traffic TDA,https://services1.arcgis.com/O1JpcwDW8sjYuddV/arcgis/rest/services/Annual_Average_Daily_Traffic_TDA/FeatureServer/0,https://services1.arcgis.com/O1JpcwDW8sjYuddV/arcgis/rest/services/Annual_Average_Daily_Traffic_TDA/FeatureServer/0/query?where=COUNTY%3D%27Miami-Dade%27&outFields=ROADWAY%2CAADT%2CAADTFLG%2CCOUNTY%2CDISTRICT%2CYEAR_%2CDESC_FRM%2CDESC_TO%2CBEGIN_POST%2CEND_POST&returnGeometry=false&f=json
87200285,4800,C,Miami-Dade,6,2025,87200328 WB ON,NW 72 AVE,0,0.151,FDOT Annual Average Daily Traffic TDA,https://services1.arcgis.com/O1JpcwDW8sjYuddV/arcgis/rest/services/Annual_Average_Daily_Traffic_TDA/FeatureServer/0,https://services1.arcgis.com/O1JpcwDW8sjYuddV/arcgis/rest/services/Annual_Average_Daily_Traffic_TDA/FeatureServer/0/query?where=COUNTY%3D%27Miami-Dade%27&outFields=ROADWAY%2CAADT%2CAADTFLG%2CCOUNTY%2CDISTRICT%2CYEAR_%2CDESC_FRM%2CDESC_TO%2CBEGIN_POST%2CEND_POST&returnGeometry=false&f=json
87066000,32500,C,Miami-Dade,6,2025,US-441/SR-7/NW 7 AV,N MIAMI AVE,0,0.759,FDOT Annual Average Daily Traffic TDA,https://services1.arcgis.com/O1JpcwDW8sjYuddV/arcgis/rest/services/Annual_Average_Daily_Traffic_TDA/FeatureServer/0,https://services1.arcgis.com/O1JpcwDW8sjYuddV/arcgis/rest/services/Annual_Average_Daily_Traffic_TDA/FeatureServer/0/query?where=COUNTY%3D%27Miami-Dade%27&outFields=ROADWAY%2CAADT%2CAADTFLG%2CCOUNTY%2CDISTRICT%2CYEAR_%2CDESC_FRM%2CDESC_TO%2CBEGIN_POST%2CEND_POST&returnGeometry=false&f=json
87200000,137500,C,Miami-Dade,6,2025,SR-821/TURNPIKE EXPY,87200606 EB ON,0,1.464,FDOT Annual Average Daily Traffic TDA,https://services1.arcgis.com/O1JpcwDW8sjYuddV/arcgis/rest/services/Annual_Average_Daily_Traffic_TDA/FeatureServer/0,https://services1.arcgis.com/O1JpcwDW8sjYuddV/arcgis/rest/services/Annual_Average_Daily_Traffic_TDA/FeatureServer/0/query?where=COUNTY%3D%27Miami-Dade%27&outFields=ROADWAY%2CAADT%2CAADTFLG%2CCOUNTY%2CDISTRICT%2CYEAR_%2CDESC_FRM%2CDESC_TO%2CBEGIN_POST%2CEND_POST&returnGeometry=false&f=json
87200110,12000,F,Miami-Dade,6,2025,NB NW 17 AVE,WB SR 836,0,0.207,FDOT Annual Average Daily Traffic TDA,https://services1.arcgis.com/O1JpcwDW8sjYuddV/arcgis/rest/services/Annual_Average_Daily_Traffic_TDA/FeatureServer/0,https://services1.arcgis.com/O1JpcwDW8sjYuddV/arcgis/rest/services/Annual_Average_Daily_Traffic_TDA/FeatureServer/0/query?where=COUNTY%3D%27Miami-Dade%27&outFields=ROADWAY%2CAADT%2CAADTFLG%2CCOUNTY%2CDISTRICT%2CYEAR_%2CDESC_FRM%2CDESC_TO%2CBEGIN_POST%2CEND_POST&returnGeometry=false&f=json
87061000,10000,C,Miami-Dade,6,2025,US-1 / SR-5 / BISCAY,CARIBBEAN WAY,0,0.826,FDOT Annual Average Daily Traffic TDA,https://services1.arcgis.com/O1JpcwDW8sjYuddV/arcgis/rest/services/Annual_Average_Daily_Traffic_TDA/FeatureServer/0,https://services1.arcgis.com/O1JpcwDW8sjYuddV/arcgis/rest/services/Annual_Average_Daily_Traffic_TDA/FeatureServer/0/query?where=COUNTY%3D%27Miami-Dade%27&outFields=ROADWAY%2CAADT%2CAADTFLG%2CCOUNTY%2CDISTRICT%2CYEAR_%2CDESC_FRM%2CDESC_TO%2CBEGIN_POST%2CEND_POST&returnGeometry=false&f=json
87090000,17300,C,Miami-Dade,6,2025,NW 17 AVE,US- 441/SR-7/NW 7 AV,17.52,18.541,FDOT Annual Average Daily Traffic TDA,https://services1.arcgis.com/O1JpcwDW8sjYuddV/arcgis/rest/services/Annual_Average_Daily_Traffic_TDA/FeatureServer/0,https://services1.arcgis.com/O1JpcwDW8sjYuddV/arcgis/rest/services/Annual_Average_Daily_Traffic_TDA/FeatureServer/0/query?where=COUNTY%3D%27Miami-Dade%27&outFields=ROADWAY%2CAADT%2CAADTFLG%2CCOUNTY%2CDISTRICT%2CYEAR_%2CDESC_FRM%2CDESC_TO%2CBEGIN_POST%2CEND_POST&returnGeometry=false&f=json
87140349,4200,F,Miami-Dade,6,2025,87170354 SB OFF,SR-7/US 441,0,0.113,FDOT Annual Average Daily Traffic TDA,https://services1.arcgis.com/O1JpcwDW8sjYuddV/arcgis/rest/services/Annual_Average_Daily_Traffic_TDA/FeatureServer/0,https://services1.arcgis.com/O1JpcwDW8sjYuddV/arcgis/rest/services/Annual_Average_Daily_Traffic_TDA/FeatureServer/0/query?where=COUNTY%3D%27Miami-Dade%27&outFields=ROADWAY%2CAADT%2CAADTFLG%2CCOUNTY%2CDISTRICT%2CYEAR_%2CDESC_FRM%2CDESC_TO%2CBEGIN_POST%2CEND_POST&returnGeometry=false&f=json
87080900,45000,C,Miami-Dade,6,2025,NW 62 AV/W 8 AV,SR-823/W 4 AV/RED RD,32.683,33.185,FDOT Annual Average Daily Traffic TDA,https://services1.arcgis.com/O1JpcwDW8sjYuddV/arcgis/rest/services/Annual_Average_Daily_Traffic_TDA/FeatureServer/0,https://services1.arcgis.com/O1JpcwDW8sjYuddV/arcgis/rest/services/Annual_Average_Daily_Traffic_TDA/FeatureServer/0/query?where=COUNTY%3D%27Miami-Dade%27&outFields=ROADWAY%2CAADT%2CAADTFLG%2CCOUNTY%2CDISTRICT%2CYEAR_%2CDESC_FRM%2CDESC_TO%2CBEGIN_POST%2CEND_POST&returnGeometry=false&f=json
87122000,5800,F,Miami-Dade,6,2025,NW 54 ST/HIALEAH DR,E 21 ST/NW 74 ST,0.051,1.31,FDOT Annual Average Daily Traffic TDA,https://services1.arcgis.com/O1JpcwDW8sjYuddV/arcgis/rest/services/Annual_Average_Daily_Traffic_TDA/FeatureServer/0,https://services1.arcgis.com/O1JpcwDW8sjYuddV/arcgis/rest/services/Annual_Average_Daily_Traffic_TDA/FeatureServer/0/query?where=COUNTY%3D%27Miami-Dade%27&outFields=ROADWAY%2CAADT%2CAADTFLG%2CCOUNTY%2CDISTRICT%2CYEAR_%2CDESC_FRM%2CDESC_TO%2CBEGIN_POST%2CEND_POST&returnGeometry=false&f=json
87200094,6300,F,Miami-Dade,6,2025,SR-953/NW 42 AVE SB,SR-836 EB,0,0.118,FDOT Annual Average Daily Traffic TDA,https://services1.arcgis.com/O1JpcwDW8sjYuddV/arcgis/rest/services/Annual_Average_Daily_Traffic_TDA/FeatureServer/0,https://services1.arcgis.com/O1JpcwDW8sjYuddV/arcgis/rest/services/Annual_Average_Daily_Traffic_TDA/FeatureServer/0/query?where=COUNTY%3D%27Miami-Dade%27&outFields=ROADWAY%2CAADT%2CAADTFLG%2CCOUNTY%2CDISTRICT%2CYEAR_%2CDESC_FRM%2CDESC_TO%2CBEGIN_POST%2CEND_POST&returnGeometry=false&f=json
87170000,52500,C,Miami-Dade,6,2025,SR-91/SE END BR0038,SR 915/NE 6 AV,0,1.477,FDOT Annual Average Daily Traffic TDA,https://services1.arcgis.com/O1JpcwDW8sjYuddV/arcgis/rest/services/Annual_Average_Daily_Traffic_TDA/FeatureServer/0,https://services1.arcgis.com/O1JpcwDW8sjYuddV/arcgis/rest/services/Annual_Average_Daily_Traffic_TDA/FeatureServer/0/query?where=COUNTY%3D%27Miami-Dade%27&outFields=ROADWAY%2CAADT%2CAADTFLG%2CCOUNTY%2CDISTRICT%2CYEAR_%2CDESC_FRM%2CDESC_TO%2CBEGIN_POST%2CEND_POST&returnGeometry=false&f=json
87080347,17000,C,Miami-Dade,6,2025,BAY DR E,BAY DR W,0,1.042,FDOT Annual Average Daily Traffic TDA,https://services1.arcgis.com/O1JpcwDW8sjYuddV/arcgis/rest/services/Annual_Average_Daily_Traffic_TDA/FeatureServer/0,https://services1.arcgis.com/O1JpcwDW8sjYuddV/arcgis/rest/services/Annual_Average_Daily_Traffic_TDA/FeatureServer/0/query?where=COUNTY%3D%27Miami-Dade%27&outFields=ROADWAY%2CAADT%2CAADTFLG%2CCOUNTY%2CDISTRICT%2CYEAR_%2CDESC_FRM%2CDESC_TO%2CBEGIN_POST%2CEND_POST&returnGeometry=false&f=json
87120001,9800,C,Miami-Dade,6,2025,US-1/SR-5/BRICKELL A,I-95 / NB,0,0.625,FDOT Annual Average Daily Traffic TDA,https://services1.arcgis.com/O1JpcwDW8sjYuddV/arcgis/rest/services/Annual_Average_Daily_Traffic_TDA/FeatureServer/0,https://services1.arcgis.com/O1JpcwDW8sjYuddV/arcgis/rest/services/Annual_Average_Daily_Traffic_TDA/FeatureServer/0/query?where=COUNTY%3D%27Miami-Dade%27&outFields=ROADWAY%2CAADT%2CAADTFLG%2CCOUNTY%2CDISTRICT%2CYEAR_%2CDESC_FRM%2CDESC_TO%2CBEGIN_POST%2CEND_POST&returnGeometry=false&f=json
87070056,6000,C,Miami-Dade,6,2025,US-27/OKEECHOBEE/SB,SR-997/KROME AVE/SB,0,0.091,FDOT Annual Average Daily Traffic TDA,https://services1.arcgis.com/O1JpcwDW8sjYuddV/arcgis/rest/services/Annual_Average_Daily_Traffic_TDA/FeatureServer/0,https://services1.arcgis.com/O1JpcwDW8sjYuddV/arcgis/rest/services/Annual_Average_Daily_Traffic_TDA/FeatureServer/0/query?where=COUNTY%3D%27Miami-Dade%27&outFields=ROADWAY%2CAADT%2CAADTFLG%2CCOUNTY%2CDISTRICT%2CYEAR_%2CDESC_FRM%2CDESC_TO%2CBEGIN_POST%2CEND_POST&returnGeometry=false&f=json
87078000,12200,F,Miami-Dade,6,2025,SW 328 ST,SR-5/US1/S DIXIE HWY,0,4.95,FDOT Annual Average Daily Traffic TDA,https://services1.arcgis.com/O1JpcwDW8sjYuddV/arcgis/rest/services/Annual_Average_Daily_Traffic_TDA/FeatureServer/0,https://services1.arcgis.com/O1JpcwDW8sjYuddV/arcgis/rest/services/Annual_Average_Daily_Traffic_TDA/FeatureServer/0/query?where=COUNTY%3D%27Miami-Dade%27&outFields=ROADWAY%2CAADT%2CAADTFLG%2CCOUNTY%2CDISTRICT%2CYEAR_%2CDESC_FRM%2CDESC_TO%2CBEGIN_POST%2CEND_POST&returnGeometry=false&f=json
87064501,15900,S,Miami-Dade,6,2025,SW 56 ST/MILLER DR,SR976/BIRD RD/SW40ST,0,1.034,FDOT Annual Average Daily Traffic TDA,https://services1.arcgis.com/O1JpcwDW8sjYuddV/arcgis/rest/services/Annual_Average_Daily_Traffic_TDA/FeatureServer/0,https://services1.arcgis.com/O1JpcwDW8sjYuddV/arcgis/rest/services/Annual_Average_Daily_Traffic_TDA/FeatureServer/0/query?where=COUNTY%3D%27Miami-Dade%27&outFields=ROADWAY%2CAADT%2CAADTFLG%2CCOUNTY%2CDISTRICT%2CYEAR_%2CDESC_FRM%2CDESC_TO%2CBEGIN_POST%2CEND_POST&returnGeometry=false&f=json
87200000,200500,C,Miami-Dade,6,2025,Bridge No-870139,N/A,8.44,9.454,FDOT Annual Average Daily Traffic TDA,https://services1.arcgis.com/O1JpcwDW8sjYuddV/arcgis/rest/services/Annual_Average_Daily_Traffic_TDA/FeatureServer/0,https://services1.arcgis.com/O1JpcwDW8sjYuddV/arcgis/rest/services/Annual_Average_Daily_Traffic_TDA/FeatureServer/0/query?where=COUNTY%3D%27Miami-Dade%27&outFields=ROADWAY%2CAADT%2CAADTFLG%2CCOUNTY%2CDISTRICT%2CYEAR_%2CDESC_FRM%2CDESC_TO%2CBEGIN_POST%2CEND_POST&returnGeometry=false&f=json
87200134,39000,F,Miami-Dade,6,2025,87200092 NB OFF,BEG BRIDGE870993,0,0.339,FDOT Annual Average Daily Traffic TDA,https://services1.arcgis.com/O1JpcwDW8sjYuddV/arcgis/rest/services/Annual_Average_Daily_Traffic_TDA/FeatureServer/0,https://services1.arcgis.com/O1JpcwDW8sjYuddV/arcgis/rest/services/Annual_Average_Daily_Traffic_TDA/FeatureServer/0/query?where=COUNTY%3D%27Miami-Dade%27&outFields=ROADWAY%2CAADT%2CAADTFLG%2CCOUNTY%2CDISTRICT%2CYEAR_%2CDESC_FRM%2CDESC_TO%2CBEGIN_POST%2CEND_POST&returnGeometry=false&f=json
87092500,8700,C,Miami-Dade,6,2025,OLD CUTLER RD,SW 174 ST,0,2.294,FDOT Annual Average Daily Traffic TDA,https://services1.arcgis.com/O1JpcwDW8sjYuddV/arcgis/rest/services/Annual_Average_Daily_Traffic_TDA/FeatureServer/0,https://services1.arcgis.com/O1JpcwDW8sjYuddV/arcgis/rest/services/Annual_Average_Daily_Traffic_TDA/FeatureServer/0/query?where=COUNTY%3D%27Miami-Dade%27&outFields=ROADWAY%2CAADT%2CAADTFLG%2CCOUNTY%2CDISTRICT%2CYEAR_%2CDESC_FRM%2CDESC_TO%2CBEGIN_POST%2CEND_POST&returnGeometry=false&f=json
87150000,14500,C,Miami-Dade,6,2025,N/A,N/A,0.799,1.811,FDOT Annual Average Daily Traffic TDA,https://services1.arcgis.com/O1JpcwDW8sjYuddV/arcgis/rest/services/Annual_Average_Daily_Traffic_TDA/FeatureServer/0,https://services1.arcgis.com/O1JpcwDW8sjYuddV/arcgis/rest/services/Annual_Average_Daily_Traffic_TDA/FeatureServer/0/query?where=COUNTY%3D%27Miami-Dade%27&outFields=ROADWAY%2CAADT%2CAADTFLG%2CCOUNTY%2CDISTRICT%2CYEAR_%2CDESC_FRM%2CDESC_TO%2CBEGIN_POST%2CEND_POST&returnGeometry=false&f=json
87090000,22000,C,Miami-Dade,6,2025,DADE/BROWARD CO LINE,SR-997/NW 177 AV/KRO,0,0.444,FDOT Annual Average Daily Traffic TDA,https://services1.arcgis.com/O1JpcwDW8sjYuddV/arcgis/rest/services/Annual_Average_Daily_Traffic_TDA/FeatureServer/0,https://services1.arcgis.com/O1JpcwDW8sjYuddV/arcgis/rest/services/Annual_Average_Daily_Traffic_TDA/FeatureServer/0/query?where=COUNTY%3D%27Miami-Dade%27&outFields=ROADWAY%2CAADT%2CAADTFLG%2CCOUNTY%2CDISTRICT%2CYEAR_%2CDESC_FRM%2CDESC_TO%2CBEGIN_POST%2CEND_POST&returnGeometry=false&f=json
87120001,20000,C,Miami-Dade,6,2025,I-95 / NB,SR-7/US-441/SW 8 AVE,0.625,1.066,FDOT Annual Average Daily Traffic TDA,https://services1.arcgis.com/O1JpcwDW8sjYuddV/arcgis/rest/services/Annual_Average_Daily_Traffic_TDA/FeatureServer/0,https://services1.arcgis.com/O1JpcwDW8sjYuddV/arcgis/rest/services/Annual_Average_Daily_Traffic_TDA/FeatureServer/0/query?where=COUNTY%3D%27Miami-Dade%27&outFields=ROADWAY%2CAADT%2CAADTFLG%2CCOUNTY%2CDISTRICT%2CYEAR_%2CDESC_FRM%2CDESC_TO%2CBEGIN_POST%2CEND_POST&returnGeometry=false&f=json
87064500,13700,C,Miami-Dade,6,2025,SW 104 ST,SW 88 ST/KENDALL DR,0,1.014,FDOT Annual Average Daily Traffic TDA,https://services1.arcgis.com/O1JpcwDW8sjYuddV/arcgis/rest/services/Annual_Average_Daily_Traffic_TDA/FeatureServer/0,https://services1.arcgis.com/O1JpcwDW8sjYuddV/arcgis/rest/services/Annual_Average_Daily_Traffic_TDA/FeatureServer/0/query?where=COUNTY%3D%27Miami-Dade%27&outFields=ROADWAY%2CAADT%2CAADTFLG%2CCOUNTY%2CDISTRICT%2CYEAR_%2CDESC_FRM%2CDESC_TO%2CBEGIN_POST%2CEND_POST&returnGeometry=false&f=json
87080000,27600,C,Miami-Dade,6,2025,US-1/SR-5/BISCAYBLVD,SR-934 / N BAYSHORE,0,0.676,FDOT Annual Average Daily Traffic TDA,https://services1.arcgis.com/O1JpcwDW8sjYuddV/arcgis/rest/services/Annual_Average_Daily_Traffic_TDA/FeatureServer/0,https://services1.arcgis.com/O1JpcwDW8sjYuddV/arcgis/rest/services/Annual_Average_Daily_Traffic_TDA/FeatureServer/0/query?where=COUNTY%3D%27Miami-Dade%27&outFields=ROADWAY%2CAADT%2CAADTFLG%2CCOUNTY%2CDISTRICT%2CYEAR_%2CDESC_FRM%2CDESC_TO%2CBEGIN_POST%2CEND_POST&returnGeometry=false&f=json
87060051,1500,F,Miami-Dade,6,2025, , ,0.813,0.994,FDOT Annual Average Daily Traffic TDA,https://services1.arcgis.com/O1JpcwDW8sjYuddV/arcgis/rest/services/Annual_Average_Daily_Traffic_TDA/FeatureServer/0,https://services1.arcgis.com/O1JpcwDW8sjYuddV/arcgis/rest/services/Annual_Average_Daily_Traffic_TDA/FeatureServer/0/query?where=COUNTY%3D%27Miami-Dade%27&outFields=ROADWAY%2CAADT%2CAADTFLG%2CCOUNTY%2CDISTRICT%2CYEAR_%2CDESC_FRM%2CDESC_TO%2CBEGIN_POST%2CEND_POST&returnGeometry=false&f=json
87068501,14800,F,Miami-Dade,6,2025,BROADWAY,N/A,0,0.883,FDOT Annual Average Daily Traffic TDA,https://services1.arcgis.com/O1JpcwDW8sjYuddV/arcgis/rest/services/Annual_Average_Daily_Traffic_TDA/FeatureServer/0,https://services1.arcgis.com/O1JpcwDW8sjYuddV/arcgis/rest/services/Annual_Average_Daily_Traffic_TDA/FeatureServer/0/query?where=COUNTY%3D%27Miami-Dade%27&outFields=ROADWAY%2CAADT%2CAADTFLG%2CCOUNTY%2CDISTRICT%2CYEAR_%2CDESC_FRM%2CDESC_TO%2CBEGIN_POST%2CEND_POST&returnGeometry=false&f=json
87075703,10300,C,Miami-Dade,6,2025,HIALEAH GARDENS BLVD,NW 87 AVE/W 28 AVE,0,0.913,FDOT Annual Average Daily Traffic TDA,https://services1.arcgis.com/O1JpcwDW8sjYuddV/arcgis/rest/services/Annual_Average_Daily_Traffic_TDA/FeatureServer/0,https://services1.arcgis.com/O1JpcwDW8sjYuddV/arcgis/rest/services/Annual_Average_Daily_Traffic_TDA/FeatureServer/0/query?where=COUNTY%3D%27Miami-Dade%27&outFields=ROADWAY%2CAADT%2CAADTFLG%2CCOUNTY%2CDISTRICT%2CYEAR_%2CDESC_FRM%2CDESC_TO%2CBEGIN_POST%2CEND_POST&returnGeometry=false&f=json
87200211,9600,F,Miami-Dade,6,2025,87200109 SB OFF,NW S RIVER DR,0,0.289,FDOT Annual Average Daily Traffic TDA,https://services1.arcgis.com/O1JpcwDW8sjYuddV/arcgis/rest/services/Annual_Average_Daily_Traffic_TDA/FeatureServer/0,https://services1.arcgis.com/O1JpcwDW8sjYuddV/arcgis/rest/services/Annual_Average_Daily_Traffic_TDA/FeatureServer/0/query?where=COUNTY%3D%27Miami-Dade%27&outFields=ROADWAY%2CAADT%2CAADTFLG%2CCOUNTY%2CDISTRICT%2CYEAR_%2CDESC_FRM%2CDESC_TO%2CBEGIN_POST%2CEND_POST&returnGeometry=false&f=json
87060053,500,T,Miami-Dade,6,2025,MAC ARTHUR CSWY WB,MACARTHUR CSWY FRONT,0,0.055,FDOT Annual Average Daily Traffic TDA,https://services1.arcgis.com/O1JpcwDW8sjYuddV/arcgis/rest/services/Annual_Average_Daily_Traffic_TDA/FeatureServer/0,https://services1.arcgis.com/O1JpcwDW8sjYuddV/arcgis/rest/services/Annual_Average_Daily_Traffic_TDA/FeatureServer/0/query?where=COUNTY%3D%27Miami-Dade%27&outFields=ROADWAY%2CAADT%2CAADTFLG%2CCOUNTY%2CDISTRICT%2CYEAR_%2CDESC_FRM%2CDESC_TO%2CBEGIN_POST%2CEND_POST&returnGeometry=false&f=json
87120000,25277,C,Miami-Dade,6,2025,SW 147 AV,SAN MIGUEL SHOPPING,3.017,3.691,FDOT Annual Average Daily Traffic TDA,https://services1.arcgis.com/O1JpcwDW8sjYuddV/arcgis/rest/services/Annual_Average_Daily_Traffic_TDA/FeatureServer/0,https://services1.arcgis.com/O1JpcwDW8sjYuddV/arcgis/rest/services/Annual_Average_Daily_Traffic_TDA/FeatureServer/0/query?where=COUNTY%3D%27Miami-Dade%27&outFields=ROADWAY%2CAADT%2CAADTFLG%2CCOUNTY%2CDISTRICT%2CYEAR_%2CDESC_FRM%2CDESC_TO%2CBEGIN_POST%2CEND_POST&returnGeometry=false&f=json
87075603,15000,F,Miami-Dade,6,2025,SR-93 / I-75,WB NW 138 ST,0,0.377,FDOT Annual Average Daily Traffic TDA,https://services1.arcgis.com/O1JpcwDW8sjYuddV/arcgis/rest/services/Annual_Average_Daily_Traffic_TDA/FeatureServer/0,https://services1.arcgis.com/O1JpcwDW8sjYuddV/arcgis/rest/services/Annual_Average_Daily_Traffic_TDA/FeatureServer/0/query?where=COUNTY%3D%27Miami-Dade%27&outFields=ROADWAY%2CAADT%2CAADTFLG%2CCOUNTY%2CDISTRICT%2CYEAR_%2CDESC_FRM%2CDESC_TO%2CBEGIN_POST%2CEND_POST&returnGeometry=false&f=json
87200075,10000,F,Miami-Dade,6,2025,SR-836 / EB,SR-973 / NW 87 ST,0,0.45,FDOT Annual Average Daily Traffic TDA,https://services1.arcgis.com/O1JpcwDW8sjYuddV/arcgis/rest/services/Annual_Average_Daily_Traffic_TDA/FeatureServer/0,https://services1.arcgis.com/O1JpcwDW8sjYuddV/arcgis/rest/services/Annual_Average_Daily_Traffic_TDA/FeatureServer/0/query?where=COUNTY%3D%27Miami-Dade%27&outFields=ROADWAY%2CAADT%2CAADTFLG%2CCOUNTY%2CDISTRICT%2CYEAR_%2CDESC_FRM%2CDESC_TO%2CBEGIN_POST%2CEND_POST&returnGeometry=false&f=json
87200141,4300,C,Miami-Dade,6,2025,SR 836 WB,NW 14 ST,0,0.376,FDOT Annual Average Daily Traffic TDA,https://services1.arcgis.com/O1JpcwDW8sjYuddV/arcgis/rest/services/Annual_Average_Daily_Traffic_TDA/FeatureServer/0,https://services1.arcgis.com/O1JpcwDW8sjYuddV/arcgis/rest/services/Annual_Average_Daily_Traffic_TDA/FeatureServer/0/query?where=COUNTY%3D%27Miami-Dade%27&outFields=ROADWAY%2CAADT%2CAADTFLG%2CCOUNTY%2CDISTRICT%2CYEAR_%2CDESC_FRM%2CDESC_TO%2CBEGIN_POST%2CEND_POST&returnGeometry=false&f=json
87080900,29500,C,Miami-Dade,6,2025,NW 37 AVE/DOUGLAS RD,SR-9/NW 27 AV,35.43,36.451,FDOT Annual Average Daily Traffic TDA,https://services1.arcgis.com/O1JpcwDW8sjYuddV/arcgis/rest/services/Annual_Average_Daily_Traffic_TDA/FeatureServer/0,https://services1.arcgis.com/O1JpcwDW8sjYuddV/arcgis/rest/services/Annual_Average_Daily_Traffic_TDA/FeatureServer/0/query?where=COUNTY%3D%27Miami-Dade%27&outFields=ROADWAY%2CAADT%2CAADTFLG%2CCOUNTY%2CDISTRICT%2CYEAR_%2CDESC_FRM%2CDESC_TO%2CBEGIN_POST%2CEND_POST&returnGeometry=false&f=json
87104000,44000,C,Miami-Dade,6,2025,NW 114 AVE,NW 84 AVE,0,3,FDOT Annual Average Daily Traffic TDA,https://services1.arcgis.com/O1JpcwDW8sjYuddV/arcgis/rest/services/Annual_Average_Daily_Traffic_TDA/FeatureServer/0,https://services1.arcgis.com/O1JpcwDW8sjYuddV/arcgis/rest/services/Annual_Average_Daily_Traffic_TDA/FeatureServer/0/query?where=COUNTY%3D%27Miami-Dade%27&outFields=ROADWAY%2CAADT%2CAADTFLG%2CCOUNTY%2CDISTRICT%2CYEAR_%2CDESC_FRM%2CDESC_TO%2CBEGIN_POST%2CEND_POST&returnGeometry=false&f=json
87150000,39500,C,Miami-Dade,6,2025,SW 184 ST/EUREKA DR,N/A,10.874,17.431,FDOT Annual Average Daily Traffic TDA,https://services1.arcgis.com/O1JpcwDW8sjYuddV/arcgis/rest/services/Annual_Average_Daily_Traffic_TDA/FeatureServer/0,https://services1.arcgis.com/O1JpcwDW8sjYuddV/arcgis/rest/services/Annual_Average_Daily_Traffic_TDA/FeatureServer/0/query?where=COUNTY%3D%27Miami-Dade%27&outFields=ROADWAY%2CAADT%2CAADTFLG%2CCOUNTY%2CDISTRICT%2CYEAR_%2CDESC_FRM%2CDESC_TO%2CBEGIN_POST%2CEND_POST&returnGeometry=false&f=json
87076501,5700,T,Miami-Dade,6,2025,SW 177 AVE/KROME AVE,SW 147 AV/NARANJA RD,0,3.053,FDOT Annual Average Daily Traffic TDA,https://services1.arcgis.com/O1JpcwDW8sjYuddV/arcgis/rest/services/Annual_Average_Daily_Traffic_TDA/FeatureServer/0,https://services1.arcgis.com/O1JpcwDW8sjYuddV/arcgis/rest/services/Annual_Average_Daily_Traffic_TDA/FeatureServer/0/query?where=COUNTY%3D%27Miami-Dade%27&outFields=ROADWAY%2CAADT%2CAADTFLG%2CCOUNTY%2CDISTRICT%2CYEAR_%2CDESC_FRM%2CDESC_TO%2CBEGIN_POST%2CEND_POST&returnGeometry=false&f=json
87120000,12500,C,Miami-Dade,6,2025,N/A,US-1/SR-5/BRICKELL A,17.537,18.121,FDOT Annual Average Daily Traffic TDA,https://services1.arcgis.com/O1JpcwDW8sjYuddV/arcgis/rest/services/Annual_Average_Daily_Traffic_TDA/FeatureServer/0,https://services1.arcgis.com/O1JpcwDW8sjYuddV/arcgis/rest/services/Annual_Average_Daily_Traffic_TDA/FeatureServer/0/query?where=COUNTY%3D%27Miami-Dade%27&outFields=ROADWAY%2CAADT%2CAADTFLG%2CCOUNTY%2CDISTRICT%2CYEAR_%2CDESC_FRM%2CDESC_TO%2CBEGIN_POST%2CEND_POST&returnGeometry=false&f=json
87066000,21800,F,Miami-Dade,6,2025,N/A,N/A,3.741,4.546,FDOT Annual Average Daily Traffic TDA,https://services1.arcgis.com/O1JpcwDW8sjYuddV/arcgis/rest/services/Annual_Average_Daily_Traffic_TDA/FeatureServer/0,https://services1.arcgis.com/O1JpcwDW8sjYuddV/arcgis/rest/services/Annual_Average_Daily_Traffic_TDA/FeatureServer/0/query?where=COUNTY%3D%27Miami-Dade%27&outFields=ROADWAY%2CAADT%2CAADTFLG%2CCOUNTY%2CDISTRICT%2CYEAR_%2CDESC_FRM%2CDESC_TO%2CBEGIN_POST%2CEND_POST&returnGeometry=false&f=json
87060002,36500,C,Miami-Dade,6,2025,SR A1A/44 ST,SR 112/41 ST,0,0.198,FDOT Annual Average Daily Traffic TDA,https://services1.arcgis.com/O1JpcwDW8sjYuddV/arcgis/rest/services/Annual_Average_Daily_Traffic_TDA/FeatureServer/0,https://services1.arcgis.com/O1JpcwDW8sjYuddV/arcgis/rest/services/Annual_Average_Daily_Traffic_TDA/FeatureServer/0/query?where=COUNTY%3D%27Miami-Dade%27&outFields=ROADWAY%2CAADT%2CAADTFLG%2CCOUNTY%2CDISTRICT%2CYEAR_%2CDESC_FRM%2CDESC_TO%2CBEGIN_POST%2CEND_POST&returnGeometry=false&f=json
87120000,40000,C,Miami-Dade,6,2025,SW 67 AVE,SR- 959/SW 57 AVE,11.059,12.059,FDOT Annual Average Daily Traffic TDA,https://services1.arcgis.com/O1JpcwDW8sjYuddV/arcgis/rest/services/Annual_Average_Daily_Traffic_TDA/FeatureServer/0,https://services1.arcgis.com/O1JpcwDW8sjYuddV/arcgis/rest/services/Annual_Average_Daily_Traffic_TDA/FeatureServer/0/query?where=COUNTY%3D%27Miami-Dade%27&outFields=ROADWAY%2CAADT%2CAADTFLG%2CCOUNTY%2CDISTRICT%2CYEAR_%2CDESC_FRM%2CDESC_TO%2CBEGIN_POST%2CEND_POST&returnGeometry=false&f=json
87080900,55500,C,Miami-Dade,6,2025,87260397 SB ON,SR-969/NW 72 AV,31.09,31.672,FDOT Annual Average Daily Traffic TDA,https://services1.arcgis.com/O1JpcwDW8sjYuddV/arcgis/rest/services/Annual_Average_Daily_Traffic_TDA/FeatureServer/0,https://services1.arcgis.com/O1JpcwDW8sjYuddV/arcgis/rest/services/Annual_Average_Daily_Traffic_TDA/FeatureServer/0/query?where=COUNTY%3D%27Miami-Dade%27&outFields=ROADWAY%2CAADT%2CAADTFLG%2CCOUNTY%2CDISTRICT%2CYEAR_%2CDESC_FRM%2CDESC_TO%2CBEGIN_POST%2CEND_POST&returnGeometry=false&f=json
87170355,12000,F,Miami-Dade,6,2025,NW 2 AVE,87140065 NB ON,0,0.016,FDOT Annual Average Daily Traffic TDA,https://services1.arcgis.com/O1JpcwDW8sjYuddV/arcgis/rest/services/Annual_Average_Daily_Traffic_TDA/FeatureServer/0,https://services1.arcgis.com/O1JpcwDW8sjYuddV/arcgis/rest/services/Annual_Average_Daily_Traffic_TDA/FeatureServer/0/query?where=COUNTY%3D%27Miami-Dade%27&outFields=ROADWAY%2CAADT%2CAADTFLG%2CCOUNTY%2CDISTRICT%2CYEAR_%2CDESC_FRM%2CDESC_TO%2CBEGIN_POST%2CEND_POST&returnGeometry=false&f=json
87071500,10600,F,Miami-Dade,6,2025,SW 144 ST,SW 120 ST,0,1.524,FDOT Annual Average Daily Traffic TDA,https://services1.arcgis.com/O1JpcwDW8sjYuddV/arcgis/rest/services/Annual_Average_Daily_Traffic_TDA/FeatureServer/0,https://services1.arcgis.com/O1JpcwDW8sjYuddV/arcgis/rest/services/Annual_Average_Daily_Traffic_TDA/FeatureServer/0/query?where=COUNTY%3D%27Miami-Dade%27&outFields=ROADWAY%2CAADT%2CAADTFLG%2CCOUNTY%2CDISTRICT%2CYEAR_%2CDESC_FRM%2CDESC_TO%2CBEGIN_POST%2CEND_POST&returnGeometry=false&f=json
87120000,16000,C,Miami-Dade,6,2025,SR-90/SW 22 AV RD,SW 22 AVE/MAXIMO GOM,15.163,15.63,FDOT Annual Average Daily Traffic TDA,https://services1.arcgis.com/O1JpcwDW8sjYuddV/arcgis/rest/services/Annual_Average_Daily_Traffic_TDA/FeatureServer/0,https://services1.arcgis.com/O1JpcwDW8sjYuddV/arcgis/rest/services/Annual_Average_Daily_Traffic_TDA/FeatureServer/0/query?where=COUNTY%3D%27Miami-Dade%27&outFields=ROADWAY%2CAADT%2CAADTFLG%2CCOUNTY%2CDISTRICT%2CYEAR_%2CDESC_FRM%2CDESC_TO%2CBEGIN_POST%2CEND_POST&returnGeometry=false&f=json
87200000,191000,C,Miami-Dade,6,2025,Bridge No-870138,Bridge No-870139,7.925,8.44,FDOT Annual Average Daily Traffic TDA,https://services1.arcgis.com/O1JpcwDW8sjYuddV/arcgis/rest/services/Annual_Average_Daily_Traffic_TDA/FeatureServer/0,https://services1.arcgis.com/O1JpcwDW8sjYuddV/arcgis/rest/services/Annual_Average_Daily_Traffic_TDA/FeatureServer/0/query?where=COUNTY%3D%27Miami-Dade%27&outFields=ROADWAY%2CAADT%2CAADTFLG%2CCOUNTY%2CDISTRICT%2CYEAR_%2CDESC_FRM%2CDESC_TO%2CBEGIN_POST%2CEND_POST&returnGeometry=false&f=json
87200123,14000,T,Miami-Dade,6,2025,I-395 / EB,NE 2 AVE,0,0.187,FDOT Annual Average Daily Traffic TDA,https://services1.arcgis.com/O1JpcwDW8sjYuddV/arcgis/rest/services/Annual_Average_Daily_Traffic_TDA/FeatureServer/0,https://services1.arcgis.com/O1JpcwDW8sjYuddV/arcgis/rest/services/Annual_Average_Daily_Traffic_TDA/FeatureServer/0/query?where=COUNTY%3D%27Miami-Dade%27&outFields=ROADWAY%2CAADT%2CAADTFLG%2CCOUNTY%2CDISTRICT%2CYEAR_%2CDESC_FRM%2CDESC_TO%2CBEGIN_POST%2CEND_POST&returnGeometry=false&f=json
87080902,650,F,Miami-Dade,6,2025,NW 69 AVE,EB SR 934,0,0.128,FDOT Annual Average Daily Traffic TDA,https://services1.arcgis.com/O1JpcwDW8sjYuddV/arcgis/rest/services/Annual_Average_Daily_Traffic_TDA/FeatureServer/0,https://services1.arcgis.com/O1JpcwDW8sjYuddV/arcgis/rest/services/Annual_Average_Daily_Traffic_TDA/FeatureServer/0/query?where=COUNTY%3D%27Miami-Dade%27&outFields=ROADWAY%2CAADT%2CAADTFLG%2CCOUNTY%2CDISTRICT%2CYEAR_%2CDESC_FRM%2CDESC_TO%2CBEGIN_POST%2CEND_POST&returnGeometry=false&f=json
87090000,52500,E,Miami-Dade,6,2025,N/A,87260403 SB ON,9.612,10.146,FDOT Annual Average Daily Traffic TDA,https://services1.arcgis.com/O1JpcwDW8sjYuddV/arcgis/rest/services/Annual_Average_Daily_Traffic_TDA/FeatureServer/0,https://services1.arcgis.com/O1JpcwDW8sjYuddV/arcgis/rest/services/Annual_Average_Daily_Traffic_TDA/FeatureServer/0/query?where=COUNTY%3D%27Miami-Dade%27&outFields=ROADWAY%2CAADT%2CAADTFLG%2CCOUNTY%2CDISTRICT%2CYEAR_%2CDESC_FRM%2CDESC_TO%2CBEGIN_POST%2CEND_POST&returnGeometry=false&f=json
87200090,11000,F,Miami-Dade,6,2025,SR-959/NW 57 AVE,SR-836 / EB,0,0.175,FDOT Annual Average Daily Traffic TDA,https://services1.arcgis.com/O1JpcwDW8sjYuddV/arcgis/rest/services/Annual_Average_Daily_Traffic_TDA/FeatureServer/0,https://services1.arcgis.com/O1JpcwDW8sjYuddV/arcgis/rest/services/Annual_Average_Daily_Traffic_TDA/FeatureServer/0/query?where=COUNTY%3D%27Miami-Dade%27&outFields=ROADWAY%2CAADT%2CAADTFLG%2CCOUNTY%2CDISTRICT%2CYEAR_%2CDESC_FRM%2CDESC_TO%2CBEGIN_POST%2CEND_POST&returnGeometry=false&f=json
87160000,25500,C,Miami-Dade,6,2025,SR-997/KROME AVE,SR5/US-1/S DIXIE HWY,8.598,8.745,FDOT Annual Average Daily Traffic TDA,https://services1.arcgis.com/O1JpcwDW8sjYuddV/arcgis/rest/services/Annual_Average_Daily_Traffic_TDA/FeatureServer/0,https://services1.arcgis.com/O1JpcwDW8sjYuddV/arcgis/rest/services/Annual_Average_Daily_Traffic_TDA/FeatureServer/0/query?where=COUNTY%3D%27Miami-Dade%27&outFields=ROADWAY%2CAADT%2CAADTFLG%2CCOUNTY%2CDISTRICT%2CYEAR_%2CDESC_FRM%2CDESC_TO%2CBEGIN_POST%2CEND_POST&returnGeometry=false&f=json
87075626,13000,C,Miami-Dade,6,2025,I-75 SB,SR-860/MIAMI GARDENS,0,0.738,FDOT Annual Average Daily Traffic TDA,https://services1.arcgis.com/O1JpcwDW8sjYuddV/arcgis/rest/services/Annual_Average_Daily_Traffic_TDA/FeatureServer/0,https://services1.arcgis.com/O1JpcwDW8sjYuddV/arcgis/rest/services/Annual_Average_Daily_Traffic_TDA/FeatureServer/0/query?where=COUNTY%3D%27Miami-Dade%27&outFields=ROADWAY%2CAADT%2CAADTFLG%2CCOUNTY%2CDISTRICT%2CYEAR_%2CDESC_FRM%2CDESC_TO%2CBEGIN_POST%2CEND_POST&returnGeometry=false&f=json
87140063,4300,F,Miami-Dade,6,2025,SR-7/US 441/SB,SR-826 EB,0,0.195,FDOT Annual Average Daily Traffic TDA,https://services1.arcgis.com/O1JpcwDW8sjYuddV/arcgis/rest/services/Annual_Average_Daily_Traffic_TDA/FeatureServer/0,https://services1.arcgis.com/O1JpcwDW8sjYuddV/arcgis/rest/services/Annual_Average_Daily_Traffic_TDA/FeatureServer/0/query?where=COUNTY%3D%27Miami-Dade%27&outFields=ROADWAY%2CAADT%2CAADTFLG%2CCOUNTY%2CDISTRICT%2CYEAR_%2CDESC_FRM%2CDESC_TO%2CBEGIN_POST%2CEND_POST&returnGeometry=false&f=json
87067505,11600,F,Miami-Dade,6,2025,N/A,N/A,1.752,2.719,FDOT Annual Average Daily Traffic TDA,https://services1.arcgis.com/O1JpcwDW8sjYuddV/arcgis/rest/services/Annual_Average_Daily_Traffic_TDA/FeatureServer/0,https://services1.arcgis.com/O1JpcwDW8sjYuddV/arcgis/rest/services/Annual_Average_Daily_Traffic_TDA/FeatureServer/0/query?where=COUNTY%3D%27Miami-Dade%27&outFields=ROADWAY%2CAADT%2CAADTFLG%2CCOUNTY%2CDISTRICT%2CYEAR_%2CDESC_FRM%2CDESC_TO%2CBEGIN_POST%2CEND_POST&returnGeometry=false&f=json
87072000,69000,C,Miami-Dade,6,2025,W FLAGLER ST,87200072 WB ON,6.663,7.604,FDOT Annual Average Daily Traffic TDA,https://services1.arcgis.com/O1JpcwDW8sjYuddV/arcgis/rest/services/Annual_Average_Daily_Traffic_TDA/FeatureServer/0,https://services1.arcgis.com/O1JpcwDW8sjYuddV/arcgis/rest/services/Annual_Average_Daily_Traffic_TDA/FeatureServer/0/query?where=COUNTY%3D%27Miami-Dade%27&outFields=ROADWAY%2CAADT%2CAADTFLG%2CCOUNTY%2CDISTRICT%2CYEAR_%2CDESC_FRM%2CDESC_TO%2CBEGIN_POST%2CEND_POST&returnGeometry=false&f=json
87200098,4400,F,Miami-Dade,6,2025,87200141 WB OFF,NW 14 ST,0,0.056,FDOT Annual Average Daily Traffic TDA,https://services1.arcgis.com/O1JpcwDW8sjYuddV/arcgis/rest/services/Annual_Average_Daily_Traffic_TDA/FeatureServer/0,https://services1.arcgis.com/O1JpcwDW8sjYuddV/arcgis/rest/services/Annual_Average_Daily_Traffic_TDA/FeatureServer/0/query?where=COUNTY%3D%27Miami-Dade%27&outFields=ROADWAY%2CAADT%2CAADTFLG%2CCOUNTY%2CDISTRICT%2CYEAR_%2CDESC_FRM%2CDESC_TO%2CBEGIN_POST%2CEND_POST&returnGeometry=false&f=json
87170000,55000,C,Miami-Dade,6,2025,SR 915/NE 6 AV,NE 18 AV,1.477,3.065,FDOT Annual Average Daily Traffic TDA,https://services1.arcgis.com/O1JpcwDW8sjYuddV/arcgis/rest/services/Annual_Average_Daily_Traffic_TDA/FeatureServer/0,https://services1.arcgis.com/O1JpcwDW8sjYuddV/arcgis/rest/services/Annual_Average_Daily_Traffic_TDA/FeatureServer/0/query?where=COUNTY%3D%27Miami-Dade%27&outFields=ROADWAY%2CAADT%2CAADTFLG%2CCOUNTY%2CDISTRICT%2CYEAR_%2CDESC_FRM%2CDESC_TO%2CBEGIN_POST%2CEND_POST&returnGeometry=false&f=json
87080900,22000,C,Miami-Dade,6,2025,N/A,NW 37 AVE/DOUGLAS RD,34.939,35.43,FDOT Annual Average Daily Traffic TDA,https://services1.arcgis.com/O1JpcwDW8sjYuddV/arcgis/rest/services/Annual_Average_Daily_Traffic_TDA/FeatureServer/0,https://services1.arcgis.com/O1JpcwDW8sjYuddV/arcgis/rest/services/Annual_Average_Daily_Traffic_TDA/FeatureServer/0/query?where=COUNTY%3D%27Miami-Dade%27&outFields=ROADWAY%2CAADT%2CAADTFLG%2CCOUNTY%2CDISTRICT%2CYEAR_%2CDESC_FRM%2CDESC_TO%2CBEGIN_POST%2CEND_POST&returnGeometry=false&f=json
87133000,37500,C,Miami-Dade,6,2025,SW 104 ST/KILLIAN,SR-94 / SW 88 ST,1.547,2.544,FDOT Annual Average Daily Traffic TDA,https://services1.arcgis.com/O1JpcwDW8sjYuddV/arcgis/rest/services/Annual_Average_Daily_Traffic_TDA/FeatureServer/0,https://services1.arcgis.com/O1JpcwDW8sjYuddV/arcgis/rest/services/Annual_Average_Daily_Traffic_TDA/FeatureServer/0/query?where=COUNTY%3D%27Miami-Dade%27&outFields=ROADWAY%2CAADT%2CAADTFLG%2CCOUNTY%2CDISTRICT%2CYEAR_%2CDESC_FRM%2CDESC_TO%2CBEGIN_POST%2CEND_POST&returnGeometry=false&f=json
87071500,10600,F,Miami-Dade,6,2025,SW 120 ST,SW 112 ST/KILLIAN DR,1.524,2.038,FDOT Annual Average Daily Traffic TDA,https://services1.arcgis.com/O1JpcwDW8sjYuddV/arcgis/rest/services/Annual_Average_Daily_Traffic_TDA/FeatureServer/0,https://services1.arcgis.com/O1JpcwDW8sjYuddV/arcgis/rest/services/Annual_Average_Daily_Traffic_TDA/FeatureServer/0/query?where=COUNTY%3D%27Miami-Dade%27&outFields=ROADWAY%2CAADT%2CAADTFLG%2CCOUNTY%2CDISTRICT%2CYEAR_%2CDESC_FRM%2CDESC_TO%2CBEGIN_POST%2CEND_POST&returnGeometry=false&f=json
87080001,18000,C,Miami-Dade,6,2025,N/A,SR-9A / I-95,0.813,2.209,FDOT Annual Average Daily Traffic TDA,https://services1.arcgis.com/O1JpcwDW8sjYuddV/arcgis/rest/services/Annual_Average_Daily_Traffic_TDA/FeatureServer/0,https://services1.arcgis.com/O1JpcwDW8sjYuddV/arcgis/rest/services/Annual_Average_Daily_Traffic_TDA/FeatureServer/0/query?where=COUNTY%3D%27Miami-Dade%27&outFields=ROADWAY%2CAADT%2CAADTFLG%2CCOUNTY%2CDISTRICT%2CYEAR_%2CDESC_FRM%2CDESC_TO%2CBEGIN_POST%2CEND_POST&returnGeometry=false&f=json
87064502,19500,S,Miami-Dade,6,2025,SR-976/SW 40 ST,SW 24 ST/CORAL WAY,0,1.006,FDOT Annual Average Daily Traffic TDA,https://services1.arcgis.com/O1JpcwDW8sjYuddV/arcgis/rest/services/Annual_Average_Daily_Traffic_TDA/FeatureServer/0,https://services1.arcgis.com/O1JpcwDW8sjYuddV/arcgis/rest/services/Annual_Average_Daily_Traffic_TDA/FeatureServer/0/query?where=COUNTY%3D%27Miami-Dade%27&outFields=ROADWAY%2CAADT%2CAADTFLG%2CCOUNTY%2CDISTRICT%2CYEAR_%2CDESC_FRM%2CDESC_TO%2CBEGIN_POST%2CEND_POST&returnGeometry=false&f=json
87200074,5400,F,Miami-Dade,6,2025,NW 12 ST,87200163 WB ON,0,0.222,FDOT Annual Average Daily Traffic TDA,https://services1.arcgis.com/O1JpcwDW8sjYuddV/arcgis/rest/services/Annual_Average_Daily_Traffic_TDA/FeatureServer/0,https://services1.arcgis.com/O1JpcwDW8sjYuddV/arcgis/rest/services/Annual_Average_Daily_Traffic_TDA/FeatureServer/0/query?where=COUNTY%3D%27Miami-Dade%27&outFields=ROADWAY%2CAADT%2CAADTFLG%2CCOUNTY%2CDISTRICT%2CYEAR_%2CDESC_FRM%2CDESC_TO%2CBEGIN_POST%2CEND_POST&returnGeometry=false&f=json
87077503,20400,F,Miami-Dade,6,2025,SW 56 ST/MILLER DR,SW 24 ST,0,2.2,FDOT Annual Average Daily Traffic TDA,https://services1.arcgis.com/O1JpcwDW8sjYuddV/arcgis/rest/services/Annual_Average_Daily_Traffic_TDA/FeatureServer/0,https://services1.arcgis.com/O1JpcwDW8sjYuddV/arcgis/rest/services/Annual_Average_Daily_Traffic_TDA/FeatureServer/0/query?where=COUNTY%3D%27Miami-Dade%27&outFields=ROADWAY%2CAADT%2CAADTFLG%2CCOUNTY%2CDISTRICT%2CYEAR_%2CDESC_FRM%2CDESC_TO%2CBEGIN_POST%2CEND_POST&returnGeometry=false&f=json
87200322,9000,F,Miami-Dade,6,2025,87200329 SB OFF,87260325 SB OFF,0,0.133,FDOT Annual Average Daily Traffic TDA,https://services1.arcgis.com/O1JpcwDW8sjYuddV/arcgis/rest/services/Annual_Average_Daily_Traffic_TDA/FeatureServer/0,https://services1.arcgis.com/O1JpcwDW8sjYuddV/arcgis/rest/services/Annual_Average_Daily_Traffic_TDA/FeatureServer/0/query?where=COUNTY%3D%27Miami-Dade%27&outFields=ROADWAY%2CAADT%2CAADTFLG%2CCOUNTY%2CDISTRICT%2CYEAR_%2CDESC_FRM%2CDESC_TO%2CBEGIN_POST%2CEND_POST&returnGeometry=false&f=json
87140059,18000,T,Miami-Dade,6,2025,I-95/SB,US-441/SR-7 / NW 7 A,0,0.093,FDOT Annual Average Daily Traffic TDA,https://services1.arcgis.com/O1JpcwDW8sjYuddV/arcgis/rest/services/Annual_Average_Daily_Traffic_TDA/FeatureServer/0,https://services1.arcgis.com/O1JpcwDW8sjYuddV/arcgis/rest/services/Annual_Average_Daily_Traffic_TDA/FeatureServer/0/query?where=COUNTY%3D%27Miami-Dade%27&outFields=ROADWAY%2CAADT%2CAADTFLG%2CCOUNTY%2CDISTRICT%2CYEAR_%2CDESC_FRM%2CDESC_TO%2CBEGIN_POST%2CEND_POST&returnGeometry=false&f=json
87067502,25000,F,Miami-Dade,6,2025,N/A,OLD CUTLER RD,0.853,2.058,FDOT Annual Average Daily Traffic TDA,https://services1.arcgis.com/O1JpcwDW8sjYuddV/arcgis/rest/services/Annual_Average_Daily_Traffic_TDA/FeatureServer/0,https://services1.arcgis.com/O1JpcwDW8sjYuddV/arcgis/rest/services/Annual_Average_Daily_Traffic_TDA/FeatureServer/0/query?where=COUNTY%3D%27Miami-Dade%27&outFields=ROADWAY%2CAADT%2CAADTFLG%2CCOUNTY%2CDISTRICT%2CYEAR_%2CDESC_FRM%2CDESC_TO%2CBEGIN_POST%2CEND_POST&returnGeometry=false&f=json
87200050,9000,F,Miami-Dade,6,2025,I-395 / SR-836 / DOL,US-41/SW 8 ST,0,0.76,FDOT Annual Average Daily Traffic TDA,https://services1.arcgis.com/O1JpcwDW8sjYuddV/arcgis/rest/services/Annual_Average_Daily_Traffic_TDA/FeatureServer/0,https://services1.arcgis.com/O1JpcwDW8sjYuddV/arcgis/rest/services/Annual_Average_Daily_Traffic_TDA/FeatureServer/0/query?where=COUNTY%3D%27Miami-Dade%27&outFields=ROADWAY%2CAADT%2CAADTFLG%2CCOUNTY%2CDISTRICT%2CYEAR_%2CDESC_FRM%2CDESC_TO%2CBEGIN_POST%2CEND_POST&returnGeometry=false&f=json
87072000,25500,C,Miami-Dade,6,2025,SR-976/SW 40 ST,SW 24 ST/CORAL WAY,4.17,5.161,FDOT Annual Average Daily Traffic TDA,https://services1.arcgis.com/O1JpcwDW8sjYuddV/arcgis/rest/services/Annual_Average_Daily_Traffic_TDA/FeatureServer/0,https://services1.arcgis.com/O1JpcwDW8sjYuddV/arcgis/rest/services/Annual_Average_Daily_Traffic_TDA/FeatureServer/0/query?where=COUNTY%3D%27Miami-Dade%27&outFields=ROADWAY%2CAADT%2CAADTFLG%2CCOUNTY%2CDISTRICT%2CYEAR_%2CDESC_FRM%2CDESC_TO%2CBEGIN_POST%2CEND_POST&returnGeometry=false&f=json
87091000,9300,C,Miami-Dade,6,2025,SR-997/SW 177 AVE,SW 137 AVE,0,4.059,FDOT Annual Average Daily Traffic TDA,https://services1.arcgis.com/O1JpcwDW8sjYuddV/arcgis/rest/services/Annual_Average_Daily_Traffic_TDA/FeatureServer/0,https://services1.arcgis.com/O1JpcwDW8sjYuddV/arcgis/rest/services/Annual_Average_Daily_Traffic_TDA/FeatureServer/0/query?where=COUNTY%3D%27Miami-Dade%27&outFields=ROADWAY%2CAADT%2CAADTFLG%2CCOUNTY%2CDISTRICT%2CYEAR_%2CDESC_FRM%2CDESC_TO%2CBEGIN_POST%2CEND_POST&returnGeometry=false&f=json
87140065,19500,F,Miami-Dade,6,2025,SR-7/US 441,I-95 NB,0,0.177,FDOT Annual Average Daily Traffic TDA,https://services1.arcgis.com/O1JpcwDW8sjYuddV/arcgis/rest/services/Annual_Average_Daily_Traffic_TDA/FeatureServer/0,https://services1.arcgis.com/O1JpcwDW8sjYuddV/arcgis/rest/services/Annual_Average_Daily_Traffic_TDA/FeatureServer/0/query?where=COUNTY%3D%27Miami-Dade%27&outFields=ROADWAY%2CAADT%2CAADTFLG%2CCOUNTY%2CDISTRICT%2CYEAR_%2CDESC_FRM%2CDESC_TO%2CBEGIN_POST%2CEND_POST&returnGeometry=false&f=json
87083501,2550,F,Miami-Dade,6,2025,SPUR,SECTION 87083500,1.972,2.107,FDOT Annual Average Daily Traffic TDA,https://services1.arcgis.com/O1JpcwDW8sjYuddV/arcgis/rest/services/Annual_Average_Daily_Traffic_TDA/FeatureServer/0,https://services1.arcgis.com/O1JpcwDW8sjYuddV/arcgis/rest/services/Annual_Average_Daily_Traffic_TDA/FeatureServer/0/query?where=COUNTY%3D%27Miami-Dade%27&outFields=ROADWAY%2CAADT%2CAADTFLG%2CCOUNTY%2CDISTRICT%2CYEAR_%2CDESC_FRM%2CDESC_TO%2CBEGIN_POST%2CEND_POST&returnGeometry=false&f=json
87140000,11300,C,Miami-Dade,6,2025,SR-968/W FLAGLER ST,N/A,0.532,0.909,FDOT Annual Average Daily Traffic TDA,https://services1.arcgis.com/O1JpcwDW8sjYuddV/arcgis/rest/services/Annual_Average_Daily_Traffic_TDA/FeatureServer/0,https://services1.arcgis.com/O1JpcwDW8sjYuddV/arcgis/rest/services/Annual_Average_Daily_Traffic_TDA/FeatureServer/0/query?where=COUNTY%3D%27Miami-Dade%27&outFields=ROADWAY%2CAADT%2CAADTFLG%2CCOUNTY%2CDISTRICT%2CYEAR_%2CDESC_FRM%2CDESC_TO%2CBEGIN_POST%2CEND_POST&returnGeometry=false&f=json
87072000,24000,C,Miami-Dade,6,2025,SR-990/SW 104 ST,SR-94/SW 88 ST,0,1.05,FDOT Annual Average Daily Traffic TDA,https://services1.arcgis.com/O1JpcwDW8sjYuddV/arcgis/rest/services/Annual_Average_Daily_Traffic_TDA/FeatureServer/0,https://services1.arcgis.com/O1JpcwDW8sjYuddV/arcgis/rest/services/Annual_Average_Daily_Traffic_TDA/FeatureServer/0/query?where=COUNTY%3D%27Miami-Dade%27&outFields=ROADWAY%2CAADT%2CAADTFLG%2CCOUNTY%2CDISTRICT%2CYEAR_%2CDESC_FRM%2CDESC_TO%2CBEGIN_POST%2CEND_POST&returnGeometry=false&f=json
87075901,14500,C,Miami-Dade,6,2025,SR-826 NB,N/A,0,3.053,FDOT Annual Average Daily Traffic TDA,https://services1.arcgis.com/O1JpcwDW8sjYuddV/arcgis/rest/services/Annual_Average_Daily_Traffic_TDA/FeatureServer/0,https://services1.arcgis.com/O1JpcwDW8sjYuddV/arcgis/rest/services/Annual_Average_Daily_Traffic_TDA/FeatureServer/0/query?where=COUNTY%3D%27Miami-Dade%27&outFields=ROADWAY%2CAADT%2CAADTFLG%2CCOUNTY%2CDISTRICT%2CYEAR_%2CDESC_FRM%2CDESC_TO%2CBEGIN_POST%2CEND_POST&returnGeometry=false&f=json
87067508,18800,F,Miami-Dade,6,2025,SW 152 ST/CORAL REEF,SW 136 ST/HOWARD DR,0,1.178,FDOT Annual Average Daily Traffic TDA,https://services1.arcgis.com/O1JpcwDW8sjYuddV/arcgis/rest/services/Annual_Average_Daily_Traffic_TDA/FeatureServer/0,https://services1.arcgis.com/O1JpcwDW8sjYuddV/arcgis/rest/services/Annual_Average_Daily_Traffic_TDA/FeatureServer/0/query?where=COUNTY%3D%27Miami-Dade%27&outFields=ROADWAY%2CAADT%2CAADTFLG%2CCOUNTY%2CDISTRICT%2CYEAR_%2CDESC_FRM%2CDESC_TO%2CBEGIN_POST%2CEND_POST&returnGeometry=false&f=json
87200113,9800,F,Miami-Dade,6,2025,SR-933 / NW 12 AVE,SR-836/EB,0,0.118,FDOT Annual Average Daily Traffic TDA,https://services1.arcgis.com/O1JpcwDW8sjYuddV/arcgis/rest/services/Annual_Average_Daily_Traffic_TDA/FeatureServer/0,https://services1.arcgis.com/O1JpcwDW8sjYuddV/arcgis/rest/services/Annual_Average_Daily_Traffic_TDA/FeatureServer/0/query?where=COUNTY%3D%27Miami-Dade%27&outFields=ROADWAY%2CAADT%2CAADTFLG%2CCOUNTY%2CDISTRICT%2CYEAR_%2CDESC_FRM%2CDESC_TO%2CBEGIN_POST%2CEND_POST&returnGeometry=false&f=json
87062000,15100,S,Miami-Dade,6,2025,SW 72 ST/SUNSET DR,US-1/ SR-5 / S DIXIE,0,0.217,FDOT Annual Average Daily Traffic TDA,https://services1.arcgis.com/O1JpcwDW8sjYuddV/arcgis/rest/services/Annual_Average_Daily_Traffic_TDA/FeatureServer/0,https://services1.arcgis.com/O1JpcwDW8sjYuddV/arcgis/rest/services/Annual_Average_Daily_Traffic_TDA/FeatureServer/0/query?where=COUNTY%3D%27Miami-Dade%27&outFields=ROADWAY%2CAADT%2CAADTFLG%2CCOUNTY%2CDISTRICT%2CYEAR_%2CDESC_FRM%2CDESC_TO%2CBEGIN_POST%2CEND_POST&returnGeometry=false&f=json
87090000,18600,C,Miami-Dade,6,2025,US- 441/SR-7/NW 7 AV,THE CHARTER CLUB ENT,18.541,19.882,FDOT Annual Average Daily Traffic TDA,https://services1.arcgis.com/O1JpcwDW8sjYuddV/arcgis/rest/services/Annual_Average_Daily_Traffic_TDA/FeatureServer/0,https://services1.arcgis.com/O1JpcwDW8sjYuddV/arcgis/rest/services/Annual_Average_Daily_Traffic_TDA/FeatureServer/0/query?where=COUNTY%3D%27Miami-Dade%27&outFields=ROADWAY%2CAADT%2CAADTFLG%2CCOUNTY%2CDISTRICT%2CYEAR_%2CDESC_FRM%2CDESC_TO%2CBEGIN_POST%2CEND_POST&returnGeometry=false&f=json
87150000,24500,C,Miami-Dade,6,2025,N 8 ST/SW 312 ST,AVOCADO DR/SW 296 ST,2.813,3.827,FDOT Annual Average Daily Traffic TDA,https://services1.arcgis.com/O1JpcwDW8sjYuddV/arcgis/rest/services/Annual_Average_Daily_Traffic_TDA/FeatureServer/0,https://services1.arcgis.com/O1JpcwDW8sjYuddV/arcgis/rest/services/Annual_Average_Daily_Traffic_TDA/FeatureServer/0/query?where=COUNTY%3D%27Miami-Dade%27&outFields=ROADWAY%2CAADT%2CAADTFLG%2CCOUNTY%2CDISTRICT%2CYEAR_%2CDESC_FRM%2CDESC_TO%2CBEGIN_POST%2CEND_POST&returnGeometry=false&f=json
87200108,13000,C,Miami-Dade,6,2025,SB NW 17 AVE,WB SR 836,0,0.127,FDOT Annual Average Daily Traffic TDA,https://services1.arcgis.com/O1JpcwDW8sjYuddV/arcgis/rest/services/Annual_Average_Daily_Traffic_TDA/FeatureServer/0,https://services1.arcgis.com/O1JpcwDW8sjYuddV/arcgis/rest/services/Annual_Average_Daily_Traffic_TDA/FeatureServer/0/query?where=COUNTY%3D%27Miami-Dade%27&outFields=ROADWAY%2CAADT%2CAADTFLG%2CCOUNTY%2CDISTRICT%2CYEAR_%2CDESC_FRM%2CDESC_TO%2CBEGIN_POST%2CEND_POST&returnGeometry=false&f=json
87090000,55000,C,Miami-Dade,6,2025,NW 74 ST,W 9 ST/NW 62 ST,11.563,12.887,FDOT Annual Average Daily Traffic TDA,https://services1.arcgis.com/O1JpcwDW8sjYuddV/arcgis/rest/services/Annual_Average_Daily_Traffic_TDA/FeatureServer/0,https://services1.arcgis.com/O1JpcwDW8sjYuddV/arcgis/rest/services/Annual_Average_Daily_Traffic_TDA/FeatureServer/0/query?where=COUNTY%3D%27Miami-Dade%27&outFields=ROADWAY%2CAADT%2CAADTFLG%2CCOUNTY%2CDISTRICT%2CYEAR_%2CDESC_FRM%2CDESC_TO%2CBEGIN_POST%2CEND_POST&returnGeometry=false&f=json
87110000,8000,C,Miami-Dade,6,2025,DADE/COLLIER CO LINE,SR-997/KROME AVE,0,25.715,FDOT Annual Average Daily Traffic TDA,https://services1.arcgis.com/O1JpcwDW8sjYuddV/arcgis/rest/services/Annual_Average_Daily_Traffic_TDA/FeatureServer/0,https://services1.arcgis.com/O1JpcwDW8sjYuddV/arcgis/rest/services/Annual_Average_Daily_Traffic_TDA/FeatureServer/0/query?where=COUNTY%3D%27Miami-Dade%27&outFields=ROADWAY%2CAADT%2CAADTFLG%2CCOUNTY%2CDISTRICT%2CYEAR_%2CDESC_FRM%2CDESC_TO%2CBEGIN_POST%2CEND_POST&returnGeometry=false&f=json
87170000,43500,C,Miami-Dade,6,2025,NE 18 AV,US-1 / SR-5 / BISCAY,3.065,3.695,FDOT Annual Average Daily Traffic TDA,https://services1.arcgis.com/O1JpcwDW8sjYuddV/arcgis/rest/services/Annual_Average_Daily_Traffic_TDA/FeatureServer/0,https://services1.arcgis.com/O1JpcwDW8sjYuddV/arcgis/rest/services/Annual_Average_Daily_Traffic_TDA/FeatureServer/0/query?where=COUNTY%3D%27Miami-Dade%27&outFields=ROADWAY%2CAADT%2CAADTFLG%2CCOUNTY%2CDISTRICT%2CYEAR_%2CDESC_FRM%2CDESC_TO%2CBEGIN_POST%2CEND_POST&returnGeometry=false&f=json
87090000,36000,E,Miami-Dade,6,2025,FRONTAGE RD,N/A,2.333,5.171,FDOT Annual Average Daily Traffic TDA,https://services1.arcgis.com/O1JpcwDW8sjYuddV/arcgis/rest/services/Annual_Average_Daily_Traffic_TDA/FeatureServer/0,https://services1.arcgis.com/O1JpcwDW8sjYuddV/arcgis/rest/services/Annual_Average_Daily_Traffic_TDA/FeatureServer/0/query?where=COUNTY%3D%27Miami-Dade%27&outFields=ROADWAY%2CAADT%2CAADTFLG%2CCOUNTY%2CDISTRICT%2CYEAR_%2CDESC_FRM%2CDESC_TO%2CBEGIN_POST%2CEND_POST&returnGeometry=false&f=json
87120001,18000,C,Miami-Dade,6,2025,N/A,US-41/SR-90/SW 8 ST,2.932,2.998,FDOT Annual Average Daily Traffic TDA,https://services1.arcgis.com/O1JpcwDW8sjYuddV/arcgis/rest/services/Annual_Average_Daily_Traffic_TDA/FeatureServer/0,https://services1.arcgis.com/O1JpcwDW8sjYuddV/arcgis/rest/services/Annual_Average_Daily_Traffic_TDA/FeatureServer/0/query?where=COUNTY%3D%27Miami-Dade%27&outFields=ROADWAY%2CAADT%2CAADTFLG%2CCOUNTY%2CDISTRICT%2CYEAR_%2CDESC_FRM%2CDESC_TO%2CBEGIN_POST%2CEND_POST&returnGeometry=false&f=json
87067502,19100,F,Miami-Dade,6,2025,SW 67 AVE,N/A,0,0.853,FDOT Annual Average Daily Traffic TDA,https://services1.arcgis.com/O1JpcwDW8sjYuddV/arcgis/rest/services/Annual_Average_Daily_Traffic_TDA/FeatureServer/0,https://services1.arcgis.com/O1JpcwDW8sjYuddV/arcgis/rest/services/Annual_Average_Daily_Traffic_TDA/FeatureServer/0/query?where=COUNTY%3D%27Miami-Dade%27&outFields=ROADWAY%2CAADT%2CAADTFLG%2CCOUNTY%2CDISTRICT%2CYEAR_%2CDESC_FRM%2CDESC_TO%2CBEGIN_POST%2CEND_POST&returnGeometry=false&f=json
87075617,7400,C,Miami-Dade,6,2025,SR-860/MIAMI GARDENS,I-75 SB,0,0.242,FDOT Annual Average Daily Traffic TDA,https://services1.arcgis.com/O1JpcwDW8sjYuddV/arcgis/rest/services/Annual_Average_Daily_Traffic_TDA/FeatureServer/0,https://services1.arcgis.com/O1JpcwDW8sjYuddV/arcgis/rest/services/Annual_Average_Daily_Traffic_TDA/FeatureServer/0/query?where=COUNTY%3D%27Miami-Dade%27&outFields=ROADWAY%2CAADT%2CAADTFLG%2CCOUNTY%2CDISTRICT%2CYEAR_%2CDESC_FRM%2CDESC_TO%2CBEGIN_POST%2CEND_POST&returnGeometry=false&f=json
87200215,9700,F,Miami-Dade,6,2025,87200328 WB ON,87200329 EB OFF,0,0.302,FDOT Annual Average Daily Traffic TDA,https://services1.arcgis.com/O1JpcwDW8sjYuddV/arcgis/rest/services/Annual_Average_Daily_Traffic_TDA/FeatureServer/0,https://services1.arcgis.com/O1JpcwDW8sjYuddV/arcgis/rest/services/Annual_Average_Daily_Traffic_TDA/FeatureServer/0/query?where=COUNTY%3D%27Miami-Dade%27&outFields=ROADWAY%2CAADT%2CAADTFLG%2CCOUNTY%2CDISTRICT%2CYEAR_%2CDESC_FRM%2CDESC_TO%2CBEGIN_POST%2CEND_POST&returnGeometry=false&f=json
87120000,36000,C,Miami-Dade,6,2025,N/A,SW 127 AVE,4.01,5.017,FDOT Annual Average Daily Traffic TDA,https://services1.arcgis.com/O1JpcwDW8sjYuddV/arcgis/rest/services/Annual_Average_Daily_Traffic_TDA/FeatureServer/0,https://services1.arcgis.com/O1JpcwDW8sjYuddV/arcgis/rest/services/Annual_Average_Daily_Traffic_TDA/FeatureServer/0/query?where=COUNTY%3D%27Miami-Dade%27&outFields=ROADWAY%2CAADT%2CAADTFLG%2CCOUNTY%2CDISTRICT%2CYEAR_%2CDESC_FRM%2CDESC_TO%2CBEGIN_POST%2CEND_POST&returnGeometry=false&f=json
87170366,1800,F,Miami-Dade,6,2025,SR-826/WB/NE 163 ST,87170362 WB OFF,0,0.126,FDOT Annual Average Daily Traffic TDA,https://services1.arcgis.com/O1JpcwDW8sjYuddV/arcgis/rest/services/Annual_Average_Daily_Traffic_TDA/FeatureServer/0,https://services1.arcgis.com/O1JpcwDW8sjYuddV/arcgis/rest/services/Annual_Average_Daily_Traffic_TDA/FeatureServer/0/query?where=COUNTY%3D%27Miami-Dade%27&outFields=ROADWAY%2CAADT%2CAADTFLG%2CCOUNTY%2CDISTRICT%2CYEAR_%2CDESC_FRM%2CDESC_TO%2CBEGIN_POST%2CEND_POST&returnGeometry=false&f=json
87200131,22000,F,Miami-Dade,6,2025,NW 21 ST,SR-836 WB,0,1.154,FDOT Annual Average Daily Traffic TDA,https://services1.arcgis.com/O1JpcwDW8sjYuddV/arcgis/rest/services/Annual_Average_Daily_Traffic_TDA/FeatureServer/0,https://services1.arcgis.com/O1JpcwDW8sjYuddV/arcgis/rest/services/Annual_Average_Daily_Traffic_TDA/FeatureServer/0/query?where=COUNTY%3D%27Miami-Dade%27&outFields=ROADWAY%2CAADT%2CAADTFLG%2CCOUNTY%2CDISTRICT%2CYEAR_%2CDESC_FRM%2CDESC_TO%2CBEGIN_POST%2CEND_POST&returnGeometry=false&f=json
87085000,24000,C,Miami-Dade,6,2025,NW 14 ST,NW 40 ST,2.504,4.245,FDOT Annual Average Daily Traffic TDA,https://services1.arcgis.com/O1JpcwDW8sjYuddV/arcgis/rest/services/Annual_Average_Daily_Traffic_TDA/FeatureServer/0,https://services1.arcgis.com/O1JpcwDW8sjYuddV/arcgis/rest/services/Annual_Average_Daily_Traffic_TDA/FeatureServer/0/query?where=COUNTY%3D%27Miami-Dade%27&outFields=ROADWAY%2CAADT%2CAADTFLG%2CCOUNTY%2CDISTRICT%2CYEAR_%2CDESC_FRM%2CDESC_TO%2CBEGIN_POST%2CEND_POST&returnGeometry=false&f=json
87091000,19700,C,Miami-Dade,6,2025,SR 821/HEFT SB,SR 5/US-1,6.976,8.058,FDOT Annual Average Daily Traffic TDA,https://services1.arcgis.com/O1JpcwDW8sjYuddV/arcgis/rest/services/Annual_Average_Daily_Traffic_TDA/FeatureServer/0,https://services1.arcgis.com/O1JpcwDW8sjYuddV/arcgis/rest/services/Annual_Average_Daily_Traffic_TDA/FeatureServer/0/query?where=COUNTY%3D%27Miami-Dade%27&outFields=ROADWAY%2CAADT%2CAADTFLG%2CCOUNTY%2CDISTRICT%2CYEAR_%2CDESC_FRM%2CDESC_TO%2CBEGIN_POST%2CEND_POST&returnGeometry=false&f=json
87106000,15400,C,Miami-Dade,6,2025,NW 74 ST,OKEECHOBEE RD,0.054,0.55,FDOT Annual Average Daily Traffic TDA,https://services1.arcgis.com/O1JpcwDW8sjYuddV/arcgis/rest/services/Annual_Average_Daily_Traffic_TDA/FeatureServer/0,https://services1.arcgis.com/O1JpcwDW8sjYuddV/arcgis/rest/services/Annual_Average_Daily_Traffic_TDA/FeatureServer/0/query?where=COUNTY%3D%27Miami-Dade%27&outFields=ROADWAY%2CAADT%2CAADTFLG%2CCOUNTY%2CDISTRICT%2CYEAR_%2CDESC_FRM%2CDESC_TO%2CBEGIN_POST%2CEND_POST&returnGeometry=false&f=json
87140352,950,C,Miami-Dade,6,2025,N/A,NW 193 ST,0.112,0.358,FDOT Annual Average Daily Traffic TDA,https://services1.arcgis.com/O1JpcwDW8sjYuddV/arcgis/rest/services/Annual_Average_Daily_Traffic_TDA/FeatureServer/0,https://services1.arcgis.com/O1JpcwDW8sjYuddV/arcgis/rest/services/Annual_Average_Daily_Traffic_TDA/FeatureServer/0/query?where=COUNTY%3D%27Miami-Dade%27&outFields=ROADWAY%2CAADT%2CAADTFLG%2CCOUNTY%2CDISTRICT%2CYEAR_%2CDESC_FRM%2CDESC_TO%2CBEGIN_POST%2CEND_POST&returnGeometry=false&f=json
87075700,4800,C,Miami-Dade,6,2025,RAMP 87075303,NW 138 ST,0,0.145,FDOT Annual Average Daily Traffic TDA,https://services1.arcgis.com/O1JpcwDW8sjYuddV/arcgis/rest/services/Annual_Average_Daily_Traffic_TDA/FeatureServer/0,https://services1.arcgis.com/O1JpcwDW8sjYuddV/arcgis/rest/services/Annual_Average_Daily_Traffic_TDA/FeatureServer/0/query?where=COUNTY%3D%27Miami-Dade%27&outFields=ROADWAY%2CAADT%2CAADTFLG%2CCOUNTY%2CDISTRICT%2CYEAR_%2CDESC_FRM%2CDESC_TO%2CBEGIN_POST%2CEND_POST&returnGeometry=false&f=json
87120000,21500,C,Miami-Dade,6,2025,SW 6 AV,N/A,17.282,17.537,FDOT Annual Average Daily Traffic TDA,https://services1.arcgis.com/O1JpcwDW8sjYuddV/arcgis/rest/services/Annual_Average_Daily_Traffic_TDA/FeatureServer/0,https://services1.arcgis.com/O1JpcwDW8sjYuddV/arcgis/rest/services/Annual_Average_Daily_Traffic_TDA/FeatureServer/0/query?where=COUNTY%3D%27Miami-Dade%27&outFields=ROADWAY%2CAADT%2CAADTFLG%2CCOUNTY%2CDISTRICT%2CYEAR_%2CDESC_FRM%2CDESC_TO%2CBEGIN_POST%2CEND_POST&returnGeometry=false&f=json
87062500,9400,C,Miami-Dade,6,2025,OLD CUTLER RD,KILLIAN DR/SW 111 ST,0,0.328,FDOT Annual Average Daily Traffic TDA,https://services1.arcgis.com/O1JpcwDW8sjYuddV/arcgis/rest/services/Annual_Average_Daily_Traffic_TDA/FeatureServer/0,https://services1.arcgis.com/O1JpcwDW8sjYuddV/arcgis/rest/services/Annual_Average_Daily_Traffic_TDA/FeatureServer/0/query?where=COUNTY%3D%27Miami-Dade%27&outFields=ROADWAY%2CAADT%2CAADTFLG%2CCOUNTY%2CDISTRICT%2CYEAR_%2CDESC_FRM%2CDESC_TO%2CBEGIN_POST%2CEND_POST&returnGeometry=false&f=json
87080900,17400,C,Miami-Dade,6,2025,N/A,N/A,34.925,34.939,FDOT Annual Average Daily Traffic TDA,https://services1.arcgis.com/O1JpcwDW8sjYuddV/arcgis/rest/services/Annual_Average_Daily_Traffic_TDA/FeatureServer/0,https://services1.arcgis.com/O1JpcwDW8sjYuddV/arcgis/rest/services/Annual_Average_Daily_Traffic_TDA/FeatureServer/0/query?where=COUNTY%3D%27Miami-Dade%27&outFields=ROADWAY%2CAADT%2CAADTFLG%2CCOUNTY%2CDISTRICT%2CYEAR_%2CDESC_FRM%2CDESC_TO%2CBEGIN_POST%2CEND_POST&returnGeometry=false&f=json
87140001,28500,E,Miami-Dade,6,2025,SR-7 / NB,US-441 / SR-7 /NW 7,0,0.965,FDOT Annual Average Daily Traffic TDA,https://services1.arcgis.com/O1JpcwDW8sjYuddV/arcgis/rest/services/Annual_Average_Daily_Traffic_TDA/FeatureServer/0,https://services1.arcgis.com/O1JpcwDW8sjYuddV/arcgis/rest/services/Annual_Average_Daily_Traffic_TDA/FeatureServer/0/query?where=COUNTY%3D%27Miami-Dade%27&outFields=ROADWAY%2CAADT%2CAADTFLG%2CCOUNTY%2CDISTRICT%2CYEAR_%2CDESC_FRM%2CDESC_TO%2CBEGIN_POST%2CEND_POST&returnGeometry=false&f=json
87064505,12500,C,Miami-Dade,6,2025,SW 136 ST/OLD CUTLER,SW 104 ST,0,2.036,FDOT Annual Average Daily Traffic TDA,https://services1.arcgis.com/O1JpcwDW8sjYuddV/arcgis/rest/services/Annual_Average_Daily_Traffic_TDA/FeatureServer/0,https://services1.arcgis.com/O1JpcwDW8sjYuddV/arcgis/rest/services/Annual_Average_Daily_Traffic_TDA/FeatureServer/0/query?where=COUNTY%3D%27Miami-Dade%27&outFields=ROADWAY%2CAADT%2CAADTFLG%2CCOUNTY%2CDISTRICT%2CYEAR_%2CDESC_FRM%2CDESC_TO%2CBEGIN_POST%2CEND_POST&returnGeometry=false&f=json
87075609,21000,F,Miami-Dade,6,2025,S END OF BR 860679,SR-821/FL TURNPIKE,0,0.645,FDOT Annual Average Daily Traffic TDA,https://services1.arcgis.com/O1JpcwDW8sjYuddV/arcgis/rest/services/Annual_Average_Daily_Traffic_TDA/FeatureServer/0,https://services1.arcgis.com/O1JpcwDW8sjYuddV/arcgis/rest/services/Annual_Average_Daily_Traffic_TDA/FeatureServer/0/query?where=COUNTY%3D%27Miami-Dade%27&outFields=ROADWAY%2CAADT%2CAADTFLG%2CCOUNTY%2CDISTRICT%2CYEAR_%2CDESC_FRM%2CDESC_TO%2CBEGIN_POST%2CEND_POST&returnGeometry=false&f=json
87062000,35500,C,Miami-Dade,6,2025,NW 7 ST,PERIMETER RD,5.064,5.598,FDOT Annual Average Daily Traffic TDA,https://services1.arcgis.com/O1JpcwDW8sjYuddV/arcgis/rest/services/Annual_Average_Daily_Traffic_TDA/FeatureServer/0,https://services1.arcgis.com/O1JpcwDW8sjYuddV/arcgis/rest/services/Annual_Average_Daily_Traffic_TDA/FeatureServer/0/query?where=COUNTY%3D%27Miami-Dade%27&outFields=ROADWAY%2CAADT%2CAADTFLG%2CCOUNTY%2CDISTRICT%2CYEAR_%2CDESC_FRM%2CDESC_TO%2CBEGIN_POST%2CEND_POST&returnGeometry=false&f=json
87120000,47000,C,Miami-Dade,6,2025,SW 36 CT,SR-90/SW 22 AV RD,14.17,15.163,FDOT Annual Average Daily Traffic TDA,https://services1.arcgis.com/O1JpcwDW8sjYuddV/arcgis/rest/services/Annual_Average_Daily_Traffic_TDA/FeatureServer/0,https://services1.arcgis.com/O1JpcwDW8sjYuddV/arcgis/rest/services/Annual_Average_Daily_Traffic_TDA/FeatureServer/0/query?where=COUNTY%3D%27Miami-Dade%27&outFields=ROADWAY%2CAADT%2CAADTFLG%2CCOUNTY%2CDISTRICT%2CYEAR_%2CDESC_FRM%2CDESC_TO%2CBEGIN_POST%2CEND_POST&returnGeometry=false&f=json
87200000,226000,C,Miami-Dade,6,2025,Bridge No-871038,Bridge No-870135,4.68,6.342,FDOT Annual Average Daily Traffic TDA,https://services1.arcgis.com/O1JpcwDW8sjYuddV/arcgis/rest/services/Annual_Average_Daily_Traffic_TDA/FeatureServer/0,https://services1.arcgis.com/O1JpcwDW8sjYuddV/arcgis/rest/services/Annual_Average_Daily_Traffic_TDA/FeatureServer/0/query?where=COUNTY%3D%27Miami-Dade%27&outFields=ROADWAY%2CAADT%2CAADTFLG%2CCOUNTY%2CDISTRICT%2CYEAR_%2CDESC_FRM%2CDESC_TO%2CBEGIN_POST%2CEND_POST&returnGeometry=false&f=json
87080900,32300,C,Miami-Dade,6,2025,SR-7/US-441/NW 7 AVE,BISCAYNE BLVD,38.484,40.027,FDOT Annual Average Daily Traffic TDA,https://services1.arcgis.com/O1JpcwDW8sjYuddV/arcgis/rest/services/Annual_Average_Daily_Traffic_TDA/FeatureServer/0,https://services1.arcgis.com/O1JpcwDW8sjYuddV/arcgis/rest/services/Annual_Average_Daily_Traffic_TDA/FeatureServer/0/query?where=COUNTY%3D%27Miami-Dade%27&outFields=ROADWAY%2CAADT%2CAADTFLG%2CCOUNTY%2CDISTRICT%2CYEAR_%2CDESC_FRM%2CDESC_TO%2CBEGIN_POST%2CEND_POST&returnGeometry=false&f=json
87140066,6000,F,Miami-Dade,6,2025,NW 167 ST/SR-826,SR-7/US 441/NB,0,0.051,FDOT Annual Average Daily Traffic TDA,https://services1.arcgis.com/O1JpcwDW8sjYuddV/arcgis/rest/services/Annual_Average_Daily_Traffic_TDA/FeatureServer/0,https://services1.arcgis.com/O1JpcwDW8sjYuddV/arcgis/rest/services/Annual_Average_Daily_Traffic_TDA/FeatureServer/0/query?where=COUNTY%3D%27Miami-Dade%27&outFields=ROADWAY%2CAADT%2CAADTFLG%2CCOUNTY%2CDISTRICT%2CYEAR_%2CDESC_FRM%2CDESC_TO%2CBEGIN_POST%2CEND_POST&returnGeometry=false&f=json
87080000,44000,C,Miami-Dade,6,2025,ADVENTURE AV,BAY DR WEST,1.909,2.678,FDOT Annual Average Daily Traffic TDA,https://services1.arcgis.com/O1JpcwDW8sjYuddV/arcgis/rest/services/Annual_Average_Daily_Traffic_TDA/FeatureServer/0,https://services1.arcgis.com/O1JpcwDW8sjYuddV/arcgis/rest/services/Annual_Average_Daily_Traffic_TDA/FeatureServer/0/query?where=COUNTY%3D%27Miami-Dade%27&outFields=ROADWAY%2CAADT%2CAADTFLG%2CCOUNTY%2CDISTRICT%2CYEAR_%2CDESC_FRM%2CDESC_TO%2CBEGIN_POST%2CEND_POST&returnGeometry=false&f=json
87200231,5400,C,Miami-Dade,6,2025,SR-836 WB,NW 27 AVENUE,0,0.141,FDOT Annual Average Daily Traffic TDA,https://services1.arcgis.com/O1JpcwDW8sjYuddV/arcgis/rest/services/Annual_Average_Daily_Traffic_TDA/FeatureServer/0,https://services1.arcgis.com/O1JpcwDW8sjYuddV/arcgis/rest/services/Annual_Average_Daily_Traffic_TDA/FeatureServer/0/query?where=COUNTY%3D%27Miami-Dade%27&outFields=ROADWAY%2CAADT%2CAADTFLG%2CCOUNTY%2CDISTRICT%2CYEAR_%2CDESC_FRM%2CDESC_TO%2CBEGIN_POST%2CEND_POST&returnGeometry=false&f=json
87140000,27000,C,Miami-Dade,6,2025,N/A,SR- 934 / NW 79 ST,4.695,5.649,FDOT Annual Average Daily Traffic TDA,https://services1.arcgis.com/O1JpcwDW8sjYuddV/arcgis/rest/services/Annual_Average_Daily_Traffic_TDA/FeatureServer/0,https://services1.arcgis.com/O1JpcwDW8sjYuddV/arcgis/rest/services/Annual_Average_Daily_Traffic_TDA/FeatureServer/0/query?where=COUNTY%3D%27Miami-Dade%27&outFields=ROADWAY%2CAADT%2CAADTFLG%2CCOUNTY%2CDISTRICT%2CYEAR_%2CDESC_FRM%2CDESC_TO%2CBEGIN_POST%2CEND_POST&returnGeometry=false&f=json
87066000,27000,C,Miami-Dade,6,2025,SR- 5/US-1/BISCAYNE,N/A,2.961,3.741,FDOT Annual Average Daily Traffic TDA,https://services1.arcgis.com/O1JpcwDW8sjYuddV/arcgis/rest/services/Annual_Average_Daily_Traffic_TDA/FeatureServer/0,https://services1.arcgis.com/O1JpcwDW8sjYuddV/arcgis/rest/services/Annual_Average_Daily_Traffic_TDA/FeatureServer/0/query?where=COUNTY%3D%27Miami-Dade%27&outFields=ROADWAY%2CAADT%2CAADTFLG%2CCOUNTY%2CDISTRICT%2CYEAR_%2CDESC_FRM%2CDESC_TO%2CBEGIN_POST%2CEND_POST&returnGeometry=false&f=json
87075608,20500,F,Miami-Dade,6,2025,SR-821/HEFT NB,I-75 NB,0,0.763,FDOT Annual Average Daily Traffic TDA,https://services1.arcgis.com/O1JpcwDW8sjYuddV/arcgis/rest/services/Annual_Average_Daily_Traffic_TDA/FeatureServer/0,https://services1.arcgis.com/O1JpcwDW8sjYuddV/arcgis/rest/services/Annual_Average_Daily_Traffic_TDA/FeatureServer/0/query?where=COUNTY%3D%27Miami-Dade%27&outFields=ROADWAY%2CAADT%2CAADTFLG%2CCOUNTY%2CDISTRICT%2CYEAR_%2CDESC_FRM%2CDESC_TO%2CBEGIN_POST%2CEND_POST&returnGeometry=false&f=json
87200127,3100,F,Miami-Dade,6,2025,NW 45 AVE,87200131 WB ON,0,0.132,FDOT Annual Average Daily Traffic TDA,https://services1.arcgis.com/O1JpcwDW8sjYuddV/arcgis/rest/services/Annual_Average_Daily_Traffic_TDA/FeatureServer/0,https://services1.arcgis.com/O1JpcwDW8sjYuddV/arcgis/rest/services/Annual_Average_Daily_Traffic_TDA/FeatureServer/0/query?where=COUNTY%3D%27Miami-Dade%27&outFields=ROADWAY%2CAADT%2CAADTFLG%2CCOUNTY%2CDISTRICT%2CYEAR_%2CDESC_FRM%2CDESC_TO%2CBEGIN_POST%2CEND_POST&returnGeometry=false&f=json
87075000,161500,C,Miami-Dade,6,2025,87075600 NB OFF,Bridge No-870597,1.174,4.894,FDOT Annual Average Daily Traffic TDA,https://services1.arcgis.com/O1JpcwDW8sjYuddV/arcgis/rest/services/Annual_Average_Daily_Traffic_TDA/FeatureServer/0,https://services1.arcgis.com/O1JpcwDW8sjYuddV/arcgis/rest/services/Annual_Average_Daily_Traffic_TDA/FeatureServer/0/query?where=COUNTY%3D%27Miami-Dade%27&outFields=ROADWAY%2CAADT%2CAADTFLG%2CCOUNTY%2CDISTRICT%2CYEAR_%2CDESC_FRM%2CDESC_TO%2CBEGIN_POST%2CEND_POST&returnGeometry=false&f=json
87090000,24000,C,Miami-Dade,6,2025,SR-9/NW 27 AVE,NW 17 AVE,16.5,17.52,FDOT Annual Average Daily Traffic TDA,https://services1.arcgis.com/O1JpcwDW8sjYuddV/arcgis/rest/services/Annual_Average_Daily_Traffic_TDA/FeatureServer/0,https://services1.arcgis.com/O1JpcwDW8sjYuddV/arcgis/rest/services/Annual_Average_Daily_Traffic_TDA/FeatureServer/0/query?where=COUNTY%3D%27Miami-Dade%27&outFields=ROADWAY%2CAADT%2CAADTFLG%2CCOUNTY%2CDISTRICT%2CYEAR_%2CDESC_FRM%2CDESC_TO%2CBEGIN_POST%2CEND_POST&returnGeometry=false&f=json
87075000,131000,C,Miami-Dade,6,2025,Bridge No-870597,DADE/BROWARD CO LINE,4.894,5.455,FDOT Annual Average Daily Traffic TDA,https://services1.arcgis.com/O1JpcwDW8sjYuddV/arcgis/rest/services/Annual_Average_Daily_Traffic_TDA/FeatureServer/0,https://services1.arcgis.com/O1JpcwDW8sjYuddV/arcgis/rest/services/Annual_Average_Daily_Traffic_TDA/FeatureServer/0/query?where=COUNTY%3D%27Miami-Dade%27&outFields=ROADWAY%2CAADT%2CAADTFLG%2CCOUNTY%2CDISTRICT%2CYEAR_%2CDESC_FRM%2CDESC_TO%2CBEGIN_POST%2CEND_POST&returnGeometry=false&f=json
87200086,3800,C,Miami-Dade,6,2025,MILAM DAIRY RD,87200221 NB ON,0,0.193,FDOT Annual Average Daily Traffic TDA,https://services1.arcgis.com/O1JpcwDW8sjYuddV/arcgis/rest/services/Annual_Average_Daily_Traffic_TDA/FeatureServer/0,https://services1.arcgis.com/O1JpcwDW8sjYuddV/arcgis/rest/services/Annual_Average_Daily_Traffic_TDA/FeatureServer/0/query?where=COUNTY%3D%27Miami-Dade%27&outFields=ROADWAY%2CAADT%2CAADTFLG%2CCOUNTY%2CDISTRICT%2CYEAR_%2CDESC_FRM%2CDESC_TO%2CBEGIN_POST%2CEND_POST&returnGeometry=false&f=json
87170001,23000,C,Miami-Dade,6,2025,SR-A1A/COLLINS AVE,NE 35 AVE,0,0.813,FDOT Annual Average Daily Traffic TDA,https://services1.arcgis.com/O1JpcwDW8sjYuddV/arcgis/rest/services/Annual_Average_Daily_Traffic_TDA/FeatureServer/0,https://services1.arcgis.com/O1JpcwDW8sjYuddV/arcgis/rest/services/Annual_Average_Daily_Traffic_TDA/FeatureServer/0/query?where=COUNTY%3D%27Miami-Dade%27&outFields=ROADWAY%2CAADT%2CAADTFLG%2CCOUNTY%2CDISTRICT%2CYEAR_%2CDESC_FRM%2CDESC_TO%2CBEGIN_POST%2CEND_POST&returnGeometry=false&f=json
87090000,16200,C,Miami-Dade,6,2025,SR-997/NW 177 AV/KRO,FRONTAGE RD,0.444,2.333,FDOT Annual Average Daily Traffic TDA,https://services1.arcgis.com/O1JpcwDW8sjYuddV/arcgis/rest/services/Annual_Average_Daily_Traffic_TDA/FeatureServer/0,https://services1.arcgis.com/O1JpcwDW8sjYuddV/arcgis/rest/services/Annual_Average_Daily_Traffic_TDA/FeatureServer/0/query?where=COUNTY%3D%27Miami-Dade%27&outFields=ROADWAY%2CAADT%2CAADTFLG%2CCOUNTY%2CDISTRICT%2CYEAR_%2CDESC_FRM%2CDESC_TO%2CBEGIN_POST%2CEND_POST&returnGeometry=false&f=json
87060051,2000,F,Miami-Dade,6,2025, , ,0,0.813,FDOT Annual Average Daily Traffic TDA,https://services1.arcgis.com/O1JpcwDW8sjYuddV/arcgis/rest/services/Annual_Average_Daily_Traffic_TDA/FeatureServer/0,https://services1.arcgis.com/O1JpcwDW8sjYuddV/arcgis/rest/services/Annual_Average_Daily_Traffic_TDA/FeatureServer/0/query?where=COUNTY%3D%27Miami-Dade%27&outFields=ROADWAY%2CAADT%2CAADTFLG%2CCOUNTY%2CDISTRICT%2CYEAR_%2CDESC_FRM%2CDESC_TO%2CBEGIN_POST%2CEND_POST&returnGeometry=false&f=json
87091000,17000,C,Miami-Dade,6,2025,SW 137 AVE,SW 127 AVE,4.059,5.075,FDOT Annual Average Daily Traffic TDA,https://services1.arcgis.com/O1JpcwDW8sjYuddV/arcgis/rest/services/Annual_Average_Daily_Traffic_TDA/FeatureServer/0,https://services1.arcgis.com/O1JpcwDW8sjYuddV/arcgis/rest/services/Annual_Average_Daily_Traffic_TDA/FeatureServer/0/query?where=COUNTY%3D%27Miami-Dade%27&outFields=ROADWAY%2CAADT%2CAADTFLG%2CCOUNTY%2CDISTRICT%2CYEAR_%2CDESC_FRM%2CDESC_TO%2CBEGIN_POST%2CEND_POST&returnGeometry=false&f=json
87120000,51000,C,Miami-Dade,6,2025,SR 985/SW 107 AVE,SR- 973/SW 87 AV,7.045,9.056,FDOT Annual Average Daily Traffic TDA,https://services1.arcgis.com/O1JpcwDW8sjYuddV/arcgis/rest/services/Annual_Average_Daily_Traffic_TDA/FeatureServer/0,https://services1.arcgis.com/O1JpcwDW8sjYuddV/arcgis/rest/services/Annual_Average_Daily_Traffic_TDA/FeatureServer/0/query?where=COUNTY%3D%27Miami-Dade%27&outFields=ROADWAY%2CAADT%2CAADTFLG%2CCOUNTY%2CDISTRICT%2CYEAR_%2CDESC_FRM%2CDESC_TO%2CBEGIN_POST%2CEND_POST&returnGeometry=false&f=json
87200000,130500,F,Miami-Dade,6,2025,Bridge No-870147,N/A,10.59,11.332,FDOT Annual Average Daily Traffic TDA,https://services1.arcgis.com/O1JpcwDW8sjYuddV/arcgis/rest/services/Annual_Average_Daily_Traffic_TDA/FeatureServer/0,https://services1.arcgis.com/O1JpcwDW8sjYuddV/arcgis/rest/services/Annual_Average_Daily_Traffic_TDA/FeatureServer/0/query?where=COUNTY%3D%27Miami-Dade%27&outFields=ROADWAY%2CAADT%2CAADTFLG%2CCOUNTY%2CDISTRICT%2CYEAR_%2CDESC_FRM%2CDESC_TO%2CBEGIN_POST%2CEND_POST&returnGeometry=false&f=json
87200142,7600,C,Miami-Dade,6,2025,SR 836 EB,RAMP 87200134,0,0.983,FDOT Annual Average Daily Traffic TDA,https://services1.arcgis.com/O1JpcwDW8sjYuddV/arcgis/rest/services/Annual_Average_Daily_Traffic_TDA/FeatureServer/0,https://services1.arcgis.com/O1JpcwDW8sjYuddV/arcgis/rest/services/Annual_Average_Daily_Traffic_TDA/FeatureServer/0/query?where=COUNTY%3D%27Miami-Dade%27&outFields=ROADWAY%2CAADT%2CAADTFLG%2CCOUNTY%2CDISTRICT%2CYEAR_%2CDESC_FRM%2CDESC_TO%2CBEGIN_POST%2CEND_POST&returnGeometry=false&f=json
87083500,7500,F,Miami-Dade,6,2025,NW 42 AV,SECTION 87083501,0,1.325,FDOT Annual Average Daily Traffic TDA,https://services1.arcgis.com/O1JpcwDW8sjYuddV/arcgis/rest/services/Annual_Average_Daily_Traffic_TDA/FeatureServer/0,https://services1.arcgis.com/O1JpcwDW8sjYuddV/arcgis/rest/services/Annual_Average_Daily_Traffic_TDA/FeatureServer/0/query?where=COUNTY%3D%27Miami-Dade%27&outFields=ROADWAY%2CAADT%2CAADTFLG%2CCOUNTY%2CDISTRICT%2CYEAR_%2CDESC_FRM%2CDESC_TO%2CBEGIN_POST%2CEND_POST&returnGeometry=false&f=json
87170353,23500,F,Miami-Dade,6,2025,SB I-95,WB SR-826,0,0.363,FDOT Annual Average Daily Traffic TDA,https://services1.arcgis.com/O1JpcwDW8sjYuddV/arcgis/rest/services/Annual_Average_Daily_Traffic_TDA/FeatureServer/0,https://services1.arcgis.com/O1JpcwDW8sjYuddV/arcgis/rest/services/Annual_Average_Daily_Traffic_TDA/FeatureServer/0/query?where=COUNTY%3D%27Miami-Dade%27&outFields=ROADWAY%2CAADT%2CAADTFLG%2CCOUNTY%2CDISTRICT%2CYEAR_%2CDESC_FRM%2CDESC_TO%2CBEGIN_POST%2CEND_POST&returnGeometry=false&f=json
87071502,11700,F,Miami-Dade,6,2025,N/A,SR976/SW40ST/BIRD RD,1.167,2.3,FDOT Annual Average Daily Traffic TDA,https://services1.arcgis.com/O1JpcwDW8sjYuddV/arcgis/rest/services/Annual_Average_Daily_Traffic_TDA/FeatureServer/0,https://services1.arcgis.com/O1JpcwDW8sjYuddV/arcgis/rest/services/Annual_Average_Daily_Traffic_TDA/FeatureServer/0/query?where=COUNTY%3D%27Miami-Dade%27&outFields=ROADWAY%2CAADT%2CAADTFLG%2CCOUNTY%2CDISTRICT%2CYEAR_%2CDESC_FRM%2CDESC_TO%2CBEGIN_POST%2CEND_POST&returnGeometry=false&f=json
87080000,16000,C,Miami-Dade,6,2025,BAY DR WEST,BAY DRIVE E,2.678,3.72,FDOT Annual Average Daily Traffic TDA,https://services1.arcgis.com/O1JpcwDW8sjYuddV/arcgis/rest/services/Annual_Average_Daily_Traffic_TDA/FeatureServer/0,https://services1.arcgis.com/O1JpcwDW8sjYuddV/arcgis/rest/services/Annual_Average_Daily_Traffic_TDA/FeatureServer/0/query?where=COUNTY%3D%27Miami-Dade%27&outFields=ROADWAY%2CAADT%2CAADTFLG%2CCOUNTY%2CDISTRICT%2CYEAR_%2CDESC_FRM%2CDESC_TO%2CBEGIN_POST%2CEND_POST&returnGeometry=false&f=json
87200188,7000,F,Miami-Dade,6,2025,SR-959/NW 57 AVENUE,SR-836 WB,0,0.137,FDOT Annual Average Daily Traffic TDA,https://services1.arcgis.com/O1JpcwDW8sjYuddV/arcgis/rest/services/Annual_Average_Daily_Traffic_TDA/FeatureServer/0,https://services1.arcgis.com/O1JpcwDW8sjYuddV/arcgis/rest/services/Annual_Average_Daily_Traffic_TDA/FeatureServer/0/query?where=COUNTY%3D%27Miami-Dade%27&outFields=ROADWAY%2CAADT%2CAADTFLG%2CCOUNTY%2CDISTRICT%2CYEAR_%2CDESC_FRM%2CDESC_TO%2CBEGIN_POST%2CEND_POST&returnGeometry=false&f=json
87140000,61500,C,Miami-Dade,6,2025,NW 199 ST/ HONEY HIL,NW 215 ST/COUNTY LIN,13.598,14.68,FDOT Annual Average Daily Traffic TDA,https://services1.arcgis.com/O1JpcwDW8sjYuddV/arcgis/rest/services/Annual_Average_Daily_Traffic_TDA/FeatureServer/0,https://services1.arcgis.com/O1JpcwDW8sjYuddV/arcgis/rest/services/Annual_Average_Daily_Traffic_TDA/FeatureServer/0/query?where=COUNTY%3D%27Miami-Dade%27&outFields=ROADWAY%2CAADT%2CAADTFLG%2CCOUNTY%2CDISTRICT%2CYEAR_%2CDESC_FRM%2CDESC_TO%2CBEGIN_POST%2CEND_POST&returnGeometry=false&f=json
87067501,33000,F,Miami-Dade,6,2025,N/A,INGRAHAM TER,0.587,0.765,FDOT Annual Average Daily Traffic TDA,https://services1.arcgis.com/O1JpcwDW8sjYuddV/arcgis/rest/services/Annual_Average_Daily_Traffic_TDA/FeatureServer/0,https://services1.arcgis.com/O1JpcwDW8sjYuddV/arcgis/rest/services/Annual_Average_Daily_Traffic_TDA/FeatureServer/0/query?where=COUNTY%3D%27Miami-Dade%27&outFields=ROADWAY%2CAADT%2CAADTFLG%2CCOUNTY%2CDISTRICT%2CYEAR_%2CDESC_FRM%2CDESC_TO%2CBEGIN_POST%2CEND_POST&returnGeometry=false&f=json
87200000,181000,C,Miami-Dade,6,2025,N/A,Bridge No-870147,9.454,10.59,FDOT Annual Average Daily Traffic TDA,https://services1.arcgis.com/O1JpcwDW8sjYuddV/arcgis/rest/services/Annual_Average_Daily_Traffic_TDA/FeatureServer/0,https://services1.arcgis.com/O1JpcwDW8sjYuddV/arcgis/rest/services/Annual_Average_Daily_Traffic_TDA/FeatureServer/0/query?where=COUNTY%3D%27Miami-Dade%27&outFields=ROADWAY%2CAADT%2CAADTFLG%2CCOUNTY%2CDISTRICT%2CYEAR_%2CDESC_FRM%2CDESC_TO%2CBEGIN_POST%2CEND_POST&returnGeometry=false&f=json
87200136,2100,F,Miami-Dade,6,2025,NW 87 AVE NB,87200163 WB ON,0,0.137,FDOT Annual Average Daily Traffic TDA,https://services1.arcgis.com/O1JpcwDW8sjYuddV/arcgis/rest/services/Annual_Average_Daily_Traffic_TDA/FeatureServer/0,https://services1.arcgis.com/O1JpcwDW8sjYuddV/arcgis/rest/services/Annual_Average_Daily_Traffic_TDA/FeatureServer/0/query?where=COUNTY%3D%27Miami-Dade%27&outFields=ROADWAY%2CAADT%2CAADTFLG%2CCOUNTY%2CDISTRICT%2CYEAR_%2CDESC_FRM%2CDESC_TO%2CBEGIN_POST%2CEND_POST&returnGeometry=false&f=json
87062000,16500,C,Miami-Dade,6,2025,US-1/ SR-5 / S DIXIE,BRESCIA AV,0.217,0.503,FDOT Annual Average Daily Traffic TDA,https://services1.arcgis.com/O1JpcwDW8sjYuddV/arcgis/rest/services/Annual_Average_Daily_Traffic_TDA/FeatureServer/0,https://services1.arcgis.com/O1JpcwDW8sjYuddV/arcgis/rest/services/Annual_Average_Daily_Traffic_TDA/FeatureServer/0/query?where=COUNTY%3D%27Miami-Dade%27&outFields=ROADWAY%2CAADT%2CAADTFLG%2CCOUNTY%2CDISTRICT%2CYEAR_%2CDESC_FRM%2CDESC_TO%2CBEGIN_POST%2CEND_POST&returnGeometry=false&f=json
87090000,26500,C,Miami-Dade,6,2025,SR-948 / NW 36 ST,SR-9/NW 27 AVE,15.268,16.5,FDOT Annual Average Daily Traffic TDA,https://services1.arcgis.com/O1JpcwDW8sjYuddV/arcgis/rest/services/Annual_Average_Daily_Traffic_TDA/FeatureServer/0,https://services1.arcgis.com/O1JpcwDW8sjYuddV/arcgis/rest/services/Annual_Average_Daily_Traffic_TDA/FeatureServer/0/query?where=COUNTY%3D%27Miami-Dade%27&outFields=ROADWAY%2CAADT%2CAADTFLG%2CCOUNTY%2CDISTRICT%2CYEAR_%2CDESC_FRM%2CDESC_TO%2CBEGIN_POST%2CEND_POST&returnGeometry=false&f=json
87072000,23000,C,Miami-Dade,6,2025,SR-986/SW 72 ST,SW 56 ST/MILLER DR,2.022,3.004,FDOT Annual Average Daily Traffic TDA,https://services1.arcgis.com/O1JpcwDW8sjYuddV/arcgis/rest/services/Annual_Average_Daily_Traffic_TDA/FeatureServer/0,https://services1.arcgis.com/O1JpcwDW8sjYuddV/arcgis/rest/services/Annual_Average_Daily_Traffic_TDA/FeatureServer/0/query?where=COUNTY%3D%27Miami-Dade%27&outFields=ROADWAY%2CAADT%2CAADTFLG%2CCOUNTY%2CDISTRICT%2CYEAR_%2CDESC_FRM%2CDESC_TO%2CBEGIN_POST%2CEND_POST&returnGeometry=false&f=json
87200091,7800,F,Miami-Dade,6,2025,87200142 NB ON,SR-953 / NW 42 AVE,0,0.141,FDOT Annual Average Daily Traffic TDA,https://services1.arcgis.com/O1JpcwDW8sjYuddV/arcgis/rest/services/Annual_Average_Daily_Traffic_TDA/FeatureServer/0,https://services1.arcgis.com/O1JpcwDW8sjYuddV/arcgis/rest/services/Annual_Average_Daily_Traffic_TDA/FeatureServer/0/query?where=COUNTY%3D%27Miami-Dade%27&outFields=ROADWAY%2CAADT%2CAADTFLG%2CCOUNTY%2CDISTRICT%2CYEAR_%2CDESC_FRM%2CDESC_TO%2CBEGIN_POST%2CEND_POST&returnGeometry=false&f=json
87150000,30000,C,Miami-Dade,6,2025,SW 232 ST/SILVER PAL,SW 184 ST/EUREKA DR,7.859,10.874,FDOT Annual Average Daily Traffic TDA,https://services1.arcgis.com/O1JpcwDW8sjYuddV/arcgis/rest/services/Annual_Average_Daily_Traffic_TDA/FeatureServer/0,https://services1.arcgis.com/O1JpcwDW8sjYuddV/arcgis/rest/services/Annual_Average_Daily_Traffic_TDA/FeatureServer/0/query?where=COUNTY%3D%27Miami-Dade%27&outFields=ROADWAY%2CAADT%2CAADTFLG%2CCOUNTY%2CDISTRICT%2CYEAR_%2CDESC_FRM%2CDESC_TO%2CBEGIN_POST%2CEND_POST&returnGeometry=false&f=json
87088500,5200,F,Miami-Dade,6,2025,DADE BLVD,W 47 ST,0,1.928,FDOT Annual Average Daily Traffic TDA,https://services1.arcgis.com/O1JpcwDW8sjYuddV/arcgis/rest/services/Annual_Average_Daily_Traffic_TDA/FeatureServer/0,https://services1.arcgis.com/O1JpcwDW8sjYuddV/arcgis/rest/services/Annual_Average_Daily_Traffic_TDA/FeatureServer/0/query?where=COUNTY%3D%27Miami-Dade%27&outFields=ROADWAY%2CAADT%2CAADTFLG%2CCOUNTY%2CDISTRICT%2CYEAR_%2CDESC_FRM%2CDESC_TO%2CBEGIN_POST%2CEND_POST&returnGeometry=false&f=json
87134000,57500,C,Miami-Dade,6,2025,SR-90/SW 8 ST,NW 12 ST,0,1.47,FDOT Annual Average Daily Traffic TDA,https://services1.arcgis.com/O1JpcwDW8sjYuddV/arcgis/rest/services/Annual_Average_Daily_Traffic_TDA/FeatureServer/0,https://services1.arcgis.com/O1JpcwDW8sjYuddV/arcgis/rest/services/Annual_Average_Daily_Traffic_TDA/FeatureServer/0/query?where=COUNTY%3D%27Miami-Dade%27&outFields=ROADWAY%2CAADT%2CAADTFLG%2CCOUNTY%2CDISTRICT%2CYEAR_%2CDESC_FRM%2CDESC_TO%2CBEGIN_POST%2CEND_POST&returnGeometry=false&f=json
87071504,12400,F,Miami-Dade,6,2025,SR-976/SW 40 ST,SW 24 ST,0,1,FDOT Annual Average Daily Traffic TDA,https://services1.arcgis.com/O1JpcwDW8sjYuddV/arcgis/rest/services/Annual_Average_Daily_Traffic_TDA/FeatureServer/0,https://services1.arcgis.com/O1JpcwDW8sjYuddV/arcgis/rest/services/Annual_Average_Daily_Traffic_TDA/FeatureServer/0/query?where=COUNTY%3D%27Miami-Dade%27&outFields=ROADWAY%2CAADT%2CAADTFLG%2CCOUNTY%2CDISTRICT%2CYEAR_%2CDESC_FRM%2CDESC_TO%2CBEGIN_POST%2CEND_POST&returnGeometry=false&f=json
87075702,21500,C,Miami-Dade,6,2025,W 20 AVE / W 84 ST,BEG UNDERPASS 870467,0,0.408,FDOT Annual Average Daily Traffic TDA,https://services1.arcgis.com/O1JpcwDW8sjYuddV/arcgis/rest/services/Annual_Average_Daily_Traffic_TDA/FeatureServer/0,https://services1.arcgis.com/O1JpcwDW8sjYuddV/arcgis/rest/services/Annual_Average_Daily_Traffic_TDA/FeatureServer/0/query?where=COUNTY%3D%27Miami-Dade%27&outFields=ROADWAY%2CAADT%2CAADTFLG%2CCOUNTY%2CDISTRICT%2CYEAR_%2CDESC_FRM%2CDESC_TO%2CBEGIN_POST%2CEND_POST&returnGeometry=false&f=json
87200326,13000,T,Miami-Dade,6,2025,MILAM DAIRY RD,87200423 NB ON,0,0.278,FDOT Annual Average Daily Traffic TDA,https://services1.arcgis.com/O1JpcwDW8sjYuddV/arcgis/rest/services/Annual_Average_Daily_Traffic_TDA/FeatureServer/0,https://services1.arcgis.com/O1JpcwDW8sjYuddV/arcgis/rest/services/Annual_Average_Daily_Traffic_TDA/FeatureServer/0/query?where=COUNTY%3D%27Miami-Dade%27&outFields=ROADWAY%2CAADT%2CAADTFLG%2CCOUNTY%2CDISTRICT%2CYEAR_%2CDESC_FRM%2CDESC_TO%2CBEGIN_POST%2CEND_POST&returnGeometry=false&f=json
87140000,26000,C,Miami-Dade,6,2025,SR-932 / NW 103 ST,SR- 924/NW 119 ST,7.171,8.171,FDOT Annual Average Daily Traffic TDA,https://services1.arcgis.com/O1JpcwDW8sjYuddV/arcgis/rest/services/Annual_Average_Daily_Traffic_TDA/FeatureServer/0,https://services1.arcgis.com/O1JpcwDW8sjYuddV/arcgis/rest/services/Annual_Average_Daily_Traffic_TDA/FeatureServer/0/query?where=COUNTY%3D%27Miami-Dade%27&outFields=ROADWAY%2CAADT%2CAADTFLG%2CCOUNTY%2CDISTRICT%2CYEAR_%2CDESC_FRM%2CDESC_TO%2CBEGIN_POST%2CEND_POST&returnGeometry=false&f=json
87070057,3200,F,Miami-Dade,6,2025,SR-997/KROME AVE/NB,US-27/OKEECHOBEE RD,0,0.067,FDOT Annual Average Daily Traffic TDA,https://services1.arcgis.com/O1JpcwDW8sjYuddV/arcgis/rest/services/Annual_Average_Daily_Traffic_TDA/FeatureServer/0,https://services1.arcgis.com/O1JpcwDW8sjYuddV/arcgis/rest/services/Annual_Average_Daily_Traffic_TDA/FeatureServer/0/query?where=COUNTY%3D%27Miami-Dade%27&outFields=ROADWAY%2CAADT%2CAADTFLG%2CCOUNTY%2CDISTRICT%2CYEAR_%2CDESC_FRM%2CDESC_TO%2CBEGIN_POST%2CEND_POST&returnGeometry=false&f=json
87080000,9200,C,Miami-Dade,6,2025,BAY DRIVE E,SR-A1A / COLLINS AV,3.72,4.175,FDOT Annual Average Daily Traffic TDA,https://services1.arcgis.com/O1JpcwDW8sjYuddV/arcgis/rest/services/Annual_Average_Daily_Traffic_TDA/FeatureServer/0,https://services1.arcgis.com/O1JpcwDW8sjYuddV/arcgis/rest/services/Annual_Average_Daily_Traffic_TDA/FeatureServer/0/query?where=COUNTY%3D%27Miami-Dade%27&outFields=ROADWAY%2CAADT%2CAADTFLG%2CCOUNTY%2CDISTRICT%2CYEAR_%2CDESC_FRM%2CDESC_TO%2CBEGIN_POST%2CEND_POST&returnGeometry=false&f=json
87068500,14100,F,Miami-Dade,6,2025,END OF STREET,BEG UNDERPASS 870310,0,1.631,FDOT Annual Average Daily Traffic TDA,https://services1.arcgis.com/O1JpcwDW8sjYuddV/arcgis/rest/services/Annual_Average_Daily_Traffic_TDA/FeatureServer/0,https://services1.arcgis.com/O1JpcwDW8sjYuddV/arcgis/rest/services/Annual_Average_Daily_Traffic_TDA/FeatureServer/0/query?where=COUNTY%3D%27Miami-Dade%27&outFields=ROADWAY%2CAADT%2CAADTFLG%2CCOUNTY%2CDISTRICT%2CYEAR_%2CDESC_FRM%2CDESC_TO%2CBEGIN_POST%2CEND_POST&returnGeometry=false&f=json
87075605,13000,F,Miami-Dade,6,2025,SR-860/NW 186 ST WB,I-75 NB,0,0.294,FDOT Annual Average Daily Traffic TDA,https://services1.arcgis.com/O1JpcwDW8sjYuddV/arcgis/rest/services/Annual_Average_Daily_Traffic_TDA/FeatureServer/0,https://services1.arcgis.com/O1JpcwDW8sjYuddV/arcgis/rest/services/Annual_Average_Daily_Traffic_TDA/FeatureServer/0/query?where=COUNTY%3D%27Miami-Dade%27&outFields=ROADWAY%2CAADT%2CAADTFLG%2CCOUNTY%2CDISTRICT%2CYEAR_%2CDESC_FRM%2CDESC_TO%2CBEGIN_POST%2CEND_POST&returnGeometry=false&f=json
87170362,900,F,Miami-Dade,6,2025,87170360 WB ON,87170366 WB OFF,0,0.115,FDOT Annual Average Daily Traffic TDA,https://services1.arcgis.com/O1JpcwDW8sjYuddV/arcgis/rest/services/Annual_Average_Daily_Traffic_TDA/FeatureServer/0,https://services1.arcgis.com/O1JpcwDW8sjYuddV/arcgis/rest/services/Annual_Average_Daily_Traffic_TDA/FeatureServer/0/query?where=COUNTY%3D%27Miami-Dade%27&outFields=ROADWAY%2CAADT%2CAADTFLG%2CCOUNTY%2CDISTRICT%2CYEAR_%2CDESC_FRM%2CDESC_TO%2CBEGIN_POST%2CEND_POST&returnGeometry=false&f=json
87200114,10000,F,Miami-Dade,6,2025,SR-836/WB,NW 12 AVE,0,0.102,FDOT Annual Average Daily Traffic TDA,https://services1.arcgis.com/O1JpcwDW8sjYuddV/arcgis/rest/services/Annual_Average_Daily_Traffic_TDA/FeatureServer/0,https://services1.arcgis.com/O1JpcwDW8sjYuddV/arcgis/rest/services/Annual_Average_Daily_Traffic_TDA/FeatureServer/0/query?where=COUNTY%3D%27Miami-Dade%27&outFields=ROADWAY%2CAADT%2CAADTFLG%2CCOUNTY%2CDISTRICT%2CYEAR_%2CDESC_FRM%2CDESC_TO%2CBEGIN_POST%2CEND_POST&returnGeometry=false&f=json
87072000,37500,C,Miami-Dade,6,2025,SW 24 ST/CORAL WAY,SR-90/US-41/SW 8 ST,5.161,6.17,FDOT Annual Average Daily Traffic TDA,https://services1.arcgis.com/O1JpcwDW8sjYuddV/arcgis/rest/services/Annual_Average_Daily_Traffic_TDA/FeatureServer/0,https://services1.arcgis.com/O1JpcwDW8sjYuddV/arcgis/rest/services/Annual_Average_Daily_Traffic_TDA/FeatureServer/0/query?where=COUNTY%3D%27Miami-Dade%27&outFields=ROADWAY%2CAADT%2CAADTFLG%2CCOUNTY%2CDISTRICT%2CYEAR_%2CDESC_FRM%2CDESC_TO%2CBEGIN_POST%2CEND_POST&returnGeometry=false&f=json
87160000,1150,C,Miami-Dade,6,2025,EVERGLADES NAT PARK,N/A,0,7.085,FDOT Annual Average Daily Traffic TDA,https://services1.arcgis.com/O1JpcwDW8sjYuddV/arcgis/rest/services/Annual_Average_Daily_Traffic_TDA/FeatureServer/0,https://services1.arcgis.com/O1JpcwDW8sjYuddV/arcgis/rest/services/Annual_Average_Daily_Traffic_TDA/FeatureServer/0/query?where=COUNTY%3D%27Miami-Dade%27&outFields=ROADWAY%2CAADT%2CAADTFLG%2CCOUNTY%2CDISTRICT%2CYEAR_%2CDESC_FRM%2CDESC_TO%2CBEGIN_POST%2CEND_POST&returnGeometry=false&f=json
87080900,27000,C,Miami-Dade,6,2025,E 4 AV,E 22 ST,34.192,34.26,FDOT Annual Average Daily Traffic TDA,https://services1.arcgis.com/O1JpcwDW8sjYuddV/arcgis/rest/services/Annual_Average_Daily_Traffic_TDA/FeatureServer/0,https://services1.arcgis.com/O1JpcwDW8sjYuddV/arcgis/rest/services/Annual_Average_Daily_Traffic_TDA/FeatureServer/0/query?where=COUNTY%3D%27Miami-Dade%27&outFields=ROADWAY%2CAADT%2CAADTFLG%2CCOUNTY%2CDISTRICT%2CYEAR_%2CDESC_FRM%2CDESC_TO%2CBEGIN_POST%2CEND_POST&returnGeometry=false&f=json
87140000,28500,C,Miami-Dade,6,2025,NW 20 ST,US-27/SR-25/ W 36 ST,2.054,3.075,FDOT Annual Average Daily Traffic TDA,https://services1.arcgis.com/O1JpcwDW8sjYuddV/arcgis/rest/services/Annual_Average_Daily_Traffic_TDA/FeatureServer/0,https://services1.arcgis.com/O1JpcwDW8sjYuddV/arcgis/rest/services/Annual_Average_Daily_Traffic_TDA/FeatureServer/0/query?where=COUNTY%3D%27Miami-Dade%27&outFields=ROADWAY%2CAADT%2CAADTFLG%2CCOUNTY%2CDISTRICT%2CYEAR_%2CDESC_FRM%2CDESC_TO%2CBEGIN_POST%2CEND_POST&returnGeometry=false&f=json
87066000,29000,C,Miami-Dade,6,2025,N/A,SR-A1A/COLLINS AVE,4.546,5.548,FDOT Annual Average Daily Traffic TDA,https://services1.arcgis.com/O1JpcwDW8sjYuddV/arcgis/rest/services/Annual_Average_Daily_Traffic_TDA/FeatureServer/0,https://services1.arcgis.com/O1JpcwDW8sjYuddV/arcgis/rest/services/Annual_Average_Daily_Traffic_TDA/FeatureServer/0/query?where=COUNTY%3D%27Miami-Dade%27&outFields=ROADWAY%2CAADT%2CAADTFLG%2CCOUNTY%2CDISTRICT%2CYEAR_%2CDESC_FRM%2CDESC_TO%2CBEGIN_POST%2CEND_POST&returnGeometry=false&f=json
87080000,44500,C,Miami-Dade,6,2025,SR-934 / N BAYSHORE,ADVENTURE AV,0.676,1.909,FDOT Annual Average Daily Traffic TDA,https://services1.arcgis.com/O1JpcwDW8sjYuddV/arcgis/rest/services/Annual_Average_Daily_Traffic_TDA/FeatureServer/0,https://services1.arcgis.com/O1JpcwDW8sjYuddV/arcgis/rest/services/Annual_Average_Daily_Traffic_TDA/FeatureServer/0/query?where=COUNTY%3D%27Miami-Dade%27&outFields=ROADWAY%2CAADT%2CAADTFLG%2CCOUNTY%2CDISTRICT%2CYEAR_%2CDESC_FRM%2CDESC_TO%2CBEGIN_POST%2CEND_POST&returnGeometry=false&f=json
87120000,20000,C,Miami-Dade,6,2025,SW 22 AVE/MAXIMO GOM,SR- 933/SW 12 AVE,15.63,16.643,FDOT Annual Average Daily Traffic TDA,https://services1.arcgis.com/O1JpcwDW8sjYuddV/arcgis/rest/services/Annual_Average_Daily_Traffic_TDA/FeatureServer/0,https://services1.arcgis.com/O1JpcwDW8sjYuddV/arcgis/rest/services/Annual_Average_Daily_Traffic_TDA/FeatureServer/0/query?where=COUNTY%3D%27Miami-Dade%27&outFields=ROADWAY%2CAADT%2CAADTFLG%2CCOUNTY%2CDISTRICT%2CYEAR_%2CDESC_FRM%2CDESC_TO%2CBEGIN_POST%2CEND_POST&returnGeometry=false&f=json
87200073,6200,F,Miami-Dade,6,2025,SR-836/EB,SR-836 /  NW 107 AVE,0,0.407,FDOT Annual Average Daily Traffic TDA,https://services1.arcgis.com/O1JpcwDW8sjYuddV/arcgis/rest/services/Annual_Average_Daily_Traffic_TDA/FeatureServer/0,https://services1.arcgis.com/O1JpcwDW8sjYuddV/arcgis/rest/services/Annual_Average_Daily_Traffic_TDA/FeatureServer/0/query?where=COUNTY%3D%27Miami-Dade%27&outFields=ROADWAY%2CAADT%2CAADTFLG%2CCOUNTY%2CDISTRICT%2CYEAR_%2CDESC_FRM%2CDESC_TO%2CBEGIN_POST%2CEND_POST&returnGeometry=false&f=json
87200112,4800,F,Miami-Dade,6,2025,NW 12 AVE/SB,SR-836/EB,0,0.162,FDOT Annual Average Daily Traffic TDA,https://services1.arcgis.com/O1JpcwDW8sjYuddV/arcgis/rest/services/Annual_Average_Daily_Traffic_TDA/FeatureServer/0,https://services1.arcgis.com/O1JpcwDW8sjYuddV/arcgis/rest/services/Annual_Average_Daily_Traffic_TDA/FeatureServer/0/query?where=COUNTY%3D%27Miami-Dade%27&outFields=ROADWAY%2CAADT%2CAADTFLG%2CCOUNTY%2CDISTRICT%2CYEAR_%2CDESC_FRM%2CDESC_TO%2CBEGIN_POST%2CEND_POST&returnGeometry=false&f=json
87080900,17400,C,Miami-Dade,6,2025,E 22 ST,N/A,34.26,34.925,FDOT Annual Average Daily Traffic TDA,https://services1.arcgis.com/O1JpcwDW8sjYuddV/arcgis/rest/services/Annual_Average_Daily_Traffic_TDA/FeatureServer/0,https://services1.arcgis.com/O1JpcwDW8sjYuddV/arcgis/rest/services/Annual_Average_Daily_Traffic_TDA/FeatureServer/0/query?where=COUNTY%3D%27Miami-Dade%27&outFields=ROADWAY%2CAADT%2CAADTFLG%2CCOUNTY%2CDISTRICT%2CYEAR_%2CDESC_FRM%2CDESC_TO%2CBEGIN_POST%2CEND_POST&returnGeometry=false&f=json
87067505,16200,F,Miami-Dade,6,2025,KIRK ST,N/A,0,1.752,FDOT Annual Average Daily Traffic TDA,https://services1.arcgis.com/O1JpcwDW8sjYuddV/arcgis/rest/services/Annual_Average_Daily_Traffic_TDA/FeatureServer/0,https://services1.arcgis.com/O1JpcwDW8sjYuddV/arcgis/rest/services/Annual_Average_Daily_Traffic_TDA/FeatureServer/0/query?where=COUNTY%3D%27Miami-Dade%27&outFields=ROADWAY%2CAADT%2CAADTFLG%2CCOUNTY%2CDISTRICT%2CYEAR_%2CDESC_FRM%2CDESC_TO%2CBEGIN_POST%2CEND_POST&returnGeometry=false&f=json
87170364,1000,F,Miami-Dade,6,2025,SR-826/EB/NE 163 ST,87170360 WB ON,0,0.145,FDOT Annual Average Daily Traffic TDA,https://services1.arcgis.com/O1JpcwDW8sjYuddV/arcgis/rest/services/Annual_Average_Daily_Traffic_TDA/FeatureServer/0,https://services1.arcgis.com/O1JpcwDW8sjYuddV/arcgis/rest/services/Annual_Average_Daily_Traffic_TDA/FeatureServer/0/query?where=COUNTY%3D%27Miami-Dade%27&outFields=ROADWAY%2CAADT%2CAADTFLG%2CCOUNTY%2CDISTRICT%2CYEAR_%2CDESC_FRM%2CDESC_TO%2CBEGIN_POST%2CEND_POST&returnGeometry=false&f=json
87200116,29000,T,Miami-Dade,6,2025,SR-836/EB,87200119 WB OFF,0,0.168,FDOT Annual Average Daily Traffic TDA,https://services1.arcgis.com/O1JpcwDW8sjYuddV/arcgis/rest/services/Annual_Average_Daily_Traffic_TDA/FeatureServer/0,https://services1.arcgis.com/O1JpcwDW8sjYuddV/arcgis/rest/services/Annual_Average_Daily_Traffic_TDA/FeatureServer/0/query?where=COUNTY%3D%27Miami-Dade%27&outFields=ROADWAY%2CAADT%2CAADTFLG%2CCOUNTY%2CDISTRICT%2CYEAR_%2CDESC_FRM%2CDESC_TO%2CBEGIN_POST%2CEND_POST&returnGeometry=false&f=json
87080900,46500,C,Miami-Dade,6,2025,SR-969/NW 72 AV,NW 62 AV/W 8 AV,31.672,32.683,FDOT Annual Average Daily Traffic TDA,https://services1.arcgis.com/O1JpcwDW8sjYuddV/arcgis/rest/services/Annual_Average_Daily_Traffic_TDA/FeatureServer/0,https://services1.arcgis.com/O1JpcwDW8sjYuddV/arcgis/rest/services/Annual_Average_Daily_Traffic_TDA/FeatureServer/0/query?where=COUNTY%3D%27Miami-Dade%27&outFields=ROADWAY%2CAADT%2CAADTFLG%2CCOUNTY%2CDISTRICT%2CYEAR_%2CDESC_FRM%2CDESC_TO%2CBEGIN_POST%2CEND_POST&returnGeometry=false&f=json
87090000,58000,E,Miami-Dade,6,2025,87260403 SB ON,NW 74 ST,10.146,11.563,FDOT Annual Average Daily Traffic TDA,https://services1.arcgis.com/O1JpcwDW8sjYuddV/arcgis/rest/services/Annual_Average_Daily_Traffic_TDA/FeatureServer/0,https://services1.arcgis.com/O1JpcwDW8sjYuddV/arcgis/rest/services/Annual_Average_Daily_Traffic_TDA/FeatureServer/0/query?where=COUNTY%3D%27Miami-Dade%27&outFields=ROADWAY%2CAADT%2CAADTFLG%2CCOUNTY%2CDISTRICT%2CYEAR_%2CDESC_FRM%2CDESC_TO%2CBEGIN_POST%2CEND_POST&returnGeometry=false&f=json
87200099,5600,F,Miami-Dade,6,2025,NW 37 AVE,SR-836 EB,0,0.124,FDOT Annual Average Daily Traffic TDA,https://services1.arcgis.com/O1JpcwDW8sjYuddV/arcgis/rest/services/Annual_Average_Daily_Traffic_TDA/FeatureServer/0,https://services1.arcgis.com/O1JpcwDW8sjYuddV/arcgis/rest/services/Annual_Average_Daily_Traffic_TDA/FeatureServer/0/query?where=COUNTY%3D%27Miami-Dade%27&outFields=ROADWAY%2CAADT%2CAADTFLG%2CCOUNTY%2CDISTRICT%2CYEAR_%2CDESC_FRM%2CDESC_TO%2CBEGIN_POST%2CEND_POST&returnGeometry=false&f=json
87150000,32000,C,Miami-Dade,6,2025,N/A,US-41/SR-90/SW 8 ST,18.614,22.388,FDOT Annual Average Daily Traffic TDA,https://services1.arcgis.com/O1JpcwDW8sjYuddV/arcgis/rest/services/Annual_Average_Daily_Traffic_TDA/FeatureServer/0,https://services1.arcgis.com/O1JpcwDW8sjYuddV/arcgis/rest/services/Annual_Average_Daily_Traffic_TDA/FeatureServer/0/query?where=COUNTY%3D%27Miami-Dade%27&outFields=ROADWAY%2CAADT%2CAADTFLG%2CCOUNTY%2CDISTRICT%2CYEAR_%2CDESC_FRM%2CDESC_TO%2CBEGIN_POST%2CEND_POST&returnGeometry=false&f=json
87077501,25500,F,Miami-Dade,6,2025,SW 152 ST/CORAL REE,N/A,0,1.001,FDOT Annual Average Daily Traffic TDA,https://services1.arcgis.com/O1JpcwDW8sjYuddV/arcgis/rest/services/Annual_Average_Daily_Traffic_TDA/FeatureServer/0,https://services1.arcgis.com/O1JpcwDW8sjYuddV/arcgis/rest/services/Annual_Average_Daily_Traffic_TDA/FeatureServer/0/query?where=COUNTY%3D%27Miami-Dade%27&outFields=ROADWAY%2CAADT%2CAADTFLG%2CCOUNTY%2CDISTRICT%2CYEAR_%2CDESC_FRM%2CDESC_TO%2CBEGIN_POST%2CEND_POST&returnGeometry=false&f=json
87140000,20300,C,Miami-Dade,6,2025,N/A,NW 20 ST,0.909,2.054,FDOT Annual Average Daily Traffic TDA,https://services1.arcgis.com/O1JpcwDW8sjYuddV/arcgis/rest/services/Annual_Average_Daily_Traffic_TDA/FeatureServer/0,https://services1.arcgis.com/O1JpcwDW8sjYuddV/arcgis/rest/services/Annual_Average_Daily_Traffic_TDA/FeatureServer/0/query?where=COUNTY%3D%27Miami-Dade%27&outFields=ROADWAY%2CAADT%2CAADTFLG%2CCOUNTY%2CDISTRICT%2CYEAR_%2CDESC_FRM%2CDESC_TO%2CBEGIN_POST%2CEND_POST&returnGeometry=false&f=json
87067501,20500,F,Miami-Dade,6,2025,CALATRAVA CT,N/A,0,0.587,FDOT Annual Average Daily Traffic TDA,https://services1.arcgis.com/O1JpcwDW8sjYuddV/arcgis/rest/services/Annual_Average_Daily_Traffic_TDA/FeatureServer/0,https://services1.arcgis.com/O1JpcwDW8sjYuddV/arcgis/rest/services/Annual_Average_Daily_Traffic_TDA/FeatureServer/0/query?where=COUNTY%3D%27Miami-Dade%27&outFields=ROADWAY%2CAADT%2CAADTFLG%2CCOUNTY%2CDISTRICT%2CYEAR_%2CDESC_FRM%2CDESC_TO%2CBEGIN_POST%2CEND_POST&returnGeometry=false&f=json
87062000,13600,C,Miami-Dade,6,2025,SR-976/SW 40 ST/BIRD,SW 24 ST/CORAL WAY,2.038,3.024,FDOT Annual Average Daily Traffic TDA,https://services1.arcgis.com/O1JpcwDW8sjYuddV/arcgis/rest/services/Annual_Average_Daily_Traffic_TDA/FeatureServer/0,https://services1.arcgis.com/O1JpcwDW8sjYuddV/arcgis/rest/services/Annual_Average_Daily_Traffic_TDA/FeatureServer/0/query?where=COUNTY%3D%27Miami-Dade%27&outFields=ROADWAY%2CAADT%2CAADTFLG%2CCOUNTY%2CDISTRICT%2CYEAR_%2CDESC_FRM%2CDESC_TO%2CBEGIN_POST%2CEND_POST&returnGeometry=false&f=json
87120000,45500,C,Miami-Dade,6,2025,SR- 959/SW 57 AVE,SR- 953/LEJEUNE RD,12.059,13.591,FDOT Annual Average Daily Traffic TDA,https://services1.arcgis.com/O1JpcwDW8sjYuddV/arcgis/rest/services/Annual_Average_Daily_Traffic_TDA/FeatureServer/0,https://services1.arcgis.com/O1JpcwDW8sjYuddV/arcgis/rest/services/Annual_Average_Daily_Traffic_TDA/FeatureServer/0/query?where=COUNTY%3D%27Miami-Dade%27&outFields=ROADWAY%2CAADT%2CAADTFLG%2CCOUNTY%2CDISTRICT%2CYEAR_%2CDESC_FRM%2CDESC_TO%2CBEGIN_POST%2CEND_POST&returnGeometry=false&f=json
87190000,12500,C,Miami-Dade,6,2025,SR-915/NE 6 AV,NE 126 ST,0.597,0.669,FDOT Annual Average Daily Traffic TDA,https://services1.arcgis.com/O1JpcwDW8sjYuddV/arcgis/rest/services/Annual_Average_Daily_Traffic_TDA/FeatureServer/0,https://services1.arcgis.com/O1JpcwDW8sjYuddV/arcgis/rest/services/Annual_Average_Daily_Traffic_TDA/FeatureServer/0/query?where=COUNTY%3D%27Miami-Dade%27&outFields=ROADWAY%2CAADT%2CAADTFLG%2CCOUNTY%2CDISTRICT%2CYEAR_%2CDESC_FRM%2CDESC_TO%2CBEGIN_POST%2CEND_POST&returnGeometry=false&f=json
87200144,10500,C,Miami-Dade,6,2025,NW 14 ST,RAMP 87200142,0,0.121,FDOT Annual Average Daily Traffic TDA,https://services1.arcgis.com/O1JpcwDW8sjYuddV/arcgis/rest/services/Annual_Average_Daily_Traffic_TDA/FeatureServer/0,https://services1.arcgis.com/O1JpcwDW8sjYuddV/arcgis/rest/services/Annual_Average_Daily_Traffic_TDA/FeatureServer/0/query?where=COUNTY%3D%27Miami-Dade%27&outFields=ROADWAY%2CAADT%2CAADTFLG%2CCOUNTY%2CDISTRICT%2CYEAR_%2CDESC_FRM%2CDESC_TO%2CBEGIN_POST%2CEND_POST&returnGeometry=false&f=json
87080900,25100,C,Miami-Dade,6,2025,SR-934/NW 81 ST,SR-7/US-441/NW 7 AVE,37.787,38.484,FDOT Annual Average Daily Traffic TDA,https://services1.arcgis.com/O1JpcwDW8sjYuddV/arcgis/rest/services/Annual_Average_Daily_Traffic_TDA/FeatureServer/0,https://services1.arcgis.com/O1JpcwDW8sjYuddV/arcgis/rest/services/Annual_Average_Daily_Traffic_TDA/FeatureServer/0/query?where=COUNTY%3D%27Miami-Dade%27&outFields=ROADWAY%2CAADT%2CAADTFLG%2CCOUNTY%2CDISTRICT%2CYEAR_%2CDESC_FRM%2CDESC_TO%2CBEGIN_POST%2CEND_POST&returnGeometry=false&f=json
87170360,12000,F,Miami-Dade,6,2025,SR-A1A/NB,SR-826/WB,0,0.456,FDOT Annual Average Daily Traffic TDA,https://services1.arcgis.com/O1JpcwDW8sjYuddV/arcgis/rest/services/Annual_Average_Daily_Traffic_TDA/FeatureServer/0,https://services1.arcgis.com/O1JpcwDW8sjYuddV/arcgis/rest/services/Annual_Average_Daily_Traffic_TDA/FeatureServer/0/query?where=COUNTY%3D%27Miami-Dade%27&outFields=ROADWAY%2CAADT%2CAADTFLG%2CCOUNTY%2CDISTRICT%2CYEAR_%2CDESC_FRM%2CDESC_TO%2CBEGIN_POST%2CEND_POST&returnGeometry=false&f=json
87068501,10400,C,Miami-Dade,6,2025,N/A,NW 14 ST,0.883,1.917,FDOT Annual Average Daily Traffic TDA,https://services1.arcgis.com/O1JpcwDW8sjYuddV/arcgis/rest/services/Annual_Average_Daily_Traffic_TDA/FeatureServer/0,https://services1.arcgis.com/O1JpcwDW8sjYuddV/arcgis/rest/services/Annual_Average_Daily_Traffic_TDA/FeatureServer/0/query?where=COUNTY%3D%27Miami-Dade%27&outFields=ROADWAY%2CAADT%2CAADTFLG%2CCOUNTY%2CDISTRICT%2CYEAR_%2CDESC_FRM%2CDESC_TO%2CBEGIN_POST%2CEND_POST&returnGeometry=false&f=json
87077502,26000,F,Miami-Dade,6,2025,N/A,SW 56 ST,2.016,3.019,FDOT Annual Average Daily Traffic TDA,https://services1.arcgis.com/O1JpcwDW8sjYuddV/arcgis/rest/services/Annual_Average_Daily_Traffic_TDA/FeatureServer/0,https://services1.arcgis.com/O1JpcwDW8sjYuddV/arcgis/rest/services/Annual_Average_Daily_Traffic_TDA/FeatureServer/0/query?where=COUNTY%3D%27Miami-Dade%27&outFields=ROADWAY%2CAADT%2CAADTFLG%2CCOUNTY%2CDISTRICT%2CYEAR_%2CDESC_FRM%2CDESC_TO%2CBEGIN_POST%2CEND_POST&returnGeometry=false&f=json
87200234,5400,C,Miami-Dade,6,2025,NW 27 AVENUE,SR-836 EB,0,0.114,FDOT Annual Average Daily Traffic TDA,https://services1.arcgis.com/O1JpcwDW8sjYuddV/arcgis/rest/services/Annual_Average_Daily_Traffic_TDA/FeatureServer/0,https://services1.arcgis.com/O1JpcwDW8sjYuddV/arcgis/rest/services/Annual_Average_Daily_Traffic_TDA/FeatureServer/0/query?where=COUNTY%3D%27Miami-Dade%27&outFields=ROADWAY%2CAADT%2CAADTFLG%2CCOUNTY%2CDISTRICT%2CYEAR_%2CDESC_FRM%2CDESC_TO%2CBEGIN_POST%2CEND_POST&returnGeometry=false&f=json
87140000,8900,C,Miami-Dade,6,2025,US-41/SR-90/SW 8 ST,SR-968/W FLAGLER ST,0,0.532,FDOT Annual Average Daily Traffic TDA,https://services1.arcgis.com/O1JpcwDW8sjYuddV/arcgis/rest/services/Annual_Average_Daily_Traffic_TDA/FeatureServer/0,https://services1.arcgis.com/O1JpcwDW8sjYuddV/arcgis/rest/services/Annual_Average_Daily_Traffic_TDA/FeatureServer/0/query?where=COUNTY%3D%27Miami-Dade%27&outFields=ROADWAY%2CAADT%2CAADTFLG%2CCOUNTY%2CDISTRICT%2CYEAR_%2CDESC_FRM%2CDESC_TO%2CBEGIN_POST%2CEND_POST&returnGeometry=false&f=json
87067504,17200,F,Miami-Dade,6,2025,LE JEUNE RD/SW 42 AV,GRAND AVE,0,1.96,FDOT Annual Average Daily Traffic TDA,https://services1.arcgis.com/O1JpcwDW8sjYuddV/arcgis/rest/services/Annual_Average_Daily_Traffic_TDA/FeatureServer/0,https://services1.arcgis.com/O1JpcwDW8sjYuddV/arcgis/rest/services/Annual_Average_Daily_Traffic_TDA/FeatureServer/0/query?where=COUNTY%3D%27Miami-Dade%27&outFields=ROADWAY%2CAADT%2CAADTFLG%2CCOUNTY%2CDISTRICT%2CYEAR_%2CDESC_FRM%2CDESC_TO%2CBEGIN_POST%2CEND_POST&returnGeometry=false&f=json
87102000,42000,F,Miami-Dade,6,2025,NW  84 AVE,RAMP # 87260397,0,0.675,FDOT Annual Average Daily Traffic TDA,https://services1.arcgis.com/O1JpcwDW8sjYuddV/arcgis/rest/services/Annual_Average_Daily_Traffic_TDA/FeatureServer/0,https://services1.arcgis.com/O1JpcwDW8sjYuddV/arcgis/rest/services/Annual_Average_Daily_Traffic_TDA/FeatureServer/0/query?where=COUNTY%3D%27Miami-Dade%27&outFields=ROADWAY%2CAADT%2CAADTFLG%2CCOUNTY%2CDISTRICT%2CYEAR_%2CDESC_FRM%2CDESC_TO%2CBEGIN_POST%2CEND_POST&returnGeometry=false&f=json
87150000,5400,C,Miami-Dade,6,2025,SOUTH DIXIE HWY,N/A,0,0.799,FDOT Annual Average Daily Traffic TDA,https://services1.arcgis.com/O1JpcwDW8sjYuddV/arcgis/rest/services/Annual_Average_Daily_Traffic_TDA/FeatureServer/0,https://services1.arcgis.com/O1JpcwDW8sjYuddV/arcgis/rest/services/Annual_Average_Daily_Traffic_TDA/FeatureServer/0/query?where=COUNTY%3D%27Miami-Dade%27&outFields=ROADWAY%2CAADT%2CAADTFLG%2CCOUNTY%2CDISTRICT%2CYEAR_%2CDESC_FRM%2CDESC_TO%2CBEGIN_POST%2CEND_POST&returnGeometry=false&f=json
87077501,34000,C,Miami-Dade,6,2025,N/A,SW 104 ST,1.001,3.066,FDOT Annual Average Daily Traffic TDA,https://services1.arcgis.com/O1JpcwDW8sjYuddV/arcgis/rest/services/Annual_Average_Daily_Traffic_TDA/FeatureServer/0,https://services1.arcgis.com/O1JpcwDW8sjYuddV/arcgis/rest/services/Annual_Average_Daily_Traffic_TDA/FeatureServer/0/query?where=COUNTY%3D%27Miami-Dade%27&outFields=ROADWAY%2CAADT%2CAADTFLG%2CCOUNTY%2CDISTRICT%2CYEAR_%2CDESC_FRM%2CDESC_TO%2CBEGIN_POST%2CEND_POST&returnGeometry=false&f=json
87133000,40500,C,Miami-Dade,6,2025,SW 128 ST,SW 104 ST/KILLIAN,0,1.547,FDOT Annual Average Daily Traffic TDA,https://services1.arcgis.com/O1JpcwDW8sjYuddV/arcgis/rest/services/Annual_Average_Daily_Traffic_TDA/FeatureServer/0,https://services1.arcgis.com/O1JpcwDW8sjYuddV/arcgis/rest/services/Annual_Average_Daily_Traffic_TDA/FeatureServer/0/query?where=COUNTY%3D%27Miami-Dade%27&outFields=ROADWAY%2CAADT%2CAADTFLG%2CCOUNTY%2CDISTRICT%2CYEAR_%2CDESC_FRM%2CDESC_TO%2CBEGIN_POST%2CEND_POST&returnGeometry=false&f=json
87066000,32500,F,Miami-Dade,6,2025,N MIAMI AVE,SR-915/NE 6 AVE,0.759,1.52,FDOT Annual Average Daily Traffic TDA,https://services1.arcgis.com/O1JpcwDW8sjYuddV/arcgis/rest/services/Annual_Average_Daily_Traffic_TDA/FeatureServer/0,https://services1.arcgis.com/O1JpcwDW8sjYuddV/arcgis/rest/services/Annual_Average_Daily_Traffic_TDA/FeatureServer/0/query?where=COUNTY%3D%27Miami-Dade%27&outFields=ROADWAY%2CAADT%2CAADTFLG%2CCOUNTY%2CDISTRICT%2CYEAR_%2CDESC_FRM%2CDESC_TO%2CBEGIN_POST%2CEND_POST&returnGeometry=false&f=json
87200321,4300,T,Miami-Dade,6,2025,SR-826 / SB,8700328 WB ON,0,0.101,FDOT Annual Average Daily Traffic TDA,https://services1.arcgis.com/O1JpcwDW8sjYuddV/arcgis/rest/services/Annual_Average_Daily_Traffic_TDA/FeatureServer/0,https://services1.arcgis.com/O1JpcwDW8sjYuddV/arcgis/rest/services/Annual_Average_Daily_Traffic_TDA/FeatureServer/0/query?where=COUNTY%3D%27Miami-Dade%27&outFields=ROADWAY%2CAADT%2CAADTFLG%2CCOUNTY%2CDISTRICT%2CYEAR_%2CDESC_FRM%2CDESC_TO%2CBEGIN_POST%2CEND_POST&returnGeometry=false&f=json
87072000,25000,C,Miami-Dade,6,2025,SW 56 ST/MILLER DR,SR-976/SW 40 ST,3.004,4.17,FDOT Annual Average Daily Traffic TDA,https://services1.arcgis.com/O1JpcwDW8sjYuddV/arcgis/rest/services/Annual_Average_Daily_Traffic_TDA/FeatureServer/0,https://services1.arcgis.com/O1JpcwDW8sjYuddV/arcgis/rest/services/Annual_Average_Daily_Traffic_TDA/FeatureServer/0/query?where=COUNTY%3D%27Miami-Dade%27&outFields=ROADWAY%2CAADT%2CAADTFLG%2CCOUNTY%2CDISTRICT%2CYEAR_%2CDESC_FRM%2CDESC_TO%2CBEGIN_POST%2CEND_POST&returnGeometry=false&f=json
87090000,64500,C,Miami-Dade,6,2025,W 9 ST/NW 62 ST,SR-948 / NW 36 ST,12.887,15.268,FDOT Annual Average Daily Traffic TDA,https://services1.arcgis.com/O1JpcwDW8sjYuddV/arcgis/rest/services/Annual_Average_Daily_Traffic_TDA/FeatureServer/0,https://services1.arcgis.com/O1JpcwDW8sjYuddV/arcgis/rest/services/Annual_Average_Daily_Traffic_TDA/FeatureServer/0/query?where=COUNTY%3D%27Miami-Dade%27&outFields=ROADWAY%2CAADT%2CAADTFLG%2CCOUNTY%2CDISTRICT%2CYEAR_%2CDESC_FRM%2CDESC_TO%2CBEGIN_POST%2CEND_POST&returnGeometry=false&f=json
87120000,60500,C,Miami-Dade,6,2025,SAN MIGUEL SHOPPING,N/A,3.691,4.01,FDOT Annual Average Daily Traffic TDA,https://services1.arcgis.com/O1JpcwDW8sjYuddV/arcgis/rest/services/Annual_Average_Daily_Traffic_TDA/FeatureServer/0,https://services1.arcgis.com/O1JpcwDW8sjYuddV/arcgis/rest/services/Annual_Average_Daily_Traffic_TDA/FeatureServer/0/query?where=COUNTY%3D%27Miami-Dade%27&outFields=ROADWAY%2CAADT%2CAADTFLG%2CCOUNTY%2CDISTRICT%2CYEAR_%2CDESC_FRM%2CDESC_TO%2CBEGIN_POST%2CEND_POST&returnGeometry=false&f=json
87200000,153500,C,Miami-Dade,6,2025,Bridge No-871038,Bridge No-871038,4.658,4.68,FDOT Annual Average Daily Traffic TDA,https://services1.arcgis.com/O1JpcwDW8sjYuddV/arcgis/rest/services/Annual_Average_Daily_Traffic_TDA/FeatureServer/0,https://services1.arcgis.com/O1JpcwDW8sjYuddV/arcgis/rest/services/Annual_Average_Daily_Traffic_TDA/FeatureServer/0/query?where=COUNTY%3D%27Miami-Dade%27&outFields=ROADWAY%2CAADT%2CAADTFLG%2CCOUNTY%2CDISTRICT%2CYEAR_%2CDESC_FRM%2CDESC_TO%2CBEGIN_POST%2CEND_POST&returnGeometry=false&f=json
87200133,15500,C,Miami-Dade,6,2025,SR-953/LE JEUNE RD,87200131 WB OFF,0,0.288,FDOT Annual Average Daily Traffic TDA,https://services1.arcgis.com/O1JpcwDW8sjYuddV/arcgis/rest/services/Annual_Average_Daily_Traffic_TDA/FeatureServer/0,https://services1.arcgis.com/O1JpcwDW8sjYuddV/arcgis/rest/services/Annual_Average_Daily_Traffic_TDA/FeatureServer/0/query?where=COUNTY%3D%27Miami-Dade%27&outFields=ROADWAY%2CAADT%2CAADTFLG%2CCOUNTY%2CDISTRICT%2CYEAR_%2CDESC_FRM%2CDESC_TO%2CBEGIN_POST%2CEND_POST&returnGeometry=false&f=json
87085000,24500,C,Miami-Dade,6,2025,SR -968/W FLAGLER ST,NW 14 ST,1.53,2.504,FDOT Annual Average Daily Traffic TDA,https://services1.arcgis.com/O1JpcwDW8sjYuddV/arcgis/rest/services/Annual_Average_Daily_Traffic_TDA/FeatureServer/0,https://services1.arcgis.com/O1JpcwDW8sjYuddV/arcgis/rest/services/Annual_Average_Daily_Traffic_TDA/FeatureServer/0/query?where=COUNTY%3D%27Miami-Dade%27&outFields=ROADWAY%2CAADT%2CAADTFLG%2CCOUNTY%2CDISTRICT%2CYEAR_%2CDESC_FRM%2CDESC_TO%2CBEGIN_POST%2CEND_POST&returnGeometry=false&f=json
87140000,27000,C,Miami-Dade,6,2025,NW 85 ST RD,SR-932 / NW 103 ST,6.112,7.171,FDOT Annual Average Daily Traffic TDA,https://services1.arcgis.com/O1JpcwDW8sjYuddV/arcgis/rest/services/Annual_Average_Daily_Traffic_TDA/FeatureServer/0,https://services1.arcgis.com/O1JpcwDW8sjYuddV/arcgis/rest/services/Annual_Average_Daily_Traffic_TDA/FeatureServer/0/query?where=COUNTY%3D%27Miami-Dade%27&outFields=ROADWAY%2CAADT%2CAADTFLG%2CCOUNTY%2CDISTRICT%2CYEAR_%2CDESC_FRM%2CDESC_TO%2CBEGIN_POST%2CEND_POST&returnGeometry=false&f=json
87071501,11100,F,Miami-Dade,6,2025,SW 112 ST/KILLIAN DR,SW 88 ST,0,1.545,FDOT Annual Average Daily Traffic TDA,https://services1.arcgis.com/O1JpcwDW8sjYuddV/arcgis/rest/services/Annual_Average_Daily_Traffic_TDA/FeatureServer/0,https://services1.arcgis.com/O1JpcwDW8sjYuddV/arcgis/rest/services/Annual_Average_Daily_Traffic_TDA/FeatureServer/0/query?where=COUNTY%3D%27Miami-Dade%27&outFields=ROADWAY%2CAADT%2CAADTFLG%2CCOUNTY%2CDISTRICT%2CYEAR_%2CDESC_FRM%2CDESC_TO%2CBEGIN_POST%2CEND_POST&returnGeometry=false&f=json
87075901,6500,C,Miami-Dade,6,2025,N/A,DADE/BROWARD CO LINE,3.053,5.773,FDOT Annual Average Daily Traffic TDA,https://services1.arcgis.com/O1JpcwDW8sjYuddV/arcgis/rest/services/Annual_Average_Daily_Traffic_TDA/FeatureServer/0,https://services1.arcgis.com/O1JpcwDW8sjYuddV/arcgis/rest/services/Annual_Average_Daily_Traffic_TDA/FeatureServer/0/query?where=COUNTY%3D%27Miami-Dade%27&outFields=ROADWAY%2CAADT%2CAADTFLG%2CCOUNTY%2CDISTRICT%2CYEAR_%2CDESC_FRM%2CDESC_TO%2CBEGIN_POST%2CEND_POST&returnGeometry=false&f=json
87200214,13500,T,Miami-Dade,6,2025,87200329 EB ON,MILAM DAIRY RD,0,0.285,FDOT Annual Average Daily Traffic TDA,https://services1.arcgis.com/O1JpcwDW8sjYuddV/arcgis/rest/services/Annual_Average_Daily_Traffic_TDA/FeatureServer/0,https://services1.arcgis.com/O1JpcwDW8sjYuddV/arcgis/rest/services/Annual_Average_Daily_Traffic_TDA/FeatureServer/0/query?where=COUNTY%3D%27Miami-Dade%27&outFields=ROADWAY%2CAADT%2CAADTFLG%2CCOUNTY%2CDISTRICT%2CYEAR_%2CDESC_FRM%2CDESC_TO%2CBEGIN_POST%2CEND_POST&returnGeometry=false&f=json
87067510,8200,F,Miami-Dade,6,2025,SW 12 ST,SW 1 AVE,0,0.694,FDOT Annual Average Daily Traffic TDA,https://services1.arcgis.com/O1JpcwDW8sjYuddV/arcgis/rest/services/Annual_Average_Daily_Traffic_TDA/FeatureServer/0,https://services1.arcgis.com/O1JpcwDW8sjYuddV/arcgis/rest/services/Annual_Average_Daily_Traffic_TDA/FeatureServer/0/query?where=COUNTY%3D%27Miami-Dade%27&outFields=ROADWAY%2CAADT%2CAADTFLG%2CCOUNTY%2CDISTRICT%2CYEAR_%2CDESC_FRM%2CDESC_TO%2CBEGIN_POST%2CEND_POST&returnGeometry=false&f=json
87200000,90000,C,Miami-Dade,6,2025,Bridge No-871113,Bridge No-871038,3.26,4.658,FDOT Annual Average Daily Traffic TDA,https://services1.arcgis.com/O1JpcwDW8sjYuddV/arcgis/rest/services/Annual_Average_Daily_Traffic_TDA/FeatureServer/0,https://services1.arcgis.com/O1JpcwDW8sjYuddV/arcgis/rest/services/Annual_Average_Daily_Traffic_TDA/FeatureServer/0/query?where=COUNTY%3D%27Miami-Dade%27&outFields=ROADWAY%2CAADT%2CAADTFLG%2CCOUNTY%2CDISTRICT%2CYEAR_%2CDESC_FRM%2CDESC_TO%2CBEGIN_POST%2CEND_POST&returnGeometry=false&f=json
87200120,15500,T,Miami-Dade,6,2025,I-95/NB,87270507 SB OFF,0,0.545,FDOT Annual Average Daily Traffic TDA,https://services1.arcgis.com/O1JpcwDW8sjYuddV/arcgis/rest/services/Annual_Average_Daily_Traffic_TDA/FeatureServer/0,https://services1.arcgis.com/O1JpcwDW8sjYuddV/arcgis/rest/services/Annual_Average_Daily_Traffic_TDA/FeatureServer/0/query?where=COUNTY%3D%27Miami-Dade%27&outFields=ROADWAY%2CAADT%2CAADTFLG%2CCOUNTY%2CDISTRICT%2CYEAR_%2CDESC_FRM%2CDESC_TO%2CBEGIN_POST%2CEND_POST&returnGeometry=false&f=json
87075302,36000,F,Miami-Dade,6,2025,EB  SR-93 / I-75,87260322 SB OFF,0,0.411,FDOT Annual Average Daily Traffic TDA,https://services1.arcgis.com/O1JpcwDW8sjYuddV/arcgis/rest/services/Annual_Average_Daily_Traffic_TDA/FeatureServer/0,https://services1.arcgis.com/O1JpcwDW8sjYuddV/arcgis/rest/services/Annual_Average_Daily_Traffic_TDA/FeatureServer/0/query?where=COUNTY%3D%27Miami-Dade%27&outFields=ROADWAY%2CAADT%2CAADTFLG%2CCOUNTY%2CDISTRICT%2CYEAR_%2CDESC_FRM%2CDESC_TO%2CBEGIN_POST%2CEND_POST&returnGeometry=false&f=json
87060300,2000,C,Miami-Dade,6,2025,SR-A1A,SR-A1A,0,0.289,FDOT Annual Average Daily Traffic TDA,https://services1.arcgis.com/O1JpcwDW8sjYuddV/arcgis/rest/services/Annual_Average_Daily_Traffic_TDA/FeatureServer/0,https://services1.arcgis.com/O1JpcwDW8sjYuddV/arcgis/rest/services/Annual_Average_Daily_Traffic_TDA/FeatureServer/0/query?where=COUNTY%3D%27Miami-Dade%27&outFields=ROADWAY%2CAADT%2CAADTFLG%2CCOUNTY%2CDISTRICT%2CYEAR_%2CDESC_FRM%2CDESC_TO%2CBEGIN_POST%2CEND_POST&returnGeometry=false&f=json
87090002,500,C,Miami-Dade,6,2025,NW 170 AVE,NW 186 ST,0,1.308,FDOT Annual Average Daily Traffic TDA,https://services1.arcgis.com/O1JpcwDW8sjYuddV/arcgis/rest/services/Annual_Average_Daily_Traffic_TDA/FeatureServer/0,https://services1.arcgis.com/O1JpcwDW8sjYuddV/arcgis/rest/services/Annual_Average_Daily_Traffic_TDA/FeatureServer/0/query?where=COUNTY%3D%27Miami-Dade%27&outFields=ROADWAY%2CAADT%2CAADTFLG%2CCOUNTY%2CDISTRICT%2CYEAR_%2CDESC_FRM%2CDESC_TO%2CBEGIN_POST%2CEND_POST&returnGeometry=false&f=json
87120000,26500,C,Miami-Dade,6,2025,SR-997 /KROME AVE,SW 147 AV,0,3.017,FDOT Annual Average Daily Traffic TDA,https://services1.arcgis.com/O1JpcwDW8sjYuddV/arcgis/rest/services/Annual_Average_Daily_Traffic_TDA/FeatureServer/0,https://services1.arcgis.com/O1JpcwDW8sjYuddV/arcgis/rest/services/Annual_Average_Daily_Traffic_TDA/FeatureServer/0/query?where=COUNTY%3D%27Miami-Dade%27&outFields=ROADWAY%2CAADT%2CAADTFLG%2CCOUNTY%2CDISTRICT%2CYEAR_%2CDESC_FRM%2CDESC_TO%2CBEGIN_POST%2CEND_POST&returnGeometry=false&f=json
87140352,700,C,Miami-Dade,6,2025,NW 2 AVE/SB,N/A,0,0.112,FDOT Annual Average Daily Traffic TDA,https://services1.arcgis.com/O1JpcwDW8sjYuddV/arcgis/rest/services/Annual_Average_Daily_Traffic_TDA/FeatureServer/0,https://services1.arcgis.com/O1JpcwDW8sjYuddV/arcgis/rest/services/Annual_Average_Daily_Traffic_TDA/FeatureServer/0/query?where=COUNTY%3D%27Miami-Dade%27&outFields=ROADWAY%2CAADT%2CAADTFLG%2CCOUNTY%2CDISTRICT%2CYEAR_%2CDESC_FRM%2CDESC_TO%2CBEGIN_POST%2CEND_POST&returnGeometry=false&f=json
87075602,14500,F,Miami-Dade,6,2025,NW 138 ST/W 84 ST,NB SR-93 / I-75,0,0.687,FDOT Annual Average Daily Traffic TDA,https://services1.arcgis.com/O1JpcwDW8sjYuddV/arcgis/rest/services/Annual_Average_Daily_Traffic_TDA/FeatureServer/0,https://services1.arcgis.com/O1JpcwDW8sjYuddV/arcgis/rest/services/Annual_Average_Daily_Traffic_TDA/FeatureServer/0/query?where=COUNTY%3D%27Miami-Dade%27&outFields=ROADWAY%2CAADT%2CAADTFLG%2CCOUNTY%2CDISTRICT%2CYEAR_%2CDESC_FRM%2CDESC_TO%2CBEGIN_POST%2CEND_POST&returnGeometry=false&f=json
87190500,12000,C,Miami-Dade,6,2025,OFF RAMP 87200123,SE 2 ST,2.741,3.638,FDOT Annual Average Daily Traffic TDA,https://services1.arcgis.com/O1JpcwDW8sjYuddV/arcgis/rest/services/Annual_Average_Daily_Traffic_TDA/FeatureServer/0,https://services1.arcgis.com/O1JpcwDW8sjYuddV/arcgis/rest/services/Annual_Average_Daily_Traffic_TDA/FeatureServer/0/query?where=COUNTY%3D%27Miami-Dade%27&outFields=ROADWAY%2CAADT%2CAADTFLG%2CCOUNTY%2CDISTRICT%2CYEAR_%2CDESC_FRM%2CDESC_TO%2CBEGIN_POST%2CEND_POST&returnGeometry=false&f=json
87200125,6100,T,Miami-Dade,6,2025,I-395/EB,NE 2 AVE/SB,0,0.121,FDOT Annual Average Daily Traffic TDA,https://services1.arcgis.com/O1JpcwDW8sjYuddV/arcgis/rest/services/Annual_Average_Daily_Traffic_TDA/FeatureServer/0,https://services1.arcgis.com/O1JpcwDW8sjYuddV/arcgis/rest/services/Annual_Average_Daily_Traffic_TDA/FeatureServer/0/query?where=COUNTY%3D%27Miami-Dade%27&outFields=ROADWAY%2CAADT%2CAADTFLG%2CCOUNTY%2CDISTRICT%2CYEAR_%2CDESC_FRM%2CDESC_TO%2CBEGIN_POST%2CEND_POST&returnGeometry=false&f=json
87060054,2000,T,Miami-Dade,6,2025,87060051 EB OFF,MACARTHUR CSWY WB,0,0.037,FDOT Annual Average Daily Traffic TDA,https://services1.arcgis.com/O1JpcwDW8sjYuddV/arcgis/rest/services/Annual_Average_Daily_Traffic_TDA/FeatureServer/0,https://services1.arcgis.com/O1JpcwDW8sjYuddV/arcgis/rest/services/Annual_Average_Daily_Traffic_TDA/FeatureServer/0/query?where=COUNTY%3D%27Miami-Dade%27&outFields=ROADWAY%2CAADT%2CAADTFLG%2CCOUNTY%2CDISTRICT%2CYEAR_%2CDESC_FRM%2CDESC_TO%2CBEGIN_POST%2CEND_POST&returnGeometry=false&f=json
87075000,165500,C,Miami-Dade,6,2025,E END OF BR OVR 826,87075600 NB OFF,0,1.174,FDOT Annual Average Daily Traffic TDA,https://services1.arcgis.com/O1JpcwDW8sjYuddV/arcgis/rest/services/Annual_Average_Daily_Traffic_TDA/FeatureServer/0,https://services1.arcgis.com/O1JpcwDW8sjYuddV/arcgis/rest/services/Annual_Average_Daily_Traffic_TDA/FeatureServer/0/query?where=COUNTY%3D%27Miami-Dade%27&outFields=ROADWAY%2CAADT%2CAADTFLG%2CCOUNTY%2CDISTRICT%2CYEAR_%2CDESC_FRM%2CDESC_TO%2CBEGIN_POST%2CEND_POST&returnGeometry=false&f=json
87150000,17700,C,Miami-Dade,6,2025,N/A,N 8 ST/SW 312 ST,1.811,2.813,FDOT Annual Average Daily Traffic TDA,https://services1.arcgis.com/O1JpcwDW8sjYuddV/arcgis/rest/services/Annual_Average_Daily_Traffic_TDA/FeatureServer/0,https://services1.arcgis.com/O1JpcwDW8sjYuddV/arcgis/rest/services/Annual_Average_Daily_Traffic_TDA/FeatureServer/0/query?where=COUNTY%3D%27Miami-Dade%27&outFields=ROADWAY%2CAADT%2CAADTFLG%2CCOUNTY%2CDISTRICT%2CYEAR_%2CDESC_FRM%2CDESC_TO%2CBEGIN_POST%2CEND_POST&returnGeometry=false&f=json
87090000,41000,E,Miami-Dade,6,2025,N/A,N/A,8.534,9.612,FDOT Annual Average Daily Traffic TDA,https://services1.arcgis.com/O1JpcwDW8sjYuddV/arcgis/rest/services/Annual_Average_Daily_Traffic_TDA/FeatureServer/0,https://services1.arcgis.com/O1JpcwDW8sjYuddV/arcgis/rest/services/Annual_Average_Daily_Traffic_TDA/FeatureServer/0/query?where=COUNTY%3D%27Miami-Dade%27&outFields=ROADWAY%2CAADT%2CAADTFLG%2CCOUNTY%2CDISTRICT%2CYEAR_%2CDESC_FRM%2CDESC_TO%2CBEGIN_POST%2CEND_POST&returnGeometry=false&f=json
87140000,27000,C,Miami-Dade,6,2025,SR- 944/NW 54 ST,N/A,4.126,4.695,FDOT Annual Average Daily Traffic TDA,https://services1.arcgis.com/O1JpcwDW8sjYuddV/arcgis/rest/services/Annual_Average_Daily_Traffic_TDA/FeatureServer/0,https://services1.arcgis.com/O1JpcwDW8sjYuddV/arcgis/rest/services/Annual_Average_Daily_Traffic_TDA/FeatureServer/0/query?where=COUNTY%3D%27Miami-Dade%27&outFields=ROADWAY%2CAADT%2CAADTFLG%2CCOUNTY%2CDISTRICT%2CYEAR_%2CDESC_FRM%2CDESC_TO%2CBEGIN_POST%2CEND_POST&returnGeometry=false&f=json
87071503,18000,F,Miami-Dade,6,2025,SW 24 ST/CORAL WAY,SW 8 ST/TAMIAMI TR,0,0.991,FDOT Annual Average Daily Traffic TDA,https://services1.arcgis.com/O1JpcwDW8sjYuddV/arcgis/rest/services/Annual_Average_Daily_Traffic_TDA/FeatureServer/0,https://services1.arcgis.com/O1JpcwDW8sjYuddV/arcgis/rest/services/Annual_Average_Daily_Traffic_TDA/FeatureServer/0/query?where=COUNTY%3D%27Miami-Dade%27&outFields=ROADWAY%2CAADT%2CAADTFLG%2CCOUNTY%2CDISTRICT%2CYEAR_%2CDESC_FRM%2CDESC_TO%2CBEGIN_POST%2CEND_POST&returnGeometry=false&f=json
87077500,12300,F,Miami-Dade,6,2025,SR-5/US-1/DIXIE HWY,QUAIL ROOST DR,0,1.429,FDOT Annual Average Daily Traffic TDA,https://services1.arcgis.com/O1JpcwDW8sjYuddV/arcgis/rest/services/Annual_Average_Daily_Traffic_TDA/FeatureServer/0,https://services1.arcgis.com/O1JpcwDW8sjYuddV/arcgis/rest/services/Annual_Average_Daily_Traffic_TDA/FeatureServer/0/query?where=COUNTY%3D%27Miami-Dade%27&outFields=ROADWAY%2CAADT%2CAADTFLG%2CCOUNTY%2CDISTRICT%2CYEAR_%2CDESC_FRM%2CDESC_TO%2CBEGIN_POST%2CEND_POST&returnGeometry=false&f=json
87200232,21000,C,Miami-Dade,6,2025,NW 27 AVENUE,SR-836 WB,0,0.123,FDOT Annual Average Daily Traffic TDA,https://services1.arcgis.com/O1JpcwDW8sjYuddV/arcgis/rest/services/Annual_Average_Daily_Traffic_TDA/FeatureServer/0,https://services1.arcgis.com/O1JpcwDW8sjYuddV/arcgis/rest/services/Annual_Average_Daily_Traffic_TDA/FeatureServer/0/query?where=COUNTY%3D%27Miami-Dade%27&outFields=ROADWAY%2CAADT%2CAADTFLG%2CCOUNTY%2CDISTRICT%2CYEAR_%2CDESC_FRM%2CDESC_TO%2CBEGIN_POST%2CEND_POST&returnGeometry=false&f=json
87062502,13700,C,Miami-Dade,6,2025,SW88 ST/N KENDALL DR,SW 72 ST/SUNSET DR,0,1.018,FDOT Annual Average Daily Traffic TDA,https://services1.arcgis.com/O1JpcwDW8sjYuddV/arcgis/rest/services/Annual_Average_Daily_Traffic_TDA/FeatureServer/0,https://services1.arcgis.com/O1JpcwDW8sjYuddV/arcgis/rest/services/Annual_Average_Daily_Traffic_TDA/FeatureServer/0/query?where=COUNTY%3D%27Miami-Dade%27&outFields=ROADWAY%2CAADT%2CAADTFLG%2CCOUNTY%2CDISTRICT%2CYEAR_%2CDESC_FRM%2CDESC_TO%2CBEGIN_POST%2CEND_POST&returnGeometry=false&f=json
87075601,16000,F,Miami-Dade,6,2025,HIALEAH GARDENS BLVD,I-75/EB,0,0.432,FDOT Annual Average Daily Traffic TDA,https://services1.arcgis.com/O1JpcwDW8sjYuddV/arcgis/rest/services/Annual_Average_Daily_Traffic_TDA/FeatureServer/0,https://services1.arcgis.com/O1JpcwDW8sjYuddV/arcgis/rest/services/Annual_Average_Daily_Traffic_TDA/FeatureServer/0/query?where=COUNTY%3D%27Miami-Dade%27&outFields=ROADWAY%2CAADT%2CAADTFLG%2CCOUNTY%2CDISTRICT%2CYEAR_%2CDESC_FRM%2CDESC_TO%2CBEGIN_POST%2CEND_POST&returnGeometry=false&f=json
87200000,223000,C,Miami-Dade,6,2025,Bridge No-870135,Bridge No-870138,6.342,7.925,FDOT Annual Average Daily Traffic TDA,https://services1.arcgis.com/O1JpcwDW8sjYuddV/arcgis/rest/services/Annual_Average_Daily_Traffic_TDA/FeatureServer/0,https://services1.arcgis.com/O1JpcwDW8sjYuddV/arcgis/rest/services/Annual_Average_Daily_Traffic_TDA/FeatureServer/0/query?where=COUNTY%3D%27Miami-Dade%27&outFields=ROADWAY%2CAADT%2CAADTFLG%2CCOUNTY%2CDISTRICT%2CYEAR_%2CDESC_FRM%2CDESC_TO%2CBEGIN_POST%2CEND_POST&returnGeometry=false&f=json
87200122,18500,T,Miami-Dade,6,2025,NE 1 AVE,I-395/WB,0,0.099,FDOT Annual Average Daily Traffic TDA,https://services1.arcgis.com/O1JpcwDW8sjYuddV/arcgis/rest/services/Annual_Average_Daily_Traffic_TDA/FeatureServer/0,https://services1.arcgis.com/O1JpcwDW8sjYuddV/arcgis/rest/services/Annual_Average_Daily_Traffic_TDA/FeatureServer/0/query?where=COUNTY%3D%27Miami-Dade%27&outFields=ROADWAY%2CAADT%2CAADTFLG%2CCOUNTY%2CDISTRICT%2CYEAR_%2CDESC_FRM%2CDESC_TO%2CBEGIN_POST%2CEND_POST&returnGeometry=false&f=json
87062000,14800,C,Miami-Dade,6,2025,BRESCIA AV,SR-976/SW 40 ST/BIRD,0.503,2.038,FDOT Annual Average Daily Traffic TDA,https://services1.arcgis.com/O1JpcwDW8sjYuddV/arcgis/rest/services/Annual_Average_Daily_Traffic_TDA/FeatureServer/0,https://services1.arcgis.com/O1JpcwDW8sjYuddV/arcgis/rest/services/Annual_Average_Daily_Traffic_TDA/FeatureServer/0/query?where=COUNTY%3D%27Miami-Dade%27&outFields=ROADWAY%2CAADT%2CAADTFLG%2CCOUNTY%2CDISTRICT%2CYEAR_%2CDESC_FRM%2CDESC_TO%2CBEGIN_POST%2CEND_POST&returnGeometry=false&f=json
87091000,28000,C,Miami-Dade,6,2025,SW 127 AVE,SR 821/HEFT SB,5.075,6.976,FDOT Annual Average Daily Traffic TDA,https://services1.arcgis.com/O1JpcwDW8sjYuddV/arcgis/rest/services/Annual_Average_Daily_Traffic_TDA/FeatureServer/0,https://services1.arcgis.com/O1JpcwDW8sjYuddV/arcgis/rest/services/Annual_Average_Daily_Traffic_TDA/FeatureServer/0/query?where=COUNTY%3D%27Miami-Dade%27&outFields=ROADWAY%2CAADT%2CAADTFLG%2CCOUNTY%2CDISTRICT%2CYEAR_%2CDESC_FRM%2CDESC_TO%2CBEGIN_POST%2CEND_POST&returnGeometry=false&f=json
87150000,32000,C,Miami-Dade,6,2025,N/A,N/A,17.431,18.614,FDOT Annual Average Daily Traffic TDA,https://services1.arcgis.com/O1JpcwDW8sjYuddV/arcgis/rest/services/Annual_Average_Daily_Traffic_TDA/FeatureServer/0,https://services1.arcgis.com/O1JpcwDW8sjYuddV/arcgis/rest/services/Annual_Average_Daily_Traffic_TDA/FeatureServer/0/query?where=COUNTY%3D%27Miami-Dade%27&outFields=ROADWAY%2CAADT%2CAADTFLG%2CCOUNTY%2CDISTRICT%2CYEAR_%2CDESC_FRM%2CDESC_TO%2CBEGIN_POST%2CEND_POST&returnGeometry=false&f=json
87089500,5500,F,Miami-Dade,6,2025,SR-907/ALTON RD,PINE TREE DR,0,0.6,FDOT Annual Average Daily Traffic TDA,https://services1.arcgis.com/O1JpcwDW8sjYuddV/arcgis/rest/services/Annual_Average_Daily_Traffic_TDA/FeatureServer/0,https://services1.arcgis.com/O1JpcwDW8sjYuddV/arcgis/rest/services/Annual_Average_Daily_Traffic_TDA/FeatureServer/0/query?where=COUNTY%3D%27Miami-Dade%27&outFields=ROADWAY%2CAADT%2CAADTFLG%2CCOUNTY%2CDISTRICT%2CYEAR_%2CDESC_FRM%2CDESC_TO%2CBEGIN_POST%2CEND_POST&returnGeometry=false&f=json
87140000,26500,C,Miami-Dade,6,2025,SR- 916/NW 135 ST,NW 16000 BLK/GG PKG,9.172,10.812,FDOT Annual Average Daily Traffic TDA,https://services1.arcgis.com/O1JpcwDW8sjYuddV/arcgis/rest/services/Annual_Average_Daily_Traffic_TDA/FeatureServer/0,https://services1.arcgis.com/O1JpcwDW8sjYuddV/arcgis/rest/services/Annual_Average_Daily_Traffic_TDA/FeatureServer/0/query?where=COUNTY%3D%27Miami-Dade%27&outFields=ROADWAY%2CAADT%2CAADTFLG%2CCOUNTY%2CDISTRICT%2CYEAR_%2CDESC_FRM%2CDESC_TO%2CBEGIN_POST%2CEND_POST&returnGeometry=false&f=json
87066000,29000,C,Miami-Dade,6,2025,SR-915/NE 6 AVE,SR- 5/US-1/BISCAYNE,1.52,2.961,FDOT Annual Average Daily Traffic TDA,https://services1.arcgis.com/O1JpcwDW8sjYuddV/arcgis/rest/services/Annual_Average_Daily_Traffic_TDA/FeatureServer/0,https://services1.arcgis.com/O1JpcwDW8sjYuddV/arcgis/rest/services/Annual_Average_Daily_Traffic_TDA/FeatureServer/0/query?where=COUNTY%3D%27Miami-Dade%27&outFields=ROADWAY%2CAADT%2CAADTFLG%2CCOUNTY%2CDISTRICT%2CYEAR_%2CDESC_FRM%2CDESC_TO%2CBEGIN_POST%2CEND_POST&returnGeometry=false&f=json
87090000,31000,X,Miami-Dade,6,2025,N/A,N/A,5.171,6.256,FDOT Annual Average Daily Traffic TDA,https://services1.arcgis.com/O1JpcwDW8sjYuddV/arcgis/rest/services/Annual_Average_Daily_Traffic_TDA/FeatureServer/0,https://services1.arcgis.com/O1JpcwDW8sjYuddV/arcgis/rest/services/Annual_Average_Daily_Traffic_TDA/FeatureServer/0/query?where=COUNTY%3D%27Miami-Dade%27&outFields=ROADWAY%2CAADT%2CAADTFLG%2CCOUNTY%2CDISTRICT%2CYEAR_%2CDESC_FRM%2CDESC_TO%2CBEGIN_POST%2CEND_POST&returnGeometry=false&f=json
87120001,13000,C,Miami-Dade,6,2025,SR-933/SW 12 AV,N/A,1.504,2.932,FDOT Annual Average Daily Traffic TDA,https://services1.arcgis.com/O1JpcwDW8sjYuddV/arcgis/rest/services/Annual_Average_Daily_Traffic_TDA/FeatureServer/0,https://services1.arcgis.com/O1JpcwDW8sjYuddV/arcgis/rest/services/Annual_Average_Daily_Traffic_TDA/FeatureServer/0/query?where=COUNTY%3D%27Miami-Dade%27&outFields=ROADWAY%2CAADT%2CAADTFLG%2CCOUNTY%2CDISTRICT%2CYEAR_%2CDESC_FRM%2CDESC_TO%2CBEGIN_POST%2CEND_POST&returnGeometry=false&f=json
87062501,13100,C,Miami-Dade,6,2025,SW 111 ST/KILLIAN DR,SW 88 ST/KENDALL DR,0,1.385,FDOT Annual Average Daily Traffic TDA,https://services1.arcgis.com/O1JpcwDW8sjYuddV/arcgis/rest/services/Annual_Average_Daily_Traffic_TDA/FeatureServer/0,https://services1.arcgis.com/O1JpcwDW8sjYuddV/arcgis/rest/services/Annual_Average_Daily_Traffic_TDA/FeatureServer/0/query?where=COUNTY%3D%27Miami-Dade%27&outFields=ROADWAY%2CAADT%2CAADTFLG%2CCOUNTY%2CDISTRICT%2CYEAR_%2CDESC_FRM%2CDESC_TO%2CBEGIN_POST%2CEND_POST&returnGeometry=false&f=json
87075701,6800,C,Miami-Dade,6,2025,W 68 ST/NW 122 ST,W 84 ST / NW 138 ST,0,1.059,FDOT Annual Average Daily Traffic TDA,https://services1.arcgis.com/O1JpcwDW8sjYuddV/arcgis/rest/services/Annual_Average_Daily_Traffic_TDA/FeatureServer/0,https://services1.arcgis.com/O1JpcwDW8sjYuddV/arcgis/rest/services/Annual_Average_Daily_Traffic_TDA/FeatureServer/0/query?where=COUNTY%3D%27Miami-Dade%27&outFields=ROADWAY%2CAADT%2CAADTFLG%2CCOUNTY%2CDISTRICT%2CYEAR_%2CDESC_FRM%2CDESC_TO%2CBEGIN_POST%2CEND_POST&returnGeometry=false&f=json
87200189,7500,E,Miami-Dade,6,2025,SR-836 WB,SR-959/NW 57 AVENUE,0,0.156,FDOT Annual Average Daily Traffic TDA,https://services1.arcgis.com/O1JpcwDW8sjYuddV/arcgis/rest/services/Annual_Average_Daily_Traffic_TDA/FeatureServer/0,https://services1.arcgis.com/O1JpcwDW8sjYuddV/arcgis/rest/services/Annual_Average_Daily_Traffic_TDA/FeatureServer/0/query?where=COUNTY%3D%27Miami-Dade%27&outFields=ROADWAY%2CAADT%2CAADTFLG%2CCOUNTY%2CDISTRICT%2CYEAR_%2CDESC_FRM%2CDESC_TO%2CBEGIN_POST%2CEND_POST&returnGeometry=false&f=json
87060052,2200,T,Miami-Dade,6,2025,SR-A1A / MACARTHUR C,MIAMI CHILDREN MUS,0,0.144,FDOT Annual Average Daily Traffic TDA,https://services1.arcgis.com/O1JpcwDW8sjYuddV/arcgis/rest/services/Annual_Average_Daily_Traffic_TDA/FeatureServer/0,https://services1.arcgis.com/O1JpcwDW8sjYuddV/arcgis/rest/services/Annual_Average_Daily_Traffic_TDA/FeatureServer/0/query?where=COUNTY%3D%27Miami-Dade%27&outFields=ROADWAY%2CAADT%2CAADTFLG%2CCOUNTY%2CDISTRICT%2CYEAR_%2CDESC_FRM%2CDESC_TO%2CBEGIN_POST%2CEND_POST&returnGeometry=false&f=json
87120000,47500,C,Miami-Dade,6,2025,SW 127 AVE,SR 821 SB,5.017,5.991,FDOT Annual Average Daily Traffic TDA,https://services1.arcgis.com/O1JpcwDW8sjYuddV/arcgis/rest/services/Annual_Average_Daily_Traffic_TDA/FeatureServer/0,https://services1.arcgis.com/O1JpcwDW8sjYuddV/arcgis/rest/services/Annual_Average_Daily_Traffic_TDA/FeatureServer/0/query?where=COUNTY%3D%27Miami-Dade%27&outFields=ROADWAY%2CAADT%2CAADTFLG%2CCOUNTY%2CDISTRICT%2CYEAR_%2CDESC_FRM%2CDESC_TO%2CBEGIN_POST%2CEND_POST&returnGeometry=false&f=json
87075612,11500,C,Miami-Dade,6,2025,E END OF BR 871110,RAMP 87075611,0,0.303,FDOT Annual Average Daily Traffic TDA,https://services1.arcgis.com/O1JpcwDW8sjYuddV/arcgis/rest/services/Annual_Average_Daily_Traffic_TDA/FeatureServer/0,https://services1.arcgis.com/O1JpcwDW8sjYuddV/arcgis/rest/services/Annual_Average_Daily_Traffic_TDA/FeatureServer/0/query?where=COUNTY%3D%27Miami-Dade%27&outFields=ROADWAY%2CAADT%2CAADTFLG%2CCOUNTY%2CDISTRICT%2CYEAR_%2CDESC_FRM%2CDESC_TO%2CBEGIN_POST%2CEND_POST&returnGeometry=false&f=json
87190000,16700,C,Miami-Dade,6,2025,NE 18 AV,SR-826 / NE 163 ST,2.807,3.767,FDOT Annual Average Daily Traffic TDA,https://services1.arcgis.com/O1JpcwDW8sjYuddV/arcgis/rest/services/Annual_Average_Daily_Traffic_TDA/FeatureServer/0,https://services1.arcgis.com/O1JpcwDW8sjYuddV/arcgis/rest/services/Annual_Average_Daily_Traffic_TDA/FeatureServer/0/query?where=COUNTY%3D%27Miami-Dade%27&outFields=ROADWAY%2CAADT%2CAADTFLG%2CCOUNTY%2CDISTRICT%2CYEAR_%2CDESC_FRM%2CDESC_TO%2CBEGIN_POST%2CEND_POST&returnGeometry=false&f=json
87200132,9400,F,Miami-Dade,6,2025,87200131 WB ON,SR-953 / LE JEUNE RD,0,0.071,FDOT Annual Average Daily Traffic TDA,https://services1.arcgis.com/O1JpcwDW8sjYuddV/arcgis/rest/services/Annual_Average_Daily_Traffic_TDA/FeatureServer/0,https://services1.arcgis.com/O1JpcwDW8sjYuddV/arcgis/rest/services/Annual_Average_Daily_Traffic_TDA/FeatureServer/0/query?where=COUNTY%3D%27Miami-Dade%27&outFields=ROADWAY%2CAADT%2CAADTFLG%2CCOUNTY%2CDISTRICT%2CYEAR_%2CDESC_FRM%2CDESC_TO%2CBEGIN_POST%2CEND_POST&returnGeometry=false&f=json
87084500,8700,C,Miami-Dade,6,2025,NW 7 AVE/N RIVER DR,US-1/SR-5,0,1.1,FDOT Annual Average Daily Traffic TDA,https://services1.arcgis.com/O1JpcwDW8sjYuddV/arcgis/rest/services/Annual_Average_Daily_Traffic_TDA/FeatureServer/0,https://services1.arcgis.com/O1JpcwDW8sjYuddV/arcgis/rest/services/Annual_Average_Daily_Traffic_TDA/FeatureServer/0/query?where=COUNTY%3D%27Miami-Dade%27&outFields=ROADWAY%2CAADT%2CAADTFLG%2CCOUNTY%2CDISTRICT%2CYEAR_%2CDESC_FRM%2CDESC_TO%2CBEGIN_POST%2CEND_POST&returnGeometry=false&f=json
87109000,22000,F,Miami-Dade,6,2025,NW 112 AVE,SR-25/OKEECHOBEE RD,0.484,2.2,FDOT Annual Average Daily Traffic TDA,https://services1.arcgis.com/O1JpcwDW8sjYuddV/arcgis/rest/services/Annual_Average_Daily_Traffic_TDA/FeatureServer/0,https://services1.arcgis.com/O1JpcwDW8sjYuddV/arcgis/rest/services/Annual_Average_Daily_Traffic_TDA/FeatureServer/0/query?where=COUNTY%3D%27Miami-Dade%27&outFields=ROADWAY%2CAADT%2CAADTFLG%2CCOUNTY%2CDISTRICT%2CYEAR_%2CDESC_FRM%2CDESC_TO%2CBEGIN_POST%2CEND_POST&returnGeometry=false&f=json
87140353,300,F,Miami-Dade,6,2025, , ,0,0.117,FDOT Annual Average Daily Traffic TDA,https://services1.arcgis.com/O1JpcwDW8sjYuddV/arcgis/rest/services/Annual_Average_Daily_Traffic_TDA/FeatureServer/0,https://services1.arcgis.com/O1JpcwDW8sjYuddV/arcgis/rest/services/Annual_Average_Daily_Traffic_TDA/FeatureServer/0/query?where=COUNTY%3D%27Miami-Dade%27&outFields=ROADWAY%2CAADT%2CAADTFLG%2CCOUNTY%2CDISTRICT%2CYEAR_%2CDESC_FRM%2CDESC_TO%2CBEGIN_POST%2CEND_POST&returnGeometry=false&f=json
87075704,13100,C,Miami-Dade,6,2025,NW 87 AVE/W 28 AVE,W 23 AVE,0,0.811,FDOT Annual Average Daily Traffic TDA,https://services1.arcgis.com/O1JpcwDW8sjYuddV/arcgis/rest/services/Annual_Average_Daily_Traffic_TDA/FeatureServer/0,https://services1.arcgis.com/O1JpcwDW8sjYuddV/arcgis/rest/services/Annual_Average_Daily_Traffic_TDA/FeatureServer/0/query?where=COUNTY%3D%27Miami-Dade%27&outFields=ROADWAY%2CAADT%2CAADTFLG%2CCOUNTY%2CDISTRICT%2CYEAR_%2CDESC_FRM%2CDESC_TO%2CBEGIN_POST%2CEND_POST&returnGeometry=false&f=json
87140000,30000,C,Miami-Dade,6,2025,SR- 924/NW 119 ST,SR- 916/NW 135 ST,8.171,9.172,FDOT Annual Average Daily Traffic TDA,https://services1.arcgis.com/O1JpcwDW8sjYuddV/arcgis/rest/services/Annual_Average_Daily_Traffic_TDA/FeatureServer/0,https://services1.arcgis.com/O1JpcwDW8sjYuddV/arcgis/rest/services/Annual_Average_Daily_Traffic_TDA/FeatureServer/0/query?where=COUNTY%3D%27Miami-Dade%27&outFields=ROADWAY%2CAADT%2CAADTFLG%2CCOUNTY%2CDISTRICT%2CYEAR_%2CDESC_FRM%2CDESC_TO%2CBEGIN_POST%2CEND_POST&returnGeometry=false&f=json
87064504,11200,C,Miami-Dade,6,2025,SW 88 ST,SW 56 ST,0,2.072,FDOT Annual Average Daily Traffic TDA,https://services1.arcgis.com/O1JpcwDW8sjYuddV/arcgis/rest/services/Annual_Average_Daily_Traffic_TDA/FeatureServer/0,https://services1.arcgis.com/O1JpcwDW8sjYuddV/arcgis/rest/services/Annual_Average_Daily_Traffic_TDA/FeatureServer/0/query?where=COUNTY%3D%27Miami-Dade%27&outFields=ROADWAY%2CAADT%2CAADTFLG%2CCOUNTY%2CDISTRICT%2CYEAR_%2CDESC_FRM%2CDESC_TO%2CBEGIN_POST%2CEND_POST&returnGeometry=false&f=json
87200213,5500,F,Miami-Dade,6,2025,87200221 EB OFF,87200214 EB ON,0,0.106,FDOT Annual Average Daily Traffic TDA,https://services1.arcgis.com/O1JpcwDW8sjYuddV/arcgis/rest/services/Annual_Average_Daily_Traffic_TDA/FeatureServer/0,https://services1.arcgis.com/O1JpcwDW8sjYuddV/arcgis/rest/services/Annual_Average_Daily_Traffic_TDA/FeatureServer/0/query?where=COUNTY%3D%27Miami-Dade%27&outFields=ROADWAY%2CAADT%2CAADTFLG%2CCOUNTY%2CDISTRICT%2CYEAR_%2CDESC_FRM%2CDESC_TO%2CBEGIN_POST%2CEND_POST&returnGeometry=false&f=json
87120000,49000,C,Miami-Dade,6,2025,SR-826 / NB,SW 67 AVE,10.021,11.059,FDOT Annual Average Daily Traffic TDA,https://services1.arcgis.com/O1JpcwDW8sjYuddV/arcgis/rest/services/Annual_Average_Daily_Traffic_TDA/FeatureServer/0,https://services1.arcgis.com/O1JpcwDW8sjYuddV/arcgis/rest/services/Annual_Average_Daily_Traffic_TDA/FeatureServer/0/query?where=COUNTY%3D%27Miami-Dade%27&outFields=ROADWAY%2CAADT%2CAADTFLG%2CCOUNTY%2CDISTRICT%2CYEAR_%2CDESC_FRM%2CDESC_TO%2CBEGIN_POST%2CEND_POST&returnGeometry=false&f=json
87200000,147000,F,Miami-Dade,6,2025,N/A,Bridge No-870366,11.332,11.8,FDOT Annual Average Daily Traffic TDA,https://services1.arcgis.com/O1JpcwDW8sjYuddV/arcgis/rest/services/Annual_Average_Daily_Traffic_TDA/FeatureServer/0,https://services1.arcgis.com/O1JpcwDW8sjYuddV/arcgis/rest/services/Annual_Average_Daily_Traffic_TDA/FeatureServer/0/query?where=COUNTY%3D%27Miami-Dade%27&outFields=ROADWAY%2CAADT%2CAADTFLG%2CCOUNTY%2CDISTRICT%2CYEAR_%2CDESC_FRM%2CDESC_TO%2CBEGIN_POST%2CEND_POST&returnGeometry=false&f=json
87200143,11000,C,Miami-Dade,6,2025,NW 42 AVE NB,RAMP 87200131,0,0.252,FDOT Annual Average Daily Traffic TDA,https://services1.arcgis.com/O1JpcwDW8sjYuddV/arcgis/rest/services/Annual_Average_Daily_Traffic_TDA/FeatureServer/0,https://services1.arcgis.com/O1JpcwDW8sjYuddV/arcgis/rest/services/Annual_Average_Daily_Traffic_TDA/FeatureServer/0/query?where=COUNTY%3D%27Miami-Dade%27&outFields=ROADWAY%2CAADT%2CAADTFLG%2CCOUNTY%2CDISTRICT%2CYEAR_%2CDESC_FRM%2CDESC_TO%2CBEGIN_POST%2CEND_POST&returnGeometry=false&f=json
87076500,7900,F,Miami-Dade,6,2025,SW 147 AVE/NARANJA R,SR5/US-1/S DIXIE HWY,0,1.123,FDOT Annual Average Daily Traffic TDA,https://services1.arcgis.com/O1JpcwDW8sjYuddV/arcgis/rest/services/Annual_Average_Daily_Traffic_TDA/FeatureServer/0,https://services1.arcgis.com/O1JpcwDW8sjYuddV/arcgis/rest/services/Annual_Average_Daily_Traffic_TDA/FeatureServer/0/query?where=COUNTY%3D%27Miami-Dade%27&outFields=ROADWAY%2CAADT%2CAADTFLG%2CCOUNTY%2CDISTRICT%2CYEAR_%2CDESC_FRM%2CDESC_TO%2CBEGIN_POST%2CEND_POST&returnGeometry=false&f=json
87200324,23500,T,Miami-Dade,6,2025,87200431 EB OFF,SR-836 / WB,0,0.573,FDOT Annual Average Daily Traffic TDA,https://services1.arcgis.com/O1JpcwDW8sjYuddV/arcgis/rest/services/Annual_Average_Daily_Traffic_TDA/FeatureServer/0,https://services1.arcgis.com/O1JpcwDW8sjYuddV/arcgis/rest/services/Annual_Average_Daily_Traffic_TDA/FeatureServer/0/query?where=COUNTY%3D%27Miami-Dade%27&outFields=ROADWAY%2CAADT%2CAADTFLG%2CCOUNTY%2CDISTRICT%2CYEAR_%2CDESC_FRM%2CDESC_TO%2CBEGIN_POST%2CEND_POST&returnGeometry=false&f=json
87120000,52500,C,Miami-Dade,6,2025,SR 821 SB,SR 985/SW 107 AVE,5.991,7.045,FDOT Annual Average Daily Traffic TDA,https://services1.arcgis.com/O1JpcwDW8sjYuddV/arcgis/rest/services/Annual_Average_Daily_Traffic_TDA/FeatureServer/0,https://services1.arcgis.com/O1JpcwDW8sjYuddV/arcgis/rest/services/Annual_Average_Daily_Traffic_TDA/FeatureServer/0/query?where=COUNTY%3D%27Miami-Dade%27&outFields=ROADWAY%2CAADT%2CAADTFLG%2CCOUNTY%2CDISTRICT%2CYEAR_%2CDESC_FRM%2CDESC_TO%2CBEGIN_POST%2CEND_POST&returnGeometry=false&f=json
87200072,9100,F,Miami-Dade,6,2025,NW 107 AVE SB,SR-836 WB,0,0.386,FDOT Annual Average Daily Traffic TDA,https://services1.arcgis.com/O1JpcwDW8sjYuddV/arcgis/rest/services/Annual_Average_Daily_Traffic_TDA/FeatureServer/0,https://services1.arcgis.com/O1JpcwDW8sjYuddV/arcgis/rest/services/Annual_Average_Daily_Traffic_TDA/FeatureServer/0/query?where=COUNTY%3D%27Miami-Dade%27&outFields=ROADWAY%2CAADT%2CAADTFLG%2CCOUNTY%2CDISTRICT%2CYEAR_%2CDESC_FRM%2CDESC_TO%2CBEGIN_POST%2CEND_POST&returnGeometry=false&f=json
87200118,15500,T,Miami-Dade,6,2025,SR-836/WB,I-95/SB,0,0.346,FDOT Annual Average Daily Traffic TDA,https://services1.arcgis.com/O1JpcwDW8sjYuddV/arcgis/rest/services/Annual_Average_Daily_Traffic_TDA/FeatureServer/0,https://services1.arcgis.com/O1JpcwDW8sjYuddV/arcgis/rest/services/Annual_Average_Daily_Traffic_TDA/FeatureServer/0/query?where=COUNTY%3D%27Miami-Dade%27&outFields=ROADWAY%2CAADT%2CAADTFLG%2CCOUNTY%2CDISTRICT%2CYEAR_%2CDESC_FRM%2CDESC_TO%2CBEGIN_POST%2CEND_POST&returnGeometry=false&f=json
87080900,27000,C,Miami-Dade,6,2025,SR-823/W 4 AV/RED RD,E 4 AV,33.185,34.192,FDOT Annual Average Daily Traffic TDA,https://services1.arcgis.com/O1JpcwDW8sjYuddV/arcgis/rest/services/Annual_Average_Daily_Traffic_TDA/FeatureServer/0,https://services1.arcgis.com/O1JpcwDW8sjYuddV/arcgis/rest/services/Annual_Average_Daily_Traffic_TDA/FeatureServer/0/query?where=COUNTY%3D%27Miami-Dade%27&outFields=ROADWAY%2CAADT%2CAADTFLG%2CCOUNTY%2CDISTRICT%2CYEAR_%2CDESC_FRM%2CDESC_TO%2CBEGIN_POST%2CEND_POST&returnGeometry=false&f=json
87140348,15500,F,Miami-Dade,6,2025,SR-7/US 441,I-95/SB,0,0.035,FDOT Annual Average Daily Traffic TDA,https://services1.arcgis.com/O1JpcwDW8sjYuddV/arcgis/rest/services/Annual_Average_Daily_Traffic_TDA/FeatureServer/0,https://services1.arcgis.com/O1JpcwDW8sjYuddV/arcgis/rest/services/Annual_Average_Daily_Traffic_TDA/FeatureServer/0/query?where=COUNTY%3D%27Miami-Dade%27&outFields=ROADWAY%2CAADT%2CAADTFLG%2CCOUNTY%2CDISTRICT%2CYEAR_%2CDESC_FRM%2CDESC_TO%2CBEGIN_POST%2CEND_POST&returnGeometry=false&f=json
87077502,30500,F,Miami-Dade,6,2025,SW104ST/KILLIAN PKWY,N KENDALL DR/SW 88ST,0,0.995,FDOT Annual Average Daily Traffic TDA,https://services1.arcgis.com/O1JpcwDW8sjYuddV/arcgis/rest/services/Annual_Average_Daily_Traffic_TDA/FeatureServer/0,https://services1.arcgis.com/O1JpcwDW8sjYuddV/arcgis/rest/services/Annual_Average_Daily_Traffic_TDA/FeatureServer/0/query?where=COUNTY%3D%27Miami-Dade%27&outFields=ROADWAY%2CAADT%2CAADTFLG%2CCOUNTY%2CDISTRICT%2CYEAR_%2CDESC_FRM%2CDESC_TO%2CBEGIN_POST%2CEND_POST&returnGeometry=false&f=json
87140062,6500,F,Miami-Dade,6,2025,SR-7/US 441/NB,87270212 NB ON,0,0.162,FDOT Annual Average Daily Traffic TDA,https://services1.arcgis.com/O1JpcwDW8sjYuddV/arcgis/rest/services/Annual_Average_Daily_Traffic_TDA/FeatureServer/0,https://services1.arcgis.com/O1JpcwDW8sjYuddV/arcgis/rest/services/Annual_Average_Daily_Traffic_TDA/FeatureServer/0/query?where=COUNTY%3D%27Miami-Dade%27&outFields=ROADWAY%2CAADT%2CAADTFLG%2CCOUNTY%2CDISTRICT%2CYEAR_%2CDESC_FRM%2CDESC_TO%2CBEGIN_POST%2CEND_POST&returnGeometry=false&f=json
87067504,18300,F,Miami-Dade,6,2025,GRAND AVE,KIRK ST,1.96,3.069,FDOT Annual Average Daily Traffic TDA,https://services1.arcgis.com/O1JpcwDW8sjYuddV/arcgis/rest/services/Annual_Average_Daily_Traffic_TDA/FeatureServer/0,https://services1.arcgis.com/O1JpcwDW8sjYuddV/arcgis/rest/services/Annual_Average_Daily_Traffic_TDA/FeatureServer/0/query?where=COUNTY%3D%27Miami-Dade%27&outFields=ROADWAY%2CAADT%2CAADTFLG%2CCOUNTY%2CDISTRICT%2CYEAR_%2CDESC_FRM%2CDESC_TO%2CBEGIN_POST%2CEND_POST&returnGeometry=false&f=json
87190500,10900,F,Miami-Dade,6,2025,NE 54 ST,OFF RAMP 87200123,0,2.741,FDOT Annual Average Daily Traffic TDA,https://services1.arcgis.com/O1JpcwDW8sjYuddV/arcgis/rest/services/Annual_Average_Daily_Traffic_TDA/FeatureServer/0,https://services1.arcgis.com/O1JpcwDW8sjYuddV/arcgis/rest/services/Annual_Average_Daily_Traffic_TDA/FeatureServer/0/query?where=COUNTY%3D%27Miami-Dade%27&outFields=ROADWAY%2CAADT%2CAADTFLG%2CCOUNTY%2CDISTRICT%2CYEAR_%2CDESC_FRM%2CDESC_TO%2CBEGIN_POST%2CEND_POST&returnGeometry=false&f=json
87200128,9800,F,Miami-Dade,6,2025,87270224 WB OFF,NW 14 ST/WB,0,0.166,FDOT Annual Average Daily Traffic TDA,https://services1.arcgis.com/O1JpcwDW8sjYuddV/arcgis/rest/services/Annual_Average_Daily_Traffic_TDA/FeatureServer/0,https://services1.arcgis.com/O1JpcwDW8sjYuddV/arcgis/rest/services/Annual_Average_Daily_Traffic_TDA/FeatureServer/0/query?where=COUNTY%3D%27Miami-Dade%27&outFields=ROADWAY%2CAADT%2CAADTFLG%2CCOUNTY%2CDISTRICT%2CYEAR_%2CDESC_FRM%2CDESC_TO%2CBEGIN_POST%2CEND_POST&returnGeometry=false&f=json
87075600,20500,F,Miami-Dade,6,2025,I-75/SR-93 WB,HIALEAH GARDENS BLVD,0,0.613,FDOT Annual Average Daily Traffic TDA,https://services1.arcgis.com/O1JpcwDW8sjYuddV/arcgis/rest/services/Annual_Average_Daily_Traffic_TDA/FeatureServer/0,https://services1.arcgis.com/O1JpcwDW8sjYuddV/arcgis/rest/services/Annual_Average_Daily_Traffic_TDA/FeatureServer/0/query?where=COUNTY%3D%27Miami-Dade%27&outFields=ROADWAY%2CAADT%2CAADTFLG%2CCOUNTY%2CDISTRICT%2CYEAR_%2CDESC_FRM%2CDESC_TO%2CBEGIN_POST%2CEND_POST&returnGeometry=false&f=json
87075303,2700,C,Miami-Dade,6,2025,SR-826 / PALMETTO EX,I-75 / EB,0,0.446,FDOT Annual Average Daily Traffic TDA,https://services1.arcgis.com/O1JpcwDW8sjYuddV/arcgis/rest/services/Annual_Average_Daily_Traffic_TDA/FeatureServer/0,https://services1.arcgis.com/O1JpcwDW8sjYuddV/arcgis/rest/services/Annual_Average_Daily_Traffic_TDA/FeatureServer/0/query?where=COUNTY%3D%27Miami-Dade%27&outFields=ROADWAY%2CAADT%2CAADTFLG%2CCOUNTY%2CDISTRICT%2CYEAR_%2CDESC_FRM%2CDESC_TO%2CBEGIN_POST%2CEND_POST&returnGeometry=false&f=json
87200096,5200,F,Miami-Dade,6,2025,SR-953 / NW 42 AVE,SR-836 EB,0,0.14,FDOT Annual Average Daily Traffic TDA,https://services1.arcgis.com/O1JpcwDW8sjYuddV/arcgis/rest/services/Annual_Average_Daily_Traffic_TDA/FeatureServer/0,https://services1.arcgis.com/O1JpcwDW8sjYuddV/arcgis/rest/services/Annual_Average_Daily_Traffic_TDA/FeatureServer/0/query?where=COUNTY%3D%27Miami-Dade%27&outFields=ROADWAY%2CAADT%2CAADTFLG%2CCOUNTY%2CDISTRICT%2CYEAR_%2CDESC_FRM%2CDESC_TO%2CBEGIN_POST%2CEND_POST&returnGeometry=false&f=json
87170000,51500,C,Miami-Dade,6,2025,US-1 / SR-5 / BISCAY,NE 35 AV,3.695,4.935,FDOT Annual Average Daily Traffic TDA,https://services1.arcgis.com/O1JpcwDW8sjYuddV/arcgis/rest/services/Annual_Average_Daily_Traffic_TDA/FeatureServer/0,https://services1.arcgis.com/O1JpcwDW8sjYuddV/arcgis/rest/services/Annual_Average_Daily_Traffic_TDA/FeatureServer/0/query?where=COUNTY%3D%27Miami-Dade%27&outFields=ROADWAY%2CAADT%2CAADTFLG%2CCOUNTY%2CDISTRICT%2CYEAR_%2CDESC_FRM%2CDESC_TO%2CBEGIN_POST%2CEND_POST&returnGeometry=false&f=json
87080901,1300,F,Miami-Dade,6,2025,SR-934/WB,NW 69 AVE,0,0.11,FDOT Annual Average Daily Traffic TDA,https://services1.arcgis.com/O1JpcwDW8sjYuddV/arcgis/rest/services/Annual_Average_Daily_Traffic_TDA/FeatureServer/0,https://services1.arcgis.com/O1JpcwDW8sjYuddV/arcgis/rest/services/Annual_Average_Daily_Traffic_TDA/FeatureServer/0/query?where=COUNTY%3D%27Miami-Dade%27&outFields=ROADWAY%2CAADT%2CAADTFLG%2CCOUNTY%2CDISTRICT%2CYEAR_%2CDESC_FRM%2CDESC_TO%2CBEGIN_POST%2CEND_POST&returnGeometry=false&f=json
87140000,57000,C,Miami-Dade,6,2025,SR-860 / NW 183 ST,NW 199 ST/ HONEY HIL,12.593,13.598,FDOT Annual Average Daily Traffic TDA,https://services1.arcgis.com/O1JpcwDW8sjYuddV/arcgis/rest/services/Annual_Average_Daily_Traffic_TDA/FeatureServer/0,https://services1.arcgis.com/O1JpcwDW8sjYuddV/arcgis/rest/services/Annual_Average_Daily_Traffic_TDA/FeatureServer/0/query?where=COUNTY%3D%27Miami-Dade%27&outFields=ROADWAY%2CAADT%2CAADTFLG%2CCOUNTY%2CDISTRICT%2CYEAR_%2CDESC_FRM%2CDESC_TO%2CBEGIN_POST%2CEND_POST&returnGeometry=false&f=json
87072000,31500,F,Miami-Dade,6,2025,SR-94/SW 88 ST,SR-986/SW 72 ST,1.05,2.022,FDOT Annual Average Daily Traffic TDA,https://services1.arcgis.com/O1JpcwDW8sjYuddV/arcgis/rest/services/Annual_Average_Daily_Traffic_TDA/FeatureServer/0,https://services1.arcgis.com/O1JpcwDW8sjYuddV/arcgis/rest/services/Annual_Average_Daily_Traffic_TDA/FeatureServer/0/query?where=COUNTY%3D%27Miami-Dade%27&outFields=ROADWAY%2CAADT%2CAADTFLG%2CCOUNTY%2CDISTRICT%2CYEAR_%2CDESC_FRM%2CDESC_TO%2CBEGIN_POST%2CEND_POST&returnGeometry=false&f=json
87080001,16500,C,Miami-Dade,6,2025,SR-934 / NE 79 ST,N/A,0,0.813,FDOT Annual Average Daily Traffic TDA,https://services1.arcgis.com/O1JpcwDW8sjYuddV/arcgis/rest/services/Annual_Average_Daily_Traffic_TDA/FeatureServer/0,https://services1.arcgis.com/O1JpcwDW8sjYuddV/arcgis/rest/services/Annual_Average_Daily_Traffic_TDA/FeatureServer/0/query?where=COUNTY%3D%27Miami-Dade%27&outFields=ROADWAY%2CAADT%2CAADTFLG%2CCOUNTY%2CDISTRICT%2CYEAR_%2CDESC_FRM%2CDESC_TO%2CBEGIN_POST%2CEND_POST&returnGeometry=false&f=json
87085000,18100,C,Miami-Dade,6,2025,US-41/ SR-9/ SW 8 ST,SR -968/W FLAGLER ST,1.005,1.53,FDOT Annual Average Daily Traffic TDA,https://services1.arcgis.com/O1JpcwDW8sjYuddV/arcgis/rest/services/Annual_Average_Daily_Traffic_TDA/FeatureServer/0,https://services1.arcgis.com/O1JpcwDW8sjYuddV/arcgis/rest/services/Annual_Average_Daily_Traffic_TDA/FeatureServer/0/query?where=COUNTY%3D%27Miami-Dade%27&outFields=ROADWAY%2CAADT%2CAADTFLG%2CCOUNTY%2CDISTRICT%2CYEAR_%2CDESC_FRM%2CDESC_TO%2CBEGIN_POST%2CEND_POST&returnGeometry=false&f=json
87103000,18800,C,Miami-Dade,6,2025,SW200 ST/QUAIL ROOST,SW 184 ST/EUREKA DR,0,1.093,FDOT Annual Average Daily Traffic TDA,https://services1.arcgis.com/O1JpcwDW8sjYuddV/arcgis/rest/services/Annual_Average_Daily_Traffic_TDA/FeatureServer/0,https://services1.arcgis.com/O1JpcwDW8sjYuddV/arcgis/rest/services/Annual_Average_Daily_Traffic_TDA/FeatureServer/0/query?where=COUNTY%3D%27Miami-Dade%27&outFields=ROADWAY%2CAADT%2CAADTFLG%2CCOUNTY%2CDISTRICT%2CYEAR_%2CDESC_FRM%2CDESC_TO%2CBEGIN_POST%2CEND_POST&returnGeometry=false&f=json
87170354,7500,F,Miami-Dade,6,2025,SR-826,I-95/SB,0,0.324,FDOT Annual Average Daily Traffic TDA,https://services1.arcgis.com/O1JpcwDW8sjYuddV/arcgis/rest/services/Annual_Average_Daily_Traffic_TDA/FeatureServer/0,https://services1.arcgis.com/O1JpcwDW8sjYuddV/arcgis/rest/services/Annual_Average_Daily_Traffic_TDA/FeatureServer/0/query?where=COUNTY%3D%27Miami-Dade%27&outFields=ROADWAY%2CAADT%2CAADTFLG%2CCOUNTY%2CDISTRICT%2CYEAR_%2CDESC_FRM%2CDESC_TO%2CBEGIN_POST%2CEND_POST&returnGeometry=false&f=json
87070000,23500,C,Miami-Dade,6,2025,TAMIAMI TRL/SW 8 ST,N/A,0,13.819,FDOT Annual Average Daily Traffic TDA,https://services1.arcgis.com/O1JpcwDW8sjYuddV/arcgis/rest/services/Annual_Average_Daily_Traffic_TDA/FeatureServer/0,https://services1.arcgis.com/O1JpcwDW8sjYuddV/arcgis/rest/services/Annual_Average_Daily_Traffic_TDA/FeatureServer/0/query?where=COUNTY%3D%27Miami-Dade%27&outFields=ROADWAY%2CAADT%2CAADTFLG%2CCOUNTY%2CDISTRICT%2CYEAR_%2CDESC_FRM%2CDESC_TO%2CBEGIN_POST%2CEND_POST&returnGeometry=false&f=json
87075615,3800,C,Miami-Dade,6,2025,RAMP 87075609,HEFT NB,0,1.221,FDOT Annual Average Daily Traffic TDA,https://services1.arcgis.com/O1JpcwDW8sjYuddV/arcgis/rest/services/Annual_Average_Daily_Traffic_TDA/FeatureServer/0,https://services1.arcgis.com/O1JpcwDW8sjYuddV/arcgis/rest/services/Annual_Average_Daily_Traffic_TDA/FeatureServer/0/query?where=COUNTY%3D%27Miami-Dade%27&outFields=ROADWAY%2CAADT%2CAADTFLG%2CCOUNTY%2CDISTRICT%2CYEAR_%2CDESC_FRM%2CDESC_TO%2CBEGIN_POST%2CEND_POST&returnGeometry=false&f=json
87200221,19000,F,Miami-Dade,6,2025,87260213 EB ON,SR-836 / EB,0,1.039,FDOT Annual Average Daily Traffic TDA,https://services1.arcgis.com/O1JpcwDW8sjYuddV/arcgis/rest/services/Annual_Average_Daily_Traffic_TDA/FeatureServer/0,https://services1.arcgis.com/O1JpcwDW8sjYuddV/arcgis/rest/services/Annual_Average_Daily_Traffic_TDA/FeatureServer/0/query?where=COUNTY%3D%27Miami-Dade%27&outFields=ROADWAY%2CAADT%2CAADTFLG%2CCOUNTY%2CDISTRICT%2CYEAR_%2CDESC_FRM%2CDESC_TO%2CBEGIN_POST%2CEND_POST&returnGeometry=false&f=json
87140000,30000,C,Miami-Dade,6,2025,SR- 934 / NW 79 ST,NW 85 ST RD,5.649,6.112,FDOT Annual Average Daily Traffic TDA,https://services1.arcgis.com/O1JpcwDW8sjYuddV/arcgis/rest/services/Annual_Average_Daily_Traffic_TDA/FeatureServer/0,https://services1.arcgis.com/O1JpcwDW8sjYuddV/arcgis/rest/services/Annual_Average_Daily_Traffic_TDA/FeatureServer/0/query?where=COUNTY%3D%27Miami-Dade%27&outFields=ROADWAY%2CAADT%2CAADTFLG%2CCOUNTY%2CDISTRICT%2CYEAR_%2CDESC_FRM%2CDESC_TO%2CBEGIN_POST%2CEND_POST&returnGeometry=false&f=json
87067500,21500,F,Miami-Dade,6,2025,BEG UNDERPASS NB TPK,SW 87 AV/GALLOWAY RD,0,2.536,FDOT Annual Average Daily Traffic TDA,https://services1.arcgis.com/O1JpcwDW8sjYuddV/arcgis/rest/services/Annual_Average_Daily_Traffic_TDA/FeatureServer/0,https://services1.arcgis.com/O1JpcwDW8sjYuddV/arcgis/rest/services/Annual_Average_Daily_Traffic_TDA/FeatureServer/0/query?where=COUNTY%3D%27Miami-Dade%27&outFields=ROADWAY%2CAADT%2CAADTFLG%2CCOUNTY%2CDISTRICT%2CYEAR_%2CDESC_FRM%2CDESC_TO%2CBEGIN_POST%2CEND_POST&returnGeometry=false&f=json
87200000,165500,F,Miami-Dade,6,2025,Bridge No-870366, W END MACARTHUR BRD,11.8,13.048,FDOT Annual Average Daily Traffic TDA,https://services1.arcgis.com/O1JpcwDW8sjYuddV/arcgis/rest/services/Annual_Average_Daily_Traffic_TDA/FeatureServer/0,https://services1.arcgis.com/O1JpcwDW8sjYuddV/arcgis/rest/services/Annual_Average_Daily_Traffic_TDA/FeatureServer/0/query?where=COUNTY%3D%27Miami-Dade%27&outFields=ROADWAY%2CAADT%2CAADTFLG%2CCOUNTY%2CDISTRICT%2CYEAR_%2CDESC_FRM%2CDESC_TO%2CBEGIN_POST%2CEND_POST&returnGeometry=false&f=json
87090006,9800,F,Miami-Dade,6,2025, , ,0,3.461,FDOT Annual Average Daily Traffic TDA,https://services1.arcgis.com/O1JpcwDW8sjYuddV/arcgis/rest/services/Annual_Average_Daily_Traffic_TDA/FeatureServer/0,https://services1.arcgis.com/O1JpcwDW8sjYuddV/arcgis/rest/services/Annual_Average_Daily_Traffic_TDA/FeatureServer/0/query?where=COUNTY%3D%27Miami-Dade%27&outFields=ROADWAY%2CAADT%2CAADTFLG%2CCOUNTY%2CDISTRICT%2CYEAR_%2CDESC_FRM%2CDESC_TO%2CBEGIN_POST%2CEND_POST&returnGeometry=false&f=json
87160000,27500,C,Miami-Dade,6,2025,N/A,SR-997/KROME AVE,7.085,8.598,FDOT Annual Average Daily Traffic TDA,https://services1.arcgis.com/O1JpcwDW8sjYuddV/arcgis/rest/services/Annual_Average_Daily_Traffic_TDA/FeatureServer/0,https://services1.arcgis.com/O1JpcwDW8sjYuddV/arcgis/rest/services/Annual_Average_Daily_Traffic_TDA/FeatureServer/0/query?where=COUNTY%3D%27Miami-Dade%27&outFields=ROADWAY%2CAADT%2CAADTFLG%2CCOUNTY%2CDISTRICT%2CYEAR_%2CDESC_FRM%2CDESC_TO%2CBEGIN_POST%2CEND_POST&returnGeometry=false&f=json
87090000,31500,S,Miami-Dade,6,2025,N/A,N/A,6.256,8.534,FDOT Annual Average Daily Traffic TDA,https://services1.arcgis.com/O1JpcwDW8sjYuddV/arcgis/rest/services/Annual_Average_Daily_Traffic_TDA/FeatureServer/0,https://services1.arcgis.com/O1JpcwDW8sjYuddV/arcgis/rest/services/Annual_Average_Daily_Traffic_TDA/FeatureServer/0/query?where=COUNTY%3D%27Miami-Dade%27&outFields=ROADWAY%2CAADT%2CAADTFLG%2CCOUNTY%2CDISTRICT%2CYEAR_%2CDESC_FRM%2CDESC_TO%2CBEGIN_POST%2CEND_POST&returnGeometry=false&f=json
87140000,27000,C,Miami-Dade,6,2025,US-27/SR-25/ W 36 ST,SR- 944/NW 54 ST,3.075,4.126,FDOT Annual Average Daily Traffic TDA,https://services1.arcgis.com/O1JpcwDW8sjYuddV/arcgis/rest/services/Annual_Average_Daily_Traffic_TDA/FeatureServer/0,https://services1.arcgis.com/O1JpcwDW8sjYuddV/arcgis/rest/services/Annual_Average_Daily_Traffic_TDA/FeatureServer/0/query?where=COUNTY%3D%27Miami-Dade%27&outFields=ROADWAY%2CAADT%2CAADTFLG%2CCOUNTY%2CDISTRICT%2CYEAR_%2CDESC_FRM%2CDESC_TO%2CBEGIN_POST%2CEND_POST&returnGeometry=false&f=json
87070000,18200,C,Miami-Dade,6,2025,N/A,OKEECHOBEE RD,13.819,14.275,FDOT Annual Average Daily Traffic TDA,https://services1.arcgis.com/O1JpcwDW8sjYuddV/arcgis/rest/services/Annual_Average_Daily_Traffic_TDA/FeatureServer/0,https://services1.arcgis.com/O1JpcwDW8sjYuddV/arcgis/rest/services/Annual_Average_Daily_Traffic_TDA/FeatureServer/0/query?where=COUNTY%3D%27Miami-Dade%27&outFields=ROADWAY%2CAADT%2CAADTFLG%2CCOUNTY%2CDISTRICT%2CYEAR_%2CDESC_FRM%2CDESC_TO%2CBEGIN_POST%2CEND_POST&returnGeometry=false&f=json
87075902,12500,C,Miami-Dade,6,2025,N/A,SR-826 / SB,2.615,5.744,FDOT Annual Average Daily Traffic TDA,https://services1.arcgis.com/O1JpcwDW8sjYuddV/arcgis/rest/services/Annual_Average_Daily_Traffic_TDA/FeatureServer/0,https://services1.arcgis.com/O1JpcwDW8sjYuddV/arcgis/rest/services/Annual_Average_Daily_Traffic_TDA/FeatureServer/0/query?where=COUNTY%3D%27Miami-Dade%27&outFields=ROADWAY%2CAADT%2CAADTFLG%2CCOUNTY%2CDISTRICT%2CYEAR_%2CDESC_FRM%2CDESC_TO%2CBEGIN_POST%2CEND_POST&returnGeometry=false&f=json
87067507,4700,F,Miami-Dade,6,2025,SR-5/US-1,END OF UP # 870388,0,1.45,FDOT Annual Average Daily Traffic TDA,https://services1.arcgis.com/O1JpcwDW8sjYuddV/arcgis/rest/services/Annual_Average_Daily_Traffic_TDA/FeatureServer/0,https://services1.arcgis.com/O1JpcwDW8sjYuddV/arcgis/rest/services/Annual_Average_Daily_Traffic_TDA/FeatureServer/0/query?where=COUNTY%3D%27Miami-Dade%27&outFields=ROADWAY%2CAADT%2CAADTFLG%2CCOUNTY%2CDISTRICT%2CYEAR_%2CDESC_FRM%2CDESC_TO%2CBEGIN_POST%2CEND_POST&returnGeometry=false&f=json
87075613,8100,C,Miami-Dade,6,2025,I-75 NB,HEFT NB,0,0.844,FDOT Annual Average Daily Traffic TDA,https://services1.arcgis.com/O1JpcwDW8sjYuddV/arcgis/rest/services/Annual_Average_Daily_Traffic_TDA/FeatureServer/0,https://services1.arcgis.com/O1JpcwDW8sjYuddV/arcgis/rest/services/Annual_Average_Daily_Traffic_TDA/FeatureServer/0/query?where=COUNTY%3D%27Miami-Dade%27&outFields=ROADWAY%2CAADT%2CAADTFLG%2CCOUNTY%2CDISTRICT%2CYEAR_%2CDESC_FRM%2CDESC_TO%2CBEGIN_POST%2CEND_POST&returnGeometry=false&f=json
87190000,24000,C,Miami-Dade,6,2025,NE 118 TER,N/A,0,0.513,FDOT Annual Average Daily Traffic TDA,https://services1.arcgis.com/O1JpcwDW8sjYuddV/arcgis/rest/services/Annual_Average_Daily_Traffic_TDA/FeatureServer/0,https://services1.arcgis.com/O1JpcwDW8sjYuddV/arcgis/rest/services/Annual_Average_Daily_Traffic_TDA/FeatureServer/0/query?where=COUNTY%3D%27Miami-Dade%27&outFields=ROADWAY%2CAADT%2CAADTFLG%2CCOUNTY%2CDISTRICT%2CYEAR_%2CDESC_FRM%2CDESC_TO%2CBEGIN_POST%2CEND_POST&returnGeometry=false&f=json
87200117,25000,T,Miami-Dade,6,2025,SR-836/EB,87200118 WB OFF,0,0.28,FDOT Annual Average Daily Traffic TDA,https://services1.arcgis.com/O1JpcwDW8sjYuddV/arcgis/rest/services/Annual_Average_Daily_Traffic_TDA/FeatureServer/0,https://services1.arcgis.com/O1JpcwDW8sjYuddV/arcgis/rest/services/Annual_Average_Daily_Traffic_TDA/FeatureServer/0/query?where=COUNTY%3D%27Miami-Dade%27&outFields=ROADWAY%2CAADT%2CAADTFLG%2CCOUNTY%2CDISTRICT%2CYEAR_%2CDESC_FRM%2CDESC_TO%2CBEGIN_POST%2CEND_POST&returnGeometry=false&f=json
87064502,18600,F,Miami-Dade,6,2025,SW 24 ST/CORAL WAY,SW 8 ST/TAMIAMI TRL,1.006,2.04,FDOT Annual Average Daily Traffic TDA,https://services1.arcgis.com/O1JpcwDW8sjYuddV/arcgis/rest/services/Annual_Average_Daily_Traffic_TDA/FeatureServer/0,https://services1.arcgis.com/O1JpcwDW8sjYuddV/arcgis/rest/services/Annual_Average_Daily_Traffic_TDA/FeatureServer/0/query?where=COUNTY%3D%27Miami-Dade%27&outFields=ROADWAY%2CAADT%2CAADTFLG%2CCOUNTY%2CDISTRICT%2CYEAR_%2CDESC_FRM%2CDESC_TO%2CBEGIN_POST%2CEND_POST&returnGeometry=false&f=json
87170363,1000,F,Miami-Dade,6,2025,87170361 EB ON,SR-826/EB/NE 163 ST,0,0.13,FDOT Annual Average Daily Traffic TDA,https://services1.arcgis.com/O1JpcwDW8sjYuddV/arcgis/rest/services/Annual_Average_Daily_Traffic_TDA/FeatureServer/0,https://services1.arcgis.com/O1JpcwDW8sjYuddV/arcgis/rest/services/Annual_Average_Daily_Traffic_TDA/FeatureServer/0/query?where=COUNTY%3D%27Miami-Dade%27&outFields=ROADWAY%2CAADT%2CAADTFLG%2CCOUNTY%2CDISTRICT%2CYEAR_%2CDESC_FRM%2CDESC_TO%2CBEGIN_POST%2CEND_POST&returnGeometry=false&f=json
87200135,7400,F,Miami-Dade,6,2025,SR-836 WB,SR-973 / NW 87 AVE,0,0.624,FDOT Annual Average Daily Traffic TDA,https://services1.arcgis.com/O1JpcwDW8sjYuddV/arcgis/rest/services/Annual_Average_Daily_Traffic_TDA/FeatureServer/0,https://services1.arcgis.com/O1JpcwDW8sjYuddV/arcgis/rest/services/Annual_Average_Daily_Traffic_TDA/FeatureServer/0/query?where=COUNTY%3D%27Miami-Dade%27&outFields=ROADWAY%2CAADT%2CAADTFLG%2CCOUNTY%2CDISTRICT%2CYEAR_%2CDESC_FRM%2CDESC_TO%2CBEGIN_POST%2CEND_POST&returnGeometry=false&f=json
87072000,31500,C,Miami-Dade,6,2025,SR-90/US-41/SW 8 ST,W FLAGLER ST,6.17,6.663,FDOT Annual Average Daily Traffic TDA,https://services1.arcgis.com/O1JpcwDW8sjYuddV/arcgis/rest/services/Annual_Average_Daily_Traffic_TDA/FeatureServer/0,https://services1.arcgis.com/O1JpcwDW8sjYuddV/arcgis/rest/services/Annual_Average_Daily_Traffic_TDA/FeatureServer/0/query?where=COUNTY%3D%27Miami-Dade%27&outFields=ROADWAY%2CAADT%2CAADTFLG%2CCOUNTY%2CDISTRICT%2CYEAR_%2CDESC_FRM%2CDESC_TO%2CBEGIN_POST%2CEND_POST&returnGeometry=false&f=json
87108000,22500,F,Miami-Dade,6,2025,SR-25/OKEECHOBEE RD,W 84 ST/NW 138 ST,0,1.44,FDOT Annual Average Daily Traffic TDA,https://services1.arcgis.com/O1JpcwDW8sjYuddV/arcgis/rest/services/Annual_Average_Daily_Traffic_TDA/FeatureServer/0,https://services1.arcgis.com/O1JpcwDW8sjYuddV/arcgis/rest/services/Annual_Average_Daily_Traffic_TDA/FeatureServer/0/query?where=COUNTY%3D%27Miami-Dade%27&outFields=ROADWAY%2CAADT%2CAADTFLG%2CCOUNTY%2CDISTRICT%2CYEAR_%2CDESC_FRM%2CDESC_TO%2CBEGIN_POST%2CEND_POST&returnGeometry=false&f=json
87150000,30000,C,Miami-Dade,6,2025,AVOCADO DR/SW 296 ST,SW 232 ST/SILVER PAL,3.827,7.859,FDOT Annual Average Daily Traffic TDA,https://services1.arcgis.com/O1JpcwDW8sjYuddV/arcgis/rest/services/Annual_Average_Daily_Traffic_TDA/FeatureServer/0,https://services1.arcgis.com/O1JpcwDW8sjYuddV/arcgis/rest/services/Annual_Average_Daily_Traffic_TDA/FeatureServer/0/query?where=COUNTY%3D%27Miami-Dade%27&outFields=ROADWAY%2CAADT%2CAADTFLG%2CCOUNTY%2CDISTRICT%2CYEAR_%2CDESC_FRM%2CDESC_TO%2CBEGIN_POST%2CEND_POST&returnGeometry=false&f=json
87080900,37500,C,Miami-Dade,6,2025,SR-9/NW 27 AV,SR-934/NW 81 ST,36.451,37.787,FDOT Annual Average Daily Traffic TDA,https://services1.arcgis.com/O1JpcwDW8sjYuddV/arcgis/rest/services/Annual_Average_Daily_Traffic_TDA/FeatureServer/0,https://services1.arcgis.com/O1JpcwDW8sjYuddV/arcgis/rest/services/Annual_Average_Daily_Traffic_TDA/FeatureServer/0/query?where=COUNTY%3D%27Miami-Dade%27&outFields=ROADWAY%2CAADT%2CAADTFLG%2CCOUNTY%2CDISTRICT%2CYEAR_%2CDESC_FRM%2CDESC_TO%2CBEGIN_POST%2CEND_POST&returnGeometry=false&f=json
87140000,35000,E,Miami-Dade,6,2025,NW 16000 BLK/GG PKG,BEGIN SEC 87140001,10.812,11.883,FDOT Annual Average Daily Traffic TDA,https://services1.arcgis.com/O1JpcwDW8sjYuddV/arcgis/rest/services/Annual_Average_Daily_Traffic_TDA/FeatureServer/0,https://services1.arcgis.com/O1JpcwDW8sjYuddV/arcgis/rest/services/Annual_Average_Daily_Traffic_TDA/FeatureServer/0/query?where=COUNTY%3D%27Miami-Dade%27&outFields=ROADWAY%2CAADT%2CAADTFLG%2CCOUNTY%2CDISTRICT%2CYEAR_%2CDESC_FRM%2CDESC_TO%2CBEGIN_POST%2CEND_POST&returnGeometry=false&f=json
87067503,18200,F,Miami-Dade,6,2025,SW 57 AVE/RED RD,DAVIS RD,0,2.73,FDOT Annual Average Daily Traffic TDA,https://services1.arcgis.com/O1JpcwDW8sjYuddV/arcgis/rest/services/Annual_Average_Daily_Traffic_TDA/FeatureServer/0,https://services1.arcgis.com/O1JpcwDW8sjYuddV/arcgis/rest/services/Annual_Average_Daily_Traffic_TDA/FeatureServer/0/query?where=COUNTY%3D%27Miami-Dade%27&outFields=ROADWAY%2CAADT%2CAADTFLG%2CCOUNTY%2CDISTRICT%2CYEAR_%2CDESC_FRM%2CDESC_TO%2CBEGIN_POST%2CEND_POST&returnGeometry=false&f=json
87075614,3400,C,Miami-Dade,6,2025,RAMP 87075605,RAMP 87075613,0,0.16,FDOT Annual Average Daily Traffic TDA,https://services1.arcgis.com/O1JpcwDW8sjYuddV/arcgis/rest/services/Annual_Average_Daily_Traffic_TDA/FeatureServer/0,https://services1.arcgis.com/O1JpcwDW8sjYuddV/arcgis/rest/services/Annual_Average_Daily_Traffic_TDA/FeatureServer/0/query?where=COUNTY%3D%27Miami-Dade%27&outFields=ROADWAY%2CAADT%2CAADTFLG%2CCOUNTY%2CDISTRICT%2CYEAR_%2CDESC_FRM%2CDESC_TO%2CBEGIN_POST%2CEND_POST&returnGeometry=false&f=json
87200233,18000,C,Miami-Dade,6,2025,SR-836 EB,NW 27 AVENUE,0,0.18,FDOT Annual Average Daily Traffic TDA,https://services1.arcgis.com/O1JpcwDW8sjYuddV/arcgis/rest/services/Annual_Average_Daily_Traffic_TDA/FeatureServer/0,https://services1.arcgis.com/O1JpcwDW8sjYuddV/arcgis/rest/services/Annual_Average_Daily_Traffic_TDA/FeatureServer/0/query?where=COUNTY%3D%27Miami-Dade%27&outFields=ROADWAY%2CAADT%2CAADTFLG%2CCOUNTY%2CDISTRICT%2CYEAR_%2CDESC_FRM%2CDESC_TO%2CBEGIN_POST%2CEND_POST&returnGeometry=false&f=json
87120000,17000,C,Miami-Dade,6,2025,SR- 933/SW 12 AVE,SW 6 AV,16.643,17.282,FDOT Annual Average Daily Traffic TDA,https://services1.arcgis.com/O1JpcwDW8sjYuddV/arcgis/rest/services/Annual_Average_Daily_Traffic_TDA/FeatureServer/0,https://services1.arcgis.com/O1JpcwDW8sjYuddV/arcgis/rest/services/Annual_Average_Daily_Traffic_TDA/FeatureServer/0/query?where=COUNTY%3D%27Miami-Dade%27&outFields=ROADWAY%2CAADT%2CAADTFLG%2CCOUNTY%2CDISTRICT%2CYEAR_%2CDESC_FRM%2CDESC_TO%2CBEGIN_POST%2CEND_POST&returnGeometry=false&f=json
87075604,10000,F,Miami-Dade,6,2025,I-75 NB,SR-860/NW 186 ST EB,0,0.461,FDOT Annual Average Daily Traffic TDA,https://services1.arcgis.com/O1JpcwDW8sjYuddV/arcgis/rest/services/Annual_Average_Daily_Traffic_TDA/FeatureServer/0,https://services1.arcgis.com/O1JpcwDW8sjYuddV/arcgis/rest/services/Annual_Average_Daily_Traffic_TDA/FeatureServer/0/query?where=COUNTY%3D%27Miami-Dade%27&outFields=ROADWAY%2CAADT%2CAADTFLG%2CCOUNTY%2CDISTRICT%2CYEAR_%2CDESC_FRM%2CDESC_TO%2CBEGIN_POST%2CEND_POST&returnGeometry=false&f=json
87200109,10000,F,Miami-Dade,6,2025,SR-836/EB,NW 17 AVE/SB,0,0.425,FDOT Annual Average Daily Traffic TDA,https://services1.arcgis.com/O1JpcwDW8sjYuddV/arcgis/rest/services/Annual_Average_Daily_Traffic_TDA/FeatureServer/0,https://services1.arcgis.com/O1JpcwDW8sjYuddV/arcgis/rest/services/Annual_Average_Daily_Traffic_TDA/FeatureServer/0/query?where=COUNTY%3D%27Miami-Dade%27&outFields=ROADWAY%2CAADT%2CAADTFLG%2CCOUNTY%2CDISTRICT%2CYEAR_%2CDESC_FRM%2CDESC_TO%2CBEGIN_POST%2CEND_POST&returnGeometry=false&f=json
87083501,5100,F,Miami-Dade,6,2025,SR-934 UNDERPASS,SPUR,0,1.972,FDOT Annual Average Daily Traffic TDA,https://services1.arcgis.com/O1JpcwDW8sjYuddV/arcgis/rest/services/Annual_Average_Daily_Traffic_TDA/FeatureServer/0,https://services1.arcgis.com/O1JpcwDW8sjYuddV/arcgis/rest/services/Annual_Average_Daily_Traffic_TDA/FeatureServer/0/query?where=COUNTY%3D%27Miami-Dade%27&outFields=ROADWAY%2CAADT%2CAADTFLG%2CCOUNTY%2CDISTRICT%2CYEAR_%2CDESC_FRM%2CDESC_TO%2CBEGIN_POST%2CEND_POST&returnGeometry=false&f=json
87090004,1600,C,Miami-Dade,6,2025,NW 117 AVE,US-27/OCKECHOBEE RD,0,0.297,FDOT Annual Average Daily Traffic TDA,https://services1.arcgis.com/O1JpcwDW8sjYuddV/arcgis/rest/services/Annual_Average_Daily_Traffic_TDA/FeatureServer/0,https://services1.arcgis.com/O1JpcwDW8sjYuddV/arcgis/rest/services/Annual_Average_Daily_Traffic_TDA/FeatureServer/0/query?where=COUNTY%3D%27Miami-Dade%27&outFields=ROADWAY%2CAADT%2CAADTFLG%2CCOUNTY%2CDISTRICT%2CYEAR_%2CDESC_FRM%2CDESC_TO%2CBEGIN_POST%2CEND_POST&returnGeometry=false&f=json
87170000,25000,C,Miami-Dade,6,2025,NE 35 AV,SR-A1A/COLLINS AV,4.935,5.727,FDOT Annual Average Daily Traffic TDA,https://services1.arcgis.com/O1JpcwDW8sjYuddV/arcgis/rest/services/Annual_Average_Daily_Traffic_TDA/FeatureServer/0,https://services1.arcgis.com/O1JpcwDW8sjYuddV/arcgis/rest/services/Annual_Average_Daily_Traffic_TDA/FeatureServer/0/query?where=COUNTY%3D%27Miami-Dade%27&outFields=ROADWAY%2CAADT%2CAADTFLG%2CCOUNTY%2CDISTRICT%2CYEAR_%2CDESC_FRM%2CDESC_TO%2CBEGIN_POST%2CEND_POST&returnGeometry=false&f=json
87077502,37500,C,Miami-Dade,6,2025,N KENDALL DR/SW 88ST,N/A,0.995,2.016,FDOT Annual Average Daily Traffic TDA,https://services1.arcgis.com/O1JpcwDW8sjYuddV/arcgis/rest/services/Annual_Average_Daily_Traffic_TDA/FeatureServer/0,https://services1.arcgis.com/O1JpcwDW8sjYuddV/arcgis/rest/services/Annual_Average_Daily_Traffic_TDA/FeatureServer/0/query?where=COUNTY%3D%27Miami-Dade%27&outFields=ROADWAY%2CAADT%2CAADTFLG%2CCOUNTY%2CDISTRICT%2CYEAR_%2CDESC_FRM%2CDESC_TO%2CBEGIN_POST%2CEND_POST&returnGeometry=false&f=json
87060100,1900,F,Miami-Dade,6,2025, , ,0,1.198,FDOT Annual Average Daily Traffic TDA,https://services1.arcgis.com/O1JpcwDW8sjYuddV/arcgis/rest/services/Annual_Average_Daily_Traffic_TDA/FeatureServer/0,https://services1.arcgis.com/O1JpcwDW8sjYuddV/arcgis/rest/services/Annual_Average_Daily_Traffic_TDA/FeatureServer/0/query?where=COUNTY%3D%27Miami-Dade%27&outFields=ROADWAY%2CAADT%2CAADTFLG%2CCOUNTY%2CDISTRICT%2CYEAR_%2CDESC_FRM%2CDESC_TO%2CBEGIN_POST%2CEND_POST&returnGeometry=false&f=json
87075527,11500,C,Miami-Dade,6,2025,I-75 / SB,87300499 NB ON,0,0.632,FDOT Annual Average Daily Traffic TDA,https://services1.arcgis.com/O1JpcwDW8sjYuddV/arcgis/rest/services/Annual_Average_Daily_Traffic_TDA/FeatureServer/0,https://services1.arcgis.com/O1JpcwDW8sjYuddV/arcgis/rest/services/Annual_Average_Daily_Traffic_TDA/FeatureServer/0/query?where=COUNTY%3D%27Miami-Dade%27&outFields=ROADWAY%2CAADT%2CAADTFLG%2CCOUNTY%2CDISTRICT%2CYEAR_%2CDESC_FRM%2CDESC_TO%2CBEGIN_POST%2CEND_POST&returnGeometry=false&f=json
87140067,10500,F,Miami-Dade,6,2025,87170353 WB ON,SR-7/US 441/SB,0,0.102,FDOT Annual Average Daily Traffic TDA,https://services1.arcgis.com/O1JpcwDW8sjYuddV/arcgis/rest/services/Annual_Average_Daily_Traffic_TDA/FeatureServer/0,https://services1.arcgis.com/O1JpcwDW8sjYuddV/arcgis/rest/services/Annual_Average_Daily_Traffic_TDA/FeatureServer/0/query?where=COUNTY%3D%27Miami-Dade%27&outFields=ROADWAY%2CAADT%2CAADTFLG%2CCOUNTY%2CDISTRICT%2CYEAR_%2CDESC_FRM%2CDESC_TO%2CBEGIN_POST%2CEND_POST&returnGeometry=false&f=json
87075616,44000,F,Miami-Dade,6,2025,NB SR-826,WB SR-93 / I-75,0,0.817,FDOT Annual Average Daily Traffic TDA,https://services1.arcgis.com/O1JpcwDW8sjYuddV/arcgis/rest/services/Annual_Average_Daily_Traffic_TDA/FeatureServer/0,https://services1.arcgis.com/O1JpcwDW8sjYuddV/arcgis/rest/services/Annual_Average_Daily_Traffic_TDA/FeatureServer/0/query?where=COUNTY%3D%27Miami-Dade%27&outFields=ROADWAY%2CAADT%2CAADTFLG%2CCOUNTY%2CDISTRICT%2CYEAR_%2CDESC_FRM%2CDESC_TO%2CBEGIN_POST%2CEND_POST&returnGeometry=false&f=json
87122000,2900,F,Miami-Dade,6,2025,SR-25/OKEECHOBEE RD,NW 54 ST/HIALEAH DR,0,0.051,FDOT Annual Average Daily Traffic TDA,https://services1.arcgis.com/O1JpcwDW8sjYuddV/arcgis/rest/services/Annual_Average_Daily_Traffic_TDA/FeatureServer/0,https://services1.arcgis.com/O1JpcwDW8sjYuddV/arcgis/rest/services/Annual_Average_Daily_Traffic_TDA/FeatureServer/0/query?where=COUNTY%3D%27Miami-Dade%27&outFields=ROADWAY%2CAADT%2CAADTFLG%2CCOUNTY%2CDISTRICT%2CYEAR_%2CDESC_FRM%2CDESC_TO%2CBEGIN_POST%2CEND_POST&returnGeometry=false&f=json
87063500,5000,C,Miami-Dade,6,2025,NW 41 ST,N ROYAL POINCIANA BL,0,2,FDOT Annual Average Daily Traffic TDA,https://services1.arcgis.com/O1JpcwDW8sjYuddV/arcgis/rest/services/Annual_Average_Daily_Traffic_TDA/FeatureServer/0,https://services1.arcgis.com/O1JpcwDW8sjYuddV/arcgis/rest/services/Annual_Average_Daily_Traffic_TDA/FeatureServer/0/query?where=COUNTY%3D%27Miami-Dade%27&outFields=ROADWAY%2CAADT%2CAADTFLG%2CCOUNTY%2CDISTRICT%2CYEAR_%2CDESC_FRM%2CDESC_TO%2CBEGIN_POST%2CEND_POST&returnGeometry=false&f=json
87062000,23000,C,Miami-Dade,6,2025,US-41/SR-90/SW 8 ST,NW 7 ST,4.072,5.064,FDOT Annual Average Daily Traffic TDA,https://services1.arcgis.com/O1JpcwDW8sjYuddV/arcgis/rest/services/Annual_Average_Daily_Traffic_TDA/FeatureServer/0,https://services1.arcgis.com/O1JpcwDW8sjYuddV/arcgis/rest/services/Annual_Average_Daily_Traffic_TDA/FeatureServer/0/query?where=COUNTY%3D%27Miami-Dade%27&outFields=ROADWAY%2CAADT%2CAADTFLG%2CCOUNTY%2CDISTRICT%2CYEAR_%2CDESC_FRM%2CDESC_TO%2CBEGIN_POST%2CEND_POST&returnGeometry=false&f=json
87120000,34500,C,Miami-Dade,6,2025,SR- 953/LEJEUNE RD,SW 36 CT,13.591,14.17,FDOT Annual Average Daily Traffic TDA,https://services1.arcgis.com/O1JpcwDW8sjYuddV/arcgis/rest/services/Annual_Average_Daily_Traffic_TDA/FeatureServer/0,https://services1.arcgis.com/O1JpcwDW8sjYuddV/arcgis/rest/services/Annual_Average_Daily_Traffic_TDA/FeatureServer/0/query?where=COUNTY%3D%27Miami-Dade%27&outFields=ROADWAY%2CAADT%2CAADTFLG%2CCOUNTY%2CDISTRICT%2CYEAR_%2CDESC_FRM%2CDESC_TO%2CBEGIN_POST%2CEND_POST&returnGeometry=false&f=json
87200000,174000,C,Miami-Dade,6,2025,87200606 EB ON,Bridge No-871113,1.464,3.26,FDOT Annual Average Daily Traffic TDA,https://services1.arcgis.com/O1JpcwDW8sjYuddV/arcgis/rest/services/Annual_Average_Daily_Traffic_TDA/FeatureServer/0,https://services1.arcgis.com/O1JpcwDW8sjYuddV/arcgis/rest/services/Annual_Average_Daily_Traffic_TDA/FeatureServer/0/query?where=COUNTY%3D%27Miami-Dade%27&outFields=ROADWAY%2CAADT%2CAADTFLG%2CCOUNTY%2CDISTRICT%2CYEAR_%2CDESC_FRM%2CDESC_TO%2CBEGIN_POST%2CEND_POST&returnGeometry=false&f=json
87200161,4100,C,Miami-Dade,6,2025,NW 12 ST,87200163 WB ON,0,0.315,FDOT Annual Average Daily Traffic TDA,https://services1.arcgis.com/O1JpcwDW8sjYuddV/arcgis/rest/services/Annual_Average_Daily_Traffic_TDA/FeatureServer/0,https://services1.arcgis.com/O1JpcwDW8sjYuddV/arcgis/rest/services/Annual_Average_Daily_Traffic_TDA/FeatureServer/0/query?where=COUNTY%3D%27Miami-Dade%27&outFields=ROADWAY%2CAADT%2CAADTFLG%2CCOUNTY%2CDISTRICT%2CYEAR_%2CDESC_FRM%2CDESC_TO%2CBEGIN_POST%2CEND_POST&returnGeometry=false&f=json
87080001,10500,C,Miami-Dade,6,2025,SR-9A / I-95,SR-934/NW 79 ST,2.209,3.034,FDOT Annual Average Daily Traffic TDA,https://services1.arcgis.com/O1JpcwDW8sjYuddV/arcgis/rest/services/Annual_Average_Daily_Traffic_TDA/FeatureServer/0,https://services1.arcgis.com/O1JpcwDW8sjYuddV/arcgis/rest/services/Annual_Average_Daily_Traffic_TDA/FeatureServer/0/query?where=COUNTY%3D%27Miami-Dade%27&outFields=ROADWAY%2CAADT%2CAADTFLG%2CCOUNTY%2CDISTRICT%2CYEAR_%2CDESC_FRM%2CDESC_TO%2CBEGIN_POST%2CEND_POST&returnGeometry=false&f=json
87170361,1700,F,Miami-Dade,6,2025,PARKING ENTRANCE,SR-826 / NE 163 ST,0,0.154,FDOT Annual Average Daily Traffic TDA,https://services1.arcgis.com/O1JpcwDW8sjYuddV/arcgis/rest/services/Annual_Average_Daily_Traffic_TDA/FeatureServer/0,https://services1.arcgis.com/O1JpcwDW8sjYuddV/arcgis/rest/services/Annual_Average_Daily_Traffic_TDA/FeatureServer/0/query?where=COUNTY%3D%27Miami-Dade%27&outFields=ROADWAY%2CAADT%2CAADTFLG%2CCOUNTY%2CDISTRICT%2CYEAR_%2CDESC_FRM%2CDESC_TO%2CBEGIN_POST%2CEND_POST&returnGeometry=false&f=json
87077504,10000,F,Miami-Dade,6,2025,END OF UP 870211,SW 8 ST,0,1.246,FDOT Annual Average Daily Traffic TDA,https://services1.arcgis.com/O1JpcwDW8sjYuddV/arcgis/rest/services/Annual_Average_Daily_Traffic_TDA/FeatureServer/0,https://services1.arcgis.com/O1JpcwDW8sjYuddV/arcgis/rest/services/Annual_Average_Daily_Traffic_TDA/FeatureServer/0/query?where=COUNTY%3D%27Miami-Dade%27&outFields=ROADWAY%2CAADT%2CAADTFLG%2CCOUNTY%2CDISTRICT%2CYEAR_%2CDESC_FRM%2CDESC_TO%2CBEGIN_POST%2CEND_POST&returnGeometry=false&f=json
87120001,21000,C,Miami-Dade,6,2025,SR-7/US-441/SW 8 AVE,SR-933/SW 12 AV,1.066,1.504,FDOT Annual Average Daily Traffic TDA,https://services1.arcgis.com/O1JpcwDW8sjYuddV/arcgis/rest/services/Annual_Average_Daily_Traffic_TDA/FeatureServer/0,https://services1.arcgis.com/O1JpcwDW8sjYuddV/arcgis/rest/services/Annual_Average_Daily_Traffic_TDA/FeatureServer/0/query?where=COUNTY%3D%27Miami-Dade%27&outFields=ROADWAY%2CAADT%2CAADTFLG%2CCOUNTY%2CDISTRICT%2CYEAR_%2CDESC_FRM%2CDESC_TO%2CBEGIN_POST%2CEND_POST&returnGeometry=false&f=json
87064503,12500,F,Miami-Dade,6,2025,SW 8 ST/TAMIAMI TRL,TAMIAMI CANAL RD,0,0.7,FDOT Annual Average Daily Traffic TDA,https://services1.arcgis.com/O1JpcwDW8sjYuddV/arcgis/rest/services/Annual_Average_Daily_Traffic_TDA/FeatureServer/0,https://services1.arcgis.com/O1JpcwDW8sjYuddV/arcgis/rest/services/Annual_Average_Daily_Traffic_TDA/FeatureServer/0/query?where=COUNTY%3D%27Miami-Dade%27&outFields=ROADWAY%2CAADT%2CAADTFLG%2CCOUNTY%2CDISTRICT%2CYEAR_%2CDESC_FRM%2CDESC_TO%2CBEGIN_POST%2CEND_POST&returnGeometry=false&f=json
87200119,21500,T,Miami-Dade,6,2025,SR-836/WB,I-95/NB,0,0.417,FDOT Annual Average Daily Traffic TDA,https://services1.arcgis.com/O1JpcwDW8sjYuddV/arcgis/rest/services/Annual_Average_Daily_Traffic_TDA/FeatureServer/0,https://services1.arcgis.com/O1JpcwDW8sjYuddV/arcgis/rest/services/Annual_Average_Daily_Traffic_TDA/FeatureServer/0/query?where=COUNTY%3D%27Miami-Dade%27&outFields=ROADWAY%2CAADT%2CAADTFLG%2CCOUNTY%2CDISTRICT%2CYEAR_%2CDESC_FRM%2CDESC_TO%2CBEGIN_POST%2CEND_POST&returnGeometry=false&f=json
87062000,22500,C,Miami-Dade,6,2025,SW 24 ST/CORAL WAY,US-41/SR-90/SW 8 ST,3.024,4.072,FDOT Annual Average Daily Traffic TDA,https://services1.arcgis.com/O1JpcwDW8sjYuddV/arcgis/rest/services/Annual_Average_Daily_Traffic_TDA/FeatureServer/0,https://services1.arcgis.com/O1JpcwDW8sjYuddV/arcgis/rest/services/Annual_Average_Daily_Traffic_TDA/FeatureServer/0/query?where=COUNTY%3D%27Miami-Dade%27&outFields=ROADWAY%2CAADT%2CAADTFLG%2CCOUNTY%2CDISTRICT%2CYEAR_%2CDESC_FRM%2CDESC_TO%2CBEGIN_POST%2CEND_POST&returnGeometry=false&f=json
