rank,signal_id,road_id,maintaining_agency,latitude,longitude,aadt_vehicles_per_day,aadt_data_year,closest_hurricane_track_km,storms_within_250km,noaa_storm_events_county_2014_2022,fema_disaster_declarations_2016_2022,aadt_score_0_to_1,hurricane_proximity_score_0_to_1,priority_score_0_to_1,priority_tier,formula,aadt_source,hurricane_source,noaa_source,fema_source
1,3833,87008000,MIAMI-DADE,25.898673,-80.299972,39500,2025,0.15,206,87,10,0.141,1.0,0.5705,HIGH,priority_score = 0.5 × aadt_score + 0.5 × hurricane_proximity_score,FDOT Annual Average Daily Traffic TDA (2025),NOAA HURDAT2 Atlantic Hurricane Database (1851-2023),NOAA Storm Events Database Miami-Dade CZ_FIPS=86 (2014-2022),FEMA OpenFEMA Disaster Declarations Miami-Dade (2016-2022)
2,4110,87260000,MIAMI-DADE,25.931113,-80.209107,271000,2025,9.73,210,87,10,1.0,0.0032,0.5016,HIGH,priority_score = 0.5 × aadt_score + 0.5 × hurricane_proximity_score,FDOT Annual Average Daily Traffic TDA (2025),NOAA HURDAT2 Atlantic Hurricane Database (1851-2023),NOAA Storm Events Database Miami-Dade CZ_FIPS=86 (2014-2022),FEMA OpenFEMA Disaster Declarations Miami-Dade (2016-2022)
3,3215,87260000,MIAMI-DADE,25.934552,-80.204957,271000,2025,10.25,210,87,10,1.0,0.0024,0.5012,HIGH,priority_score = 0.5 × aadt_score + 0.5 × hurricane_proximity_score,FDOT Annual Average Daily Traffic TDA (2025),NOAA HURDAT2 Atlantic Hurricane Database (1851-2023),NOAA Storm Events Database Miami-Dade CZ_FIPS=86 (2014-2022),FEMA OpenFEMA Disaster Declarations Miami-Dade (2016-2022)
4,3832,87008000,MIAMI-DADE,25.898679,-80.29817,39500,2025,0.23,207,87,10,0.141,0.6479,0.3944,HIGH,priority_score = 0.5 × aadt_score + 0.5 × hurricane_proximity_score,FDOT Annual Average Daily Traffic TDA (2025),NOAA HURDAT2 Atlantic Hurricane Database (1851-2023),NOAA Storm Events Database Miami-Dade CZ_FIPS=86 (2014-2022),FEMA OpenFEMA Disaster Declarations Miami-Dade (2016-2022)
5,3626,87030000,MIAMI-DADE,25.696487,-80.299064,87500,2025,0.4,206,87,10,0.3191,0.3672,0.3432,HIGH,priority_score = 0.5 × aadt_score + 0.5 × hurricane_proximity_score,FDOT Annual Average Daily Traffic TDA (2025),NOAA HURDAT2 Atlantic Hurricane Database (1851-2023),NOAA Storm Events Database Miami-Dade CZ_FIPS=86 (2014-2022),FEMA OpenFEMA Disaster Declarations Miami-Dade (2016-2022)
6,3650,87030000,MIAMI-DADE,25.694615,-80.301237,87500,2025,0.61,206,87,10,0.3191,0.2365,0.2778,HIGH,priority_score = 0.5 × aadt_score + 0.5 × hurricane_proximity_score,FDOT Annual Average Daily Traffic TDA (2025),NOAA HURDAT2 Atlantic Hurricane Database (1851-2023),NOAA Storm Events Database Miami-Dade CZ_FIPS=86 (2014-2022),FEMA OpenFEMA Disaster Declarations Miami-Dade (2016-2022)
7,2999,87030000,MIAMI-DADE,25.70113,-80.293449,87500,2025,0.67,206,87,10,0.3191,0.2143,0.2667,HIGH,priority_score = 0.5 × aadt_score + 0.5 × hurricane_proximity_score,FDOT Annual Average Daily Traffic TDA (2025),NOAA HURDAT2 Atlantic Hurricane Database (1851-2023),NOAA Storm Events Database Miami-Dade CZ_FIPS=86 (2014-2022),FEMA OpenFEMA Disaster Declarations Miami-Dade (2016-2022)
8,2650,87004000,MIAMI-DADE,25.812878,-80.135946,137500,2025,3.87,210,87,10,0.5046,0.0268,0.2657,HIGH,priority_score = 0.5 × aadt_score + 0.5 × hurricane_proximity_score,FDOT Annual Average Daily Traffic TDA (2025),NOAA HURDAT2 Atlantic Hurricane Database (1851-2023),NOAA Storm Events Database Miami-Dade CZ_FIPS=86 (2014-2022),FEMA OpenFEMA Disaster Declarations Miami-Dade (2016-2022)
9,4481,87030000,MIAMI-DADE,25.693331,-80.30281,87500,2025,0.79,206,87,10,0.3191,0.1798,0.2495,HIGH,priority_score = 0.5 × aadt_score + 0.5 × hurricane_proximity_score,FDOT Annual Average Daily Traffic TDA (2025),NOAA HURDAT2 Atlantic Hurricane Database (1851-2023),NOAA Storm Events Database Miami-Dade CZ_FIPS=86 (2014-2022),FEMA OpenFEMA Disaster Declarations Miami-Dade (2016-2022)
10,5661,87030000,MIAMI-DADE,25.692411,-80.303945,87500,2025,0.93,206,87,10,0.3191,0.1509,0.235,HIGH,priority_score = 0.5 × aadt_score + 0.5 × hurricane_proximity_score,FDOT Annual Average Daily Traffic TDA (2025),NOAA HURDAT2 Atlantic Hurricane Database (1851-2023),NOAA Storm Events Database Miami-Dade CZ_FIPS=86 (2014-2022),FEMA OpenFEMA Disaster Declarations Miami-Dade (2016-2022)
11,4804,87030000,MIAMI-DADE,25.703374,-80.290693,87500,2025,1.01,206,87,10,0.3191,0.138,0.2285,HIGH,priority_score = 0.5 × aadt_score + 0.5 × hurricane_proximity_score,FDOT Annual Average Daily Traffic TDA (2025),NOAA HURDAT2 Atlantic Hurricane Database (1851-2023),NOAA Storm Events Database Miami-Dade CZ_FIPS=86 (2014-2022),FEMA OpenFEMA Disaster Declarations Miami-Dade (2016-2022)
12,3597,87030000,MIAMI-DADE,25.80161,-80.189175,87500,2025,1.1,206,87,10,0.3191,0.1256,0.2224,HIGH,priority_score = 0.5 × aadt_score + 0.5 × hurricane_proximity_score,FDOT Annual Average Daily Traffic TDA (2025),NOAA HURDAT2 Atlantic Hurricane Database (1851-2023),NOAA Storm Events Database Miami-Dade CZ_FIPS=86 (2014-2022),FEMA OpenFEMA Disaster Declarations Miami-Dade (2016-2022)
13,3596,87030000,MIAMI-DADE,25.798081,-80.189064,87500,2025,1.12,206,87,10,0.3191,0.1232,0.2211,HIGH,priority_score = 0.5 × aadt_score + 0.5 × hurricane_proximity_score,FDOT Annual Average Daily Traffic TDA (2025),NOAA HURDAT2 Atlantic Hurricane Database (1851-2023),NOAA Storm Events Database Miami-Dade CZ_FIPS=86 (2014-2022),FEMA OpenFEMA Disaster Declarations Miami-Dade (2016-2022)
14,4836,87030000,MIAMI-DADE,25.797093,-80.189052,87500,2025,1.14,206,87,10,0.3191,0.1208,0.22,HIGH,priority_score = 0.5 × aadt_score + 0.5 × hurricane_proximity_score,FDOT Annual Average Daily Traffic TDA (2025),NOAA HURDAT2 Atlantic Hurricane Database (1851-2023),NOAA Storm Events Database Miami-Dade CZ_FIPS=86 (2014-2022),FEMA OpenFEMA Disaster Declarations Miami-Dade (2016-2022)
15,3002,87030000,MIAMI-DADE,25.704296,-80.289559,87500,2025,1.15,206,87,10,0.3191,0.1196,0.2194,HIGH,priority_score = 0.5 × aadt_score + 0.5 × hurricane_proximity_score,FDOT Annual Average Daily Traffic TDA (2025),NOAA HURDAT2 Atlantic Hurricane Database (1851-2023),NOAA Storm Events Database Miami-Dade CZ_FIPS=86 (2014-2022),FEMA OpenFEMA Disaster Declarations Miami-Dade (2016-2022)
16,4706,87030000,MIAMI-DADE,25.690952,-80.305734,87500,2025,1.16,206,87,10,0.3191,0.1185,0.2188,HIGH,priority_score = 0.5 × aadt_score + 0.5 × hurricane_proximity_score,FDOT Annual Average Daily Traffic TDA (2025),NOAA HURDAT2 Atlantic Hurricane Database (1851-2023),NOAA Storm Events Database Miami-Dade CZ_FIPS=86 (2014-2022),FEMA OpenFEMA Disaster Declarations Miami-Dade (2016-2022)
17,2417,87030000,MIAMI-DADE,25.804221,-80.189349,87500,2025,1.16,206,87,10,0.3191,0.1185,0.2188,HIGH,priority_score = 0.5 × aadt_score + 0.5 × hurricane_proximity_score,FDOT Annual Average Daily Traffic TDA (2025),NOAA HURDAT2 Atlantic Hurricane Database (1851-2023),NOAA Storm Events Database Miami-Dade CZ_FIPS=86 (2014-2022),FEMA OpenFEMA Disaster Declarations Miami-Dade (2016-2022)
18,2390,87030000,MIAMI-DADE,25.794782,-80.189006,87500,2025,1.24,206,87,10,0.3191,0.1101,0.2146,HIGH,priority_score = 0.5 × aadt_score + 0.5 × hurricane_proximity_score,FDOT Annual Average Daily Traffic TDA (2025),NOAA HURDAT2 Atlantic Hurricane Database (1851-2023),NOAA Storm Events Database Miami-Dade CZ_FIPS=86 (2014-2022),FEMA OpenFEMA Disaster Declarations Miami-Dade (2016-2022)
19,4683,87030000,MIAMI-DADE,25.690019,-80.306879,87500,2025,1.31,206,87,10,0.3191,0.1035,0.2113,HIGH,priority_score = 0.5 × aadt_score + 0.5 × hurricane_proximity_score,FDOT Annual Average Daily Traffic TDA (2025),NOAA HURDAT2 Atlantic Hurricane Database (1851-2023),NOAA Storm Events Database Miami-Dade CZ_FIPS=86 (2014-2022),FEMA OpenFEMA Disaster Declarations Miami-Dade (2016-2022)
20,3258,87140000,MIAMI-DADE,25.79896,-80.20715,61500,2025,0.73,206,87,10,0.2226,0.1956,0.2091,HIGH,priority_score = 0.5 × aadt_score + 0.5 × hurricane_proximity_score,FDOT Annual Average Daily Traffic TDA (2025),NOAA HURDAT2 Atlantic Hurricane Database (1851-2023),NOAA Storm Events Database Miami-Dade CZ_FIPS=86 (2014-2022),FEMA OpenFEMA Disaster Declarations Miami-Dade (2016-2022)
21,3598,87030000,MIAMI-DADE,25.807882,-80.18947,87500,2025,1.37,206,87,10,0.3191,0.0984,0.2088,HIGH,priority_score = 0.5 × aadt_score + 0.5 × hurricane_proximity_score,FDOT Annual Average Daily Traffic TDA (2025),NOAA HURDAT2 Atlantic Hurricane Database (1851-2023),NOAA Storm Events Database Miami-Dade CZ_FIPS=86 (2014-2022),FEMA OpenFEMA Disaster Declarations Miami-Dade (2016-2022)
22,4136,87030000,MIAMI-DADE,25.792283,-80.188957,87500,2025,1.4,206,87,10,0.3191,0.0961,0.2076,HIGH,priority_score = 0.5 × aadt_score + 0.5 × hurricane_proximity_score,FDOT Annual Average Daily Traffic TDA (2025),NOAA HURDAT2 Atlantic Hurricane Database (1851-2023),NOAA Storm Events Database Miami-Dade CZ_FIPS=86 (2014-2022),FEMA OpenFEMA Disaster Declarations Miami-Dade (2016-2022)
23,4491,87030000,MIAMI-DADE,25.705928,-80.287491,87500,2025,1.42,207,87,10,0.3191,0.0945,0.2068,HIGH,priority_score = 0.5 × aadt_score + 0.5 × hurricane_proximity_score,FDOT Annual Average Daily Traffic TDA (2025),NOAA HURDAT2 Atlantic Hurricane Database (1851-2023),NOAA Storm Events Database Miami-Dade CZ_FIPS=86 (2014-2022),FEMA OpenFEMA Disaster Declarations Miami-Dade (2016-2022)
24,4288,87030000,MIAMI-DADE,25.79131,-80.188998,87500,2025,1.47,206,87,10,0.3191,0.0909,0.205,HIGH,priority_score = 0.5 × aadt_score + 0.5 × hurricane_proximity_score,FDOT Annual Average Daily Traffic TDA (2025),NOAA HURDAT2 Atlantic Hurricane Database (1851-2023),NOAA Storm Events Database Miami-Dade CZ_FIPS=86 (2014-2022),FEMA OpenFEMA Disaster Declarations Miami-Dade (2016-2022)
25,2953,87030000,MIAMI-DADE,25.688761,-80.308434,87500,2025,1.51,206,87,10,0.3191,0.0882,0.2036,HIGH,priority_score = 0.5 × aadt_score + 0.5 × hurricane_proximity_score,FDOT Annual Average Daily Traffic TDA (2025),NOAA HURDAT2 Atlantic Hurricane Database (1851-2023),NOAA Storm Events Database Miami-Dade CZ_FIPS=86 (2014-2022),FEMA OpenFEMA Disaster Declarations Miami-Dade (2016-2022)
26,5223,87030000,MIAMI-DADE,25.706577,-80.286668,87500,2025,1.52,207,87,10,0.3191,0.0875,0.2033,HIGH,priority_score = 0.5 × aadt_score + 0.5 × hurricane_proximity_score,FDOT Annual Average Daily Traffic TDA (2025),NOAA HURDAT2 Atlantic Hurricane Database (1851-2023),NOAA Storm Events Database Miami-Dade CZ_FIPS=86 (2014-2022),FEMA OpenFEMA Disaster Declarations Miami-Dade (2016-2022)
27,2953,87001000,MIAMI-DADE,25.688759,-80.308529,87000,2025,1.51,206,87,10,0.3173,0.0882,0.2027,HIGH,priority_score = 0.5 × aadt_score + 0.5 × hurricane_proximity_score,FDOT Annual Average Daily Traffic TDA (2025),NOAA HURDAT2 Atlantic Hurricane Database (1851-2023),NOAA Storm Events Database Miami-Dade CZ_FIPS=86 (2014-2022),FEMA OpenFEMA Disaster Declarations Miami-Dade (2016-2022)
28,2097,87030000,MIAMI-DADE,25.810712,-80.189437,87500,2025,1.59,206,87,10,0.3191,0.0831,0.2011,HIGH,priority_score = 0.5 × aadt_score + 0.5 × hurricane_proximity_score,FDOT Annual Average Daily Traffic TDA (2025),NOAA HURDAT2 Atlantic Hurricane Database (1851-2023),NOAA Storm Events Database Miami-Dade CZ_FIPS=86 (2014-2022),FEMA OpenFEMA Disaster Declarations Miami-Dade (2016-2022)
29,2381,87030000,MIAMI-DADE,25.789611,-80.189079,87500,2025,1.59,206,87,10,0.3191,0.0831,0.2011,HIGH,priority_score = 0.5 × aadt_score + 0.5 × hurricane_proximity_score,FDOT Annual Average Daily Traffic TDA (2025),NOAA HURDAT2 Atlantic Hurricane Database (1851-2023),NOAA Storm Events Database Miami-Dade CZ_FIPS=86 (2014-2022),FEMA OpenFEMA Disaster Declarations Miami-Dade (2016-2022)
30,2998,87030000,MIAMI-DADE,25.707378,-80.28565,87500,2025,1.66,207,87,10,0.3191,0.0791,0.1991,HIGH,priority_score = 0.5 × aadt_score + 0.5 × hurricane_proximity_score,FDOT Annual Average Daily Traffic TDA (2025),NOAA HURDAT2 Atlantic Hurricane Database (1851-2023),NOAA Storm Events Database Miami-Dade CZ_FIPS=86 (2014-2022),FEMA OpenFEMA Disaster Declarations Miami-Dade (2016-2022)
31,2367,87030000,MIAMI-DADE,25.788334,-80.189151,87500,2025,1.69,206,87,10,0.3191,0.0775,0.1983,HIGH,priority_score = 0.5 × aadt_score + 0.5 × hurricane_proximity_score,FDOT Annual Average Daily Traffic TDA (2025),NOAA HURDAT2 Atlantic Hurricane Database (1851-2023),NOAA Storm Events Database Miami-Dade CZ_FIPS=86 (2014-2022),FEMA OpenFEMA Disaster Declarations Miami-Dade (2016-2022)
32,3322,87001000,MIAMI-DADE,25.688665,-80.311287,87000,2025,1.69,206,87,10,0.3173,0.0775,0.1974,HIGH,priority_score = 0.5 × aadt_score + 0.5 × hurricane_proximity_score,FDOT Annual Average Daily Traffic TDA (2025),NOAA HURDAT2 Atlantic Hurricane Database (1851-2023),NOAA Storm Events Database Miami-Dade CZ_FIPS=86 (2014-2022),FEMA OpenFEMA Disaster Declarations Miami-Dade (2016-2022)
33,2099,87030000,MIAMI-DADE,25.81251,-80.189232,87500,2025,1.76,206,87,10,0.3191,0.0739,0.1965,HIGH,priority_score = 0.5 × aadt_score + 0.5 × hurricane_proximity_score,FDOT Annual Average Daily Traffic TDA (2025),NOAA HURDAT2 Atlantic Hurricane Database (1851-2023),NOAA Storm Events Database Miami-Dade CZ_FIPS=86 (2014-2022),FEMA OpenFEMA Disaster Declarations Miami-Dade (2016-2022)
34,2362,87030000,MIAMI-DADE,25.787071,-80.18911,87500,2025,1.8,206,87,10,0.3191,0.072,0.1955,HIGH,priority_score = 0.5 × aadt_score + 0.5 × hurricane_proximity_score,FDOT Annual Average Daily Traffic TDA (2025),NOAA HURDAT2 Atlantic Hurricane Database (1851-2023),NOAA Storm Events Database Miami-Dade CZ_FIPS=86 (2014-2022),FEMA OpenFEMA Disaster Declarations Miami-Dade (2016-2022)
35,2422,87140000,MIAMI-DADE,25.803638,-80.207315,61500,2025,0.84,206,87,10,0.2226,0.1684,0.1955,HIGH,priority_score = 0.5 × aadt_score + 0.5 × hurricane_proximity_score,FDOT Annual Average Daily Traffic TDA (2025),NOAA HURDAT2 Atlantic Hurricane Database (1851-2023),NOAA Storm Events Database Miami-Dade CZ_FIPS=86 (2014-2022),FEMA OpenFEMA Disaster Declarations Miami-Dade (2016-2022)
36,3997,87001000,MIAMI-DADE,25.688593,-80.313307,87000,2025,1.84,206,87,10,0.3173,0.0701,0.1937,HIGH,priority_score = 0.5 × aadt_score + 0.5 × hurricane_proximity_score,FDOT Annual Average Daily Traffic TDA (2025),NOAA HURDAT2 Atlantic Hurricane Database (1851-2023),NOAA Storm Events Database Miami-Dade CZ_FIPS=86 (2014-2022),FEMA OpenFEMA Disaster Declarations Miami-Dade (2016-2022)
37,3645,87030000,MIAMI-DADE,25.785486,-80.189113,87500,2025,1.95,206,87,10,0.3191,0.0655,0.1923,HIGH,priority_score = 0.5 × aadt_score + 0.5 × hurricane_proximity_score,FDOT Annual Average Daily Traffic TDA (2025),NOAA HURDAT2 Atlantic Hurricane Database (1851-2023),NOAA Storm Events Database Miami-Dade CZ_FIPS=86 (2014-2022),FEMA OpenFEMA Disaster Declarations Miami-Dade (2016-2022)
38,2399,87140000,MIAMI-DADE,25.795241,-80.207018,61500,2025,0.88,206,87,10,0.2226,0.1602,0.1914,HIGH,priority_score = 0.5 × aadt_score + 0.5 × hurricane_proximity_score,FDOT Annual Average Daily Traffic TDA (2025),NOAA HURDAT2 Atlantic Hurricane Database (1851-2023),NOAA Storm Events Database Miami-Dade CZ_FIPS=86 (2014-2022),FEMA OpenFEMA Disaster Declarations Miami-Dade (2016-2022)
39,2350,87030000,MIAMI-DADE,25.784911,-80.189199,87500,2025,2.0,206,87,10,0.3191,0.0635,0.1913,HIGH,priority_score = 0.5 × aadt_score + 0.5 × hurricane_proximity_score,FDOT Annual Average Daily Traffic TDA (2025),NOAA HURDAT2 Atlantic Hurricane Database (1851-2023),NOAA Storm Events Database Miami-Dade CZ_FIPS=86 (2014-2022),FEMA OpenFEMA Disaster Declarations Miami-Dade (2016-2022)
40,4137,87001000,MIAMI-DADE,25.688542,-80.314815,87000,2025,1.96,206,87,10,0.3173,0.0651,0.1912,HIGH,priority_score = 0.5 × aadt_score + 0.5 × hurricane_proximity_score,FDOT Annual Average Daily Traffic TDA (2025),NOAA HURDAT2 Atlantic Hurricane Database (1851-2023),NOAA Storm Events Database Miami-Dade CZ_FIPS=86 (2014-2022),FEMA OpenFEMA Disaster Declarations Miami-Dade (2016-2022)
41,2342,87030000,MIAMI-DADE,25.783972,-80.189297,87500,2025,2.08,206,87,10,0.3191,0.0606,0.1899,HIGH,priority_score = 0.5 × aadt_score + 0.5 × hurricane_proximity_score,FDOT Annual Average Daily Traffic TDA (2025),NOAA HURDAT2 Atlantic Hurricane Database (1851-2023),NOAA Storm Events Database Miami-Dade CZ_FIPS=86 (2014-2022),FEMA OpenFEMA Disaster Declarations Miami-Dade (2016-2022)
42,4341,87030000,MIAMI-DADE,25.684792,-80.312822,87500,2025,2.12,206,87,10,0.3191,0.0592,0.1892,HIGH,priority_score = 0.5 × aadt_score + 0.5 × hurricane_proximity_score,FDOT Annual Average Daily Traffic TDA (2025),NOAA HURDAT2 Atlantic Hurricane Database (1851-2023),NOAA Storm Events Database Miami-Dade CZ_FIPS=86 (2014-2022),FEMA OpenFEMA Disaster Declarations Miami-Dade (2016-2022)
43,3668,87001000,MIAMI-DADE,25.688494,-80.316242,87000,2025,2.07,206,87,10,0.3173,0.061,0.1891,HIGH,priority_score = 0.5 × aadt_score + 0.5 × hurricane_proximity_score,FDOT Annual Average Daily Traffic TDA (2025),NOAA HURDAT2 Atlantic Hurricane Database (1851-2023),NOAA Storm Events Database Miami-Dade CZ_FIPS=86 (2014-2022),FEMA OpenFEMA Disaster Declarations Miami-Dade (2016-2022)
44,6444,87030000,MIAMI-DADE,25.783013,-80.189306,87500,2025,2.17,206,87,10,0.3191,0.0576,0.1883,HIGH,priority_score = 0.5 × aadt_score + 0.5 × hurricane_proximity_score,FDOT Annual Average Daily Traffic TDA (2025),NOAA HURDAT2 Atlantic Hurricane Database (1851-2023),NOAA Storm Events Database Miami-Dade CZ_FIPS=86 (2014-2022),FEMA OpenFEMA Disaster Declarations Miami-Dade (2016-2022)
45,5986,87030000,MIAMI-DADE,25.782039,-80.189308,87500,2025,2.27,206,87,10,0.3191,0.0545,0.1868,HIGH,priority_score = 0.5 × aadt_score + 0.5 × hurricane_proximity_score,FDOT Annual Average Daily Traffic TDA (2025),NOAA HURDAT2 Atlantic Hurricane Database (1851-2023),NOAA Storm Events Database Miami-Dade CZ_FIPS=86 (2014-2022),FEMA OpenFEMA Disaster Declarations Miami-Dade (2016-2022)
46,4681,87030000,MIAMI-DADE,25.683588,-80.313908,87500,2025,2.3,206,87,10,0.3191,0.0536,0.1864,HIGH,priority_score = 0.5 × aadt_score + 0.5 × hurricane_proximity_score,FDOT Annual Average Daily Traffic TDA (2025),NOAA HURDAT2 Atlantic Hurricane Database (1851-2023),NOAA Storm Events Database Miami-Dade CZ_FIPS=86 (2014-2022),FEMA OpenFEMA Disaster Declarations Miami-Dade (2016-2022)
47,3972,87001000,MIAMI-DADE,25.688401,-80.319306,87000,2025,2.32,206,87,10,0.3173,0.0531,0.1852,HIGH,priority_score = 0.5 × aadt_score + 0.5 × hurricane_proximity_score,FDOT Annual Average Daily Traffic TDA (2025),NOAA HURDAT2 Atlantic Hurricane Database (1851-2023),NOAA Storm Events Database Miami-Dade CZ_FIPS=86 (2014-2022),FEMA OpenFEMA Disaster Declarations Miami-Dade (2016-2022)
48,3669,87030000,MIAMI-DADE,25.71193,-80.279987,87500,2025,2.4,205,87,10,0.3191,0.0509,0.185,HIGH,priority_score = 0.5 × aadt_score + 0.5 × hurricane_proximity_score,FDOT Annual Average Daily Traffic TDA (2025),NOAA HURDAT2 Atlantic Hurricane Database (1851-2023),NOAA Storm Events Database Miami-Dade CZ_FIPS=86 (2014-2022),FEMA OpenFEMA Disaster Declarations Miami-Dade (2016-2022)
49,3241,87030000,MIAMI-DADE,25.780123,-80.188934,87500,2025,2.47,206,87,10,0.3191,0.0491,0.1841,HIGH,priority_score = 0.5 × aadt_score + 0.5 × hurricane_proximity_score,FDOT Annual Average Daily Traffic TDA (2025),NOAA HURDAT2 Atlantic Hurricane Database (1851-2023),NOAA Storm Events Database Miami-Dade CZ_FIPS=86 (2014-2022),FEMA OpenFEMA Disaster Declarations Miami-Dade (2016-2022)
50,3344,87002000,MIAMI-DADE,25.898772,-80.291917,54000,2025,0.82,208,87,10,0.1948,0.1728,0.1838,HIGH,priority_score = 0.5 × aadt_score + 0.5 × hurricane_proximity_score,FDOT Annual Average Daily Traffic TDA (2025),NOAA HURDAT2 Atlantic Hurricane Database (1851-2023),NOAA Storm Events Database Miami-Dade CZ_FIPS=86 (2014-2022),FEMA OpenFEMA Disaster Declarations Miami-Dade (2016-2022)
51,6354,87030000,MIAMI-DADE,25.779557,-80.188642,87500,2025,2.54,206,87,10,0.3191,0.0474,0.1832,HIGH,priority_score = 0.5 × aadt_score + 0.5 × hurricane_proximity_score,FDOT Annual Average Daily Traffic TDA (2025),NOAA HURDAT2 Atlantic Hurricane Database (1851-2023),NOAA Storm Events Database Miami-Dade CZ_FIPS=86 (2014-2022),FEMA OpenFEMA Disaster Declarations Miami-Dade (2016-2022)
52,3774,87001000,MIAMI-DADE,25.688348,-80.321279,87000,2025,2.49,206,87,10,0.3173,0.0486,0.1829,HIGH,priority_score = 0.5 × aadt_score + 0.5 × hurricane_proximity_score,FDOT Annual Average Daily Traffic TDA (2025),NOAA HURDAT2 Atlantic Hurricane Database (1851-2023),NOAA Storm Events Database Miami-Dade CZ_FIPS=86 (2014-2022),FEMA OpenFEMA Disaster Declarations Miami-Dade (2016-2022)
53,3961,87002000,MIAMI-DADE,25.902635,-80.292116,54000,2025,0.84,207,87,10,0.1948,0.1684,0.1816,HIGH,priority_score = 0.5 × aadt_score + 0.5 × hurricane_proximity_score,FDOT Annual Average Daily Traffic TDA (2025),NOAA HURDAT2 Atlantic Hurricane Database (1851-2023),NOAA Storm Events Database Miami-Dade CZ_FIPS=86 (2014-2022),FEMA OpenFEMA Disaster Declarations Miami-Dade (2016-2022)
54,6355,87030000,MIAMI-DADE,25.778223,-80.1881,87500,2025,2.7,206,87,10,0.3191,0.0438,0.1815,HIGH,priority_score = 0.5 × aadt_score + 0.5 × hurricane_proximity_score,FDOT Annual Average Daily Traffic TDA (2025),NOAA HURDAT2 Atlantic Hurricane Database (1851-2023),NOAA Storm Events Database Miami-Dade CZ_FIPS=86 (2014-2022),FEMA OpenFEMA Disaster Declarations Miami-Dade (2016-2022)
55,4397,87030000,MIAMI-DADE,25.822132,-80.187179,87500,2025,2.78,206,87,10,0.3191,0.0422,0.1807,HIGH,priority_score = 0.5 × aadt_score + 0.5 × hurricane_proximity_score,FDOT Annual Average Daily Traffic TDA (2025),NOAA HURDAT2 Atlantic Hurricane Database (1851-2023),NOAA Storm Events Database Miami-Dade CZ_FIPS=86 (2014-2022),FEMA OpenFEMA Disaster Declarations Miami-Dade (2016-2022)
56,6433,87030000,MIAMI-DADE,25.777242,-80.187871,87500,2025,2.81,206,87,10,0.3191,0.0416,0.1804,HIGH,priority_score = 0.5 × aadt_score + 0.5 × hurricane_proximity_score,FDOT Annual Average Daily Traffic TDA (2025),NOAA HURDAT2 Atlantic Hurricane Database (1851-2023),NOAA Storm Events Database Miami-Dade CZ_FIPS=86 (2014-2022),FEMA OpenFEMA Disaster Declarations Miami-Dade (2016-2022)
57,4195,87030000,MIAMI-DADE,25.679455,-80.317009,87500,2025,2.85,205,87,10,0.3191,0.0409,0.18,HIGH,priority_score = 0.5 × aadt_score + 0.5 × hurricane_proximity_score,FDOT Annual Average Daily Traffic TDA (2025),NOAA HURDAT2 Atlantic Hurricane Database (1851-2023),NOAA Storm Events Database Miami-Dade CZ_FIPS=86 (2014-2022),FEMA OpenFEMA Disaster Declarations Miami-Dade (2016-2022)
58,3311,87001000,MIAMI-DADE,25.688261,-80.324358,87000,2025,2.77,205,87,10,0.3173,0.0424,0.1798,HIGH,priority_score = 0.5 × aadt_score + 0.5 × hurricane_proximity_score,FDOT Annual Average Daily Traffic TDA (2025),NOAA HURDAT2 Atlantic Hurricane Database (1851-2023),NOAA Storm Events Database Miami-Dade CZ_FIPS=86 (2014-2022),FEMA OpenFEMA Disaster Declarations Miami-Dade (2016-2022)
59,4878,87140000,MIAMI-DADE,25.80634,-80.207412,61500,2025,1.02,206,87,10,0.2226,0.1365,0.1796,HIGH,priority_score = 0.5 × aadt_score + 0.5 × hurricane_proximity_score,FDOT Annual Average Daily Traffic TDA (2025),NOAA HURDAT2 Atlantic Hurricane Database (1851-2023),NOAA Storm Events Database Miami-Dade CZ_FIPS=86 (2014-2022),FEMA OpenFEMA Disaster Declarations Miami-Dade (2016-2022)
60,3735,87030000,MIAMI-DADE,25.714929,-80.276298,87500,2025,2.9,207,87,10,0.3191,0.04,0.1795,HIGH,priority_score = 0.5 × aadt_score + 0.5 × hurricane_proximity_score,FDOT Annual Average Daily Traffic TDA (2025),NOAA HURDAT2 Atlantic Hurricane Database (1851-2023),NOAA Storm Events Database Miami-Dade CZ_FIPS=86 (2014-2022),FEMA OpenFEMA Disaster Declarations Miami-Dade (2016-2022)
61,6356,87030000,MIAMI-DADE,25.7763,-80.187542,87500,2025,2.92,206,87,10,0.3191,0.0396,0.1794,HIGH,priority_score = 0.5 × aadt_score + 0.5 × hurricane_proximity_score,FDOT Annual Average Daily Traffic TDA (2025),NOAA HURDAT2 Atlantic Hurricane Database (1851-2023),NOAA Storm Events Database Miami-Dade CZ_FIPS=86 (2014-2022),FEMA OpenFEMA Disaster Declarations Miami-Dade (2016-2022)
62,2296,87030000,MIAMI DADE,25.77535,-80.187403,87500,2025,3.02,206,87,10,0.3191,0.0379,0.1785,HIGH,priority_score = 0.5 × aadt_score + 0.5 × hurricane_proximity_score,FDOT Annual Average Daily Traffic TDA (2025),NOAA HURDAT2 Atlantic Hurricane Database (1851-2023),NOAA Storm Events Database Miami-Dade CZ_FIPS=86 (2014-2022),FEMA OpenFEMA Disaster Declarations Miami-Dade (2016-2022)
63,6357,87030000,MIAMI-DADE,25.77437,-80.187277,87500,2025,3.12,207,87,10,0.3191,0.0363,0.1777,HIGH,priority_score = 0.5 × aadt_score + 0.5 × hurricane_proximity_score,FDOT Annual Average Daily Traffic TDA (2025),NOAA HURDAT2 Atlantic Hurricane Database (1851-2023),NOAA Storm Events Database Miami-Dade CZ_FIPS=86 (2014-2022),FEMA OpenFEMA Disaster Declarations Miami-Dade (2016-2022)
64,4851,87002000,MIAMI-DADE,25.897028,-80.29184,54000,2025,0.88,208,87,10,0.1948,0.1602,0.1775,HIGH,priority_score = 0.5 × aadt_score + 0.5 × hurricane_proximity_score,FDOT Annual Average Daily Traffic TDA (2025),NOAA HURDAT2 Atlantic Hurricane Database (1851-2023),NOAA Storm Events Database Miami-Dade CZ_FIPS=86 (2014-2022),FEMA OpenFEMA Disaster Declarations Miami-Dade (2016-2022)
65,2103,87030000,MIAMI-DADE,25.825632,-80.186862,87500,2025,3.14,206,87,10,0.3191,0.036,0.1775,HIGH,priority_score = 0.5 × aadt_score + 0.5 × hurricane_proximity_score,FDOT Annual Average Daily Traffic TDA (2025),NOAA HURDAT2 Atlantic Hurricane Database (1851-2023),NOAA Storm Events Database Miami-Dade CZ_FIPS=86 (2014-2022),FEMA OpenFEMA Disaster Declarations Miami-Dade (2016-2022)
66,6358,87030000,MIAMI-DADE,25.773572,-80.187099,87500,2025,3.21,207,87,10,0.3191,0.0349,0.177,HIGH,priority_score = 0.5 × aadt_score + 0.5 × hurricane_proximity_score,FDOT Annual Average Daily Traffic TDA (2025),NOAA HURDAT2 Atlantic Hurricane Database (1851-2023),NOAA Storm Events Database Miami-Dade CZ_FIPS=86 (2014-2022),FEMA OpenFEMA Disaster Declarations Miami-Dade (2016-2022)
67,2624,87030000,MIAMI-DADE,25.717034,-80.273706,87500,2025,3.24,207,87,10,0.3191,0.0345,0.1768,HIGH,priority_score = 0.5 × aadt_score + 0.5 × hurricane_proximity_score,FDOT Annual Average Daily Traffic TDA (2025),NOAA HURDAT2 Atlantic Hurricane Database (1851-2023),NOAA Storm Events Database Miami-Dade CZ_FIPS=86 (2014-2022),FEMA OpenFEMA Disaster Declarations Miami-Dade (2016-2022)
68,2048,87090000,MIAMI-DADE,25.810336,-80.199001,64500,2025,1.15,206,87,10,0.2338,0.1196,0.1767,HIGH,priority_score = 0.5 × aadt_score + 0.5 × hurricane_proximity_score,FDOT Annual Average Daily Traffic TDA (2025),NOAA HURDAT2 Atlantic Hurricane Database (1851-2023),NOAA Storm Events Database Miami-Dade CZ_FIPS=86 (2014-2022),FEMA OpenFEMA Disaster Declarations Miami-Dade (2016-2022)
69,3493,87030000,MIAMI-DADE,25.772837,-80.18711,87500,2025,3.28,207,87,10,0.3191,0.0339,0.1765,HIGH,priority_score = 0.5 × aadt_score + 0.5 × hurricane_proximity_score,FDOT Annual Average Daily Traffic TDA (2025),NOAA HURDAT2 Atlantic Hurricane Database (1851-2023),NOAA Storm Events Database Miami-Dade CZ_FIPS=86 (2014-2022),FEMA OpenFEMA Disaster Declarations Miami-Dade (2016-2022)
70,2224,87030000,MIAMI DADE,25.772622,-80.187155,87500,2025,3.3,207,87,10,0.3191,0.0336,0.1764,HIGH,priority_score = 0.5 × aadt_score + 0.5 × hurricane_proximity_score,FDOT Annual Average Daily Traffic TDA (2025),NOAA HURDAT2 Atlantic Hurricane Database (1851-2023),NOAA Storm Events Database Miami-Dade CZ_FIPS=86 (2014-2022),FEMA OpenFEMA Disaster Declarations Miami-Dade (2016-2022)
71,4179,87060000,MIAMI-DADE,25.906342,-80.1227,82500,2025,2.38,210,87,10,0.3006,0.0514,0.176,HIGH,priority_score = 0.5 × aadt_score + 0.5 × hurricane_proximity_score,FDOT Annual Average Daily Traffic TDA (2025),NOAA HURDAT2 Atlantic Hurricane Database (1851-2023),NOAA Storm Events Database Miami-Dade CZ_FIPS=86 (2014-2022),FEMA OpenFEMA Disaster Declarations Miami-Dade (2016-2022)
72,4214,87030000,MIAMI-DADE,25.770911,-80.18992,87500,2025,3.39,206,87,10,0.3191,0.0324,0.1757,HIGH,priority_score = 0.5 × aadt_score + 0.5 × hurricane_proximity_score,FDOT Annual Average Daily Traffic TDA (2025),NOAA HURDAT2 Atlantic Hurricane Database (1851-2023),NOAA Storm Events Database Miami-Dade CZ_FIPS=86 (2014-2022),FEMA OpenFEMA Disaster Declarations Miami-Dade (2016-2022)
73,2232,87030000,MIAMI-DADE,25.770931,-80.188941,87500,2025,3.42,206,87,10,0.3191,0.032,0.1756,HIGH,priority_score = 0.5 × aadt_score + 0.5 × hurricane_proximity_score,FDOT Annual Average Daily Traffic TDA (2025),NOAA HURDAT2 Atlantic Hurricane Database (1851-2023),NOAA Storm Events Database Miami-Dade CZ_FIPS=86 (2014-2022),FEMA OpenFEMA Disaster Declarations Miami-Dade (2016-2022)
74,4620,87090000,MIAMI-DADE,25.810212,-80.203127,64500,2025,1.18,206,87,10,0.2338,0.1163,0.175,HIGH,priority_score = 0.5 × aadt_score + 0.5 × hurricane_proximity_score,FDOT Annual Average Daily Traffic TDA (2025),NOAA HURDAT2 Atlantic Hurricane Database (1851-2023),NOAA Storm Events Database Miami-Dade CZ_FIPS=86 (2014-2022),FEMA OpenFEMA Disaster Declarations Miami-Dade (2016-2022)
75,3353,87281000,MIAMI-DADE,25.89653,-80.267674,86500,2025,3.26,207,87,10,0.3154,0.0342,0.1748,HIGH,priority_score = 0.5 × aadt_score + 0.5 × hurricane_proximity_score,FDOT Annual Average Daily Traffic TDA (2025),NOAA HURDAT2 Atlantic Hurricane Database (1851-2023),NOAA Storm Events Database Miami-Dade CZ_FIPS=86 (2014-2022),FEMA OpenFEMA Disaster Declarations Miami-Dade (2016-2022)
76,4736,87060000,MIAMI-DADE,25.903021,-80.124472,82500,2025,2.47,210,87,10,0.3006,0.0491,0.1748,HIGH,priority_score = 0.5 × aadt_score + 0.5 × hurricane_proximity_score,FDOT Annual Average Daily Traffic TDA (2025),NOAA HURDAT2 Atlantic Hurricane Database (1851-2023),NOAA Storm Events Database Miami-Dade CZ_FIPS=86 (2014-2022),FEMA OpenFEMA Disaster Declarations Miami-Dade (2016-2022)
77,3318,87030000,MIAMI-DADE,25.769347,-80.189955,87500,2025,3.55,206,87,10,0.3191,0.0304,0.1747,HIGH,priority_score = 0.5 × aadt_score + 0.5 × hurricane_proximity_score,FDOT Annual Average Daily Traffic TDA (2025),NOAA HURDAT2 Atlantic Hurricane Database (1851-2023),NOAA Storm Events Database Miami-Dade CZ_FIPS=86 (2014-2022),FEMA OpenFEMA Disaster Declarations Miami-Dade (2016-2022)
78,3628,87060000,MIAMI-DADE,25.895203,-80.124261,82500,2025,2.48,209,87,10,0.3006,0.0488,0.1747,HIGH,priority_score = 0.5 × aadt_score + 0.5 × hurricane_proximity_score,FDOT Annual Average Daily Traffic TDA (2025),NOAA HURDAT2 Atlantic Hurricane Database (1851-2023),NOAA Storm Events Database Miami-Dade CZ_FIPS=86 (2014-2022),FEMA OpenFEMA Disaster Declarations Miami-Dade (2016-2022)
79,3629,87060000,MIAMI-DADE,25.894594,-80.124223,82500,2025,2.5,209,87,10,0.3006,0.0483,0.1744,HIGH,priority_score = 0.5 × aadt_score + 0.5 × hurricane_proximity_score,FDOT Annual Average Daily Traffic TDA (2025),NOAA HURDAT2 Atlantic Hurricane Database (1851-2023),NOAA Storm Events Database Miami-Dade CZ_FIPS=86 (2014-2022),FEMA OpenFEMA Disaster Declarations Miami-Dade (2016-2022)
80,2623,87030000,MIAMI-DADE,25.719382,-80.270815,87500,2025,3.63,207,87,10,0.3191,0.0294,0.1743,HIGH,priority_score = 0.5 × aadt_score + 0.5 × hurricane_proximity_score,FDOT Annual Average Daily Traffic TDA (2025),NOAA HURDAT2 Atlantic Hurricane Database (1851-2023),NOAA Storm Events Database Miami-Dade CZ_FIPS=86 (2014-2022),FEMA OpenFEMA Disaster Declarations Miami-Dade (2016-2022)
81,4579,87030000,MIAMI-DADE,25.768556,-80.190042,87500,2025,3.64,206,87,10,0.3191,0.0293,0.1742,HIGH,priority_score = 0.5 × aadt_score + 0.5 × hurricane_proximity_score,FDOT Annual Average Daily Traffic TDA (2025),NOAA HURDAT2 Atlantic Hurricane Database (1851-2023),NOAA Storm Events Database Miami-Dade CZ_FIPS=86 (2014-2022),FEMA OpenFEMA Disaster Declarations Miami-Dade (2016-2022)
82,6112,87060000,MIAMI-DADE,25.807005,-80.124116,82500,2025,2.54,209,87,10,0.3006,0.0474,0.174,HIGH,priority_score = 0.5 × aadt_score + 0.5 × hurricane_proximity_score,FDOT Annual Average Daily Traffic TDA (2025),NOAA HURDAT2 Atlantic Hurricane Database (1851-2023),NOAA Storm Events Database Miami-Dade CZ_FIPS=86 (2014-2022),FEMA OpenFEMA Disaster Declarations Miami-Dade (2016-2022)
83,2675,87060000,MIAMI-DADE,25.805765,-80.124625,82500,2025,2.55,209,87,10,0.3006,0.0471,0.1739,HIGH,priority_score = 0.5 × aadt_score + 0.5 × hurricane_proximity_score,FDOT Annual Average Daily Traffic TDA (2025),NOAA HURDAT2 Atlantic Hurricane Database (1851-2023),NOAA Storm Events Database Miami-Dade CZ_FIPS=86 (2014-2022),FEMA OpenFEMA Disaster Declarations Miami-Dade (2016-2022)
84,2674,87060000,MIAMI-DADE,25.805005,-80.124975,82500,2025,2.56,209,87,10,0.3006,0.0469,0.1737,HIGH,priority_score = 0.5 × aadt_score + 0.5 × hurricane_proximity_score,FDOT Annual Average Daily Traffic TDA (2025),NOAA HURDAT2 Atlantic Hurricane Database (1851-2023),NOAA Storm Events Database Miami-Dade CZ_FIPS=86 (2014-2022),FEMA OpenFEMA Disaster Declarations Miami-Dade (2016-2022)
85,3237,87001000,MIAMI-DADE,25.687999,-80.333468,87000,2025,3.61,206,87,10,0.3173,0.0297,0.1735,HIGH,priority_score = 0.5 × aadt_score + 0.5 × hurricane_proximity_score,FDOT Annual Average Daily Traffic TDA (2025),NOAA HURDAT2 Atlantic Hurricane Database (1851-2023),NOAA Storm Events Database Miami-Dade CZ_FIPS=86 (2014-2022),FEMA OpenFEMA Disaster Declarations Miami-Dade (2016-2022)
86,3448,87030000,MIAMI-DADE,25.767133,-80.190374,87500,2025,3.78,206,87,10,0.3191,0.0278,0.1734,HIGH,priority_score = 0.5 × aadt_score + 0.5 × hurricane_proximity_score,FDOT Annual Average Daily Traffic TDA (2025),NOAA HURDAT2 Atlantic Hurricane Database (1851-2023),NOAA Storm Events Database Miami-Dade CZ_FIPS=86 (2014-2022),FEMA OpenFEMA Disaster Declarations Miami-Dade (2016-2022)
87,2673,87060000,MIAMI-DADE,25.803764,-80.125607,82500,2025,2.6,208,87,10,0.3006,0.046,0.1733,HIGH,priority_score = 0.5 × aadt_score + 0.5 × hurricane_proximity_score,FDOT Annual Average Daily Traffic TDA (2025),NOAA HURDAT2 Atlantic Hurricane Database (1851-2023),NOAA Storm Events Database Miami-Dade CZ_FIPS=86 (2014-2022),FEMA OpenFEMA Disaster Declarations Miami-Dade (2016-2022)
88,2243,87030000,MIAMI DADE COUNTY,25.766242,-80.190603,87500,2025,3.87,206,87,10,0.3191,0.0268,0.173,HIGH,priority_score = 0.5 × aadt_score + 0.5 × hurricane_proximity_score,FDOT Annual Average Daily Traffic TDA (2025),NOAA HURDAT2 Atlantic Hurricane Database (1851-2023),NOAA Storm Events Database Miami-Dade CZ_FIPS=86 (2014-2022),FEMA OpenFEMA Disaster Declarations Miami-Dade (2016-2022)
89,2672,87060000,MIAMI-DADE,25.80237,-80.126205,82500,2025,2.64,208,87,10,0.3006,0.0451,0.1728,HIGH,priority_score = 0.5 × aadt_score + 0.5 × hurricane_proximity_score,FDOT Annual Average Daily Traffic TDA (2025),NOAA HURDAT2 Atlantic Hurricane Database (1851-2023),NOAA Storm Events Database Miami-Dade CZ_FIPS=86 (2014-2022),FEMA OpenFEMA Disaster Declarations Miami-Dade (2016-2022)
90,3512,87060000,MIAMI-DADE,25.811401,-80.123259,82500,2025,2.65,210,87,10,0.3006,0.0449,0.1727,HIGH,priority_score = 0.5 × aadt_score + 0.5 × hurricane_proximity_score,FDOT Annual Average Daily Traffic TDA (2025),NOAA HURDAT2 Atlantic Hurricane Database (1851-2023),NOAA Storm Events Database Miami-Dade CZ_FIPS=86 (2014-2022),FEMA OpenFEMA Disaster Declarations Miami-Dade (2016-2022)
91,2109,87030000,MIAMI-DADE,25.832607,-80.184038,87500,2025,3.96,208,87,10,0.3191,0.0259,0.1725,HIGH,priority_score = 0.5 × aadt_score + 0.5 × hurricane_proximity_score,FDOT Annual Average Daily Traffic TDA (2025),NOAA HURDAT2 Atlantic Hurricane Database (1851-2023),NOAA Storm Events Database Miami-Dade CZ_FIPS=86 (2014-2022),FEMA OpenFEMA Disaster Declarations Miami-Dade (2016-2022)
92,3548,87060000,MIAMI-DADE,25.888846,-80.123866,82500,2025,2.69,208,87,10,0.3006,0.044,0.1723,HIGH,priority_score = 0.5 × aadt_score + 0.5 × hurricane_proximity_score,FDOT Annual Average Daily Traffic TDA (2025),NOAA HURDAT2 Atlantic Hurricane Database (1851-2023),NOAA Storm Events Database Miami-Dade CZ_FIPS=86 (2014-2022),FEMA OpenFEMA Disaster Declarations Miami-Dade (2016-2022)
93,4777,87030000,MIAMI-DADE,25.833305,-80.184078,87500,2025,4.03,208,87,10,0.3191,0.0253,0.1722,HIGH,priority_score = 0.5 × aadt_score + 0.5 × hurricane_proximity_score,FDOT Annual Average Daily Traffic TDA (2025),NOAA HURDAT2 Atlantic Hurricane Database (1851-2023),NOAA Storm Events Database Miami-Dade CZ_FIPS=86 (2014-2022),FEMA OpenFEMA Disaster Declarations Miami-Dade (2016-2022)
94,3005,87060000,MIAMI-DADE,25.886919,-80.122724,82500,2025,2.7,208,87,10,0.3006,0.0438,0.1722,HIGH,priority_score = 0.5 × aadt_score + 0.5 × hurricane_proximity_score,FDOT Annual Average Daily Traffic TDA (2025),NOAA HURDAT2 Atlantic Hurricane Database (1851-2023),NOAA Storm Events Database Miami-Dade CZ_FIPS=86 (2014-2022),FEMA OpenFEMA Disaster Declarations Miami-Dade (2016-2022)
95,3390,87060000,MIAMI-DADE,25.888092,-80.123524,82500,2025,2.7,208,87,10,0.3006,0.0438,0.1722,HIGH,priority_score = 0.5 × aadt_score + 0.5 × hurricane_proximity_score,FDOT Annual Average Daily Traffic TDA (2025),NOAA HURDAT2 Atlantic Hurricane Database (1851-2023),NOAA Storm Events Database Miami-Dade CZ_FIPS=86 (2014-2022),FEMA OpenFEMA Disaster Declarations Miami-Dade (2016-2022)
96,6722,87030000,MIAMI-DADE,25.764276,-80.191118,87500,2025,4.07,206,87,10,0.3191,0.0249,0.172,HIGH,priority_score = 0.5 × aadt_score + 0.5 × hurricane_proximity_score,FDOT Annual Average Daily Traffic TDA (2025),NOAA HURDAT2 Atlantic Hurricane Database (1851-2023),NOAA Storm Events Database Miami-Dade CZ_FIPS=86 (2014-2022),FEMA OpenFEMA Disaster Declarations Miami-Dade (2016-2022)
97,2677,87060000,MIAMI-DADE,25.812985,-80.123015,82500,2025,2.72,210,87,10,0.3006,0.0434,0.172,HIGH,priority_score = 0.5 × aadt_score + 0.5 × hurricane_proximity_score,FDOT Annual Average Daily Traffic TDA (2025),NOAA HURDAT2 Atlantic Hurricane Database (1851-2023),NOAA Storm Events Database Miami-Dade CZ_FIPS=86 (2014-2022),FEMA OpenFEMA Disaster Declarations Miami-Dade (2016-2022)
98,2671,87060000,MIAMI-DADE,25.80005,-80.127331,82500,2025,2.74,208,87,10,0.3006,0.043,0.1718,HIGH,priority_score = 0.5 × aadt_score + 0.5 × hurricane_proximity_score,FDOT Annual Average Daily Traffic TDA (2025),NOAA HURDAT2 Atlantic Hurricane Database (1851-2023),NOAA Storm Events Database Miami-Dade CZ_FIPS=86 (2014-2022),FEMA OpenFEMA Disaster Declarations Miami-Dade (2016-2022)
99,6896,87030000,MIAMI-DADE,25.7634,-80.191348,87500,2025,4.16,206,87,10,0.3191,0.0241,0.1716,HIGH,priority_score = 0.5 × aadt_score + 0.5 × hurricane_proximity_score,FDOT Annual Average Daily Traffic TDA (2025),NOAA HURDAT2 Atlantic Hurricane Database (1851-2023),NOAA Storm Events Database Miami-Dade CZ_FIPS=86 (2014-2022),FEMA OpenFEMA Disaster Declarations Miami-Dade (2016-2022)
100,3877,87030000,MIAMI-DADE,25.834945,-80.18412,87500,2025,4.2,208,87,10,0.3191,0.0238,0.1714,HIGH,priority_score = 0.5 × aadt_score + 0.5 × hurricane_proximity_score,FDOT Annual Average Daily Traffic TDA (2025),NOAA HURDAT2 Atlantic Hurricane Database (1851-2023),NOAA Storm Events Database Miami-Dade CZ_FIPS=86 (2014-2022),FEMA OpenFEMA Disaster Declarations Miami-Dade (2016-2022)
101,2678,87060000,MIAMI-DADE,25.81434,-80.122815,82500,2025,2.79,210,87,10,0.3006,0.042,0.1713,HIGH,priority_score = 0.5 × aadt_score + 0.5 × hurricane_proximity_score,FDOT Annual Average Daily Traffic TDA (2025),NOAA HURDAT2 Atlantic Hurricane Database (1851-2023),NOAA Storm Events Database Miami-Dade CZ_FIPS=86 (2014-2022),FEMA OpenFEMA Disaster Declarations Miami-Dade (2016-2022)
102,3319,87060000,MIAMI-DADE,25.88511,-80.122542,82500,2025,2.8,208,87,10,0.3006,0.0418,0.1712,HIGH,priority_score = 0.5 × aadt_score + 0.5 × hurricane_proximity_score,FDOT Annual Average Daily Traffic TDA (2025),NOAA HURDAT2 Atlantic Hurricane Database (1851-2023),NOAA Storm Events Database Miami-Dade CZ_FIPS=86 (2014-2022),FEMA OpenFEMA Disaster Declarations Miami-Dade (2016-2022)
103,2670,87060000,MIAMI-DADE,25.798275,-80.128047,82500,2025,2.81,209,87,10,0.3006,0.0416,0.1711,HIGH,priority_score = 0.5 × aadt_score + 0.5 × hurricane_proximity_score,FDOT Annual Average Daily Traffic TDA (2025),NOAA HURDAT2 Atlantic Hurricane Database (1851-2023),NOAA Storm Events Database Miami-Dade CZ_FIPS=86 (2014-2022),FEMA OpenFEMA Disaster Declarations Miami-Dade (2016-2022)
104,3225,87281000,MIAMI-DADE,25.881629,-80.267118,86500,2025,3.87,208,87,10,0.3154,0.0268,0.1711,HIGH,priority_score = 0.5 × aadt_score + 0.5 × hurricane_proximity_score,FDOT Annual Average Daily Traffic TDA (2025),NOAA HURDAT2 Atlantic Hurricane Database (1851-2023),NOAA Storm Events Database Miami-Dade CZ_FIPS=86 (2014-2022),FEMA OpenFEMA Disaster Declarations Miami-Dade (2016-2022)
105,2255,87030000,MIAMI-DADE,25.761788,-80.191771,87500,2025,4.33,207,87,10,0.3191,0.0227,0.1709,HIGH,priority_score = 0.5 × aadt_score + 0.5 × hurricane_proximity_score,FDOT Annual Average Daily Traffic TDA (2025),NOAA HURDAT2 Atlantic Hurricane Database (1851-2023),NOAA Storm Events Database Miami-Dade CZ_FIPS=86 (2014-2022),FEMA OpenFEMA Disaster Declarations Miami-Dade (2016-2022)
106,2622,87030000,MIAMI-DADE,25.723466,-80.265665,87500,2025,4.32,207,87,10,0.3191,0.0227,0.1709,HIGH,priority_score = 0.5 × aadt_score + 0.5 × hurricane_proximity_score,FDOT Annual Average Daily Traffic TDA (2025),NOAA HURDAT2 Atlantic Hurricane Database (1851-2023),NOAA Storm Events Database Miami-Dade CZ_FIPS=86 (2014-2022),FEMA OpenFEMA Disaster Declarations Miami-Dade (2016-2022)
107,2669,87060000,MIAMI-DADE,25.79747,-80.128373,82500,2025,2.85,209,87,10,0.3006,0.0409,0.1707,HIGH,priority_score = 0.5 × aadt_score + 0.5 × hurricane_proximity_score,FDOT Annual Average Daily Traffic TDA (2025),NOAA HURDAT2 Atlantic Hurricane Database (1851-2023),NOAA Storm Events Database Miami-Dade CZ_FIPS=86 (2014-2022),FEMA OpenFEMA Disaster Declarations Miami-Dade (2016-2022)
108,4195,87020000,MIAMI-DADE,25.679455,-80.317009,82500,2025,2.85,205,87,10,0.3006,0.0409,0.1707,HIGH,priority_score = 0.5 × aadt_score + 0.5 × hurricane_proximity_score,FDOT Annual Average Daily Traffic TDA (2025),NOAA HURDAT2 Atlantic Hurricane Database (1851-2023),NOAA Storm Events Database Miami-Dade CZ_FIPS=86 (2014-2022),FEMA OpenFEMA Disaster Declarations Miami-Dade (2016-2022)
109,2112,87030000,MIAMI-DADE,25.837197,-80.184205,87500,2025,4.43,208,87,10,0.3191,0.0219,0.1705,HIGH,priority_score = 0.5 × aadt_score + 0.5 × hurricane_proximity_score,FDOT Annual Average Daily Traffic TDA (2025),NOAA HURDAT2 Atlantic Hurricane Database (1851-2023),NOAA Storm Events Database Miami-Dade CZ_FIPS=86 (2014-2022),FEMA OpenFEMA Disaster Declarations Miami-Dade (2016-2022)
110,2047,87090000,MIAMI DADE COUNTY,25.810463,-80.194906,64500,2025,1.27,206,87,10,0.2338,0.1072,0.1705,HIGH,priority_score = 0.5 × aadt_score + 0.5 × hurricane_proximity_score,FDOT Annual Average Daily Traffic TDA (2025),NOAA HURDAT2 Atlantic Hurricane Database (1851-2023),NOAA Storm Events Database Miami-Dade CZ_FIPS=86 (2014-2022),FEMA OpenFEMA Disaster Declarations Miami-Dade (2016-2022)
111,6035,87030000,MIAMI-DADE,25.760642,-80.19207,87500,2025,4.45,207,87,10,0.3191,0.0217,0.1704,HIGH,priority_score = 0.5 × aadt_score + 0.5 × hurricane_proximity_score,FDOT Annual Average Daily Traffic TDA (2025),NOAA HURDAT2 Atlantic Hurricane Database (1851-2023),NOAA Storm Events Database Miami-Dade CZ_FIPS=86 (2014-2022),FEMA OpenFEMA Disaster Declarations Miami-Dade (2016-2022)
112,4962,87281000,MIAMI-DADE,25.878553,-80.267092,86500,2025,4.07,208,87,10,0.3154,0.0249,0.1702,HIGH,priority_score = 0.5 × aadt_score + 0.5 × hurricane_proximity_score,FDOT Annual Average Daily Traffic TDA (2025),NOAA HURDAT2 Atlantic Hurricane Database (1851-2023),NOAA Storm Events Database Miami-Dade CZ_FIPS=86 (2014-2022),FEMA OpenFEMA Disaster Declarations Miami-Dade (2016-2022)
113,2912,87060000,MIAMI-DADE,25.883299,-80.122368,82500,2025,2.91,208,87,10,0.3006,0.0398,0.1702,HIGH,priority_score = 0.5 × aadt_score + 0.5 × hurricane_proximity_score,FDOT Annual Average Daily Traffic TDA (2025),NOAA HURDAT2 Atlantic Hurricane Database (1851-2023),NOAA Storm Events Database Miami-Dade CZ_FIPS=86 (2014-2022),FEMA OpenFEMA Disaster Declarations Miami-Dade (2016-2022)
114,2668,87060000,MIAMI-DADE,25.796297,-80.128849,82500,2025,2.92,209,87,10,0.3006,0.0396,0.1701,HIGH,priority_score = 0.5 × aadt_score + 0.5 × hurricane_proximity_score,FDOT Annual Average Daily Traffic TDA (2025),NOAA HURDAT2 Atlantic Hurricane Database (1851-2023),NOAA Storm Events Database Miami-Dade CZ_FIPS=86 (2014-2022),FEMA OpenFEMA Disaster Declarations Miami-Dade (2016-2022)
115,5053,87281000,MIAMI-DADE,25.878233,-80.267084,86500,2025,4.09,208,87,10,0.3154,0.0247,0.1701,HIGH,priority_score = 0.5 × aadt_score + 0.5 × hurricane_proximity_score,FDOT Annual Average Daily Traffic TDA (2025),NOAA HURDAT2 Atlantic Hurricane Database (1851-2023),NOAA Storm Events Database Miami-Dade CZ_FIPS=86 (2014-2022),FEMA OpenFEMA Disaster Declarations Miami-Dade (2016-2022)
116,2387,87140000,MIAMI-DADE,25.791549,-80.206969,61500,2025,1.17,206,87,10,0.2226,0.1174,0.17,HIGH,priority_score = 0.5 × aadt_score + 0.5 × hurricane_proximity_score,FDOT Annual Average Daily Traffic TDA (2025),NOAA HURDAT2 Atlantic Hurricane Database (1851-2023),NOAA Storm Events Database Miami-Dade CZ_FIPS=86 (2014-2022),FEMA OpenFEMA Disaster Declarations Miami-Dade (2016-2022)
117,4279,87030000,MIAMI-DADE,25.838881,-80.184275,87500,2025,4.6,208,87,10,0.3191,0.0206,0.1699,HIGH,priority_score = 0.5 × aadt_score + 0.5 × hurricane_proximity_score,FDOT Annual Average Daily Traffic TDA (2025),NOAA HURDAT2 Atlantic Hurricane Database (1851-2023),NOAA Storm Events Database Miami-Dade CZ_FIPS=86 (2014-2022),FEMA OpenFEMA Disaster Declarations Miami-Dade (2016-2022)
118,2679,87060000,MIAMI-DADE,25.816087,-80.123276,82500,2025,2.94,210,87,10,0.3006,0.0392,0.1699,HIGH,priority_score = 0.5 × aadt_score + 0.5 × hurricane_proximity_score,FDOT Annual Average Daily Traffic TDA (2025),NOAA HURDAT2 Atlantic Hurricane Database (1851-2023),NOAA Storm Events Database Miami-Dade CZ_FIPS=86 (2014-2022),FEMA OpenFEMA Disaster Declarations Miami-Dade (2016-2022)
119,5571,87001000,MIAMI-DADE,25.687716,-80.341469,87000,2025,4.37,205,87,10,0.3173,0.0223,0.1698,HIGH,priority_score = 0.5 × aadt_score + 0.5 × hurricane_proximity_score,FDOT Annual Average Daily Traffic TDA (2025),NOAA HURDAT2 Atlantic Hurricane Database (1851-2023),NOAA Storm Events Database Miami-Dade CZ_FIPS=86 (2014-2022),FEMA OpenFEMA Disaster Declarations Miami-Dade (2016-2022)
120,2667,87060000,MIAMI-DADE,25.795519,-80.129164,82500,2025,2.96,209,87,10,0.3006,0.0389,0.1697,HIGH,priority_score = 0.5 × aadt_score + 0.5 × hurricane_proximity_score,FDOT Annual Average Daily Traffic TDA (2025),NOAA HURDAT2 Atlantic Hurricane Database (1851-2023),NOAA Storm Events Database Miami-Dade CZ_FIPS=86 (2014-2022),FEMA OpenFEMA Disaster Declarations Miami-Dade (2016-2022)
121,6335,87060000,MIAMI-DADE,25.816726,-80.123372,82500,2025,2.99,210,87,10,0.3006,0.0384,0.1695,HIGH,priority_score = 0.5 × aadt_score + 0.5 × hurricane_proximity_score,FDOT Annual Average Daily Traffic TDA (2025),NOAA HURDAT2 Atlantic Hurricane Database (1851-2023),NOAA Storm Events Database Miami-Dade CZ_FIPS=86 (2014-2022),FEMA OpenFEMA Disaster Declarations Miami-Dade (2016-2022)
122,2261,87030000,MIAMI-DADE,25.758281,-80.192685,87500,2025,4.7,207,87,10,0.3191,0.0199,0.1695,HIGH,priority_score = 0.5 × aadt_score + 0.5 × hurricane_proximity_score,FDOT Annual Average Daily Traffic TDA (2025),NOAA HURDAT2 Atlantic Hurricane Database (1851-2023),NOAA Storm Events Database Miami-Dade CZ_FIPS=86 (2014-2022),FEMA OpenFEMA Disaster Declarations Miami-Dade (2016-2022)
123,2113,87030000,MIAMI-DADE,25.84026,-80.184333,87500,2025,4.74,208,87,10,0.3191,0.0196,0.1694,HIGH,priority_score = 0.5 × aadt_score + 0.5 × hurricane_proximity_score,FDOT Annual Average Daily Traffic TDA (2025),NOAA HURDAT2 Atlantic Hurricane Database (1851-2023),NOAA Storm Events Database Miami-Dade CZ_FIPS=86 (2014-2022),FEMA OpenFEMA Disaster Declarations Miami-Dade (2016-2022)
124,2911,87060000,MIAMI-DADE,25.881532,-80.122198,82500,2025,3.02,208,87,10,0.3006,0.0379,0.1692,HIGH,priority_score = 0.5 × aadt_score + 0.5 × hurricane_proximity_score,FDOT Annual Average Daily Traffic TDA (2025),NOAA HURDAT2 Atlantic Hurricane Database (1851-2023),NOAA Storm Events Database Miami-Dade CZ_FIPS=86 (2014-2022),FEMA OpenFEMA Disaster Declarations Miami-Dade (2016-2022)
125,2666,87060000,MIAMI-DADE,25.79398,-80.129483,82500,2025,3.03,209,87,10,0.3006,0.0377,0.1691,HIGH,priority_score = 0.5 × aadt_score + 0.5 × hurricane_proximity_score,FDOT Annual Average Daily Traffic TDA (2025),NOAA HURDAT2 Atlantic Hurricane Database (1851-2023),NOAA Storm Events Database Miami-Dade CZ_FIPS=86 (2014-2022),FEMA OpenFEMA Disaster Declarations Miami-Dade (2016-2022)
126,2621,87030000,MIAMI-DADE,25.726353,-80.261787,87500,2025,4.82,207,87,10,0.3191,0.0191,0.1691,HIGH,priority_score = 0.5 × aadt_score + 0.5 × hurricane_proximity_score,FDOT Annual Average Daily Traffic TDA (2025),NOAA HURDAT2 Atlantic Hurricane Database (1851-2023),NOAA Storm Events Database Miami-Dade CZ_FIPS=86 (2014-2022),FEMA OpenFEMA Disaster Declarations Miami-Dade (2016-2022)
127,3922,87060000,MIAMI-DADE,25.818045,-80.123126,82500,2025,3.06,210,87,10,0.3006,0.0372,0.1689,HIGH,priority_score = 0.5 × aadt_score + 0.5 × hurricane_proximity_score,FDOT Annual Average Daily Traffic TDA (2025),NOAA HURDAT2 Atlantic Hurricane Database (1851-2023),NOAA Storm Events Database Miami-Dade CZ_FIPS=86 (2014-2022),FEMA OpenFEMA Disaster Declarations Miami-Dade (2016-2022)
128,4961,87281000,MIAMI-DADE,25.874304,-80.266928,86500,2025,4.37,208,87,10,0.3154,0.0223,0.1689,HIGH,priority_score = 0.5 × aadt_score + 0.5 × hurricane_proximity_score,FDOT Annual Average Daily Traffic TDA (2025),NOAA HURDAT2 Atlantic Hurricane Database (1851-2023),NOAA Storm Events Database Miami-Dade CZ_FIPS=86 (2014-2022),FEMA OpenFEMA Disaster Declarations Miami-Dade (2016-2022)
129,6796,87030000,MIAMI-DADE,25.755749,-80.195928,87500,2025,4.94,207,87,10,0.3191,0.0183,0.1687,HIGH,priority_score = 0.5 × aadt_score + 0.5 × hurricane_proximity_score,FDOT Annual Average Daily Traffic TDA (2025),NOAA HURDAT2 Atlantic Hurricane Database (1851-2023),NOAA Storm Events Database Miami-Dade CZ_FIPS=86 (2014-2022),FEMA OpenFEMA Disaster Declarations Miami-Dade (2016-2022)
130,2665,87060000,MIAMI-DADE,25.792396,-80.129731,82500,2025,3.09,209,87,10,0.3006,0.0367,0.1686,HIGH,priority_score = 0.5 × aadt_score + 0.5 × hurricane_proximity_score,FDOT Annual Average Daily Traffic TDA (2025),NOAA HURDAT2 Atlantic Hurricane Database (1851-2023),NOAA Storm Events Database Miami-Dade CZ_FIPS=86 (2014-2022),FEMA OpenFEMA Disaster Declarations Miami-Dade (2016-2022)
131,5255,87281000,MIAMI-DADE,25.873463,-80.266904,86500,2025,4.43,208,87,10,0.3154,0.0219,0.1686,HIGH,priority_score = 0.5 × aadt_score + 0.5 × hurricane_proximity_score,FDOT Annual Average Daily Traffic TDA (2025),NOAA HURDAT2 Atlantic Hurricane Database (1851-2023),NOAA Storm Events Database Miami-Dade CZ_FIPS=86 (2014-2022),FEMA OpenFEMA Disaster Declarations Miami-Dade (2016-2022)
132,3871,87281000,MIAMI-DADE,25.872563,-80.266879,86500,2025,4.5,208,87,10,0.3154,0.0213,0.1684,HIGH,priority_score = 0.5 × aadt_score + 0.5 × hurricane_proximity_score,FDOT Annual Average Daily Traffic TDA (2025),NOAA HURDAT2 Atlantic Hurricane Database (1851-2023),NOAA Storm Events Database Miami-Dade CZ_FIPS=86 (2014-2022),FEMA OpenFEMA Disaster Declarations Miami-Dade (2016-2022)
133,2620,87030000,MIAMI-DADE,25.727502,-80.260099,87500,2025,5.03,207,87,10,0.3191,0.0178,0.1684,HIGH,priority_score = 0.5 × aadt_score + 0.5 × hurricane_proximity_score,FDOT Annual Average Daily Traffic TDA (2025),NOAA HURDAT2 Atlantic Hurricane Database (1851-2023),NOAA Storm Events Database Miami-Dade CZ_FIPS=86 (2014-2022),FEMA OpenFEMA Disaster Declarations Miami-Dade (2016-2022)
134,2681,87060000,MIAMI-DADE,25.819262,-80.122893,82500,2025,3.14,210,87,10,0.3006,0.036,0.1683,HIGH,priority_score = 0.5 × aadt_score + 0.5 × hurricane_proximity_score,FDOT Annual Average Daily Traffic TDA (2025),NOAA HURDAT2 Atlantic Hurricane Database (1851-2023),NOAA Storm Events Database Miami-Dade CZ_FIPS=86 (2014-2022),FEMA OpenFEMA Disaster Declarations Miami-Dade (2016-2022)
135,2049,87090000,MIAMI-DADE,25.809964,-80.20717,64500,2025,1.32,206,87,10,0.2338,0.1026,0.1682,HIGH,priority_score = 0.5 × aadt_score + 0.5 × hurricane_proximity_score,FDOT Annual Average Daily Traffic TDA (2025),NOAA HURDAT2 Atlantic Hurricane Database (1851-2023),NOAA Storm Events Database Miami-Dade CZ_FIPS=86 (2014-2022),FEMA OpenFEMA Disaster Declarations Miami-Dade (2016-2022)
136,2664,87060000,MIAMI-DADE,25.790784,-80.12998,82500,2025,3.17,209,87,10,0.3006,0.0355,0.168,HIGH,priority_score = 0.5 × aadt_score + 0.5 × hurricane_proximity_score,FDOT Annual Average Daily Traffic TDA (2025),NOAA HURDAT2 Atlantic Hurricane Database (1851-2023),NOAA Storm Events Database Miami-Dade CZ_FIPS=86 (2014-2022),FEMA OpenFEMA Disaster Declarations Miami-Dade (2016-2022)
137,5797,87030000,MIAMI-DADE,25.973001,-80.142635,87500,2025,5.21,210,87,10,0.3191,0.0167,0.1679,HIGH,priority_score = 0.5 × aadt_score + 0.5 × hurricane_proximity_score,FDOT Annual Average Daily Traffic TDA (2025),NOAA HURDAT2 Atlantic Hurricane Database (1851-2023),NOAA Storm Events Database Miami-Dade CZ_FIPS=86 (2014-2022),FEMA OpenFEMA Disaster Declarations Miami-Dade (2016-2022)
138,3636,87030000,MIAMI-DADE,25.844923,-80.184512,87500,2025,5.23,208,87,10,0.3191,0.0166,0.1679,HIGH,priority_score = 0.5 × aadt_score + 0.5 × hurricane_proximity_score,FDOT Annual Average Daily Traffic TDA (2025),NOAA HURDAT2 Atlantic Hurricane Database (1851-2023),NOAA Storm Events Database Miami-Dade CZ_FIPS=86 (2014-2022),FEMA OpenFEMA Disaster Declarations Miami-Dade (2016-2022)
139,2682,87060000,MIAMI-DADE,25.82061,-80.122647,82500,2025,3.22,210,87,10,0.3006,0.0348,0.1677,HIGH,priority_score = 0.5 × aadt_score + 0.5 × hurricane_proximity_score,FDOT Annual Average Daily Traffic TDA (2025),NOAA HURDAT2 Atlantic Hurricane Database (1851-2023),NOAA Storm Events Database Miami-Dade CZ_FIPS=86 (2014-2022),FEMA OpenFEMA Disaster Declarations Miami-Dade (2016-2022)
140,4212,87281000,MIAMI-DADE,25.869851,-80.2668,86500,2025,4.72,208,87,10,0.3154,0.0198,0.1676,HIGH,priority_score = 0.5 × aadt_score + 0.5 × hurricane_proximity_score,FDOT Annual Average Daily Traffic TDA (2025),NOAA HURDAT2 Atlantic Hurricane Database (1851-2023),NOAA Storm Events Database Miami-Dade CZ_FIPS=86 (2014-2022),FEMA OpenFEMA Disaster Declarations Miami-Dade (2016-2022)
141,4321,87030000,MIAMI-DADE,25.751946,-80.201463,87500,2025,5.35,206,87,10,0.3191,0.016,0.1675,HIGH,priority_score = 0.5 × aadt_score + 0.5 × hurricane_proximity_score,FDOT Annual Average Daily Traffic TDA (2025),NOAA HURDAT2 Atlantic Hurricane Database (1851-2023),NOAA Storm Events Database Miami-Dade CZ_FIPS=86 (2014-2022),FEMA OpenFEMA Disaster Declarations Miami-Dade (2016-2022)
142,3625,87030000,MIAMI-DADE,25.729526,-80.257624,87500,2025,5.37,207,87,10,0.3191,0.0159,0.1675,HIGH,priority_score = 0.5 × aadt_score + 0.5 × hurricane_proximity_score,FDOT Annual Average Daily Traffic TDA (2025),NOAA HURDAT2 Atlantic Hurricane Database (1851-2023),NOAA Storm Events Database Miami-Dade CZ_FIPS=86 (2014-2022),FEMA OpenFEMA Disaster Declarations Miami-Dade (2016-2022)
143,4141,87001000,MIAMI-DADE,25.687475,-80.348637,87000,2025,5.07,205,87,10,0.3173,0.0175,0.1674,HIGH,priority_score = 0.5 × aadt_score + 0.5 × hurricane_proximity_score,FDOT Annual Average Daily Traffic TDA (2025),NOAA HURDAT2 Atlantic Hurricane Database (1851-2023),NOAA Storm Events Database Miami-Dade CZ_FIPS=86 (2014-2022),FEMA OpenFEMA Disaster Declarations Miami-Dade (2016-2022)
144,5769,87060000,MIAMI-DADE,25.789041,-80.130249,82500,2025,3.26,209,87,10,0.3006,0.0342,0.1674,HIGH,priority_score = 0.5 × aadt_score + 0.5 × hurricane_proximity_score,FDOT Annual Average Daily Traffic TDA (2025),NOAA HURDAT2 Atlantic Hurricane Database (1851-2023),NOAA Storm Events Database Miami-Dade CZ_FIPS=86 (2014-2022),FEMA OpenFEMA Disaster Declarations Miami-Dade (2016-2022)
145,2115,87030000,MIAMI-DADE,25.847101,-80.184596,87500,2025,5.46,208,87,10,0.3191,0.0154,0.1673,HIGH,priority_score = 0.5 × aadt_score + 0.5 × hurricane_proximity_score,FDOT Annual Average Daily Traffic TDA (2025),NOAA HURDAT2 Atlantic Hurricane Database (1851-2023),NOAA Storm Events Database Miami-Dade CZ_FIPS=86 (2014-2022),FEMA OpenFEMA Disaster Declarations Miami-Dade (2016-2022)
146,3581,87001000,MIAMI-DADE,25.687446,-80.34952,87000,2025,5.15,205,87,10,0.3173,0.0171,0.1672,HIGH,priority_score = 0.5 × aadt_score + 0.5 × hurricane_proximity_score,FDOT Annual Average Daily Traffic TDA (2025),NOAA HURDAT2 Atlantic Hurricane Database (1851-2023),NOAA Storm Events Database Miami-Dade CZ_FIPS=86 (2014-2022),FEMA OpenFEMA Disaster Declarations Miami-Dade (2016-2022)
147,2621,87281000,MIAMI-DADE,25.726524,-80.261679,86500,2025,4.84,207,87,10,0.3154,0.019,0.1672,HIGH,priority_score = 0.5 × aadt_score + 0.5 × hurricane_proximity_score,FDOT Annual Average Daily Traffic TDA (2025),NOAA HURDAT2 Atlantic Hurricane Database (1851-2023),NOAA Storm Events Database Miami-Dade CZ_FIPS=86 (2014-2022),FEMA OpenFEMA Disaster Declarations Miami-Dade (2016-2022)
148,2267,87030000,MIAMI-DADE,25.750494,-80.203666,87500,2025,5.52,206,87,10,0.3191,0.0151,0.1671,HIGH,priority_score = 0.5 × aadt_score + 0.5 × hurricane_proximity_score,FDOT Annual Average Daily Traffic TDA (2025),NOAA HURDAT2 Atlantic Hurricane Database (1851-2023),NOAA Storm Events Database Miami-Dade CZ_FIPS=86 (2014-2022),FEMA OpenFEMA Disaster Declarations Miami-Dade (2016-2022)
149,2180,87030000,MIAMI-DADE,25.745762,-80.221744,87500,2025,5.54,206,87,10,0.3191,0.015,0.1671,HIGH,priority_score = 0.5 × aadt_score + 0.5 × hurricane_proximity_score,FDOT Annual Average Daily Traffic TDA (2025),NOAA HURDAT2 Atlantic Hurricane Database (1851-2023),NOAA Storm Events Database Miami-Dade CZ_FIPS=86 (2014-2022),FEMA OpenFEMA Disaster Declarations Miami-Dade (2016-2022)
150,4680,87030000,MIAMI-DADE,25.746494,-80.219751,87500,2025,5.54,206,87,10,0.3191,0.015,0.1671,HIGH,priority_score = 0.5 × aadt_score + 0.5 × hurricane_proximity_score,FDOT Annual Average Daily Traffic TDA (2025),NOAA HURDAT2 Atlantic Hurricane Database (1851-2023),NOAA Storm Events Database Miami-Dade CZ_FIPS=86 (2014-2022),FEMA OpenFEMA Disaster Declarations Miami-Dade (2016-2022)
151,2119,87030000,MIAMI-DADE,25.847784,-80.184622,87500,2025,5.53,208,87,10,0.3191,0.0151,0.1671,HIGH,priority_score = 0.5 × aadt_score + 0.5 × hurricane_proximity_score,FDOT Annual Average Daily Traffic TDA (2025),NOAA HURDAT2 Atlantic Hurricane Database (1851-2023),NOAA Storm Events Database Miami-Dade CZ_FIPS=86 (2014-2022),FEMA OpenFEMA Disaster Declarations Miami-Dade (2016-2022)
152,2617,87281000,MIAMI-DADE,25.727596,-80.26174,86500,2025,4.91,207,87,10,0.3154,0.0185,0.167,HIGH,priority_score = 0.5 × aadt_score + 0.5 × hurricane_proximity_score,FDOT Annual Average Daily Traffic TDA (2025),NOAA HURDAT2 Atlantic Hurricane Database (1851-2023),NOAA Storm Events Database Miami-Dade CZ_FIPS=86 (2014-2022),FEMA OpenFEMA Disaster Declarations Miami-Dade (2016-2022)
153,2178,87030000,MIAMI-DADE,25.750079,-80.206349,87500,2025,5.59,206,87,10,0.3191,0.0148,0.1669,HIGH,priority_score = 0.5 × aadt_score + 0.5 × hurricane_proximity_score,FDOT Annual Average Daily Traffic TDA (2025),NOAA HURDAT2 Atlantic Hurricane Database (1851-2023),NOAA Storm Events Database Miami-Dade CZ_FIPS=86 (2014-2022),FEMA OpenFEMA Disaster Declarations Miami-Dade (2016-2022)
154,2683,87060000,MIAMI-DADE,25.822062,-80.122569,82500,2025,3.33,210,87,10,0.3006,0.0332,0.1669,HIGH,priority_score = 0.5 × aadt_score + 0.5 × hurricane_proximity_score,FDOT Annual Average Daily Traffic TDA (2025),NOAA HURDAT2 Atlantic Hurricane Database (1851-2023),NOAA Storm Events Database Miami-Dade CZ_FIPS=86 (2014-2022),FEMA OpenFEMA Disaster Declarations Miami-Dade (2016-2022)
155,4139,87001000,MIAMI-DADE,25.687418,-80.350465,87000,2025,5.25,205,87,10,0.3173,0.0165,0.1669,HIGH,priority_score = 0.5 × aadt_score + 0.5 × hurricane_proximity_score,FDOT Annual Average Daily Traffic TDA (2025),NOAA HURDAT2 Atlantic Hurricane Database (1851-2023),NOAA Storm Events Database Miami-Dade CZ_FIPS=86 (2014-2022),FEMA OpenFEMA Disaster Declarations Miami-Dade (2016-2022)
156,4301,87030000,MIAMI-DADE,25.969013,-80.144462,87500,2025,5.62,210,87,10,0.3191,0.0146,0.1669,HIGH,priority_score = 0.5 × aadt_score + 0.5 × hurricane_proximity_score,FDOT Annual Average Daily Traffic TDA (2025),NOAA HURDAT2 Atlantic Hurricane Database (1851-2023),NOAA Storm Events Database Miami-Dade CZ_FIPS=86 (2014-2022),FEMA OpenFEMA Disaster Declarations Miami-Dade (2016-2022)
157,3993,87060000,MIAMI-DADE,25.922241,-80.122351,82500,2025,3.33,211,87,10,0.3006,0.0332,0.1669,HIGH,priority_score = 0.5 × aadt_score + 0.5 × hurricane_proximity_score,FDOT Annual Average Daily Traffic TDA (2025),NOAA HURDAT2 Atlantic Hurricane Database (1851-2023),NOAA Storm Events Database Miami-Dade CZ_FIPS=86 (2014-2022),FEMA OpenFEMA Disaster Declarations Miami-Dade (2016-2022)
158,2181,87030000,MIAMI-DADE,25.742809,-80.22984,87500,2025,5.62,206,87,10,0.3191,0.0146,0.1669,HIGH,priority_score = 0.5 × aadt_score + 0.5 × hurricane_proximity_score,FDOT Annual Average Daily Traffic TDA (2025),NOAA HURDAT2 Atlantic Hurricane Database (1851-2023),NOAA Storm Events Database Miami-Dade CZ_FIPS=86 (2014-2022),FEMA OpenFEMA Disaster Declarations Miami-Dade (2016-2022)
159,4676,87090000,MIAMI-DADE,25.810054,-80.20754,64500,2025,1.35,206,87,10,0.2338,0.1001,0.1669,HIGH,priority_score = 0.5 × aadt_score + 0.5 × hurricane_proximity_score,FDOT Annual Average Daily Traffic TDA (2025),NOAA HURDAT2 Atlantic Hurricane Database (1851-2023),NOAA Storm Events Database Miami-Dade CZ_FIPS=86 (2014-2022),FEMA OpenFEMA Disaster Declarations Miami-Dade (2016-2022)
160,2879,87281000,MIAMI-DADE,25.867109,-80.266719,86500,2025,4.95,208,87,10,0.3154,0.0183,0.1668,HIGH,priority_score = 0.5 × aadt_score + 0.5 × hurricane_proximity_score,FDOT Annual Average Daily Traffic TDA (2025),NOAA HURDAT2 Atlantic Hurricane Database (1851-2023),NOAA Storm Events Database Miami-Dade CZ_FIPS=86 (2014-2022),FEMA OpenFEMA Disaster Declarations Miami-Dade (2016-2022)
161,3888,87060000,MIAMI-DADE,25.787543,-80.130474,82500,2025,3.35,208,87,10,0.3006,0.0329,0.1667,HIGH,priority_score = 0.5 × aadt_score + 0.5 × hurricane_proximity_score,FDOT Annual Average Daily Traffic TDA (2025),NOAA HURDAT2 Atlantic Hurricane Database (1851-2023),NOAA Storm Events Database Miami-Dade CZ_FIPS=86 (2014-2022),FEMA OpenFEMA Disaster Declarations Miami-Dade (2016-2022)
162,2125,87030000,MIAMI-DADE,25.849367,-80.184688,87500,2025,5.7,208,87,10,0.3191,0.0142,0.1667,HIGH,priority_score = 0.5 × aadt_score + 0.5 × hurricane_proximity_score,FDOT Annual Average Daily Traffic TDA (2025),NOAA HURDAT2 Atlantic Hurricane Database (1851-2023),NOAA Storm Events Database Miami-Dade CZ_FIPS=86 (2014-2022),FEMA OpenFEMA Disaster Declarations Miami-Dade (2016-2022)
163,4140,87001000,MIAMI-DADE,25.687388,-80.351476,87000,2025,5.35,205,87,10,0.3173,0.016,0.1666,HIGH,priority_score = 0.5 × aadt_score + 0.5 × hurricane_proximity_score,FDOT Annual Average Daily Traffic TDA (2025),NOAA HURDAT2 Atlantic Hurricane Database (1851-2023),NOAA Storm Events Database Miami-Dade CZ_FIPS=86 (2014-2022),FEMA OpenFEMA Disaster Declarations Miami-Dade (2016-2022)
164,5267,87030000,MIAMI-DADE,25.967867,-80.145011,87500,2025,5.75,210,87,10,0.3191,0.014,0.1666,HIGH,priority_score = 0.5 × aadt_score + 0.5 × hurricane_proximity_score,FDOT Annual Average Daily Traffic TDA (2025),NOAA HURDAT2 Atlantic Hurricane Database (1851-2023),NOAA Storm Events Database Miami-Dade CZ_FIPS=86 (2014-2022),FEMA OpenFEMA Disaster Declarations Miami-Dade (2016-2022)
165,2147,87030000,MIAMI-DADE,25.74122,-80.234185,87500,2025,5.72,206,87,10,0.3191,0.0141,0.1666,HIGH,priority_score = 0.5 × aadt_score + 0.5 × hurricane_proximity_score,FDOT Annual Average Daily Traffic TDA (2025),NOAA HURDAT2 Atlantic Hurricane Database (1851-2023),NOAA Storm Events Database Miami-Dade CZ_FIPS=86 (2014-2022),FEMA OpenFEMA Disaster Declarations Miami-Dade (2016-2022)
166,3514,87030000,MIAMI-DADE,25.850108,-80.184716,87500,2025,5.78,208,87,10,0.3191,0.0139,0.1665,HIGH,priority_score = 0.5 × aadt_score + 0.5 × hurricane_proximity_score,FDOT Annual Average Daily Traffic TDA (2025),NOAA HURDAT2 Atlantic Hurricane Database (1851-2023),NOAA Storm Events Database Miami-Dade CZ_FIPS=86 (2014-2022),FEMA OpenFEMA Disaster Declarations Miami-Dade (2016-2022)
167,2663,87060000,MIAMI-DADE,25.786866,-80.130579,82500,2025,3.39,208,87,10,0.3006,0.0324,0.1665,HIGH,priority_score = 0.5 × aadt_score + 0.5 × hurricane_proximity_score,FDOT Annual Average Daily Traffic TDA (2025),NOAA HURDAT2 Atlantic Hurricane Database (1851-2023),NOAA Storm Events Database Miami-Dade CZ_FIPS=86 (2014-2022),FEMA OpenFEMA Disaster Declarations Miami-Dade (2016-2022)
168,3047,87060000,N/A,25.975194,-80.119463,82500,2025,3.38,211,87,10,0.3006,0.0325,0.1665,HIGH,priority_score = 0.5 × aadt_score + 0.5 × hurricane_proximity_score,FDOT Annual Average Daily Traffic TDA (2025),NOAA HURDAT2 Atlantic Hurricane Database (1851-2023),NOAA Storm Events Database Miami-Dade CZ_FIPS=86 (2014-2022),FEMA OpenFEMA Disaster Declarations Miami-Dade (2016-2022)
169,2182,87030000,MIAMI-DADE,25.739888,-80.237848,87500,2025,5.84,206,87,10,0.3191,0.0136,0.1664,HIGH,priority_score = 0.5 × aadt_score + 0.5 × hurricane_proximity_score,FDOT Annual Average Daily Traffic TDA (2025),NOAA HURDAT2 Atlantic Hurricane Database (1851-2023),NOAA Storm Events Database Miami-Dade CZ_FIPS=86 (2014-2022),FEMA OpenFEMA Disaster Declarations Miami-Dade (2016-2022)
170,5441,87030000,MIAMI-DADE,25.907738,-80.15811,87500,2025,5.88,211,87,10,0.3191,0.0134,0.1663,HIGH,priority_score = 0.5 × aadt_score + 0.5 × hurricane_proximity_score,FDOT Annual Average Daily Traffic TDA (2025),NOAA HURDAT2 Atlantic Hurricane Database (1851-2023),NOAA Storm Events Database Miami-Dade CZ_FIPS=86 (2014-2022),FEMA OpenFEMA Disaster Declarations Miami-Dade (2016-2022)
171,4152,87030000,MIAMI-DADE,25.910465,-80.15732,87500,2025,5.85,211,87,10,0.3191,0.0136,0.1663,HIGH,priority_score = 0.5 × aadt_score + 0.5 × hurricane_proximity_score,FDOT Annual Average Daily Traffic TDA (2025),NOAA HURDAT2 Atlantic Hurricane Database (1851-2023),NOAA Storm Events Database Miami-Dade CZ_FIPS=86 (2014-2022),FEMA OpenFEMA Disaster Declarations Miami-Dade (2016-2022)
172,2186,87030000,MIAMI-DADE,25.732678,-80.253845,87500,2025,5.88,206,87,10,0.3191,0.0134,0.1663,HIGH,priority_score = 0.5 × aadt_score + 0.5 × hurricane_proximity_score,FDOT Annual Average Daily Traffic TDA (2025),NOAA HURDAT2 Atlantic Hurricane Database (1851-2023),NOAA Storm Events Database Miami-Dade CZ_FIPS=86 (2014-2022),FEMA OpenFEMA Disaster Declarations Miami-Dade (2016-2022)
173,6079,87281000,MIAMI-DADE,25.730671,-80.261819,86500,2025,5.12,207,87,10,0.3154,0.0173,0.1663,HIGH,priority_score = 0.5 × aadt_score + 0.5 × hurricane_proximity_score,FDOT Annual Average Daily Traffic TDA (2025),NOAA HURDAT2 Atlantic Hurricane Database (1851-2023),NOAA Storm Events Database Miami-Dade CZ_FIPS=86 (2014-2022),FEMA OpenFEMA Disaster Declarations Miami-Dade (2016-2022)
174,4159,87030000,MIAMI-DADE,25.915101,-80.15651,87500,2025,5.9,211,87,10,0.3191,0.0133,0.1662,HIGH,priority_score = 0.5 × aadt_score + 0.5 × hurricane_proximity_score,FDOT Annual Average Daily Traffic TDA (2025),NOAA HURDAT2 Atlantic Hurricane Database (1851-2023),NOAA Storm Events Database Miami-Dade CZ_FIPS=86 (2014-2022),FEMA OpenFEMA Disaster Declarations Miami-Dade (2016-2022)
175,2025,87030000,MIAMI-DADE,25.906796,-80.158382,87500,2025,5.89,211,87,10,0.3191,0.0134,0.1662,HIGH,priority_score = 0.5 × aadt_score + 0.5 × hurricane_proximity_score,FDOT Annual Average Daily Traffic TDA (2025),NOAA HURDAT2 Atlantic Hurricane Database (1851-2023),NOAA Storm Events Database Miami-Dade CZ_FIPS=86 (2014-2022),FEMA OpenFEMA Disaster Declarations Miami-Dade (2016-2022)
176,4231,87060000,MIAMI-DADE,25.876068,-80.121579,82500,2025,3.43,208,87,10,0.3006,0.0319,0.1662,HIGH,priority_score = 0.5 × aadt_score + 0.5 × hurricane_proximity_score,FDOT Annual Average Daily Traffic TDA (2025),NOAA HURDAT2 Atlantic Hurricane Database (1851-2023),NOAA Storm Events Database Miami-Dade CZ_FIPS=86 (2014-2022),FEMA OpenFEMA Disaster Declarations Miami-Dade (2016-2022)
177,3490,87060000,MIAMI-DADE,25.923636,-80.122317,82500,2025,3.45,211,87,10,0.3006,0.0316,0.1661,HIGH,priority_score = 0.5 × aadt_score + 0.5 × hurricane_proximity_score,FDOT Annual Average Daily Traffic TDA (2025),NOAA HURDAT2 Atlantic Hurricane Database (1851-2023),NOAA Storm Events Database Miami-Dade CZ_FIPS=86 (2014-2022),FEMA OpenFEMA Disaster Declarations Miami-Dade (2016-2022)
178,4147,87030000,MIAMI-DADE,25.919303,-80.155751,87500,2025,5.97,211,87,10,0.3191,0.013,0.1661,HIGH,priority_score = 0.5 × aadt_score + 0.5 × hurricane_proximity_score,FDOT Annual Average Daily Traffic TDA (2025),NOAA HURDAT2 Atlantic Hurricane Database (1851-2023),NOAA Storm Events Database Miami-Dade CZ_FIPS=86 (2014-2022),FEMA OpenFEMA Disaster Declarations Miami-Dade (2016-2022)
179,2004,87030000,MIAMI-DADE,25.904116,-80.159175,87500,2025,5.94,211,87,10,0.3191,0.0132,0.1661,HIGH,priority_score = 0.5 × aadt_score + 0.5 × hurricane_proximity_score,FDOT Annual Average Daily Traffic TDA (2025),NOAA HURDAT2 Atlantic Hurricane Database (1851-2023),NOAA Storm Events Database Miami-Dade CZ_FIPS=86 (2014-2022),FEMA OpenFEMA Disaster Declarations Miami-Dade (2016-2022)
180,6032,87030000,MIAMI-DADE,25.965685,-80.146149,87500,2025,5.99,210,87,10,0.3191,0.0129,0.166,HIGH,priority_score = 0.5 × aadt_score + 0.5 × hurricane_proximity_score,FDOT Annual Average Daily Traffic TDA (2025),NOAA HURDAT2 Atlantic Hurricane Database (1851-2023),NOAA Storm Events Database Miami-Dade CZ_FIPS=86 (2014-2022),FEMA OpenFEMA Disaster Declarations Miami-Dade (2016-2022)
181,3831,87001000,MIAMI-DADE,25.687283,-80.35441,87000,2025,5.63,205,87,10,0.3173,0.0146,0.1659,HIGH,priority_score = 0.5 × aadt_score + 0.5 × hurricane_proximity_score,FDOT Annual Average Daily Traffic TDA (2025),NOAA HURDAT2 Atlantic Hurricane Database (1851-2023),NOAA Storm Events Database Miami-Dade CZ_FIPS=86 (2014-2022),FEMA OpenFEMA Disaster Declarations Miami-Dade (2016-2022)
182,3144,87030000,MIAMI-DADE,25.899907,-80.160496,87500,2025,6.05,211,87,10,0.3191,0.0127,0.1659,HIGH,priority_score = 0.5 × aadt_score + 0.5 × hurricane_proximity_score,FDOT Annual Average Daily Traffic TDA (2025),NOAA HURDAT2 Atlantic Hurricane Database (1851-2023),NOAA Storm Events Database Miami-Dade CZ_FIPS=86 (2014-2022),FEMA OpenFEMA Disaster Declarations Miami-Dade (2016-2022)
183,2662,87060000,MIAMI-DADE,25.785197,-80.130837,82500,2025,3.5,208,87,10,0.3006,0.031,0.1658,HIGH,priority_score = 0.5 × aadt_score + 0.5 × hurricane_proximity_score,FDOT Annual Average Daily Traffic TDA (2025),NOAA HURDAT2 Atlantic Hurricane Database (1851-2023),NOAA Storm Events Database Miami-Dade CZ_FIPS=86 (2014-2022),FEMA OpenFEMA Disaster Declarations Miami-Dade (2016-2022)
184,2010,87030000,MIAMI-DADE,25.926095,-80.15374,87500,2025,6.11,211,87,10,0.3191,0.0124,0.1658,HIGH,priority_score = 0.5 × aadt_score + 0.5 × hurricane_proximity_score,FDOT Annual Average Daily Traffic TDA (2025),NOAA HURDAT2 Atlantic Hurricane Database (1851-2023),NOAA Storm Events Database Miami-Dade CZ_FIPS=86 (2014-2022),FEMA OpenFEMA Disaster Declarations Miami-Dade (2016-2022)
185,3272,87281000,MIAMI-DADE,25.733062,-80.262016,86500,2025,5.29,207,87,10,0.3154,0.0163,0.1658,HIGH,priority_score = 0.5 × aadt_score + 0.5 × hurricane_proximity_score,FDOT Annual Average Daily Traffic TDA (2025),NOAA HURDAT2 Atlantic Hurricane Database (1851-2023),NOAA Storm Events Database Miami-Dade CZ_FIPS=86 (2014-2022),FEMA OpenFEMA Disaster Declarations Miami-Dade (2016-2022)
186,3147,87020000,MIAMI-DADE,25.674089,-80.319997,82500,2025,3.51,205,87,10,0.3006,0.0309,0.1657,HIGH,priority_score = 0.5 × aadt_score + 0.5 × hurricane_proximity_score,FDOT Annual Average Daily Traffic TDA (2025),NOAA HURDAT2 Atlantic Hurricane Database (1851-2023),NOAA Storm Events Database Miami-Dade CZ_FIPS=86 (2014-2022),FEMA OpenFEMA Disaster Declarations Miami-Dade (2016-2022)
187,2184,87030000,MIAMI-DADE,25.736988,-80.245795,87500,2025,6.16,206,87,10,0.3191,0.0122,0.1657,HIGH,priority_score = 0.5 × aadt_score + 0.5 × hurricane_proximity_score,FDOT Annual Average Daily Traffic TDA (2025),NOAA HURDAT2 Atlantic Hurricane Database (1851-2023),NOAA Storm Events Database Miami-Dade CZ_FIPS=86 (2014-2022),FEMA OpenFEMA Disaster Declarations Miami-Dade (2016-2022)
188,4852,87002000,MIAMI-DADE,25.89469,-80.291729,54000,2025,1.02,208,87,10,0.1948,0.1365,0.1656,HIGH,priority_score = 0.5 × aadt_score + 0.5 × hurricane_proximity_score,FDOT Annual Average Daily Traffic TDA (2025),NOAA HURDAT2 Atlantic Hurricane Database (1851-2023),NOAA Storm Events Database Miami-Dade CZ_FIPS=86 (2014-2022),FEMA OpenFEMA Disaster Declarations Miami-Dade (2016-2022)
189,4113,87030000,MIAMI-DADE,25.896294,-80.161598,87500,2025,6.18,211,87,10,0.3191,0.0122,0.1656,HIGH,priority_score = 0.5 × aadt_score + 0.5 × hurricane_proximity_score,FDOT Annual Average Daily Traffic TDA (2025),NOAA HURDAT2 Atlantic Hurricane Database (1851-2023),NOAA Storm Events Database Miami-Dade CZ_FIPS=86 (2014-2022),FEMA OpenFEMA Disaster Declarations Miami-Dade (2016-2022)
190,6058,87030000,MIAMI-DADE,25.963589,-80.146846,87500,2025,6.19,210,87,10,0.3191,0.0121,0.1656,HIGH,priority_score = 0.5 × aadt_score + 0.5 × hurricane_proximity_score,FDOT Annual Average Daily Traffic TDA (2025),NOAA HURDAT2 Atlantic Hurricane Database (1851-2023),NOAA Storm Events Database Miami-Dade CZ_FIPS=86 (2014-2022),FEMA OpenFEMA Disaster Declarations Miami-Dade (2016-2022)
191,2595,87281000,MIAMI-DADE,25.734743,-80.262103,86500,2025,5.42,207,87,10,0.3154,0.0156,0.1655,HIGH,priority_score = 0.5 × aadt_score + 0.5 × hurricane_proximity_score,FDOT Annual Average Daily Traffic TDA (2025),NOAA HURDAT2 Atlantic Hurricane Database (1851-2023),NOAA Storm Events Database Miami-Dade CZ_FIPS=86 (2014-2022),FEMA OpenFEMA Disaster Declarations Miami-Dade (2016-2022)
192,4700,87281000,MIAMI-DADE,25.861609,-80.266619,86500,2025,5.42,207,87,10,0.3154,0.0156,0.1655,HIGH,priority_score = 0.5 × aadt_score + 0.5 × hurricane_proximity_score,FDOT Annual Average Daily Traffic TDA (2025),NOAA HURDAT2 Atlantic Hurricane Database (1851-2023),NOAA Storm Events Database Miami-Dade CZ_FIPS=86 (2014-2022),FEMA OpenFEMA Disaster Declarations Miami-Dade (2016-2022)
193,3866,87060000,MIAMI-DADE,25.824889,-80.122068,82500,2025,3.54,210,87,10,0.3006,0.0305,0.1655,HIGH,priority_score = 0.5 × aadt_score + 0.5 × hurricane_proximity_score,FDOT Annual Average Daily Traffic TDA (2025),NOAA HURDAT2 Atlantic Hurricane Database (1851-2023),NOAA Storm Events Database Miami-Dade CZ_FIPS=86 (2014-2022),FEMA OpenFEMA Disaster Declarations Miami-Dade (2016-2022)
194,3637,87030000,MIAMI-DADE,25.855219,-80.184918,87500,2025,6.32,209,87,10,0.3191,0.0116,0.1654,HIGH,priority_score = 0.5 × aadt_score + 0.5 × hurricane_proximity_score,FDOT Annual Average Daily Traffic TDA (2025),NOAA HURDAT2 Atlantic Hurricane Database (1851-2023),NOAA Storm Events Database Miami-Dade CZ_FIPS=86 (2014-2022),FEMA OpenFEMA Disaster Declarations Miami-Dade (2016-2022)
195,2185,87030000,MIAMI-DADE,25.735128,-80.250722,87500,2025,6.3,206,87,10,0.3191,0.0117,0.1654,HIGH,priority_score = 0.5 × aadt_score + 0.5 × hurricane_proximity_score,FDOT Annual Average Daily Traffic TDA (2025),NOAA HURDAT2 Atlantic Hurricane Database (1851-2023),NOAA Storm Events Database Miami-Dade CZ_FIPS=86 (2014-2022),FEMA OpenFEMA Disaster Declarations Miami-Dade (2016-2022)
196,6024,87060000,MIAMI DADE COUNTY,25.784016,-80.13102,82500,2025,3.58,208,87,10,0.3006,0.03,0.1653,HIGH,priority_score = 0.5 × aadt_score + 0.5 × hurricane_proximity_score,FDOT Annual Average Daily Traffic TDA (2025),NOAA HURDAT2 Atlantic Hurricane Database (1851-2023),NOAA Storm Events Database Miami-Dade CZ_FIPS=86 (2014-2022),FEMA OpenFEMA Disaster Declarations Miami-Dade (2016-2022)
197,2549,87030000,MIAMI-DADE,25.892551,-80.162728,87500,2025,6.33,210,87,10,0.3191,0.0116,0.1653,HIGH,priority_score = 0.5 × aadt_score + 0.5 × hurricane_proximity_score,FDOT Annual Average Daily Traffic TDA (2025),NOAA HURDAT2 Atlantic Hurricane Database (1851-2023),NOAA Storm Events Database Miami-Dade CZ_FIPS=86 (2014-2022),FEMA OpenFEMA Disaster Declarations Miami-Dade (2016-2022)
198,3638,87030000,MIAMI-DADE,25.934738,-80.150842,87500,2025,6.39,210,87,10,0.3191,0.0114,0.1652,HIGH,priority_score = 0.5 × aadt_score + 0.5 × hurricane_proximity_score,FDOT Annual Average Daily Traffic TDA (2025),NOAA HURDAT2 Atlantic Hurricane Database (1851-2023),NOAA Storm Events Database Miami-Dade CZ_FIPS=86 (2014-2022),FEMA OpenFEMA Disaster Declarations Miami-Dade (2016-2022)
199,2876,87281000,MIAMI-DADE,25.859767,-80.266589,86500,2025,5.58,207,87,10,0.3154,0.0148,0.1651,HIGH,priority_score = 0.5 × aadt_score + 0.5 × hurricane_proximity_score,FDOT Annual Average Daily Traffic TDA (2025),NOAA HURDAT2 Atlantic Hurricane Database (1851-2023),NOAA Storm Events Database Miami-Dade CZ_FIPS=86 (2014-2022),FEMA OpenFEMA Disaster Declarations Miami-Dade (2016-2022)
200,3841,87030000,MIAMI-DADE,25.959847,-80.146885,87500,2025,6.47,210,87,10,0.3191,0.0111,0.1651,HIGH,priority_score = 0.5 × aadt_score + 0.5 × hurricane_proximity_score,FDOT Annual Average Daily Traffic TDA (2025),NOAA HURDAT2 Atlantic Hurricane Database (1851-2023),NOAA Storm Events Database Miami-Dade CZ_FIPS=86 (2014-2022),FEMA OpenFEMA Disaster Declarations Miami-Dade (2016-2022)
201,2561,87030000,MIAMI DADE,25.856395,-80.184892,87500,2025,6.45,209,87,10,0.3191,0.0111,0.1651,HIGH,priority_score = 0.5 × aadt_score + 0.5 × hurricane_proximity_score,FDOT Annual Average Daily Traffic TDA (2025),NOAA HURDAT2 Atlantic Hurricane Database (1851-2023),NOAA Storm Events Database Miami-Dade CZ_FIPS=86 (2014-2022),FEMA OpenFEMA Disaster Declarations Miami-Dade (2016-2022)
202,2537,87030000,MIAMI-DADE,25.889355,-80.163695,87500,2025,6.48,210,87,10,0.3191,0.011,0.1651,HIGH,priority_score = 0.5 × aadt_score + 0.5 × hurricane_proximity_score,FDOT Annual Average Daily Traffic TDA (2025),NOAA HURDAT2 Atlantic Hurricane Database (1851-2023),NOAA Storm Events Database Miami-Dade CZ_FIPS=86 (2014-2022),FEMA OpenFEMA Disaster Declarations Miami-Dade (2016-2022)
203,4670,87030000,MIAMI-DADE,25.958205,-80.146838,87500,2025,6.6,210,87,10,0.3191,0.0106,0.1649,HIGH,priority_score = 0.5 × aadt_score + 0.5 × hurricane_proximity_score,FDOT Annual Average Daily Traffic TDA (2025),NOAA HURDAT2 Atlantic Hurricane Database (1851-2023),NOAA Storm Events Database Miami-Dade CZ_FIPS=86 (2014-2022),FEMA OpenFEMA Disaster Declarations Miami-Dade (2016-2022)
204,3639,87030000,MIAMI-DADE,25.939817,-80.149263,87500,2025,6.62,211,87,10,0.3191,0.0105,0.1648,HIGH,priority_score = 0.5 × aadt_score + 0.5 × hurricane_proximity_score,FDOT Annual Average Daily Traffic TDA (2025),NOAA HURDAT2 Atlantic Hurricane Database (1851-2023),NOAA Storm Events Database Miami-Dade CZ_FIPS=86 (2014-2022),FEMA OpenFEMA Disaster Declarations Miami-Dade (2016-2022)
205,6915,87060000,MIAMI DADE COUNTY,25.78275,-80.131227,82500,2025,3.67,208,87,10,0.3006,0.029,0.1648,HIGH,priority_score = 0.5 × aadt_score + 0.5 × hurricane_proximity_score,FDOT Annual Average Daily Traffic TDA (2025),NOAA HURDAT2 Atlantic Hurricane Database (1851-2023),NOAA Storm Events Database Miami-Dade CZ_FIPS=86 (2014-2022),FEMA OpenFEMA Disaster Declarations Miami-Dade (2016-2022)
206,3232,87030000,MIAMI-DADE,25.885232,-80.164936,87500,2025,6.7,210,87,10,0.3191,0.0103,0.1647,HIGH,priority_score = 0.5 × aadt_score + 0.5 × hurricane_proximity_score,FDOT Annual Average Daily Traffic TDA (2025),NOAA HURDAT2 Atlantic Hurricane Database (1851-2023),NOAA Storm Events Database Miami-Dade CZ_FIPS=86 (2014-2022),FEMA OpenFEMA Disaster Declarations Miami-Dade (2016-2022)
207,4310,87060000,MIAMI-DADE,25.873061,-80.1214,82500,2025,3.68,208,87,10,0.3006,0.0289,0.1647,HIGH,priority_score = 0.5 × aadt_score + 0.5 × hurricane_proximity_score,FDOT Annual Average Daily Traffic TDA (2025),NOAA HURDAT2 Atlantic Hurricane Database (1851-2023),NOAA Storm Events Database Miami-Dade CZ_FIPS=86 (2014-2022),FEMA OpenFEMA Disaster Declarations Miami-Dade (2016-2022)
208,4669,87030000,MIAMI-DADE,25.956956,-80.146805,87500,2025,6.69,210,87,10,0.3191,0.0103,0.1647,HIGH,priority_score = 0.5 × aadt_score + 0.5 × hurricane_proximity_score,FDOT Annual Average Daily Traffic TDA (2025),NOAA HURDAT2 Atlantic Hurricane Database (1851-2023),NOAA Storm Events Database Miami-Dade CZ_FIPS=86 (2014-2022),FEMA OpenFEMA Disaster Declarations Miami-Dade (2016-2022)
209,4005,87030000,MIAMI-DADE,25.858972,-80.183202,87500,2025,6.77,209,87,10,0.3191,0.01,0.1646,HIGH,priority_score = 0.5 × aadt_score + 0.5 × hurricane_proximity_score,FDOT Annual Average Daily Traffic TDA (2025),NOAA HURDAT2 Atlantic Hurricane Database (1851-2023),NOAA Storm Events Database Miami-Dade CZ_FIPS=86 (2014-2022),FEMA OpenFEMA Disaster Declarations Miami-Dade (2016-2022)
210,4280,87030000,MIAMI-DADE,25.94236,-80.148459,87500,2025,6.76,211,87,10,0.3191,0.0101,0.1646,HIGH,priority_score = 0.5 × aadt_score + 0.5 × hurricane_proximity_score,FDOT Annual Average Daily Traffic TDA (2025),NOAA HURDAT2 Atlantic Hurricane Database (1851-2023),NOAA Storm Events Database Miami-Dade CZ_FIPS=86 (2014-2022),FEMA OpenFEMA Disaster Declarations Miami-Dade (2016-2022)
211,3690,87060000,MIAMI-DADE,25.827071,-80.121727,82500,2025,3.71,210,87,10,0.3006,0.0285,0.1645,HIGH,priority_score = 0.5 × aadt_score + 0.5 × hurricane_proximity_score,FDOT Annual Average Daily Traffic TDA (2025),NOAA HURDAT2 Atlantic Hurricane Database (1851-2023),NOAA Storm Events Database Miami-Dade CZ_FIPS=86 (2014-2022),FEMA OpenFEMA Disaster Declarations Miami-Dade (2016-2022)
212,4900,87060000,MIAMI-DADE,25.926876,-80.12223,82500,2025,3.72,211,87,10,0.3006,0.0284,0.1645,HIGH,priority_score = 0.5 × aadt_score + 0.5 × hurricane_proximity_score,FDOT Annual Average Daily Traffic TDA (2025),NOAA HURDAT2 Atlantic Hurricane Database (1851-2023),NOAA Storm Events Database Miami-Dade CZ_FIPS=86 (2014-2022),FEMA OpenFEMA Disaster Declarations Miami-Dade (2016-2022)
213,4587,87030000,MIAMI-DADE,25.944036,-80.147927,87500,2025,6.85,211,87,10,0.3191,0.0098,0.1644,HIGH,priority_score = 0.5 × aadt_score + 0.5 × hurricane_proximity_score,FDOT Annual Average Daily Traffic TDA (2025),NOAA HURDAT2 Atlantic Hurricane Database (1851-2023),NOAA Storm Events Database Miami-Dade CZ_FIPS=86 (2014-2022),FEMA OpenFEMA Disaster Declarations Miami-Dade (2016-2022)
214,4293,87030000,MIAMI-DADE,25.882516,-80.166029,87500,2025,6.89,210,87,10,0.3191,0.0096,0.1644,HIGH,priority_score = 0.5 × aadt_score + 0.5 × hurricane_proximity_score,FDOT Annual Average Daily Traffic TDA (2025),NOAA HURDAT2 Atlantic Hurricane Database (1851-2023),NOAA Storm Events Database Miami-Dade CZ_FIPS=86 (2014-2022),FEMA OpenFEMA Disaster Declarations Miami-Dade (2016-2022)
215,3644,87030000,MIAMI-DADE,25.945335,-80.147515,87500,2025,6.93,210,87,10,0.3191,0.0095,0.1643,HIGH,priority_score = 0.5 × aadt_score + 0.5 × hurricane_proximity_score,FDOT Annual Average Daily Traffic TDA (2025),NOAA HURDAT2 Atlantic Hurricane Database (1851-2023),NOAA Storm Events Database Miami-Dade CZ_FIPS=86 (2014-2022),FEMA OpenFEMA Disaster Declarations Miami-Dade (2016-2022)
216,4655,87030000,MIAMI-DADE,25.954007,-80.146717,87500,2025,6.93,210,87,10,0.3191,0.0095,0.1643,HIGH,priority_score = 0.5 × aadt_score + 0.5 × hurricane_proximity_score,FDOT Annual Average Daily Traffic TDA (2025),NOAA HURDAT2 Atlantic Hurricane Database (1851-2023),NOAA Storm Events Database Miami-Dade CZ_FIPS=86 (2014-2022),FEMA OpenFEMA Disaster Declarations Miami-Dade (2016-2022)
217,2661,87060000,MIAMI-DADE,25.781709,-80.131454,82500,2025,3.75,208,87,10,0.3006,0.0281,0.1643,HIGH,priority_score = 0.5 × aadt_score + 0.5 × hurricane_proximity_score,FDOT Annual Average Daily Traffic TDA (2025),NOAA HURDAT2 Atlantic Hurricane Database (1851-2023),NOAA Storm Events Database Miami-Dade CZ_FIPS=86 (2014-2022),FEMA OpenFEMA Disaster Declarations Miami-Dade (2016-2022)
218,4061,87030000,MIAMI-DADE,25.88099,-80.166696,87500,2025,7.0,211,87,10,0.3191,0.0093,0.1642,HIGH,priority_score = 0.5 × aadt_score + 0.5 × hurricane_proximity_score,FDOT Annual Average Daily Traffic TDA (2025),NOAA HURDAT2 Atlantic Hurricane Database (1851-2023),NOAA Storm Events Database Miami-Dade CZ_FIPS=86 (2014-2022),FEMA OpenFEMA Disaster Declarations Miami-Dade (2016-2022)
219,2627,87281000,MIAMI-DADE,25.742022,-80.262414,86500,2025,6.0,207,87,10,0.3154,0.0129,0.1642,HIGH,priority_score = 0.5 × aadt_score + 0.5 × hurricane_proximity_score,FDOT Annual Average Daily Traffic TDA (2025),NOAA HURDAT2 Atlantic Hurricane Database (1851-2023),NOAA Storm Events Database Miami-Dade CZ_FIPS=86 (2014-2022),FEMA OpenFEMA Disaster Declarations Miami-Dade (2016-2022)
220,3649,87030000,MIAMI-DADE,25.947402,-80.146925,87500,2025,7.06,210,87,10,0.3191,0.0091,0.1641,HIGH,priority_score = 0.5 × aadt_score + 0.5 × hurricane_proximity_score,FDOT Annual Average Daily Traffic TDA (2025),NOAA HURDAT2 Atlantic Hurricane Database (1851-2023),NOAA Storm Events Database Miami-Dade CZ_FIPS=86 (2014-2022),FEMA OpenFEMA Disaster Declarations Miami-Dade (2016-2022)
221,5269,87030000,MIAMI-DADE,25.952148,-80.146653,87500,2025,7.08,210,87,10,0.3191,0.009,0.1641,HIGH,priority_score = 0.5 × aadt_score + 0.5 × hurricane_proximity_score,FDOT Annual Average Daily Traffic TDA (2025),NOAA HURDAT2 Atlantic Hurricane Database (1851-2023),NOAA Storm Events Database Miami-Dade CZ_FIPS=86 (2014-2022),FEMA OpenFEMA Disaster Declarations Miami-Dade (2016-2022)
222,3815,87030000,MIAMI-DADE,25.87953,-80.167332,87500,2025,7.11,211,87,10,0.3191,0.009,0.164,HIGH,priority_score = 0.5 × aadt_score + 0.5 × hurricane_proximity_score,FDOT Annual Average Daily Traffic TDA (2025),NOAA HURDAT2 Atlantic Hurricane Database (1851-2023),NOAA Storm Events Database Miami-Dade CZ_FIPS=86 (2014-2022),FEMA OpenFEMA Disaster Declarations Miami-Dade (2016-2022)
223,3454,87030000,MIAMI-DADE,25.948434,-80.146731,87500,2025,7.13,210,87,10,0.3191,0.0089,0.164,HIGH,priority_score = 0.5 × aadt_score + 0.5 × hurricane_proximity_score,FDOT Annual Average Daily Traffic TDA (2025),NOAA HURDAT2 Atlantic Hurricane Database (1851-2023),NOAA Storm Events Database Miami-Dade CZ_FIPS=86 (2014-2022),FEMA OpenFEMA Disaster Declarations Miami-Dade (2016-2022)
224,7807,87140000,MIAMI-DADE,25.790182,-80.206949,61500,2025,1.29,206,87,10,0.2226,0.1053,0.164,HIGH,priority_score = 0.5 × aadt_score + 0.5 × hurricane_proximity_score,FDOT Annual Average Daily Traffic TDA (2025),NOAA HURDAT2 Atlantic Hurricane Database (1851-2023),NOAA Storm Events Database Miami-Dade CZ_FIPS=86 (2014-2022),FEMA OpenFEMA Disaster Declarations Miami-Dade (2016-2022)
225,4936,87281000,MIAMI-DADE,25.853789,-80.266473,86500,2025,6.14,206,87,10,0.3154,0.0123,0.1639,HIGH,priority_score = 0.5 × aadt_score + 0.5 × hurricane_proximity_score,FDOT Annual Average Daily Traffic TDA (2025),NOAA HURDAT2 Atlantic Hurricane Database (1851-2023),NOAA Storm Events Database Miami-Dade CZ_FIPS=86 (2014-2022),FEMA OpenFEMA Disaster Declarations Miami-Dade (2016-2022)
226,4481,87021000,MIAMI-DADE,25.693347,-80.302937,42000,2025,0.8,206,87,10,0.1503,0.1774,0.1638,HIGH,priority_score = 0.5 × aadt_score + 0.5 × hurricane_proximity_score,FDOT Annual Average Daily Traffic TDA (2025),NOAA HURDAT2 Atlantic Hurricane Database (1851-2023),NOAA Storm Events Database Miami-Dade CZ_FIPS=86 (2014-2022),FEMA OpenFEMA Disaster Declarations Miami-Dade (2016-2022)
227,2825,87281000,MIAMI-DADE,25.853542,-80.266469,86500,2025,6.16,206,87,10,0.3154,0.0122,0.1638,HIGH,priority_score = 0.5 × aadt_score + 0.5 × hurricane_proximity_score,FDOT Annual Average Daily Traffic TDA (2025),NOAA HURDAT2 Atlantic Hurricane Database (1851-2023),NOAA Storm Events Database Miami-Dade CZ_FIPS=86 (2014-2022),FEMA OpenFEMA Disaster Declarations Miami-Dade (2016-2022)
228,2660,87060000,MIAMI-DADE,25.780625,-80.13169,82500,2025,3.84,208,87,10,0.3006,0.0271,0.1638,HIGH,priority_score = 0.5 × aadt_score + 0.5 × hurricane_proximity_score,FDOT Annual Average Daily Traffic TDA (2025),NOAA HURDAT2 Atlantic Hurricane Database (1851-2023),NOAA Storm Events Database Miami-Dade CZ_FIPS=86 (2014-2022),FEMA OpenFEMA Disaster Declarations Miami-Dade (2016-2022)
229,3535,87001000,MIAMI-DADE,25.686894,-80.36586,87000,2025,6.76,206,87,10,0.3173,0.0101,0.1637,HIGH,priority_score = 0.5 × aadt_score + 0.5 × hurricane_proximity_score,FDOT Annual Average Daily Traffic TDA (2025),NOAA HURDAT2 Atlantic Hurricane Database (1851-2023),NOAA Storm Events Database Miami-Dade CZ_FIPS=86 (2014-2022),FEMA OpenFEMA Disaster Declarations Miami-Dade (2016-2022)
230,2564,87030000,MIAMI-DADE,25.863943,-80.179071,87500,2025,7.41,209,87,10,0.3191,0.0081,0.1636,HIGH,priority_score = 0.5 × aadt_score + 0.5 × hurricane_proximity_score,FDOT Annual Average Daily Traffic TDA (2025),NOAA HURDAT2 Atlantic Hurricane Database (1851-2023),NOAA Storm Events Database Miami-Dade CZ_FIPS=86 (2014-2022),FEMA OpenFEMA Disaster Declarations Miami-Dade (2016-2022)
231,4935,87281000,MIAMI-DADE,25.852004,-80.266426,86500,2025,6.31,206,87,10,0.3154,0.0117,0.1635,HIGH,priority_score = 0.5 × aadt_score + 0.5 × hurricane_proximity_score,FDOT Annual Average Daily Traffic TDA (2025),NOAA HURDAT2 Atlantic Hurricane Database (1851-2023),NOAA Storm Events Database Miami-Dade CZ_FIPS=86 (2014-2022),FEMA OpenFEMA Disaster Declarations Miami-Dade (2016-2022)
232,6811,87281000,MIAMI-DADE,25.746111,-80.262589,86500,2025,6.35,207,87,10,0.3154,0.0115,0.1635,HIGH,priority_score = 0.5 × aadt_score + 0.5 × hurricane_proximity_score,FDOT Annual Average Daily Traffic TDA (2025),NOAA HURDAT2 Atlantic Hurricane Database (1851-2023),NOAA Storm Events Database Miami-Dade CZ_FIPS=86 (2014-2022),FEMA OpenFEMA Disaster Declarations Miami-Dade (2016-2022)
233,3751,87281000,MIAMI-DADE,25.851512,-80.266404,86500,2025,6.35,206,87,10,0.3154,0.0115,0.1635,HIGH,priority_score = 0.5 × aadt_score + 0.5 × hurricane_proximity_score,FDOT Annual Average Daily Traffic TDA (2025),NOAA HURDAT2 Atlantic Hurricane Database (1851-2023),NOAA Storm Events Database Miami-Dade CZ_FIPS=86 (2014-2022),FEMA OpenFEMA Disaster Declarations Miami-Dade (2016-2022)
234,3199,87030000,MIAMI-DADE,25.874784,-80.170276,87500,2025,7.57,210,87,10,0.3191,0.0077,0.1634,HIGH,priority_score = 0.5 × aadt_score + 0.5 × hurricane_proximity_score,FDOT Annual Average Daily Traffic TDA (2025),NOAA HURDAT2 Atlantic Hurricane Database (1851-2023),NOAA Storm Events Database Miami-Dade CZ_FIPS=86 (2014-2022),FEMA OpenFEMA Disaster Declarations Miami-Dade (2016-2022)
235,3124,87281000,MIAMI-DADE,25.798313,-80.264326,86500,2025,6.44,205,87,10,0.3154,0.0112,0.1633,HIGH,priority_score = 0.5 × aadt_score + 0.5 × hurricane_proximity_score,FDOT Annual Average Daily Traffic TDA (2025),NOAA HURDAT2 Atlantic Hurricane Database (1851-2023),NOAA Storm Events Database Miami-Dade CZ_FIPS=86 (2014-2022),FEMA OpenFEMA Disaster Declarations Miami-Dade (2016-2022)
236,6579,87060000,MIAMI-DADE,25.779285,-80.131983,82500,2025,3.94,208,87,10,0.3006,0.0261,0.1633,HIGH,priority_score = 0.5 × aadt_score + 0.5 × hurricane_proximity_score,FDOT Annual Average Daily Traffic TDA (2025),NOAA HURDAT2 Atlantic Hurricane Database (1851-2023),NOAA Storm Events Database Miami-Dade CZ_FIPS=86 (2014-2022),FEMA OpenFEMA Disaster Declarations Miami-Dade (2016-2022)
237,6405,87281000,MIAMI-DADE,25.800953,-80.264372,86500,2025,6.45,205,87,10,0.3154,0.0111,0.1633,HIGH,priority_score = 0.5 × aadt_score + 0.5 × hurricane_proximity_score,FDOT Annual Average Daily Traffic TDA (2025),NOAA HURDAT2 Atlantic Hurricane Database (1851-2023),NOAA Storm Events Database Miami-Dade CZ_FIPS=86 (2014-2022),FEMA OpenFEMA Disaster Declarations Miami-Dade (2016-2022)
238,2995,87060000,MIAMI-DADE,25.929734,-80.122033,82500,2025,3.97,211,87,10,0.3006,0.0258,0.1632,HIGH,priority_score = 0.5 × aadt_score + 0.5 × hurricane_proximity_score,FDOT Annual Average Daily Traffic TDA (2025),NOAA HURDAT2 Atlantic Hurricane Database (1851-2023),NOAA Storm Events Database Miami-Dade CZ_FIPS=86 (2014-2022),FEMA OpenFEMA Disaster Declarations Miami-Dade (2016-2022)
239,3023,87281000,MIAMI-DADE,25.808284,-80.264273,86500,2025,6.5,205,87,10,0.3154,0.011,0.1632,HIGH,priority_score = 0.5 × aadt_score + 0.5 × hurricane_proximity_score,FDOT Annual Average Daily Traffic TDA (2025),NOAA HURDAT2 Atlantic Hurricane Database (1851-2023),NOAA Storm Events Database Miami-Dade CZ_FIPS=86 (2014-2022),FEMA OpenFEMA Disaster Declarations Miami-Dade (2016-2022)
240,4517,87030000,MIAMI-DADE,25.873719,-80.171143,87500,2025,7.69,211,87,10,0.3191,0.0073,0.1632,HIGH,priority_score = 0.5 × aadt_score + 0.5 × hurricane_proximity_score,FDOT Annual Average Daily Traffic TDA (2025),NOAA HURDAT2 Atlantic Hurricane Database (1851-2023),NOAA Storm Events Database Miami-Dade CZ_FIPS=86 (2014-2022),FEMA OpenFEMA Disaster Declarations Miami-Dade (2016-2022)
241,3117,87281000,MIAMI-DADE,25.747663,-80.262655,86500,2025,6.49,207,87,10,0.3154,0.011,0.1632,HIGH,priority_score = 0.5 × aadt_score + 0.5 × hurricane_proximity_score,FDOT Annual Average Daily Traffic TDA (2025),NOAA HURDAT2 Atlantic Hurricane Database (1851-2023),NOAA Storm Events Database Miami-Dade CZ_FIPS=86 (2014-2022),FEMA OpenFEMA Disaster Declarations Miami-Dade (2016-2022)
242,2697,87060000,MIAMI-DADE,25.869814,-80.121328,82500,2025,3.98,208,87,10,0.3006,0.0257,0.1632,HIGH,priority_score = 0.5 × aadt_score + 0.5 × hurricane_proximity_score,FDOT Annual Average Daily Traffic TDA (2025),NOAA HURDAT2 Atlantic Hurricane Database (1851-2023),NOAA Storm Events Database Miami-Dade CZ_FIPS=86 (2014-2022),FEMA OpenFEMA Disaster Declarations Miami-Dade (2016-2022)
243,3125,87281000,MIAMI-DADE,25.803245,-80.264412,86500,2025,6.46,205,87,10,0.3154,0.0111,0.1632,HIGH,priority_score = 0.5 × aadt_score + 0.5 × hurricane_proximity_score,FDOT Annual Average Daily Traffic TDA (2025),NOAA HURDAT2 Atlantic Hurricane Database (1851-2023),NOAA Storm Events Database Miami-Dade CZ_FIPS=86 (2014-2022),FEMA OpenFEMA Disaster Declarations Miami-Dade (2016-2022)
244,3702,87060000,MIAMI-DADE,25.829549,-80.122079,82500,2025,3.96,209,87,10,0.3006,0.0259,0.1632,HIGH,priority_score = 0.5 × aadt_score + 0.5 × hurricane_proximity_score,FDOT Annual Average Daily Traffic TDA (2025),NOAA HURDAT2 Atlantic Hurricane Database (1851-2023),NOAA Storm Events Database Miami-Dade CZ_FIPS=86 (2014-2022),FEMA OpenFEMA Disaster Declarations Miami-Dade (2016-2022)
245,2584,87281000,MIAMI-DADE,25.748417,-80.262687,86500,2025,6.55,207,87,10,0.3154,0.0108,0.1631,HIGH,priority_score = 0.5 × aadt_score + 0.5 × hurricane_proximity_score,FDOT Annual Average Daily Traffic TDA (2025),NOAA HURDAT2 Atlantic Hurricane Database (1851-2023),NOAA Storm Events Database Miami-Dade CZ_FIPS=86 (2014-2022),FEMA OpenFEMA Disaster Declarations Miami-Dade (2016-2022)
246,2843,87281000,MIAMI-DADE,25.810571,-80.264415,86500,2025,6.55,205,87,10,0.3154,0.0108,0.1631,HIGH,priority_score = 0.5 × aadt_score + 0.5 × hurricane_proximity_score,FDOT Annual Average Daily Traffic TDA (2025),NOAA HURDAT2 Atlantic Hurricane Database (1851-2023),NOAA Storm Events Database Miami-Dade CZ_FIPS=86 (2014-2022),FEMA OpenFEMA Disaster Declarations Miami-Dade (2016-2022)
247,2143,87281000,MIAMI-DADE,25.786035,-80.264057,86500,2025,6.6,206,87,10,0.3154,0.0106,0.163,HIGH,priority_score = 0.5 × aadt_score + 0.5 × hurricane_proximity_score,FDOT Annual Average Daily Traffic TDA (2025),NOAA HURDAT2 Atlantic Hurricane Database (1851-2023),NOAA Storm Events Database Miami-Dade CZ_FIPS=86 (2014-2022),FEMA OpenFEMA Disaster Declarations Miami-Dade (2016-2022)
248,3540,87030000,MIAMI-DADE,25.871969,-80.172638,87500,2025,7.91,210,87,10,0.3191,0.0068,0.163,HIGH,priority_score = 0.5 × aadt_score + 0.5 × hurricane_proximity_score,FDOT Annual Average Daily Traffic TDA (2025),NOAA HURDAT2 Atlantic Hurricane Database (1851-2023),NOAA Storm Events Database Miami-Dade CZ_FIPS=86 (2014-2022),FEMA OpenFEMA Disaster Declarations Miami-Dade (2016-2022)
249,6968,87281000,MIAMI-DADE,25.78322,-80.264015,86500,2025,6.68,206,87,10,0.3154,0.0103,0.1629,HIGH,priority_score = 0.5 × aadt_score + 0.5 × hurricane_proximity_score,FDOT Annual Average Daily Traffic TDA (2025),NOAA HURDAT2 Atlantic Hurricane Database (1851-2023),NOAA Storm Events Database Miami-Dade CZ_FIPS=86 (2014-2022),FEMA OpenFEMA Disaster Declarations Miami-Dade (2016-2022)
250,2659,87060000,MIAMI-DADE,25.778101,-80.132241,82500,2025,4.04,208,87,10,0.3006,0.0252,0.1629,HIGH,priority_score = 0.5 × aadt_score + 0.5 × hurricane_proximity_score,FDOT Annual Average Daily Traffic TDA (2025),NOAA HURDAT2 Atlantic Hurricane Database (1851-2023),NOAA Storm Events Database Miami-Dade CZ_FIPS=86 (2014-2022),FEMA OpenFEMA Disaster Declarations Miami-Dade (2016-2022)
251,2604,87281000,MIAMI-DADE,25.749258,-80.262723,86500,2025,6.63,207,87,10,0.3154,0.0105,0.1629,HIGH,priority_score = 0.5 × aadt_score + 0.5 × hurricane_proximity_score,FDOT Annual Average Daily Traffic TDA (2025),NOAA HURDAT2 Atlantic Hurricane Database (1851-2023),NOAA Storm Events Database Miami-Dade CZ_FIPS=86 (2014-2022),FEMA OpenFEMA Disaster Declarations Miami-Dade (2016-2022)
252,2849,87281000,MIAMI-DADE,25.815606,-80.26487,86500,2025,6.72,205,87,10,0.3154,0.0102,0.1628,HIGH,priority_score = 0.5 × aadt_score + 0.5 × hurricane_proximity_score,FDOT Annual Average Daily Traffic TDA (2025),NOAA HURDAT2 Atlantic Hurricane Database (1851-2023),NOAA Storm Events Database Miami-Dade CZ_FIPS=86 (2014-2022),FEMA OpenFEMA Disaster Declarations Miami-Dade (2016-2022)
253,2592,87281000,MIAMI-DADE,25.750303,-80.262756,86500,2025,6.72,207,87,10,0.3154,0.0102,0.1628,HIGH,priority_score = 0.5 × aadt_score + 0.5 × hurricane_proximity_score,FDOT Annual Average Daily Traffic TDA (2025),NOAA HURDAT2 Atlantic Hurricane Database (1851-2023),NOAA Storm Events Database Miami-Dade CZ_FIPS=86 (2014-2022),FEMA OpenFEMA Disaster Declarations Miami-Dade (2016-2022)
254,4129,87281000,MIAMI-DADE,25.782408,-80.264007,86500,2025,6.7,206,87,10,0.3154,0.0103,0.1628,HIGH,priority_score = 0.5 × aadt_score + 0.5 × hurricane_proximity_score,FDOT Annual Average Daily Traffic TDA (2025),NOAA HURDAT2 Atlantic Hurricane Database (1851-2023),NOAA Storm Events Database Miami-Dade CZ_FIPS=86 (2014-2022),FEMA OpenFEMA Disaster Declarations Miami-Dade (2016-2022)
255,3283,87060000,MIAMI-DADE,25.830722,-80.122017,82500,2025,4.07,209,87,10,0.3006,0.0249,0.1627,HIGH,priority_score = 0.5 × aadt_score + 0.5 × hurricane_proximity_score,FDOT Annual Average Daily Traffic TDA (2025),NOAA HURDAT2 Atlantic Hurricane Database (1851-2023),NOAA Storm Events Database Miami-Dade CZ_FIPS=86 (2014-2022),FEMA OpenFEMA Disaster Declarations Miami-Dade (2016-2022)
256,2036,87090000,MIAMI-DADE,25.810013,-80.209419,64500,2025,1.46,206,87,10,0.2338,0.0916,0.1627,HIGH,priority_score = 0.5 × aadt_score + 0.5 × hurricane_proximity_score,FDOT Annual Average Daily Traffic TDA (2025),NOAA HURDAT2 Atlantic Hurricane Database (1851-2023),NOAA Storm Events Database Miami-Dade CZ_FIPS=86 (2014-2022),FEMA OpenFEMA Disaster Declarations Miami-Dade (2016-2022)
257,5253,87060000,MIAMI-DADE,25.930819,-80.121914,82500,2025,4.07,211,87,10,0.3006,0.0249,0.1627,HIGH,priority_score = 0.5 × aadt_score + 0.5 × hurricane_proximity_score,FDOT Annual Average Daily Traffic TDA (2025),NOAA HURDAT2 Atlantic Hurricane Database (1851-2023),NOAA Storm Events Database Miami-Dade CZ_FIPS=86 (2014-2022),FEMA OpenFEMA Disaster Declarations Miami-Dade (2016-2022)
258,2587,87281000,MIAMI-DADE,25.751812,-80.262803,86500,2025,6.86,207,87,10,0.3154,0.0097,0.1626,HIGH,priority_score = 0.5 × aadt_score + 0.5 × hurricane_proximity_score,FDOT Annual Average Daily Traffic TDA (2025),NOAA HURDAT2 Atlantic Hurricane Database (1851-2023),NOAA Storm Events Database Miami-Dade CZ_FIPS=86 (2014-2022),FEMA OpenFEMA Disaster Declarations Miami-Dade (2016-2022)
259,2141,87281000,MIAMI-DADE,25.778693,-80.263967,86500,2025,6.83,206,87,10,0.3154,0.0098,0.1626,HIGH,priority_score = 0.5 × aadt_score + 0.5 × hurricane_proximity_score,FDOT Annual Average Daily Traffic TDA (2025),NOAA HURDAT2 Atlantic Hurricane Database (1851-2023),NOAA Storm Events Database Miami-Dade CZ_FIPS=86 (2014-2022),FEMA OpenFEMA Disaster Declarations Miami-Dade (2016-2022)
260,5433,87060000,MIAMI-DADE,25.931457,-80.121859,82500,2025,4.12,211,87,10,0.3006,0.0245,0.1625,HIGH,priority_score = 0.5 × aadt_score + 0.5 × hurricane_proximity_score,FDOT Annual Average Daily Traffic TDA (2025),NOAA HURDAT2 Atlantic Hurricane Database (1851-2023),NOAA Storm Events Database Miami-Dade CZ_FIPS=86 (2014-2022),FEMA OpenFEMA Disaster Declarations Miami-Dade (2016-2022)
261,6006,87060000,MIAMI-DADE,25.776846,-80.132515,82500,2025,4.15,208,87,10,0.3006,0.0242,0.1624,HIGH,priority_score = 0.5 × aadt_score + 0.5 × hurricane_proximity_score,FDOT Annual Average Daily Traffic TDA (2025),NOAA HURDAT2 Atlantic Hurricane Database (1851-2023),NOAA Storm Events Database Miami-Dade CZ_FIPS=86 (2014-2022),FEMA OpenFEMA Disaster Declarations Miami-Dade (2016-2022)
262,6164,87281000,MIAMI-DADE,25.775127,-80.263781,86500,2025,6.96,206,87,10,0.3154,0.0094,0.1624,HIGH,priority_score = 0.5 × aadt_score + 0.5 × hurricane_proximity_score,FDOT Annual Average Daily Traffic TDA (2025),NOAA HURDAT2 Atlantic Hurricane Database (1851-2023),NOAA Storm Events Database Miami-Dade CZ_FIPS=86 (2014-2022),FEMA OpenFEMA Disaster Declarations Miami-Dade (2016-2022)
263,2869,87281000,MIAMI-DADE,25.845069,-80.266192,86500,2025,6.98,204,87,10,0.3154,0.0093,0.1624,HIGH,priority_score = 0.5 × aadt_score + 0.5 × hurricane_proximity_score,FDOT Annual Average Daily Traffic TDA (2025),NOAA HURDAT2 Atlantic Hurricane Database (1851-2023),NOAA Storm Events Database Miami-Dade CZ_FIPS=86 (2014-2022),FEMA OpenFEMA Disaster Declarations Miami-Dade (2016-2022)
264,2854,87281000,MIAMI-DADE,25.823031,-80.265155,86500,2025,7.01,205,87,10,0.3154,0.0093,0.1623,HIGH,priority_score = 0.5 × aadt_score + 0.5 × hurricane_proximity_score,FDOT Annual Average Daily Traffic TDA (2025),NOAA HURDAT2 Atlantic Hurricane Database (1851-2023),NOAA Storm Events Database Miami-Dade CZ_FIPS=86 (2014-2022),FEMA OpenFEMA Disaster Declarations Miami-Dade (2016-2022)
265,3786,87281000,MIAMI-DADE,25.753465,-80.262858,86500,2025,7.01,207,87,10,0.3154,0.0093,0.1623,HIGH,priority_score = 0.5 × aadt_score + 0.5 × hurricane_proximity_score,FDOT Annual Average Daily Traffic TDA (2025),NOAA HURDAT2 Atlantic Hurricane Database (1851-2023),NOAA Storm Events Database Miami-Dade CZ_FIPS=86 (2014-2022),FEMA OpenFEMA Disaster Declarations Miami-Dade (2016-2022)
266,2132,87281000,MIAMI-DADE,25.772967,-80.263671,86500,2025,7.05,206,87,10,0.3154,0.0091,0.1623,HIGH,priority_score = 0.5 × aadt_score + 0.5 × hurricane_proximity_score,FDOT Annual Average Daily Traffic TDA (2025),NOAA HURDAT2 Atlantic Hurricane Database (1851-2023),NOAA Storm Events Database Miami-Dade CZ_FIPS=86 (2014-2022),FEMA OpenFEMA Disaster Declarations Miami-Dade (2016-2022)
267,3432,87060000,MIAMI-DADE,25.83205,-80.121742,82500,2025,4.18,209,87,10,0.3006,0.0239,0.1622,HIGH,priority_score = 0.5 × aadt_score + 0.5 × hurricane_proximity_score,FDOT Annual Average Daily Traffic TDA (2025),NOAA HURDAT2 Atlantic Hurricane Database (1851-2023),NOAA Storm Events Database Miami-Dade CZ_FIPS=86 (2014-2022),FEMA OpenFEMA Disaster Declarations Miami-Dade (2016-2022)
268,4760,87001000,MIAMI-DADE,25.686567,-80.376269,87000,2025,7.79,206,87,10,0.3173,0.0071,0.1622,HIGH,priority_score = 0.5 × aadt_score + 0.5 × hurricane_proximity_score,FDOT Annual Average Daily Traffic TDA (2025),NOAA HURDAT2 Atlantic Hurricane Database (1851-2023),NOAA Storm Events Database Miami-Dade CZ_FIPS=86 (2014-2022),FEMA OpenFEMA Disaster Declarations Miami-Dade (2016-2022)
269,2136,87281000,MIAMI-DADE,25.771676,-80.263605,86500,2025,7.1,206,87,10,0.3154,0.009,0.1622,HIGH,priority_score = 0.5 × aadt_score + 0.5 × hurricane_proximity_score,FDOT Annual Average Daily Traffic TDA (2025),NOAA HURDAT2 Atlantic Hurricane Database (1851-2023),NOAA Storm Events Database Miami-Dade CZ_FIPS=86 (2014-2022),FEMA OpenFEMA Disaster Declarations Miami-Dade (2016-2022)
270,5727,87060000,MIAMI-DADE,25.9324,-80.121786,82500,2025,4.21,211,87,10,0.3006,0.0237,0.1621,HIGH,priority_score = 0.5 × aadt_score + 0.5 × hurricane_proximity_score,FDOT Annual Average Daily Traffic TDA (2025),NOAA HURDAT2 Atlantic Hurricane Database (1851-2023),NOAA Storm Events Database Miami-Dade CZ_FIPS=86 (2014-2022),FEMA OpenFEMA Disaster Declarations Miami-Dade (2016-2022)
271,3320,87060000,MIAMI-DADE,25.966139,-80.119584,82500,2025,4.24,211,87,10,0.3006,0.0234,0.162,HIGH,priority_score = 0.5 × aadt_score + 0.5 × hurricane_proximity_score,FDOT Annual Average Daily Traffic TDA (2025),NOAA HURDAT2 Atlantic Hurricane Database (1851-2023),NOAA Storm Events Database Miami-Dade CZ_FIPS=86 (2014-2022),FEMA OpenFEMA Disaster Declarations Miami-Dade (2016-2022)
272,2826,87281000,MIAMI-DADE,25.828395,-80.265413,86500,2025,7.27,205,87,10,0.3154,0.0085,0.1619,HIGH,priority_score = 0.5 × aadt_score + 0.5 × hurricane_proximity_score,FDOT Annual Average Daily Traffic TDA (2025),NOAA HURDAT2 Atlantic Hurricane Database (1851-2023),NOAA Storm Events Database Miami-Dade CZ_FIPS=86 (2014-2022),FEMA OpenFEMA Disaster Declarations Miami-Dade (2016-2022)
273,3113,87281000,MIAMI-DADE,25.756787,-80.262967,86500,2025,7.32,207,87,10,0.3154,0.0083,0.1619,HIGH,priority_score = 0.5 × aadt_score + 0.5 × hurricane_proximity_score,FDOT Annual Average Daily Traffic TDA (2025),NOAA HURDAT2 Atlantic Hurricane Database (1851-2023),NOAA Storm Events Database Miami-Dade CZ_FIPS=86 (2014-2022),FEMA OpenFEMA Disaster Declarations Miami-Dade (2016-2022)
274,2862,87281000,MIAMI-DADE,25.830396,-80.265509,86500,2025,7.38,205,87,10,0.3154,0.0082,0.1618,HIGH,priority_score = 0.5 × aadt_score + 0.5 × hurricane_proximity_score,FDOT Annual Average Daily Traffic TDA (2025),NOAA HURDAT2 Atlantic Hurricane Database (1851-2023),NOAA Storm Events Database Miami-Dade CZ_FIPS=86 (2014-2022),FEMA OpenFEMA Disaster Declarations Miami-Dade (2016-2022)
275,3439,87060000,MIAMI-DADE,25.833558,-80.121129,82500,2025,4.29,209,87,10,0.3006,0.023,0.1618,HIGH,priority_score = 0.5 × aadt_score + 0.5 × hurricane_proximity_score,FDOT Annual Average Daily Traffic TDA (2025),NOAA HURDAT2 Atlantic Hurricane Database (1851-2023),NOAA Storm Events Database Miami-Dade CZ_FIPS=86 (2014-2022),FEMA OpenFEMA Disaster Declarations Miami-Dade (2016-2022)
276,3664,87281000,MIAMI-DADE,25.841285,-80.266009,86500,2025,7.36,205,87,10,0.3154,0.0082,0.1618,HIGH,priority_score = 0.5 × aadt_score + 0.5 × hurricane_proximity_score,FDOT Annual Average Daily Traffic TDA (2025),NOAA HURDAT2 Atlantic Hurricane Database (1851-2023),NOAA Storm Events Database Miami-Dade CZ_FIPS=86 (2014-2022),FEMA OpenFEMA Disaster Declarations Miami-Dade (2016-2022)
277,2144,87281000,MIAMI-DADE,25.764444,-80.263301,86500,2025,7.47,207,87,10,0.3154,0.0079,0.1617,HIGH,priority_score = 0.5 × aadt_score + 0.5 × hurricane_proximity_score,FDOT Annual Average Daily Traffic TDA (2025),NOAA HURDAT2 Atlantic Hurricane Database (1851-2023),NOAA Storm Events Database Miami-Dade CZ_FIPS=86 (2014-2022),FEMA OpenFEMA Disaster Declarations Miami-Dade (2016-2022)
278,2827,87281000,MIAMI-DADE,25.833063,-80.265639,86500,2025,7.53,205,87,10,0.3154,0.0078,0.1616,HIGH,priority_score = 0.5 × aadt_score + 0.5 × hurricane_proximity_score,FDOT Annual Average Daily Traffic TDA (2025),NOAA HURDAT2 Atlantic Hurricane Database (1851-2023),NOAA Storm Events Database Miami-Dade CZ_FIPS=86 (2014-2022),FEMA OpenFEMA Disaster Declarations Miami-Dade (2016-2022)
279,2696,87060000,MIAMI-DADE,25.865907,-80.121142,82500,2025,4.34,208,87,10,0.3006,0.0226,0.1616,HIGH,priority_score = 0.5 × aadt_score + 0.5 × hurricane_proximity_score,FDOT Annual Average Daily Traffic TDA (2025),NOAA HURDAT2 Atlantic Hurricane Database (1851-2023),NOAA Storm Events Database Miami-Dade CZ_FIPS=86 (2014-2022),FEMA OpenFEMA Disaster Declarations Miami-Dade (2016-2022)
280,3438,87060000,MIAMI-DADE,25.83452,-80.120783,82500,2025,4.37,209,87,10,0.3006,0.0223,0.1615,HIGH,priority_score = 0.5 × aadt_score + 0.5 × hurricane_proximity_score,FDOT Annual Average Daily Traffic TDA (2025),NOAA HURDAT2 Atlantic Hurricane Database (1851-2023),NOAA Storm Events Database Miami-Dade CZ_FIPS=86 (2014-2022),FEMA OpenFEMA Disaster Declarations Miami-Dade (2016-2022)
281,3994,87001000,MIAMI-DADE,25.686395,-80.381625,87000,2025,8.32,206,87,10,0.3173,0.0058,0.1615,HIGH,priority_score = 0.5 × aadt_score + 0.5 × hurricane_proximity_score,FDOT Annual Average Daily Traffic TDA (2025),NOAA HURDAT2 Atlantic Hurricane Database (1851-2023),NOAA Storm Events Database Miami-Dade CZ_FIPS=86 (2014-2022),FEMA OpenFEMA Disaster Declarations Miami-Dade (2016-2022)
282,4733,87060000,MIAMI-DADE,25.933967,-80.121696,82500,2025,4.36,211,87,10,0.3006,0.0224,0.1615,HIGH,priority_score = 0.5 × aadt_score + 0.5 × hurricane_proximity_score,FDOT Annual Average Daily Traffic TDA (2025),NOAA HURDAT2 Atlantic Hurricane Database (1851-2023),NOAA Storm Events Database Miami-Dade CZ_FIPS=86 (2014-2022),FEMA OpenFEMA Disaster Declarations Miami-Dade (2016-2022)
283,2658,87060000,MIAMI-DADE,25.77455,-80.133016,82500,2025,4.35,208,87,10,0.3006,0.0225,0.1615,HIGH,priority_score = 0.5 × aadt_score + 0.5 × hurricane_proximity_score,FDOT Annual Average Daily Traffic TDA (2025),NOAA HURDAT2 Atlantic Hurricane Database (1851-2023),NOAA Storm Events Database Miami-Dade CZ_FIPS=86 (2014-2022),FEMA OpenFEMA Disaster Declarations Miami-Dade (2016-2022)
284,2954,87020000,MIAMI-DADE,25.666623,-80.323465,82500,2025,4.39,205,87,10,0.3006,0.0222,0.1614,HIGH,priority_score = 0.5 × aadt_score + 0.5 × hurricane_proximity_score,FDOT Annual Average Daily Traffic TDA (2025),NOAA HURDAT2 Atlantic Hurricane Database (1851-2023),NOAA Storm Events Database Miami-Dade CZ_FIPS=86 (2014-2022),FEMA OpenFEMA Disaster Declarations Miami-Dade (2016-2022)
285,2049,87140000,MIAMI-DADE,25.810073,-80.207545,61500,2025,1.35,206,87,10,0.2226,0.1001,0.1614,HIGH,priority_score = 0.5 × aadt_score + 0.5 × hurricane_proximity_score,FDOT Annual Average Daily Traffic TDA (2025),NOAA HURDAT2 Atlantic Hurricane Database (1851-2023),NOAA Storm Events Database Miami-Dade CZ_FIPS=86 (2014-2022),FEMA OpenFEMA Disaster Declarations Miami-Dade (2016-2022)
286,4594,87281000,MIAMI-DADE,25.837717,-80.265865,86500,2025,7.72,205,87,10,0.3154,0.0073,0.1613,HIGH,priority_score = 0.5 × aadt_score + 0.5 × hurricane_proximity_score,FDOT Annual Average Daily Traffic TDA (2025),NOAA HURDAT2 Atlantic Hurricane Database (1851-2023),NOAA Storm Events Database Miami-Dade CZ_FIPS=86 (2014-2022),FEMA OpenFEMA Disaster Declarations Miami-Dade (2016-2022)
287,3995,87001000,MIAMI-DADE,25.686304,-80.3844,87000,2025,8.59,206,87,10,0.3173,0.0053,0.1613,HIGH,priority_score = 0.5 × aadt_score + 0.5 × hurricane_proximity_score,FDOT Annual Average Daily Traffic TDA (2025),NOAA HURDAT2 Atlantic Hurricane Database (1851-2023),NOAA Storm Events Database Miami-Dade CZ_FIPS=86 (2014-2022),FEMA OpenFEMA Disaster Declarations Miami-Dade (2016-2022)
288,2737,87060000,MIAMI-DADE,25.777386,-80.163804,82500,2025,4.41,207,87,10,0.3006,0.022,0.1613,HIGH,priority_score = 0.5 × aadt_score + 0.5 × hurricane_proximity_score,FDOT Annual Average Daily Traffic TDA (2025),NOAA HURDAT2 Atlantic Hurricane Database (1851-2023),NOAA Storm Events Database Miami-Dade CZ_FIPS=86 (2014-2022),FEMA OpenFEMA Disaster Declarations Miami-Dade (2016-2022)
289,2794,87060000,MIAMI-DADE,25.774465,-80.134204,82500,2025,4.45,208,87,10,0.3006,0.0217,0.1611,HIGH,priority_score = 0.5 × aadt_score + 0.5 × hurricane_proximity_score,FDOT Annual Average Daily Traffic TDA (2025),NOAA HURDAT2 Atlantic Hurricane Database (1851-2023),NOAA Storm Events Database Miami-Dade CZ_FIPS=86 (2014-2022),FEMA OpenFEMA Disaster Declarations Miami-Dade (2016-2022)
290,4715,87001000,MIAMI-DADE,25.68627,-80.385538,87000,2025,8.71,206,87,10,0.3173,0.005,0.1611,HIGH,priority_score = 0.5 × aadt_score + 0.5 × hurricane_proximity_score,FDOT Annual Average Daily Traffic TDA (2025),NOAA HURDAT2 Atlantic Hurricane Database (1851-2023),NOAA Storm Events Database Miami-Dade CZ_FIPS=86 (2014-2022),FEMA OpenFEMA Disaster Declarations Miami-Dade (2016-2022)
291,4401,87001000,MIAMI-DADE,25.686233,-80.386756,87000,2025,8.83,206,87,10,0.3173,0.0048,0.161,HIGH,priority_score = 0.5 × aadt_score + 0.5 × hurricane_proximity_score,FDOT Annual Average Daily Traffic TDA (2025),NOAA HURDAT2 Atlantic Hurricane Database (1851-2023),NOAA Storm Events Database Miami-Dade CZ_FIPS=86 (2014-2022),FEMA OpenFEMA Disaster Declarations Miami-Dade (2016-2022)
292,3433,87060000,MIAMI-DADE,25.835652,-80.120744,82500,2025,4.48,209,87,10,0.3006,0.0215,0.161,HIGH,priority_score = 0.5 × aadt_score + 0.5 × hurricane_proximity_score,FDOT Annual Average Daily Traffic TDA (2025),NOAA HURDAT2 Atlantic Hurricane Database (1851-2023),NOAA Storm Events Database Miami-Dade CZ_FIPS=86 (2014-2022),FEMA OpenFEMA Disaster Declarations Miami-Dade (2016-2022)
293,3501,87060000,MIAMI-DADE,25.935317,-80.12162,82500,2025,4.48,211,87,10,0.3006,0.0215,0.161,HIGH,priority_score = 0.5 × aadt_score + 0.5 × hurricane_proximity_score,FDOT Annual Average Daily Traffic TDA (2025),NOAA HURDAT2 Atlantic Hurricane Database (1851-2023),NOAA Storm Events Database Miami-Dade CZ_FIPS=86 (2014-2022),FEMA OpenFEMA Disaster Declarations Miami-Dade (2016-2022)
294,3434,87060000,MIAMI-DADE,25.836771,-80.120772,82500,2025,4.59,209,87,10,0.3006,0.0207,0.1606,HIGH,priority_score = 0.5 × aadt_score + 0.5 × hurricane_proximity_score,FDOT Annual Average Daily Traffic TDA (2025),NOAA HURDAT2 Atlantic Hurricane Database (1851-2023),NOAA Storm Events Database Miami-Dade CZ_FIPS=86 (2014-2022),FEMA OpenFEMA Disaster Declarations Miami-Dade (2016-2022)
295,4923,87001000,MIAMI-DADE,25.686093,-80.39136,87000,2025,9.28,206,87,10,0.3173,0.004,0.1606,HIGH,priority_score = 0.5 × aadt_score + 0.5 × hurricane_proximity_score,FDOT Annual Average Daily Traffic TDA (2025),NOAA HURDAT2 Atlantic Hurricane Database (1851-2023),NOAA Storm Events Database Miami-Dade CZ_FIPS=86 (2014-2022),FEMA OpenFEMA Disaster Declarations Miami-Dade (2016-2022)
296,2098,87090000,MIAMI-DADE,25.810616,-80.19041,64500,2025,1.52,206,87,10,0.2338,0.0875,0.1606,HIGH,priority_score = 0.5 × aadt_score + 0.5 × hurricane_proximity_score,FDOT Annual Average Daily Traffic TDA (2025),NOAA HURDAT2 Atlantic Hurricane Database (1851-2023),NOAA Storm Events Database Miami-Dade CZ_FIPS=86 (2014-2022),FEMA OpenFEMA Disaster Declarations Miami-Dade (2016-2022)
297,2740,87060000,MIAMI-DADE,25.77438,-80.136048,82500,2025,4.6,208,87,10,0.3006,0.0206,0.1606,HIGH,priority_score = 0.5 × aadt_score + 0.5 × hurricane_proximity_score,FDOT Annual Average Daily Traffic TDA (2025),NOAA HURDAT2 Atlantic Hurricane Database (1851-2023),NOAA Storm Events Database Miami-Dade CZ_FIPS=86 (2014-2022),FEMA OpenFEMA Disaster Declarations Miami-Dade (2016-2022)
298,4863,87001000,MIAMI-DADE,25.686013,-80.393653,87000,2025,9.51,206,87,10,0.3173,0.0036,0.1604,HIGH,priority_score = 0.5 × aadt_score + 0.5 × hurricane_proximity_score,FDOT Annual Average Daily Traffic TDA (2025),NOAA HURDAT2 Atlantic Hurricane Database (1851-2023),NOAA Storm Events Database Miami-Dade CZ_FIPS=86 (2014-2022),FEMA OpenFEMA Disaster Declarations Miami-Dade (2016-2022)
299,3881,87060000,MIAMI-DADE,25.937496,-80.121496,82500,2025,4.69,211,87,10,0.3006,0.02,0.1603,HIGH,priority_score = 0.5 × aadt_score + 0.5 × hurricane_proximity_score,FDOT Annual Average Daily Traffic TDA (2025),NOAA HURDAT2 Atlantic Hurricane Database (1851-2023),NOAA Storm Events Database Miami-Dade CZ_FIPS=86 (2014-2022),FEMA OpenFEMA Disaster Declarations Miami-Dade (2016-2022)
300,2728,87060000,MIAMI-DADE,25.774354,-80.137139,82500,2025,4.69,208,87,10,0.3006,0.02,0.1603,HIGH,priority_score = 0.5 × aadt_score + 0.5 × hurricane_proximity_score,FDOT Annual Average Daily Traffic TDA (2025),NOAA HURDAT2 Atlantic Hurricane Database (1851-2023),NOAA Storm Events Database Miami-Dade CZ_FIPS=86 (2014-2022),FEMA OpenFEMA Disaster Declarations Miami-Dade (2016-2022)
301,6923,87060000,MIAMI-DADE,25.862056,-80.121062,82500,2025,4.72,210,87,10,0.3006,0.0198,0.1602,HIGH,priority_score = 0.5 × aadt_score + 0.5 × hurricane_proximity_score,FDOT Annual Average Daily Traffic TDA (2025),NOAA HURDAT2 Atlantic Hurricane Database (1851-2023),NOAA Storm Events Database Miami-Dade CZ_FIPS=86 (2014-2022),FEMA OpenFEMA Disaster Declarations Miami-Dade (2016-2022)
302,4898,87001000,MIAMI-DADE,25.685947,-80.395721,87000,2025,9.72,206,87,10,0.3173,0.0032,0.1602,HIGH,priority_score = 0.5 × aadt_score + 0.5 × hurricane_proximity_score,FDOT Annual Average Daily Traffic TDA (2025),NOAA HURDAT2 Atlantic Hurricane Database (1851-2023),NOAA Storm Events Database Miami-Dade CZ_FIPS=86 (2014-2022),FEMA OpenFEMA Disaster Declarations Miami-Dade (2016-2022)
303,6396,87001000,MIAMI-DADE,25.683799,-80.46205,87000,2025,10.06,205,87,10,0.3173,0.0027,0.16,HIGH,priority_score = 0.5 × aadt_score + 0.5 × hurricane_proximity_score,FDOT Annual Average Daily Traffic TDA (2025),NOAA HURDAT2 Atlantic Hurricane Database (1851-2023),NOAA Storm Events Database Miami-Dade CZ_FIPS=86 (2014-2022),FEMA OpenFEMA Disaster Declarations Miami-Dade (2016-2022)
304,4286,87001000,MIAMI-DADE,25.685845,-80.398897,87000,2025,10.03,206,87,10,0.3173,0.0027,0.16,HIGH,priority_score = 0.5 × aadt_score + 0.5 × hurricane_proximity_score,FDOT Annual Average Daily Traffic TDA (2025),NOAA HURDAT2 Atlantic Hurricane Database (1851-2023),NOAA Storm Events Database Miami-Dade CZ_FIPS=86 (2014-2022),FEMA OpenFEMA Disaster Declarations Miami-Dade (2016-2022)
305,2752,87060000,MIAMI-DADE,25.774329,-80.138214,82500,2025,4.77,208,87,10,0.3006,0.0194,0.16,HIGH,priority_score = 0.5 × aadt_score + 0.5 × hurricane_proximity_score,FDOT Annual Average Daily Traffic TDA (2025),NOAA HURDAT2 Atlantic Hurricane Database (1851-2023),NOAA Storm Events Database Miami-Dade CZ_FIPS=86 (2014-2022),FEMA OpenFEMA Disaster Declarations Miami-Dade (2016-2022)
306,6956,87001000,MIAMI DADE COUNTY,25.68662,-80.471828,87000,2025,10.04,205,87,10,0.3173,0.0027,0.16,HIGH,priority_score = 0.5 × aadt_score + 0.5 × hurricane_proximity_score,FDOT Annual Average Daily Traffic TDA (2025),NOAA HURDAT2 Atlantic Hurricane Database (1851-2023),NOAA Storm Events Database Miami-Dade CZ_FIPS=86 (2014-2022),FEMA OpenFEMA Disaster Declarations Miami-Dade (2016-2022)
307,5726,87001000,MIAMI-DADE,25.688629,-80.478336,87000,2025,10.09,205,87,10,0.3173,0.0026,0.1599,HIGH,priority_score = 0.5 × aadt_score + 0.5 × hurricane_proximity_score,FDOT Annual Average Daily Traffic TDA (2025),NOAA HURDAT2 Atlantic Hurricane Database (1851-2023),NOAA Storm Events Database Miami-Dade CZ_FIPS=86 (2014-2022),FEMA OpenFEMA Disaster Declarations Miami-Dade (2016-2022)
308,4334,87001000,MIAMI-DADE,25.685794,-80.400469,87000,2025,10.19,206,87,10,0.3173,0.0025,0.1599,HIGH,priority_score = 0.5 × aadt_score + 0.5 × hurricane_proximity_score,FDOT Annual Average Daily Traffic TDA (2025),NOAA HURDAT2 Atlantic Hurricane Database (1851-2023),NOAA Storm Events Database Miami-Dade CZ_FIPS=86 (2014-2022),FEMA OpenFEMA Disaster Declarations Miami-Dade (2016-2022)
309,3556,87020000,MIAMI-DADE,25.608409,-80.347614,82500,2025,4.87,204,87,10,0.3006,0.0188,0.1597,HIGH,priority_score = 0.5 × aadt_score + 0.5 × hurricane_proximity_score,FDOT Annual Average Daily Traffic TDA (2025),NOAA HURDAT2 Atlantic Hurricane Database (1851-2023),NOAA Storm Events Database Miami-Dade CZ_FIPS=86 (2014-2022),FEMA OpenFEMA Disaster Declarations Miami-Dade (2016-2022)
310,6217,87001000,MIAMI-DADE,25.68407,-80.454048,87000,2025,10.42,205,87,10,0.3173,0.0022,0.1597,HIGH,priority_score = 0.5 × aadt_score + 0.5 × hurricane_proximity_score,FDOT Annual Average Daily Traffic TDA (2025),NOAA HURDAT2 Atlantic Hurricane Database (1851-2023),NOAA Storm Events Database Miami-Dade CZ_FIPS=86 (2014-2022),FEMA OpenFEMA Disaster Declarations Miami-Dade (2016-2022)
311,3964,87001000,MIAMI-DADE,25.685701,-80.403468,87000,2025,10.49,206,87,10,0.3173,0.0021,0.1597,HIGH,priority_score = 0.5 × aadt_score + 0.5 × hurricane_proximity_score,FDOT Annual Average Daily Traffic TDA (2025),NOAA HURDAT2 Atlantic Hurricane Database (1851-2023),NOAA Storm Events Database Miami-Dade CZ_FIPS=86 (2014-2022),FEMA OpenFEMA Disaster Declarations Miami-Dade (2016-2022)
312,2695,87060000,MIAMI-DADE,25.86053,-80.121013,82500,2025,4.87,210,87,10,0.3006,0.0188,0.1597,HIGH,priority_score = 0.5 × aadt_score + 0.5 × hurricane_proximity_score,FDOT Annual Average Daily Traffic TDA (2025),NOAA HURDAT2 Atlantic Hurricane Database (1851-2023),NOAA Storm Events Database Miami-Dade CZ_FIPS=86 (2014-2022),FEMA OpenFEMA Disaster Declarations Miami-Dade (2016-2022)
313,2734,87060000,MIAMI-DADE,25.774289,-80.139401,82500,2025,4.87,208,87,10,0.3006,0.0188,0.1597,HIGH,priority_score = 0.5 × aadt_score + 0.5 × hurricane_proximity_score,FDOT Annual Average Daily Traffic TDA (2025),NOAA HURDAT2 Atlantic Hurricane Database (1851-2023),NOAA Storm Events Database Miami-Dade CZ_FIPS=86 (2014-2022),FEMA OpenFEMA Disaster Declarations Miami-Dade (2016-2022)
314,6081,87060000,MIAMI-DADE,25.939527,-80.121366,82500,2025,4.89,211,87,10,0.3006,0.0186,0.1596,HIGH,priority_score = 0.5 × aadt_score + 0.5 × hurricane_proximity_score,FDOT Annual Average Daily Traffic TDA (2025),NOAA HURDAT2 Atlantic Hurricane Database (1851-2023),NOAA Storm Events Database Miami-Dade CZ_FIPS=86 (2014-2022),FEMA OpenFEMA Disaster Declarations Miami-Dade (2016-2022)
315,2956,87020000,MIAMI-DADE,25.614057,-80.346579,82500,2025,4.93,204,87,10,0.3006,0.0184,0.1595,HIGH,priority_score = 0.5 × aadt_score + 0.5 × hurricane_proximity_score,FDOT Annual Average Daily Traffic TDA (2025),NOAA HURDAT2 Atlantic Hurricane Database (1851-2023),NOAA Storm Events Database Miami-Dade CZ_FIPS=86 (2014-2022),FEMA OpenFEMA Disaster Declarations Miami-Dade (2016-2022)
316,3224,87020000,MIAMI-DADE,25.606296,-80.348563,82500,2025,4.92,204,87,10,0.3006,0.0185,0.1595,HIGH,priority_score = 0.5 × aadt_score + 0.5 × hurricane_proximity_score,FDOT Annual Average Daily Traffic TDA (2025),NOAA HURDAT2 Atlantic Hurricane Database (1851-2023),NOAA Storm Events Database Miami-Dade CZ_FIPS=86 (2014-2022),FEMA OpenFEMA Disaster Declarations Miami-Dade (2016-2022)
317,5224,87001000,MIAMI-DADE,25.684331,-80.44603,87000,2025,10.83,205,87,10,0.3173,0.0016,0.1594,HIGH,priority_score = 0.5 × aadt_score + 0.5 × hurricane_proximity_score,FDOT Annual Average Daily Traffic TDA (2025),NOAA HURDAT2 Atlantic Hurricane Database (1851-2023),NOAA Storm Events Database Miami-Dade CZ_FIPS=86 (2014-2022),FEMA OpenFEMA Disaster Declarations Miami-Dade (2016-2022)
318,2640,87060000,MIAMI-DADE,25.77436,-80.140694,82500,2025,4.97,208,87,10,0.3006,0.0181,0.1594,HIGH,priority_score = 0.5 × aadt_score + 0.5 × hurricane_proximity_score,FDOT Annual Average Daily Traffic TDA (2025),NOAA HURDAT2 Atlantic Hurricane Database (1851-2023),NOAA Storm Events Database Miami-Dade CZ_FIPS=86 (2014-2022),FEMA OpenFEMA Disaster Declarations Miami-Dade (2016-2022)
319,4820,87001000,MIAMI-DADE,25.684496,-80.440946,87000,2025,11.1,205,87,10,0.3173,0.0013,0.1593,HIGH,priority_score = 0.5 × aadt_score + 0.5 × hurricane_proximity_score,FDOT Annual Average Daily Traffic TDA (2025),NOAA HURDAT2 Atlantic Hurricane Database (1851-2023),NOAA Storm Events Database Miami-Dade CZ_FIPS=86 (2014-2022),FEMA OpenFEMA Disaster Declarations Miami-Dade (2016-2022)
320,2694,87060000,MIAMI-DADE,25.859383,-80.12096,82500,2025,4.98,210,87,10,0.3006,0.0181,0.1593,HIGH,priority_score = 0.5 × aadt_score + 0.5 × hurricane_proximity_score,FDOT Annual Average Daily Traffic TDA (2025),NOAA HURDAT2 Atlantic Hurricane Database (1851-2023),NOAA Storm Events Database Miami-Dade CZ_FIPS=86 (2014-2022),FEMA OpenFEMA Disaster Declarations Miami-Dade (2016-2022)
321,4598,87001000,MIAMI-DADE,25.685542,-80.408472,87000,2025,10.99,206,87,10,0.3173,0.0014,0.1593,HIGH,priority_score = 0.5 × aadt_score + 0.5 × hurricane_proximity_score,FDOT Annual Average Daily Traffic TDA (2025),NOAA HURDAT2 Atlantic Hurricane Database (1851-2023),NOAA Storm Events Database Miami-Dade CZ_FIPS=86 (2014-2022),FEMA OpenFEMA Disaster Declarations Miami-Dade (2016-2022)
322,5721,87001000,MIAMI-DADE,25.684625,-80.436873,87000,2025,11.34,205,87,10,0.3173,0.001,0.1591,HIGH,priority_score = 0.5 × aadt_score + 0.5 × hurricane_proximity_score,FDOT Annual Average Daily Traffic TDA (2025),NOAA HURDAT2 Atlantic Hurricane Database (1851-2023),NOAA Storm Events Database Miami-Dade CZ_FIPS=86 (2014-2022),FEMA OpenFEMA Disaster Declarations Miami-Dade (2016-2022)
323,3891,87020000,MIAMI-DADE,25.621081,-80.344623,82500,2025,5.05,204,87,10,0.3006,0.0177,0.1591,HIGH,priority_score = 0.5 × aadt_score + 0.5 × hurricane_proximity_score,FDOT Annual Average Daily Traffic TDA (2025),NOAA HURDAT2 Atlantic Hurricane Database (1851-2023),NOAA Storm Events Database Miami-Dade CZ_FIPS=86 (2014-2022),FEMA OpenFEMA Disaster Declarations Miami-Dade (2016-2022)
324,3923,87060000,MIAMI-DADE,25.841208,-80.121362,82500,2025,5.06,209,87,10,0.3006,0.0176,0.1591,HIGH,priority_score = 0.5 × aadt_score + 0.5 × hurricane_proximity_score,FDOT Annual Average Daily Traffic TDA (2025),NOAA HURDAT2 Atlantic Hurricane Database (1851-2023),NOAA Storm Events Database Miami-Dade CZ_FIPS=86 (2014-2022),FEMA OpenFEMA Disaster Declarations Miami-Dade (2016-2022)
325,4549,87060000,MIAMI-DADE,25.941283,-80.121253,82500,2025,5.06,211,87,10,0.3006,0.0176,0.1591,HIGH,priority_score = 0.5 × aadt_score + 0.5 × hurricane_proximity_score,FDOT Annual Average Daily Traffic TDA (2025),NOAA HURDAT2 Atlantic Hurricane Database (1851-2023),NOAA Storm Events Database Miami-Dade CZ_FIPS=86 (2014-2022),FEMA OpenFEMA Disaster Declarations Miami-Dade (2016-2022)
326,3236,87020000,MIAMI-DADE,25.619191,-80.3455,82500,2025,5.04,204,87,10,0.3006,0.0177,0.1591,HIGH,priority_score = 0.5 × aadt_score + 0.5 × hurricane_proximity_score,FDOT Annual Average Daily Traffic TDA (2025),NOAA HURDAT2 Atlantic Hurricane Database (1851-2023),NOAA Storm Events Database Miami-Dade CZ_FIPS=86 (2014-2022),FEMA OpenFEMA Disaster Declarations Miami-Dade (2016-2022)
327,3558,87020000,MIAMI-DADE,25.6039,-80.350129,82500,2025,5.05,204,87,10,0.3006,0.0177,0.1591,HIGH,priority_score = 0.5 × aadt_score + 0.5 × hurricane_proximity_score,FDOT Annual Average Daily Traffic TDA (2025),NOAA HURDAT2 Atlantic Hurricane Database (1851-2023),NOAA Storm Events Database Miami-Dade CZ_FIPS=86 (2014-2022),FEMA OpenFEMA Disaster Declarations Miami-Dade (2016-2022)
328,2693,87060000,MIAMI-DADE,25.858266,-80.120892,82500,2025,5.09,210,87,10,0.3006,0.0174,0.159,HIGH,priority_score = 0.5 × aadt_score + 0.5 × hurricane_proximity_score,FDOT Annual Average Daily Traffic TDA (2025),NOAA HURDAT2 Atlantic Hurricane Database (1851-2023),NOAA Storm Events Database Miami-Dade CZ_FIPS=86 (2014-2022),FEMA OpenFEMA Disaster Declarations Miami-Dade (2016-2022)
329,3842,87001000,MIAMI-DADE,25.685278,-80.416585,87000,2025,11.8,207,87,10,0.3173,0.0005,0.1589,HIGH,priority_score = 0.5 × aadt_score + 0.5 × hurricane_proximity_score,FDOT Annual Average Daily Traffic TDA (2025),NOAA HURDAT2 Atlantic Hurricane Database (1851-2023),NOAA Storm Events Database Miami-Dade CZ_FIPS=86 (2014-2022),FEMA OpenFEMA Disaster Declarations Miami-Dade (2016-2022)
330,5218,87001000,MIAMI-DADE,25.684862,-80.429736,87000,2025,11.78,206,87,10,0.3173,0.0005,0.1589,HIGH,priority_score = 0.5 × aadt_score + 0.5 × hurricane_proximity_score,FDOT Annual Average Daily Traffic TDA (2025),NOAA HURDAT2 Atlantic Hurricane Database (1851-2023),NOAA Storm Events Database Miami-Dade CZ_FIPS=86 (2014-2022),FEMA OpenFEMA Disaster Declarations Miami-Dade (2016-2022)
331,2050,87090000,MIAMI-DADE,25.809958,-80.211282,64500,2025,1.58,206,87,10,0.2338,0.0837,0.1587,HIGH,priority_score = 0.5 × aadt_score + 0.5 × hurricane_proximity_score,FDOT Annual Average Daily Traffic TDA (2025),NOAA HURDAT2 Atlantic Hurricane Database (1851-2023),NOAA Storm Events Database Miami-Dade CZ_FIPS=86 (2014-2022),FEMA OpenFEMA Disaster Declarations Miami-Dade (2016-2022)
332,4604,87001000,MIAMI-DADE,25.685184,-80.419649,87000,2025,12.1,206,87,10,0.3173,0.0001,0.1587,HIGH,priority_score = 0.5 × aadt_score + 0.5 × hurricane_proximity_score,FDOT Annual Average Daily Traffic TDA (2025),NOAA HURDAT2 Atlantic Hurricane Database (1851-2023),NOAA Storm Events Database Miami-Dade CZ_FIPS=86 (2014-2022),FEMA OpenFEMA Disaster Declarations Miami-Dade (2016-2022)
333,4652,87001000,MIAMI-DADE,25.685022,-80.424636,87000,2025,12.1,206,87,10,0.3173,0.0001,0.1587,HIGH,priority_score = 0.5 × aadt_score + 0.5 × hurricane_proximity_score,FDOT Annual Average Daily Traffic TDA (2025),NOAA HURDAT2 Atlantic Hurricane Database (1851-2023),NOAA Storm Events Database Miami-Dade CZ_FIPS=86 (2014-2022),FEMA OpenFEMA Disaster Declarations Miami-Dade (2016-2022)
334,3880,87060000,MIAMI-DADE,25.856962,-80.120529,82500,2025,5.21,210,87,10,0.3006,0.0167,0.1586,HIGH,priority_score = 0.5 × aadt_score + 0.5 × hurricane_proximity_score,FDOT Annual Average Daily Traffic TDA (2025),NOAA HURDAT2 Atlantic Hurricane Database (1851-2023),NOAA Storm Events Database Miami-Dade CZ_FIPS=86 (2014-2022),FEMA OpenFEMA Disaster Declarations Miami-Dade (2016-2022)
335,2955,87020000,MIAMI-DADE,25.629027,-80.340928,82500,2025,5.22,204,87,10,0.3006,0.0167,0.1586,HIGH,priority_score = 0.5 × aadt_score + 0.5 × hurricane_proximity_score,FDOT Annual Average Daily Traffic TDA (2025),NOAA HURDAT2 Atlantic Hurricane Database (1851-2023),NOAA Storm Events Database Miami-Dade CZ_FIPS=86 (2014-2022),FEMA OpenFEMA Disaster Declarations Miami-Dade (2016-2022)
336,6894,87020000,MIAMI-DADE,25.65916,-80.326938,82500,2025,5.28,204,87,10,0.3006,0.0164,0.1585,HIGH,priority_score = 0.5 × aadt_score + 0.5 × hurricane_proximity_score,FDOT Annual Average Daily Traffic TDA (2025),NOAA HURDAT2 Atlantic Hurricane Database (1851-2023),NOAA Storm Events Database Miami-Dade CZ_FIPS=86 (2014-2022),FEMA OpenFEMA Disaster Declarations Miami-Dade (2016-2022)
337,2692,87060000,MIAMI-DADE,25.855931,-80.120485,82500,2025,5.31,210,87,10,0.3006,0.0162,0.1584,HIGH,priority_score = 0.5 × aadt_score + 0.5 × hurricane_proximity_score,FDOT Annual Average Daily Traffic TDA (2025),NOAA HURDAT2 Atlantic Hurricane Database (1851-2023),NOAA Storm Events Database Miami-Dade CZ_FIPS=86 (2014-2022),FEMA OpenFEMA Disaster Declarations Miami-Dade (2016-2022)
338,4142,87060000,MIAMI-DADE,25.955449,-80.120262,82500,2025,5.35,211,87,10,0.3006,0.016,0.1583,HIGH,priority_score = 0.5 × aadt_score + 0.5 × hurricane_proximity_score,FDOT Annual Average Daily Traffic TDA (2025),NOAA HURDAT2 Atlantic Hurricane Database (1851-2023),NOAA Storm Events Database Miami-Dade CZ_FIPS=86 (2014-2022),FEMA OpenFEMA Disaster Declarations Miami-Dade (2016-2022)
339,2689,87060000,MIAMI-DADE,25.844426,-80.120719,82500,2025,5.36,209,87,10,0.3006,0.0159,0.1582,HIGH,priority_score = 0.5 × aadt_score + 0.5 × hurricane_proximity_score,FDOT Annual Average Daily Traffic TDA (2025),NOAA HURDAT2 Atlantic Hurricane Database (1851-2023),NOAA Storm Events Database Miami-Dade CZ_FIPS=86 (2014-2022),FEMA OpenFEMA Disaster Declarations Miami-Dade (2016-2022)
340,4712,87020000,MIAMI-DADE,25.59861,-80.354096,82500,2025,5.43,203,87,10,0.3006,0.0156,0.1581,HIGH,priority_score = 0.5 × aadt_score + 0.5 × hurricane_proximity_score,FDOT Annual Average Daily Traffic TDA (2025),NOAA HURDAT2 Atlantic Hurricane Database (1851-2023),NOAA Storm Events Database Miami-Dade CZ_FIPS=86 (2014-2022),FEMA OpenFEMA Disaster Declarations Miami-Dade (2016-2022)
341,4530,87020000,MIAMI-DADE,25.634123,-80.338569,82500,2025,5.42,204,87,10,0.3006,0.0156,0.1581,HIGH,priority_score = 0.5 × aadt_score + 0.5 × hurricane_proximity_score,FDOT Annual Average Daily Traffic TDA (2025),NOAA HURDAT2 Atlantic Hurricane Database (1851-2023),NOAA Storm Events Database Miami-Dade CZ_FIPS=86 (2014-2022),FEMA OpenFEMA Disaster Declarations Miami-Dade (2016-2022)
342,2691,87060000,MIAMI-DADE,25.854086,-80.120409,82500,2025,5.5,210,87,10,0.3006,0.0152,0.1579,HIGH,priority_score = 0.5 × aadt_score + 0.5 × hurricane_proximity_score,FDOT Annual Average Daily Traffic TDA (2025),NOAA HURDAT2 Atlantic Hurricane Database (1851-2023),NOAA Storm Events Database Miami-Dade CZ_FIPS=86 (2014-2022),FEMA OpenFEMA Disaster Declarations Miami-Dade (2016-2022)
343,4735,87060000,MIAMI-DADE,25.94555,-80.120972,82500,2025,5.48,211,87,10,0.3006,0.0153,0.1579,HIGH,priority_score = 0.5 × aadt_score + 0.5 × hurricane_proximity_score,FDOT Annual Average Daily Traffic TDA (2025),NOAA HURDAT2 Atlantic Hurricane Database (1851-2023),NOAA Storm Events Database Miami-Dade CZ_FIPS=86 (2014-2022),FEMA OpenFEMA Disaster Declarations Miami-Dade (2016-2022)
344,4606,87060000,MIAMI-DADE,25.953582,-80.12042,82500,2025,5.55,211,87,10,0.3006,0.015,0.1578,HIGH,priority_score = 0.5 × aadt_score + 0.5 × hurricane_proximity_score,FDOT Annual Average Daily Traffic TDA (2025),NOAA HURDAT2 Atlantic Hurricane Database (1851-2023),NOAA Storm Events Database Miami-Dade CZ_FIPS=86 (2014-2022),FEMA OpenFEMA Disaster Declarations Miami-Dade (2016-2022)
345,6939,87060000,MIAMI DADE COUNTY,25.853795,-80.120401,82500,2025,5.53,210,87,10,0.3006,0.0151,0.1578,HIGH,priority_score = 0.5 × aadt_score + 0.5 × hurricane_proximity_score,FDOT Annual Average Daily Traffic TDA (2025),NOAA HURDAT2 Atlantic Hurricane Database (1851-2023),NOAA Storm Events Database Miami-Dade CZ_FIPS=86 (2014-2022),FEMA OpenFEMA Disaster Declarations Miami-Dade (2016-2022)
346,3656,87020000,MIAMI-DADE,25.636455,-80.337486,82500,2025,5.53,204,87,10,0.3006,0.0151,0.1578,HIGH,priority_score = 0.5 × aadt_score + 0.5 × hurricane_proximity_score,FDOT Annual Average Daily Traffic TDA (2025),NOAA HURDAT2 Atlantic Hurricane Database (1851-2023),NOAA Storm Events Database Miami-Dade CZ_FIPS=86 (2014-2022),FEMA OpenFEMA Disaster Declarations Miami-Dade (2016-2022)
347,2994,87020000,MIAMI-DADE,25.596118,-80.355256,82500,2025,5.56,203,87,10,0.3006,0.0149,0.1577,HIGH,priority_score = 0.5 × aadt_score + 0.5 × hurricane_proximity_score,FDOT Annual Average Daily Traffic TDA (2025),NOAA HURDAT2 Atlantic Hurricane Database (1851-2023),NOAA Storm Events Database Miami-Dade CZ_FIPS=86 (2014-2022),FEMA OpenFEMA Disaster Declarations Miami-Dade (2016-2022)
348,2097,87090000,MIAMI-DADE,25.810655,-80.189029,64500,2025,1.62,206,87,10,0.2338,0.0813,0.1576,HIGH,priority_score = 0.5 × aadt_score + 0.5 × hurricane_proximity_score,FDOT Annual Average Daily Traffic TDA (2025),NOAA HURDAT2 Atlantic Hurricane Database (1851-2023),NOAA Storm Events Database Miami-Dade CZ_FIPS=86 (2014-2022),FEMA OpenFEMA Disaster Declarations Miami-Dade (2016-2022)
349,3459,87060000,MIAMI-DADE,25.947146,-80.120867,82500,2025,5.64,211,87,10,0.3006,0.0145,0.1575,HIGH,priority_score = 0.5 × aadt_score + 0.5 × hurricane_proximity_score,FDOT Annual Average Daily Traffic TDA (2025),NOAA HURDAT2 Atlantic Hurricane Database (1851-2023),NOAA Storm Events Database Miami-Dade CZ_FIPS=86 (2014-2022),FEMA OpenFEMA Disaster Declarations Miami-Dade (2016-2022)
350,2738,87060000,MIAMI-DADE,25.77232,-80.151975,82500,2025,5.71,207,87,10,0.3006,0.0142,0.1574,HIGH,priority_score = 0.5 × aadt_score + 0.5 × hurricane_proximity_score,FDOT Annual Average Daily Traffic TDA (2025),NOAA HURDAT2 Atlantic Hurricane Database (1851-2023),NOAA Storm Events Database Miami-Dade CZ_FIPS=86 (2014-2022),FEMA OpenFEMA Disaster Declarations Miami-Dade (2016-2022)
351,3770,87060000,MIAMI-DADE,25.8482,-80.120262,82500,2025,5.73,210,87,10,0.3006,0.0141,0.1573,HIGH,priority_score = 0.5 × aadt_score + 0.5 × hurricane_proximity_score,FDOT Annual Average Daily Traffic TDA (2025),NOAA HURDAT2 Atlantic Hurricane Database (1851-2023),NOAA Storm Events Database Miami-Dade CZ_FIPS=86 (2014-2022),FEMA OpenFEMA Disaster Declarations Miami-Dade (2016-2022)
352,3090,87020000,MIAMI-DADE,25.655339,-80.328711,82500,2025,5.74,204,87,10,0.3006,0.014,0.1573,HIGH,priority_score = 0.5 × aadt_score + 0.5 × hurricane_proximity_score,FDOT Annual Average Daily Traffic TDA (2025),NOAA HURDAT2 Atlantic Hurricane Database (1851-2023),NOAA Storm Events Database Miami-Dade CZ_FIPS=86 (2014-2022),FEMA OpenFEMA Disaster Declarations Miami-Dade (2016-2022)
353,2690,87060000,MIAMI-DADE,25.850409,-80.120308,82500,2025,5.88,210,87,10,0.3006,0.0134,0.157,HIGH,priority_score = 0.5 × aadt_score + 0.5 × hurricane_proximity_score,FDOT Annual Average Daily Traffic TDA (2025),NOAA HURDAT2 Atlantic Hurricane Database (1851-2023),NOAA Storm Events Database Miami-Dade CZ_FIPS=86 (2014-2022),FEMA OpenFEMA Disaster Declarations Miami-Dade (2016-2022)
354,2736,87060000,MIAMI-DADE,25.771861,-80.149473,82500,2025,5.86,207,87,10,0.3006,0.0135,0.157,HIGH,priority_score = 0.5 × aadt_score + 0.5 × hurricane_proximity_score,FDOT Annual Average Daily Traffic TDA (2025),NOAA HURDAT2 Atlantic Hurricane Database (1851-2023),NOAA Storm Events Database Miami-Dade CZ_FIPS=86 (2014-2022),FEMA OpenFEMA Disaster Declarations Miami-Dade (2016-2022)
355,4605,87060000,MIAMI-DADE,25.950365,-80.120662,82500,2025,5.89,211,87,10,0.3006,0.0134,0.157,HIGH,priority_score = 0.5 × aadt_score + 0.5 × hurricane_proximity_score,FDOT Annual Average Daily Traffic TDA (2025),NOAA HURDAT2 Atlantic Hurricane Database (1851-2023),NOAA Storm Events Database Miami-Dade CZ_FIPS=86 (2014-2022),FEMA OpenFEMA Disaster Declarations Miami-Dade (2016-2022)
356,3531,87020000,MIAMI-DADE,25.644052,-80.33395,82500,2025,5.96,205,87,10,0.3006,0.0131,0.1568,HIGH,priority_score = 0.5 × aadt_score + 0.5 × hurricane_proximity_score,FDOT Annual Average Daily Traffic TDA (2025),NOAA HURDAT2 Atlantic Hurricane Database (1851-2023),NOAA Storm Events Database Miami-Dade CZ_FIPS=86 (2014-2022),FEMA OpenFEMA Disaster Declarations Miami-Dade (2016-2022)
357,3872,87020000,MIAMI-DADE,25.589097,-80.359441,82500,2025,6.08,203,87,10,0.3006,0.0126,0.1566,HIGH,priority_score = 0.5 × aadt_score + 0.5 × hurricane_proximity_score,FDOT Annual Average Daily Traffic TDA (2025),NOAA HURDAT2 Atlantic Hurricane Database (1851-2023),NOAA Storm Events Database Miami-Dade CZ_FIPS=86 (2014-2022),FEMA OpenFEMA Disaster Declarations Miami-Dade (2016-2022)
358,3651,87020000,MIAMI-DADE,25.647123,-80.33253,82500,2025,6.17,204,87,10,0.3006,0.0122,0.1564,HIGH,priority_score = 0.5 × aadt_score + 0.5 × hurricane_proximity_score,FDOT Annual Average Daily Traffic TDA (2025),NOAA HURDAT2 Atlantic Hurricane Database (1851-2023),NOAA Storm Events Database Miami-Dade CZ_FIPS=86 (2014-2022),FEMA OpenFEMA Disaster Declarations Miami-Dade (2016-2022)
359,4278,87020000,MIAMI-DADE,25.651601,-80.330449,82500,2025,6.19,204,87,10,0.3006,0.0121,0.1563,HIGH,priority_score = 0.5 × aadt_score + 0.5 × hurricane_proximity_score,FDOT Annual Average Daily Traffic TDA (2025),NOAA HURDAT2 Atlantic Hurricane Database (1851-2023),NOAA Storm Events Database Miami-Dade CZ_FIPS=86 (2014-2022),FEMA OpenFEMA Disaster Declarations Miami-Dade (2016-2022)
360,5462,87020000,MIAMI-DADE,25.587335,-80.361118,82500,2025,6.29,203,87,10,0.3006,0.0117,0.1561,HIGH,priority_score = 0.5 × aadt_score + 0.5 × hurricane_proximity_score,FDOT Annual Average Daily Traffic TDA (2025),NOAA HURDAT2 Atlantic Hurricane Database (1851-2023),NOAA Storm Events Database Miami-Dade CZ_FIPS=86 (2014-2022),FEMA OpenFEMA Disaster Declarations Miami-Dade (2016-2022)
361,2375,87140000,MIAMI-DADE,25.787857,-80.206927,61500,2025,1.52,206,87,10,0.2226,0.0875,0.1551,HIGH,priority_score = 0.5 × aadt_score + 0.5 × hurricane_proximity_score,FDOT Annual Average Daily Traffic TDA (2025),NOAA HURDAT2 Atlantic Hurricane Database (1851-2023),NOAA Storm Events Database Miami-Dade CZ_FIPS=86 (2014-2022),FEMA OpenFEMA Disaster Declarations Miami-Dade (2016-2022)
362,3468,87008000,MIAMI-DADE,25.898188,-80.308175,39500,2025,0.84,207,87,10,0.141,0.1684,0.1547,HIGH,priority_score = 0.5 × aadt_score + 0.5 × hurricane_proximity_score,FDOT Annual Average Daily Traffic TDA (2025),NOAA HURDAT2 Atlantic Hurricane Database (1851-2023),NOAA Storm Events Database Miami-Dade CZ_FIPS=86 (2014-2022),FEMA OpenFEMA Disaster Declarations Miami-Dade (2016-2022)
363,3344,87008000,MIAMI-DADE,25.898579,-80.291793,39500,2025,0.84,208,87,10,0.141,0.1684,0.1547,HIGH,priority_score = 0.5 × aadt_score + 0.5 × hurricane_proximity_score,FDOT Annual Average Daily Traffic TDA (2025),NOAA HURDAT2 Atlantic Hurricane Database (1851-2023),NOAA Storm Events Database Miami-Dade CZ_FIPS=86 (2014-2022),FEMA OpenFEMA Disaster Declarations Miami-Dade (2016-2022)
364,2993,87020000,MIAMI-DADE,25.579726,-80.368377,82500,2025,7.22,203,87,10,0.3006,0.0086,0.1546,HIGH,priority_score = 0.5 × aadt_score + 0.5 × hurricane_proximity_score,FDOT Annual Average Daily Traffic TDA (2025),NOAA HURDAT2 Atlantic Hurricane Database (1851-2023),NOAA Storm Events Database Miami-Dade CZ_FIPS=86 (2014-2022),FEMA OpenFEMA Disaster Declarations Miami-Dade (2016-2022)
365,3652,87020000,MIAMI-DADE,25.577475,-80.370582,82500,2025,7.51,203,87,10,0.3006,0.0078,0.1542,HIGH,priority_score = 0.5 × aadt_score + 0.5 × hurricane_proximity_score,FDOT Annual Average Daily Traffic TDA (2025),NOAA HURDAT2 Atlantic Hurricane Database (1851-2023),NOAA Storm Events Database Miami-Dade CZ_FIPS=86 (2014-2022),FEMA OpenFEMA Disaster Declarations Miami-Dade (2016-2022)
366,3649,87020000,MIAMI-DADE,25.575605,-80.372414,82500,2025,7.75,203,87,10,0.3006,0.0072,0.1539,HIGH,priority_score = 0.5 × aadt_score + 0.5 × hurricane_proximity_score,FDOT Annual Average Daily Traffic TDA (2025),NOAA HURDAT2 Atlantic Hurricane Database (1851-2023),NOAA Storm Events Database Miami-Dade CZ_FIPS=86 (2014-2022),FEMA OpenFEMA Disaster Declarations Miami-Dade (2016-2022)
367,4252,87020000,MIAMI-DADE,25.571757,-80.376185,82500,2025,8.26,203,87,10,0.3006,0.006,0.1533,HIGH,priority_score = 0.5 × aadt_score + 0.5 × hurricane_proximity_score,FDOT Annual Average Daily Traffic TDA (2025),NOAA HURDAT2 Atlantic Hurricane Database (1851-2023),NOAA Storm Events Database Miami-Dade CZ_FIPS=86 (2014-2022),FEMA OpenFEMA Disaster Declarations Miami-Dade (2016-2022)
368,3502,87020000,MIAMI-DADE,25.566363,-80.381464,82500,2025,8.99,202,87,10,0.3006,0.0045,0.1525,HIGH,priority_score = 0.5 × aadt_score + 0.5 × hurricane_proximity_score,FDOT Annual Average Daily Traffic TDA (2025),NOAA HURDAT2 Atlantic Hurricane Database (1851-2023),NOAA Storm Events Database Miami-Dade CZ_FIPS=86 (2014-2022),FEMA OpenFEMA Disaster Declarations Miami-Dade (2016-2022)
369,4339,87020000,MIAMI-DADE,25.447792,-80.475042,82500,2025,9.22,198,87,10,0.3006,0.0041,0.1523,HIGH,priority_score = 0.5 × aadt_score + 0.5 × hurricane_proximity_score,FDOT Annual Average Daily Traffic TDA (2025),NOAA HURDAT2 Atlantic Hurricane Database (1851-2023),NOAA Storm Events Database Miami-Dade CZ_FIPS=86 (2014-2022),FEMA OpenFEMA Disaster Declarations Miami-Dade (2016-2022)
370,3627,87020000,MIAMI-DADE,25.562638,-80.385097,82500,2025,9.49,202,87,10,0.3006,0.0036,0.1521,HIGH,priority_score = 0.5 × aadt_score + 0.5 × hurricane_proximity_score,FDOT Annual Average Daily Traffic TDA (2025),NOAA HURDAT2 Atlantic Hurricane Database (1851-2023),NOAA Storm Events Database Miami-Dade CZ_FIPS=86 (2014-2022),FEMA OpenFEMA Disaster Declarations Miami-Dade (2016-2022)
371,6475,87020000,MIAMI-DADE,25.455165,-80.475087,82500,2025,9.72,198,87,10,0.3006,0.0032,0.1519,HIGH,priority_score = 0.5 × aadt_score + 0.5 × hurricane_proximity_score,FDOT Annual Average Daily Traffic TDA (2025),NOAA HURDAT2 Atlantic Hurricane Database (1851-2023),NOAA Storm Events Database Miami-Dade CZ_FIPS=86 (2014-2022),FEMA OpenFEMA Disaster Declarations Miami-Dade (2016-2022)
372,6042,87020000,MIAMI-DADE,25.558872,-80.388777,82500,2025,10.01,201,87,10,0.3006,0.0028,0.1517,HIGH,priority_score = 0.5 × aadt_score + 0.5 × hurricane_proximity_score,FDOT Annual Average Daily Traffic TDA (2025),NOAA HURDAT2 Atlantic Hurricane Database (1851-2023),NOAA Storm Events Database Miami-Dade CZ_FIPS=86 (2014-2022),FEMA OpenFEMA Disaster Declarations Miami-Dade (2016-2022)
373,5985,87020000,MIAMI-DADE,25.457869,-80.475112,82500,2025,9.91,198,87,10,0.3006,0.0029,0.1517,HIGH,priority_score = 0.5 × aadt_score + 0.5 × hurricane_proximity_score,FDOT Annual Average Daily Traffic TDA (2025),NOAA HURDAT2 Atlantic Hurricane Database (1851-2023),NOAA Storm Events Database Miami-Dade CZ_FIPS=86 (2014-2022),FEMA OpenFEMA Disaster Declarations Miami-Dade (2016-2022)
374,3026,87020000,MIAMI-DADE,25.462464,-80.475133,82500,2025,10.26,198,87,10,0.3006,0.0024,0.1515,HIGH,priority_score = 0.5 × aadt_score + 0.5 × hurricane_proximity_score,FDOT Annual Average Daily Traffic TDA (2025),NOAA HURDAT2 Atlantic Hurricane Database (1851-2023),NOAA Storm Events Database Miami-Dade CZ_FIPS=86 (2014-2022),FEMA OpenFEMA Disaster Declarations Miami-Dade (2016-2022)
375,3570,87020000,MIAMI-DADE,25.469835,-80.471372,82500,2025,10.57,198,87,10,0.3006,0.002,0.1513,HIGH,priority_score = 0.5 × aadt_score + 0.5 × hurricane_proximity_score,FDOT Annual Average Daily Traffic TDA (2025),NOAA HURDAT2 Atlantic Hurricane Database (1851-2023),NOAA Storm Events Database Miami-Dade CZ_FIPS=86 (2014-2022),FEMA OpenFEMA Disaster Declarations Miami-Dade (2016-2022)
376,3025,87020000,MIAMI-DADE,25.477246,-80.465005,82500,2025,10.79,200,87,10,0.3006,0.0017,0.1511,HIGH,priority_score = 0.5 × aadt_score + 0.5 × hurricane_proximity_score,FDOT Annual Average Daily Traffic TDA (2025),NOAA HURDAT2 Atlantic Hurricane Database (1851-2023),NOAA Storm Events Database Miami-Dade CZ_FIPS=86 (2014-2022),FEMA OpenFEMA Disaster Declarations Miami-Dade (2016-2022)
377,3024,87020000,MIAMI-DADE,25.480892,-80.463399,82500,2025,11.02,200,87,10,0.3006,0.0014,0.151,HIGH,priority_score = 0.5 × aadt_score + 0.5 × hurricane_proximity_score,FDOT Annual Average Daily Traffic TDA (2025),NOAA HURDAT2 Atlantic Hurricane Database (1851-2023),NOAA Storm Events Database Miami-Dade CZ_FIPS=86 (2014-2022),FEMA OpenFEMA Disaster Declarations Miami-Dade (2016-2022)
378,5049,87020000,MIAMI-DADE,25.550912,-80.396664,82500,2025,11.13,201,87,10,0.3006,0.0012,0.1509,HIGH,priority_score = 0.5 × aadt_score + 0.5 × hurricane_proximity_score,FDOT Annual Average Daily Traffic TDA (2025),NOAA HURDAT2 Atlantic Hurricane Database (1851-2023),NOAA Storm Events Database Miami-Dade CZ_FIPS=86 (2014-2022),FEMA OpenFEMA Disaster Declarations Miami-Dade (2016-2022)
379,2051,87090000,MIAMI-DADE,25.809829,-80.215392,64500,2025,1.89,206,87,10,0.2338,0.0679,0.1509,HIGH,priority_score = 0.5 × aadt_score + 0.5 × hurricane_proximity_score,FDOT Annual Average Daily Traffic TDA (2025),NOAA HURDAT2 Atlantic Hurricane Database (1851-2023),NOAA Storm Events Database Miami-Dade CZ_FIPS=86 (2014-2022),FEMA OpenFEMA Disaster Declarations Miami-Dade (2016-2022)
380,3533,87020000,MIAMI-DADE,25.484593,-80.460953,82500,2025,11.22,200,87,10,0.3006,0.0011,0.1508,HIGH,priority_score = 0.5 × aadt_score + 0.5 × hurricane_proximity_score,FDOT Annual Average Daily Traffic TDA (2025),NOAA HURDAT2 Atlantic Hurricane Database (1851-2023),NOAA Storm Events Database Miami-Dade CZ_FIPS=86 (2014-2022),FEMA OpenFEMA Disaster Declarations Miami-Dade (2016-2022)
381,6636,87020000,MIAMI-DADE,25.525411,-80.421695,82500,2025,11.42,201,87,10,0.3006,0.0009,0.1507,HIGH,priority_score = 0.5 × aadt_score + 0.5 × hurricane_proximity_score,FDOT Annual Average Daily Traffic TDA (2025),NOAA HURDAT2 Atlantic Hurricane Database (1851-2023),NOAA Storm Events Database Miami-Dade CZ_FIPS=86 (2014-2022),FEMA OpenFEMA Disaster Declarations Miami-Dade (2016-2022)
382,6052,87020000,MIAMI-DADE,25.534555,-80.412765,82500,2025,11.38,202,87,10,0.3006,0.0009,0.1507,HIGH,priority_score = 0.5 × aadt_score + 0.5 × hurricane_proximity_score,FDOT Annual Average Daily Traffic TDA (2025),NOAA HURDAT2 Atlantic Hurricane Database (1851-2023),NOAA Storm Events Database Miami-Dade CZ_FIPS=86 (2014-2022),FEMA OpenFEMA Disaster Declarations Miami-Dade (2016-2022)
383,6045,87020000,MIAMI-DADE,25.543106,-80.404404,82500,2025,11.49,203,87,10,0.3006,0.0008,0.1507,HIGH,priority_score = 0.5 × aadt_score + 0.5 × hurricane_proximity_score,FDOT Annual Average Daily Traffic TDA (2025),NOAA HURDAT2 Atlantic Hurricane Database (1851-2023),NOAA Storm Events Database Miami-Dade CZ_FIPS=86 (2014-2022),FEMA OpenFEMA Disaster Declarations Miami-Dade (2016-2022)
384,6053,87020000,MIAMI-DADE,25.539566,-80.407879,82500,2025,11.43,201,87,10,0.3006,0.0009,0.1507,HIGH,priority_score = 0.5 × aadt_score + 0.5 × hurricane_proximity_score,FDOT Annual Average Daily Traffic TDA (2025),NOAA HURDAT2 Atlantic Hurricane Database (1851-2023),NOAA Storm Events Database Miami-Dade CZ_FIPS=86 (2014-2022),FEMA OpenFEMA Disaster Declarations Miami-Dade (2016-2022)
385,3465,87020000,MIAMI-DADE,25.536561,-80.410813,82500,2025,11.39,202,87,10,0.3006,0.0009,0.1507,HIGH,priority_score = 0.5 × aadt_score + 0.5 × hurricane_proximity_score,FDOT Annual Average Daily Traffic TDA (2025),NOAA HURDAT2 Atlantic Hurricane Database (1851-2023),NOAA Storm Events Database Miami-Dade CZ_FIPS=86 (2014-2022),FEMA OpenFEMA Disaster Declarations Miami-Dade (2016-2022)
386,6634,87020000,MIAMI-DADE,25.532859,-80.414427,82500,2025,11.38,202,87,10,0.3006,0.0009,0.1507,HIGH,priority_score = 0.5 × aadt_score + 0.5 × hurricane_proximity_score,FDOT Annual Average Daily Traffic TDA (2025),NOAA HURDAT2 Atlantic Hurricane Database (1851-2023),NOAA Storm Events Database Miami-Dade CZ_FIPS=86 (2014-2022),FEMA OpenFEMA Disaster Declarations Miami-Dade (2016-2022)
387,6093,87020000,MIAMI-DADE,25.52176,-80.424406,82500,2025,11.54,201,87,10,0.3006,0.0008,0.1507,HIGH,priority_score = 0.5 × aadt_score + 0.5 × hurricane_proximity_score,FDOT Annual Average Daily Traffic TDA (2025),NOAA HURDAT2 Atlantic Hurricane Database (1851-2023),NOAA Storm Events Database Miami-Dade CZ_FIPS=86 (2014-2022),FEMA OpenFEMA Disaster Declarations Miami-Dade (2016-2022)
388,3741,87020000,MIAMI-DADE,25.51798,-80.42794,82500,2025,11.64,201,87,10,0.3006,0.0006,0.1506,HIGH,priority_score = 0.5 × aadt_score + 0.5 × hurricane_proximity_score,FDOT Annual Average Daily Traffic TDA (2025),NOAA HURDAT2 Atlantic Hurricane Database (1851-2023),NOAA Storm Events Database Miami-Dade CZ_FIPS=86 (2014-2022),FEMA OpenFEMA Disaster Declarations Miami-Dade (2016-2022)
389,3610,87020000,MIAMI-DADE,25.491957,-80.453755,82500,2025,11.56,200,87,10,0.3006,0.0007,0.1506,HIGH,priority_score = 0.5 × aadt_score + 0.5 × hurricane_proximity_score,FDOT Annual Average Daily Traffic TDA (2025),NOAA HURDAT2 Atlantic Hurricane Database (1851-2023),NOAA Storm Events Database Miami-Dade CZ_FIPS=86 (2014-2022),FEMA OpenFEMA Disaster Declarations Miami-Dade (2016-2022)
390,5106,87020000,MIAMI-DADE,25.513321,-80.432512,82500,2025,11.78,201,87,10,0.3006,0.0005,0.1505,HIGH,priority_score = 0.5 × aadt_score + 0.5 × hurricane_proximity_score,FDOT Annual Average Daily Traffic TDA (2025),NOAA HURDAT2 Atlantic Hurricane Database (1851-2023),NOAA Storm Events Database Miami-Dade CZ_FIPS=86 (2014-2022),FEMA OpenFEMA Disaster Declarations Miami-Dade (2016-2022)
391,5262,87020000,MIAMI-DADE,25.506688,-80.43898,82500,2025,12.05,201,87,10,0.3006,0.0002,0.1504,HIGH,priority_score = 0.5 × aadt_score + 0.5 × hurricane_proximity_score,FDOT Annual Average Daily Traffic TDA (2025),NOAA HURDAT2 Atlantic Hurricane Database (1851-2023),NOAA Storm Events Database Miami-Dade CZ_FIPS=86 (2014-2022),FEMA OpenFEMA Disaster Declarations Miami-Dade (2016-2022)
392,5261,87020000,MIAMI-DADE,25.500507,-80.445018,82500,2025,12.06,201,87,10,0.3006,0.0002,0.1504,HIGH,priority_score = 0.5 × aadt_score + 0.5 × hurricane_proximity_score,FDOT Annual Average Daily Traffic TDA (2025),NOAA HURDAT2 Atlantic Hurricane Database (1851-2023),NOAA Storm Events Database Miami-Dade CZ_FIPS=86 (2014-2022),FEMA OpenFEMA Disaster Declarations Miami-Dade (2016-2022)
393,3046,87020000,MIAMI-DADE,25.499264,-80.446227,82500,2025,11.97,201,87,10,0.3006,0.0003,0.1504,HIGH,priority_score = 0.5 × aadt_score + 0.5 × hurricane_proximity_score,FDOT Annual Average Daily Traffic TDA (2025),NOAA HURDAT2 Atlantic Hurricane Database (1851-2023),NOAA Storm Events Database Miami-Dade CZ_FIPS=86 (2014-2022),FEMA OpenFEMA Disaster Declarations Miami-Dade (2016-2022)
394,3983,87002000,MIAMI-DADE,25.89121,-80.291642,54000,2025,1.29,208,87,10,0.1948,0.1053,0.1501,MODERATE,priority_score = 0.5 × aadt_score + 0.5 × hurricane_proximity_score,FDOT Annual Average Daily Traffic TDA (2025),NOAA HURDAT2 Atlantic Hurricane Database (1851-2023),NOAA Storm Events Database Miami-Dade CZ_FIPS=86 (2014-2022),FEMA OpenFEMA Disaster Declarations Miami-Dade (2016-2022)
395,3838,87002000,MIAMI-DADE,25.909823,-80.292473,54000,2025,1.33,207,87,10,0.1948,0.1018,0.1483,MODERATE,priority_score = 0.5 × aadt_score + 0.5 × hurricane_proximity_score,FDOT Annual Average Daily Traffic TDA (2025),NOAA HURDAT2 Atlantic Hurricane Database (1851-2023),NOAA Storm Events Database Miami-Dade CZ_FIPS=86 (2014-2022),FEMA OpenFEMA Disaster Declarations Miami-Dade (2016-2022)
396,2356,87140000,MIAMI-DADE,25.784341,-80.206807,61500,2025,1.87,206,87,10,0.2226,0.0688,0.1457,MODERATE,priority_score = 0.5 × aadt_score + 0.5 × hurricane_proximity_score,FDOT Annual Average Daily Traffic TDA (2025),NOAA HURDAT2 Atlantic Hurricane Database (1851-2023),NOAA Storm Events Database Miami-Dade CZ_FIPS=86 (2014-2022),FEMA OpenFEMA Disaster Declarations Miami-Dade (2016-2022)
397,4805,87090000,MIAMI-DADE,25.809691,-80.219487,64500,2025,2.23,205,87,10,0.2338,0.0557,0.1447,MODERATE,priority_score = 0.5 × aadt_score + 0.5 × hurricane_proximity_score,FDOT Annual Average Daily Traffic TDA (2025),NOAA HURDAT2 Atlantic Hurricane Database (1851-2023),NOAA Storm Events Database Miami-Dade CZ_FIPS=86 (2014-2022),FEMA OpenFEMA Disaster Declarations Miami-Dade (2016-2022)
398,2348,87140000,MIAMI-DADE,25.783367,-80.206778,61500,2025,1.97,206,87,10,0.2226,0.0647,0.1437,MODERATE,priority_score = 0.5 × aadt_score + 0.5 × hurricane_proximity_score,FDOT Annual Average Daily Traffic TDA (2025),NOAA HURDAT2 Atlantic Hurricane Database (1851-2023),NOAA Storm Events Database Miami-Dade CZ_FIPS=86 (2014-2022),FEMA OpenFEMA Disaster Declarations Miami-Dade (2016-2022)
399,8145,87002000,MIAMI-DADE,25.889394,-80.291555,54000,2025,1.45,208,87,10,0.1948,0.0923,0.1436,MODERATE,priority_score = 0.5 × aadt_score + 0.5 × hurricane_proximity_score,FDOT Annual Average Daily Traffic TDA (2025),NOAA HURDAT2 Atlantic Hurricane Database (1851-2023),NOAA Storm Events Database Miami-Dade CZ_FIPS=86 (2014-2022),FEMA OpenFEMA Disaster Declarations Miami-Dade (2016-2022)
400,2066,87140000,MIAMI-DADE,25.817554,-80.207866,61500,2025,2.1,206,87,10,0.2226,0.0599,0.1413,MODERATE,priority_score = 0.5 × aadt_score + 0.5 × hurricane_proximity_score,FDOT Annual Average Daily Traffic TDA (2025),NOAA HURDAT2 Atlantic Hurricane Database (1851-2023),NOAA Storm Events Database Miami-Dade CZ_FIPS=86 (2014-2022),FEMA OpenFEMA Disaster Declarations Miami-Dade (2016-2022)
401,2340,87140000,MIAMI-DADE,25.781435,-80.206719,61500,2025,2.17,206,87,10,0.2226,0.0576,0.1401,MODERATE,priority_score = 0.5 × aadt_score + 0.5 × hurricane_proximity_score,FDOT Annual Average Daily Traffic TDA (2025),NOAA HURDAT2 Atlantic Hurricane Database (1851-2023),NOAA Storm Events Database Miami-Dade CZ_FIPS=86 (2014-2022),FEMA OpenFEMA Disaster Declarations Miami-Dade (2016-2022)
402,2053,87090000,MIAMI-DADE,25.809553,-80.22355,64500,2025,2.59,205,87,10,0.2338,0.0462,0.14,MODERATE,priority_score = 0.5 × aadt_score + 0.5 × hurricane_proximity_score,FDOT Annual Average Daily Traffic TDA (2025),NOAA HURDAT2 Atlantic Hurricane Database (1851-2023),NOAA Storm Events Database Miami-Dade CZ_FIPS=86 (2014-2022),FEMA OpenFEMA Disaster Declarations Miami-Dade (2016-2022)
403,2037,87090000,MIAMI-DADE,25.809506,-80.225573,64500,2025,2.77,205,87,10,0.2338,0.0424,0.1381,MODERATE,priority_score = 0.5 × aadt_score + 0.5 × hurricane_proximity_score,FDOT Annual Average Daily Traffic TDA (2025),NOAA HURDAT2 Atlantic Hurricane Database (1851-2023),NOAA Storm Events Database Miami-Dade CZ_FIPS=86 (2014-2022),FEMA OpenFEMA Disaster Declarations Miami-Dade (2016-2022)
404,3260,87140000,MIAMI-DADE,25.779462,-80.206601,61500,2025,2.38,205,87,10,0.2226,0.0514,0.137,MODERATE,priority_score = 0.5 × aadt_score + 0.5 × hurricane_proximity_score,FDOT Annual Average Daily Traffic TDA (2025),NOAA HURDAT2 Atlantic Hurricane Database (1851-2023),NOAA Storm Events Database Miami-Dade CZ_FIPS=86 (2014-2022),FEMA OpenFEMA Disaster Declarations Miami-Dade (2016-2022)
405,3970,87002000,MIAMI-DADE,25.887215,-80.29145,54000,2025,1.66,208,87,10,0.1948,0.0791,0.1369,MODERATE,priority_score = 0.5 × aadt_score + 0.5 × hurricane_proximity_score,FDOT Annual Average Daily Traffic TDA (2025),NOAA HURDAT2 Atlantic Hurricane Database (1851-2023),NOAA Storm Events Database Miami-Dade CZ_FIPS=86 (2014-2022),FEMA OpenFEMA Disaster Declarations Miami-Dade (2016-2022)
406,2326,87140000,MIAMI-DADE,25.778493,-80.206686,61500,2025,2.48,205,87,10,0.2226,0.0488,0.1357,MODERATE,priority_score = 0.5 × aadt_score + 0.5 × hurricane_proximity_score,FDOT Annual Average Daily Traffic TDA (2025),NOAA HURDAT2 Atlantic Hurricane Database (1851-2023),NOAA Storm Events Database Miami-Dade CZ_FIPS=86 (2014-2022),FEMA OpenFEMA Disaster Declarations Miami-Dade (2016-2022)
407,5009,87140000,MIAMI-DADE,25.778457,-80.206736,61500,2025,2.49,205,87,10,0.2226,0.0486,0.1356,MODERATE,priority_score = 0.5 × aadt_score + 0.5 × hurricane_proximity_score,FDOT Annual Average Daily Traffic TDA (2025),NOAA HURDAT2 Atlantic Hurricane Database (1851-2023),NOAA Storm Events Database Miami-Dade CZ_FIPS=86 (2014-2022),FEMA OpenFEMA Disaster Declarations Miami-Dade (2016-2022)
408,3590,87055000,MIAMI-DADE,25.703293,-80.309626,38000,2025,1.03,206,87,10,0.1354,0.135,0.1352,MODERATE,priority_score = 0.5 × aadt_score + 0.5 × hurricane_proximity_score,FDOT Annual Average Daily Traffic TDA (2025),NOAA HURDAT2 Atlantic Hurricane Database (1851-2023),NOAA Storm Events Database Miami-Dade CZ_FIPS=86 (2014-2022),FEMA OpenFEMA Disaster Declarations Miami-Dade (2016-2022)
409,2963,87044000,MIAMI-DADE,25.733354,-80.302914,66500,2025,3.72,205,87,10,0.2412,0.0284,0.1348,MODERATE,priority_score = 0.5 × aadt_score + 0.5 × hurricane_proximity_score,FDOT Annual Average Daily Traffic TDA (2025),NOAA HURDAT2 Atlantic Hurricane Database (1851-2023),NOAA Storm Events Database Miami-Dade CZ_FIPS=86 (2014-2022),FEMA OpenFEMA Disaster Declarations Miami-Dade (2016-2022)
410,4377,87044000,MIAMI-DADE,25.73366,-80.294746,66500,2025,3.78,205,87,10,0.2412,0.0278,0.1345,MODERATE,priority_score = 0.5 × aadt_score + 0.5 × hurricane_proximity_score,FDOT Annual Average Daily Traffic TDA (2025),NOAA HURDAT2 Atlantic Hurricane Database (1851-2023),NOAA Storm Events Database Miami-Dade CZ_FIPS=86 (2014-2022),FEMA OpenFEMA Disaster Declarations Miami-Dade (2016-2022)
411,2316,87140000,MIAMI-DADE,25.777613,-80.207798,61500,2025,2.61,205,87,10,0.2226,0.0458,0.1342,MODERATE,priority_score = 0.5 × aadt_score + 0.5 × hurricane_proximity_score,FDOT Annual Average Daily Traffic TDA (2025),NOAA HURDAT2 Atlantic Hurricane Database (1851-2023),NOAA Storm Events Database Miami-Dade CZ_FIPS=86 (2014-2022),FEMA OpenFEMA Disaster Declarations Miami-Dade (2016-2022)
412,3325,87044000,MIAMI-DADE,25.73312,-80.31097,66500,2025,3.84,205,87,10,0.2412,0.0271,0.1342,MODERATE,priority_score = 0.5 × aadt_score + 0.5 × hurricane_proximity_score,FDOT Annual Average Daily Traffic TDA (2025),NOAA HURDAT2 Atlantic Hurricane Database (1851-2023),NOAA Storm Events Database Miami-Dade CZ_FIPS=86 (2014-2022),FEMA OpenFEMA Disaster Declarations Miami-Dade (2016-2022)
413,6121,87044000,MIAMI-DADE,25.733007,-80.315046,66500,2025,3.97,205,87,10,0.2412,0.0258,0.1335,MODERATE,priority_score = 0.5 × aadt_score + 0.5 × hurricane_proximity_score,FDOT Annual Average Daily Traffic TDA (2025),NOAA HURDAT2 Atlantic Hurricane Database (1851-2023),NOAA Storm Events Database Miami-Dade CZ_FIPS=86 (2014-2022),FEMA OpenFEMA Disaster Declarations Miami-Dade (2016-2022)
414,2599,87044000,MIAMI-DADE,25.733966,-80.286773,66500,2025,4.0,205,87,10,0.2412,0.0256,0.1334,MODERATE,priority_score = 0.5 × aadt_score + 0.5 × hurricane_proximity_score,FDOT Annual Average Daily Traffic TDA (2025),NOAA HURDAT2 Atlantic Hurricane Database (1851-2023),NOAA Storm Events Database Miami-Dade CZ_FIPS=86 (2014-2022),FEMA OpenFEMA Disaster Declarations Miami-Dade (2016-2022)
415,2055,87090000,MIAMI-DADE,25.809358,-80.231724,64500,2025,3.34,205,87,10,0.2338,0.0331,0.1334,MODERATE,priority_score = 0.5 × aadt_score + 0.5 × hurricane_proximity_score,FDOT Annual Average Daily Traffic TDA (2025),NOAA HURDAT2 Atlantic Hurricane Database (1851-2023),NOAA Storm Events Database Miami-Dade CZ_FIPS=86 (2014-2022),FEMA OpenFEMA Disaster Declarations Miami-Dade (2016-2022)
416,4062,87044000,MIAMI-DADE,25.732909,-80.317282,66500,2025,4.05,205,87,10,0.2412,0.0251,0.1331,MODERATE,priority_score = 0.5 × aadt_score + 0.5 × hurricane_proximity_score,FDOT Annual Average Daily Traffic TDA (2025),NOAA HURDAT2 Atlantic Hurricane Database (1851-2023),NOAA Storm Events Database Miami-Dade CZ_FIPS=86 (2014-2022),FEMA OpenFEMA Disaster Declarations Miami-Dade (2016-2022)
417,3739,87044000,MIAMI-DADE,25.733974,-80.28471,66500,2025,4.08,205,87,10,0.2412,0.0248,0.133,MODERATE,priority_score = 0.5 × aadt_score + 0.5 × hurricane_proximity_score,FDOT Annual Average Daily Traffic TDA (2025),NOAA HURDAT2 Atlantic Hurricane Database (1851-2023),NOAA Storm Events Database Miami-Dade CZ_FIPS=86 (2014-2022),FEMA OpenFEMA Disaster Declarations Miami-Dade (2016-2022)
418,3523,87044000,MIAMI-DADE,25.732836,-80.31902,66500,2025,4.12,205,87,10,0.2412,0.0245,0.1328,MODERATE,priority_score = 0.5 × aadt_score + 0.5 × hurricane_proximity_score,FDOT Annual Average Daily Traffic TDA (2025),NOAA HURDAT2 Atlantic Hurricane Database (1851-2023),NOAA Storm Events Database Miami-Dade CZ_FIPS=86 (2014-2022),FEMA OpenFEMA Disaster Declarations Miami-Dade (2016-2022)
419,5590,87044000,MIAMI-DADE,25.732959,-80.321383,66500,2025,4.25,206,87,10,0.2412,0.0233,0.1323,MODERATE,priority_score = 0.5 × aadt_score + 0.5 × hurricane_proximity_score,FDOT Annual Average Daily Traffic TDA (2025),NOAA HURDAT2 Atlantic Hurricane Database (1851-2023),NOAA Storm Events Database Miami-Dade CZ_FIPS=86 (2014-2022),FEMA OpenFEMA Disaster Declarations Miami-Dade (2016-2022)
420,4370,87044000,MIAMI-DADE,25.733064,-80.323524,66500,2025,4.37,206,87,10,0.2412,0.0223,0.1318,MODERATE,priority_score = 0.5 × aadt_score + 0.5 × hurricane_proximity_score,FDOT Annual Average Daily Traffic TDA (2025),NOAA HURDAT2 Atlantic Hurricane Database (1851-2023),NOAA Storm Events Database Miami-Dade CZ_FIPS=86 (2014-2022),FEMA OpenFEMA Disaster Declarations Miami-Dade (2016-2022)
421,2073,87140000,MIAMI-DADE,25.824846,-80.208146,61500,2025,2.88,205,87,10,0.2226,0.0403,0.1315,MODERATE,priority_score = 0.5 × aadt_score + 0.5 × hurricane_proximity_score,FDOT Annual Average Daily Traffic TDA (2025),NOAA HURDAT2 Atlantic Hurricane Database (1851-2023),NOAA Storm Events Database Miami-Dade CZ_FIPS=86 (2014-2022),FEMA OpenFEMA Disaster Declarations Miami-Dade (2016-2022)
422,3317,87044000,MIAMI-DADE,25.733163,-80.325487,66500,2025,4.49,206,87,10,0.2412,0.0214,0.1313,MODERATE,priority_score = 0.5 × aadt_score + 0.5 × hurricane_proximity_score,FDOT Annual Average Daily Traffic TDA (2025),NOAA HURDAT2 Atlantic Hurricane Database (1851-2023),NOAA Storm Events Database Miami-Dade CZ_FIPS=86 (2014-2022),FEMA OpenFEMA Disaster Declarations Miami-Dade (2016-2022)
423,2598,87044000,MIAMI-DADE,25.734235,-80.275358,66500,2025,4.54,207,87,10,0.2412,0.021,0.1311,MODERATE,priority_score = 0.5 × aadt_score + 0.5 × hurricane_proximity_score,FDOT Annual Average Daily Traffic TDA (2025),NOAA HURDAT2 Atlantic Hurricane Database (1851-2023),NOAA Storm Events Database Miami-Dade CZ_FIPS=86 (2014-2022),FEMA OpenFEMA Disaster Declarations Miami-Dade (2016-2022)
424,2597,87044000,MIAMI-DADE,25.734289,-80.273808,66500,2025,4.63,207,87,10,0.2412,0.0204,0.1308,MODERATE,priority_score = 0.5 × aadt_score + 0.5 × hurricane_proximity_score,FDOT Annual Average Daily Traffic TDA (2025),NOAA HURDAT2 Atlantic Hurricane Database (1851-2023),NOAA Storm Events Database Miami-Dade CZ_FIPS=86 (2014-2022),FEMA OpenFEMA Disaster Declarations Miami-Dade (2016-2022)
425,4795,87072000,MIAMI-DADE,25.702132,-80.366226,69000,2025,6.64,205,87,10,0.2505,0.0105,0.1305,MODERATE,priority_score = 0.5 × aadt_score + 0.5 × hurricane_proximity_score,FDOT Annual Average Daily Traffic TDA (2025),NOAA HURDAT2 Atlantic Hurricane Database (1851-2023),NOAA Storm Events Database Miami-Dade CZ_FIPS=86 (2014-2022),FEMA OpenFEMA Disaster Declarations Miami-Dade (2016-2022)
426,3966,87072000,MIAMI-DADE,25.701101,-80.366183,69000,2025,6.63,205,87,10,0.2505,0.0105,0.1305,MODERATE,priority_score = 0.5 × aadt_score + 0.5 × hurricane_proximity_score,FDOT Annual Average Daily Traffic TDA (2025),NOAA HURDAT2 Atlantic Hurricane Database (1851-2023),NOAA Storm Events Database Miami-Dade CZ_FIPS=86 (2014-2022),FEMA OpenFEMA Disaster Declarations Miami-Dade (2016-2022)
427,3753,87002000,MIAMI-DADE,25.884514,-80.29132,54000,2025,1.93,208,87,10,0.1948,0.0663,0.1305,MODERATE,priority_score = 0.5 × aadt_score + 0.5 × hurricane_proximity_score,FDOT Annual Average Daily Traffic TDA (2025),NOAA HURDAT2 Atlantic Hurricane Database (1851-2023),NOAA Storm Events Database Miami-Dade CZ_FIPS=86 (2014-2022),FEMA OpenFEMA Disaster Declarations Miami-Dade (2016-2022)
428,5786,87072000,MIAMI-DADE,25.697283,-80.366091,69000,2025,6.63,205,87,10,0.2505,0.0105,0.1305,MODERATE,priority_score = 0.5 × aadt_score + 0.5 × hurricane_proximity_score,FDOT Annual Average Daily Traffic TDA (2025),NOAA HURDAT2 Atlantic Hurricane Database (1851-2023),NOAA Storm Events Database Miami-Dade CZ_FIPS=86 (2014-2022),FEMA OpenFEMA Disaster Declarations Miami-Dade (2016-2022)
429,4600,87072000,MIAMI-DADE,25.690488,-80.365937,69000,2025,6.69,206,87,10,0.2505,0.0103,0.1304,MODERATE,priority_score = 0.5 × aadt_score + 0.5 × hurricane_proximity_score,FDOT Annual Average Daily Traffic TDA (2025),NOAA HURDAT2 Atlantic Hurricane Database (1851-2023),NOAA Storm Events Database Miami-Dade CZ_FIPS=86 (2014-2022),FEMA OpenFEMA Disaster Declarations Miami-Dade (2016-2022)
430,2197,87140000,MIAMI-DADE,25.77373,-80.207725,61500,2025,3.02,205,87,10,0.2226,0.0379,0.1303,MODERATE,priority_score = 0.5 × aadt_score + 0.5 × hurricane_proximity_score,FDOT Annual Average Daily Traffic TDA (2025),NOAA HURDAT2 Atlantic Hurricane Database (1851-2023),NOAA Storm Events Database Miami-Dade CZ_FIPS=86 (2014-2022),FEMA OpenFEMA Disaster Declarations Miami-Dade (2016-2022)
431,4796,87072000,MIAMI-DADE,25.708238,-80.366545,69000,2025,6.73,205,87,10,0.2505,0.0102,0.1303,MODERATE,priority_score = 0.5 × aadt_score + 0.5 × hurricane_proximity_score,FDOT Annual Average Daily Traffic TDA (2025),NOAA HURDAT2 Atlantic Hurricane Database (1851-2023),NOAA Storm Events Database Miami-Dade CZ_FIPS=86 (2014-2022),FEMA OpenFEMA Disaster Declarations Miami-Dade (2016-2022)
432,3535,87072000,MIAMI-DADE,25.686989,-80.365857,69000,2025,6.76,206,87,10,0.2505,0.0101,0.1303,MODERATE,priority_score = 0.5 × aadt_score + 0.5 × hurricane_proximity_score,FDOT Annual Average Daily Traffic TDA (2025),NOAA HURDAT2 Atlantic Hurricane Database (1851-2023),NOAA Storm Events Database Miami-Dade CZ_FIPS=86 (2014-2022),FEMA OpenFEMA Disaster Declarations Miami-Dade (2016-2022)
433,4508,87044000,MIAMI-DADE,25.733142,-80.331786,66500,2025,4.87,206,87,10,0.2412,0.0188,0.13,MODERATE,priority_score = 0.5 × aadt_score + 0.5 × hurricane_proximity_score,FDOT Annual Average Daily Traffic TDA (2025),NOAA HURDAT2 Atlantic Hurricane Database (1851-2023),NOAA Storm Events Database Miami-Dade CZ_FIPS=86 (2014-2022),FEMA OpenFEMA Disaster Declarations Miami-Dade (2016-2022)
434,3527,87072000,MIAMI-DADE,25.715346,-80.366909,69000,2025,6.92,206,87,10,0.2505,0.0095,0.13,MODERATE,priority_score = 0.5 × aadt_score + 0.5 × hurricane_proximity_score,FDOT Annual Average Daily Traffic TDA (2025),NOAA HURDAT2 Atlantic Hurricane Database (1851-2023),NOAA Storm Events Database Miami-Dade CZ_FIPS=86 (2014-2022),FEMA OpenFEMA Disaster Declarations Miami-Dade (2016-2022)
435,5051,87072000,MIAMI-DADE,25.683847,-80.367355,69000,2025,6.98,206,87,10,0.2505,0.0093,0.1299,MODERATE,priority_score = 0.5 × aadt_score + 0.5 × hurricane_proximity_score,FDOT Annual Average Daily Traffic TDA (2025),NOAA HURDAT2 Atlantic Hurricane Database (1851-2023),NOAA Storm Events Database Miami-Dade CZ_FIPS=86 (2014-2022),FEMA OpenFEMA Disaster Declarations Miami-Dade (2016-2022)
436,4954,87072000,MIAMI-DADE,25.683574,-80.367596,69000,2025,7.02,206,87,10,0.2505,0.0092,0.1298,MODERATE,priority_score = 0.5 × aadt_score + 0.5 × hurricane_proximity_score,FDOT Annual Average Daily Traffic TDA (2025),NOAA HURDAT2 Atlantic Hurricane Database (1851-2023),NOAA Storm Events Database Miami-Dade CZ_FIPS=86 (2014-2022),FEMA OpenFEMA Disaster Declarations Miami-Dade (2016-2022)
437,4122,87072000,MIAMI-DADE,25.682649,-80.368048,69000,2025,7.09,206,87,10,0.2505,0.009,0.1297,MODERATE,priority_score = 0.5 × aadt_score + 0.5 × hurricane_proximity_score,FDOT Annual Average Daily Traffic TDA (2025),NOAA HURDAT2 Atlantic Hurricane Database (1851-2023),NOAA Storm Events Database Miami-Dade CZ_FIPS=86 (2014-2022),FEMA OpenFEMA Disaster Declarations Miami-Dade (2016-2022)
438,4118,87072000,MIAMI-DADE,25.722641,-80.367284,69000,2025,7.2,206,87,10,0.2505,0.0087,0.1296,MODERATE,priority_score = 0.5 × aadt_score + 0.5 × hurricane_proximity_score,FDOT Annual Average Daily Traffic TDA (2025),NOAA HURDAT2 Atlantic Hurricane Database (1851-2023),NOAA Storm Events Database Miami-Dade CZ_FIPS=86 (2014-2022),FEMA OpenFEMA Disaster Declarations Miami-Dade (2016-2022)
439,4953,87072000,MIAMI-DADE,25.678713,-80.368023,69000,2025,7.22,206,87,10,0.2505,0.0086,0.1295,MODERATE,priority_score = 0.5 × aadt_score + 0.5 × hurricane_proximity_score,FDOT Annual Average Daily Traffic TDA (2025),NOAA HURDAT2 Atlantic Hurricane Database (1851-2023),NOAA Storm Events Database Miami-Dade CZ_FIPS=86 (2014-2022),FEMA OpenFEMA Disaster Declarations Miami-Dade (2016-2022)
440,4311,87072000,MIAMI-DADE,25.675782,-80.367877,69000,2025,7.32,206,87,10,0.2505,0.0083,0.1294,MODERATE,priority_score = 0.5 × aadt_score + 0.5 × hurricane_proximity_score,FDOT Annual Average Daily Traffic TDA (2025),NOAA HURDAT2 Atlantic Hurricane Database (1851-2023),NOAA Storm Events Database Miami-Dade CZ_FIPS=86 (2014-2022),FEMA OpenFEMA Disaster Declarations Miami-Dade (2016-2022)
441,2219,87140000,MIAMI-DADE,25.772742,-80.207692,61500,2025,3.13,205,87,10,0.2226,0.0361,0.1294,MODERATE,priority_score = 0.5 × aadt_score + 0.5 × hurricane_proximity_score,FDOT Annual Average Daily Traffic TDA (2025),NOAA HURDAT2 Atlantic Hurricane Database (1851-2023),NOAA Storm Events Database Miami-Dade CZ_FIPS=86 (2014-2022),FEMA OpenFEMA Disaster Declarations Miami-Dade (2016-2022)
442,4003,87072000,MIAMI-DADE,25.672359,-80.367712,69000,2025,7.45,206,87,10,0.2505,0.008,0.1292,MODERATE,priority_score = 0.5 × aadt_score + 0.5 × hurricane_proximity_score,FDOT Annual Average Daily Traffic TDA (2025),NOAA HURDAT2 Atlantic Hurricane Database (1851-2023),NOAA Storm Events Database Miami-Dade CZ_FIPS=86 (2014-2022),FEMA OpenFEMA Disaster Declarations Miami-Dade (2016-2022)
443,2964,87044000,MIAMI-DADE,25.733032,-80.335943,66500,2025,5.14,206,87,10,0.2412,0.0171,0.1292,MODERATE,priority_score = 0.5 × aadt_score + 0.5 × hurricane_proximity_score,FDOT Annual Average Daily Traffic TDA (2025),NOAA HURDAT2 Atlantic Hurricane Database (1851-2023),NOAA Storm Events Database Miami-Dade CZ_FIPS=86 (2014-2022),FEMA OpenFEMA Disaster Declarations Miami-Dade (2016-2022)
444,2056,87090000,MIAMI-DADE,25.809116,-80.239931,64500,2025,4.12,205,87,10,0.2338,0.0245,0.1291,MODERATE,priority_score = 0.5 × aadt_score + 0.5 × hurricane_proximity_score,FDOT Annual Average Daily Traffic TDA (2025),NOAA HURDAT2 Atlantic Hurricane Database (1851-2023),NOAA Storm Events Database Miami-Dade CZ_FIPS=86 (2014-2022),FEMA OpenFEMA Disaster Declarations Miami-Dade (2016-2022)
445,2596,87044000,MIAMI-DADE,25.734635,-80.264444,66500,2025,5.25,207,87,10,0.2412,0.0165,0.1289,MODERATE,priority_score = 0.5 × aadt_score + 0.5 × hurricane_proximity_score,FDOT Annual Average Daily Traffic TDA (2025),NOAA HURDAT2 Atlantic Hurricane Database (1851-2023),NOAA Storm Events Database Miami-Dade CZ_FIPS=86 (2014-2022),FEMA OpenFEMA Disaster Declarations Miami-Dade (2016-2022)
446,2966,87072000,MIAMI-DADE,25.732259,-80.367774,69000,2025,7.68,207,87,10,0.2505,0.0074,0.1289,MODERATE,priority_score = 0.5 × aadt_score + 0.5 × hurricane_proximity_score,FDOT Annual Average Daily Traffic TDA (2025),NOAA HURDAT2 Atlantic Hurricane Database (1851-2023),NOAA Storm Events Database Miami-Dade CZ_FIPS=86 (2014-2022),FEMA OpenFEMA Disaster Declarations Miami-Dade (2016-2022)
447,4111,87002000,MIAMI-DADE,25.917099,-80.292825,54000,2025,2.03,207,87,10,0.1948,0.0624,0.1286,MODERATE,priority_score = 0.5 × aadt_score + 0.5 × hurricane_proximity_score,FDOT Annual Average Daily Traffic TDA (2025),NOAA HURDAT2 Atlantic Hurricane Database (1851-2023),NOAA Storm Events Database Miami-Dade CZ_FIPS=86 (2014-2022),FEMA OpenFEMA Disaster Declarations Miami-Dade (2016-2022)
448,2595,87044000,MIAMI-DADE,25.734718,-80.262431,66500,2025,5.39,207,87,10,0.2412,0.0158,0.1285,MODERATE,priority_score = 0.5 × aadt_score + 0.5 × hurricane_proximity_score,FDOT Annual Average Daily Traffic TDA (2025),NOAA HURDAT2 Atlantic Hurricane Database (1851-2023),NOAA Storm Events Database Miami-Dade CZ_FIPS=86 (2014-2022),FEMA OpenFEMA Disaster Declarations Miami-Dade (2016-2022)
449,4590,87072000,MIAMI-DADE,25.739519,-80.367749,69000,2025,8.09,207,87,10,0.2505,0.0064,0.1284,MODERATE,priority_score = 0.5 × aadt_score + 0.5 × hurricane_proximity_score,FDOT Annual Average Daily Traffic TDA (2025),NOAA HURDAT2 Atlantic Hurricane Database (1851-2023),NOAA Storm Events Database Miami-Dade CZ_FIPS=86 (2014-2022),FEMA OpenFEMA Disaster Declarations Miami-Dade (2016-2022)
450,2077,87140000,MIAMI-DADE,25.828535,-80.20832,61500,2025,3.28,205,87,10,0.2226,0.0339,0.1283,MODERATE,priority_score = 0.5 × aadt_score + 0.5 × hurricane_proximity_score,FDOT Annual Average Daily Traffic TDA (2025),NOAA HURDAT2 Atlantic Hurricane Database (1851-2023),NOAA Storm Events Database Miami-Dade CZ_FIPS=86 (2014-2022),FEMA OpenFEMA Disaster Declarations Miami-Dade (2016-2022)
451,3822,87072000,MIAMI-DADE,25.746649,-80.367708,69000,2025,8.54,206,87,10,0.2505,0.0054,0.1279,MODERATE,priority_score = 0.5 × aadt_score + 0.5 × hurricane_proximity_score,FDOT Annual Average Daily Traffic TDA (2025),NOAA HURDAT2 Atlantic Hurricane Database (1851-2023),NOAA Storm Events Database Miami-Dade CZ_FIPS=86 (2014-2022),FEMA OpenFEMA Disaster Declarations Miami-Dade (2016-2022)
452,2594,87044000,MIAMI-DADE,25.734845,-80.258818,66500,2025,5.66,207,87,10,0.2412,0.0144,0.1278,MODERATE,priority_score = 0.5 × aadt_score + 0.5 × hurricane_proximity_score,FDOT Annual Average Daily Traffic TDA (2025),NOAA HURDAT2 Atlantic Hurricane Database (1851-2023),NOAA Storm Events Database Miami-Dade CZ_FIPS=86 (2014-2022),FEMA OpenFEMA Disaster Declarations Miami-Dade (2016-2022)
453,3352,87044000,MIAMI-DADE,25.732851,-80.343826,66500,2025,5.71,207,87,10,0.2412,0.0142,0.1277,MODERATE,priority_score = 0.5 × aadt_score + 0.5 × hurricane_proximity_score,FDOT Annual Average Daily Traffic TDA (2025),NOAA HURDAT2 Atlantic Hurricane Database (1851-2023),NOAA Storm Events Database Miami-Dade CZ_FIPS=86 (2014-2022),FEMA OpenFEMA Disaster Declarations Miami-Dade (2016-2022)
454,3991,87072000,MIAMI-DADE,25.753026,-80.367987,69000,2025,9.01,206,87,10,0.2505,0.0044,0.1275,MODERATE,priority_score = 0.5 × aadt_score + 0.5 × hurricane_proximity_score,FDOT Annual Average Daily Traffic TDA (2025),NOAA HURDAT2 Atlantic Hurricane Database (1851-2023),NOAA Storm Events Database Miami-Dade CZ_FIPS=86 (2014-2022),FEMA OpenFEMA Disaster Declarations Miami-Dade (2016-2022)
455,5871,87090000,MIAMI-DADE,25.808989,-80.244008,64500,2025,4.52,205,87,10,0.2338,0.0212,0.1275,MODERATE,priority_score = 0.5 × aadt_score + 0.5 × hurricane_proximity_score,FDOT Annual Average Daily Traffic TDA (2025),NOAA HURDAT2 Atlantic Hurricane Database (1851-2023),NOAA Storm Events Database Miami-Dade CZ_FIPS=86 (2014-2022),FEMA OpenFEMA Disaster Declarations Miami-Dade (2016-2022)
456,5334,87072000,MIAMI-DADE,25.754229,-80.368055,69000,2025,9.1,206,87,10,0.2505,0.0043,0.1274,MODERATE,priority_score = 0.5 × aadt_score + 0.5 × hurricane_proximity_score,FDOT Annual Average Daily Traffic TDA (2025),NOAA HURDAT2 Atlantic Hurricane Database (1851-2023),NOAA Storm Events Database Miami-Dade CZ_FIPS=86 (2014-2022),FEMA OpenFEMA Disaster Declarations Miami-Dade (2016-2022)
457,2153,87140000,MIAMI-DADE,25.770055,-80.20759,61500,2025,3.42,206,87,10,0.2226,0.032,0.1273,MODERATE,priority_score = 0.5 × aadt_score + 0.5 × hurricane_proximity_score,FDOT Annual Average Daily Traffic TDA (2025),NOAA HURDAT2 Atlantic Hurricane Database (1851-2023),NOAA Storm Events Database Miami-Dade CZ_FIPS=86 (2014-2022),FEMA OpenFEMA Disaster Declarations Miami-Dade (2016-2022)
458,4689,87044000,MIAMI-DADE,25.735004,-80.256285,66500,2025,5.86,207,87,10,0.2412,0.0135,0.1273,MODERATE,priority_score = 0.5 × aadt_score + 0.5 × hurricane_proximity_score,FDOT Annual Average Daily Traffic TDA (2025),NOAA HURDAT2 Atlantic Hurricane Database (1851-2023),NOAA Storm Events Database Miami-Dade CZ_FIPS=86 (2014-2022),FEMA OpenFEMA Disaster Declarations Miami-Dade (2016-2022)
459,4757,87072000,MIAMI-DADE,25.758191,-80.368211,69000,2025,9.41,206,87,10,0.2505,0.0037,0.1271,MODERATE,priority_score = 0.5 × aadt_score + 0.5 × hurricane_proximity_score,FDOT Annual Average Daily Traffic TDA (2025),NOAA HURDAT2 Atlantic Hurricane Database (1851-2023),NOAA Storm Events Database Miami-Dade CZ_FIPS=86 (2014-2022),FEMA OpenFEMA Disaster Declarations Miami-Dade (2016-2022)
460,4653,87300000,MIAMI-DADE,25.8825,-80.251505,65500,2025,5.23,209,87,10,0.2375,0.0166,0.1271,MODERATE,priority_score = 0.5 × aadt_score + 0.5 × hurricane_proximity_score,FDOT Annual Average Daily Traffic TDA (2025),NOAA HURDAT2 Atlantic Hurricane Database (1851-2023),NOAA Storm Events Database Miami-Dade CZ_FIPS=86 (2014-2022),FEMA OpenFEMA Disaster Declarations Miami-Dade (2016-2022)
461,3974,87002000,MIAMI-DADE,25.917927,-80.29286,54000,2025,2.12,207,87,10,0.1948,0.0592,0.127,MODERATE,priority_score = 0.5 × aadt_score + 0.5 × hurricane_proximity_score,FDOT Annual Average Daily Traffic TDA (2025),NOAA HURDAT2 Atlantic Hurricane Database (1851-2023),NOAA Storm Events Database Miami-Dade CZ_FIPS=86 (2014-2022),FEMA OpenFEMA Disaster Declarations Miami-Dade (2016-2022)
462,2177,87044000,MIAMI-DADE,25.735072,-80.254303,66500,2025,6.01,206,87,10,0.2412,0.0129,0.127,MODERATE,priority_score = 0.5 × aadt_score + 0.5 × hurricane_proximity_score,FDOT Annual Average Daily Traffic TDA (2025),NOAA HURDAT2 Atlantic Hurricane Database (1851-2023),NOAA Storm Events Database Miami-Dade CZ_FIPS=86 (2014-2022),FEMA OpenFEMA Disaster Declarations Miami-Dade (2016-2022)
463,3709,87072000,MIAMI-DADE,25.761282,-80.368341,69000,2025,9.66,206,87,10,0.2505,0.0033,0.1269,MODERATE,priority_score = 0.5 × aadt_score + 0.5 × hurricane_proximity_score,FDOT Annual Average Daily Traffic TDA (2025),NOAA HURDAT2 Atlantic Hurricane Database (1851-2023),NOAA Storm Events Database Miami-Dade CZ_FIPS=86 (2014-2022),FEMA OpenFEMA Disaster Declarations Miami-Dade (2016-2022)
464,3048,87220000,MIAMI-DADE,25.808518,-80.260022,66500,2025,6.08,205,87,10,0.2412,0.0126,0.1269,MODERATE,priority_score = 0.5 × aadt_score + 0.5 × hurricane_proximity_score,FDOT Annual Average Daily Traffic TDA (2025),NOAA HURDAT2 Atlantic Hurricane Database (1851-2023),NOAA Storm Events Database Miami-Dade CZ_FIPS=86 (2014-2022),FEMA OpenFEMA Disaster Declarations Miami-Dade (2016-2022)
465,5105,87072000,MIAMI-DADE,25.763787,-80.36855,69000,2025,9.87,206,87,10,0.2505,0.003,0.1267,MODERATE,priority_score = 0.5 × aadt_score + 0.5 × hurricane_proximity_score,FDOT Annual Average Daily Traffic TDA (2025),NOAA HURDAT2 Atlantic Hurricane Database (1851-2023),NOAA Storm Events Database Miami-Dade CZ_FIPS=86 (2014-2022),FEMA OpenFEMA Disaster Declarations Miami-Dade (2016-2022)
466,4560,87072000,MIAMI-DADE,25.764786,-80.368634,69000,2025,9.96,206,87,10,0.2505,0.0028,0.1267,MODERATE,priority_score = 0.5 × aadt_score + 0.5 × hurricane_proximity_score,FDOT Annual Average Daily Traffic TDA (2025),NOAA HURDAT2 Atlantic Hurricane Database (1851-2023),NOAA Storm Events Database Miami-Dade CZ_FIPS=86 (2014-2022),FEMA OpenFEMA Disaster Declarations Miami-Dade (2016-2022)
467,5125,87072000,MIAMI-DADE,25.765206,-80.368668,69000,2025,9.99,206,87,10,0.2505,0.0028,0.1266,MODERATE,priority_score = 0.5 × aadt_score + 0.5 × hurricane_proximity_score,FDOT Annual Average Daily Traffic TDA (2025),NOAA HURDAT2 Atlantic Hurricane Database (1851-2023),NOAA Storm Events Database Miami-Dade CZ_FIPS=86 (2014-2022),FEMA OpenFEMA Disaster Declarations Miami-Dade (2016-2022)
468,5104,87072000,MIAMI-DADE,25.767248,-80.368838,69000,2025,10.17,206,87,10,0.2505,0.0025,0.1265,MODERATE,priority_score = 0.5 × aadt_score + 0.5 × hurricane_proximity_score,FDOT Annual Average Daily Traffic TDA (2025),NOAA HURDAT2 Atlantic Hurricane Database (1851-2023),NOAA Storm Events Database Miami-Dade CZ_FIPS=86 (2014-2022),FEMA OpenFEMA Disaster Declarations Miami-Dade (2016-2022)
469,5306,87044000,MIAMI-DADE,25.732677,-80.350811,66500,2025,6.25,207,87,10,0.2412,0.0119,0.1265,MODERATE,priority_score = 0.5 × aadt_score + 0.5 × hurricane_proximity_score,FDOT Annual Average Daily Traffic TDA (2025),NOAA HURDAT2 Atlantic Hurricane Database (1851-2023),NOAA Storm Events Database Miami-Dade CZ_FIPS=86 (2014-2022),FEMA OpenFEMA Disaster Declarations Miami-Dade (2016-2022)
470,2185,87044000,MIAMI-DADE,25.735178,-80.250738,66500,2025,6.3,206,87,10,0.2412,0.0117,0.1264,MODERATE,priority_score = 0.5 × aadt_score + 0.5 × hurricane_proximity_score,FDOT Annual Average Daily Traffic TDA (2025),NOAA HURDAT2 Atlantic Hurricane Database (1851-2023),NOAA Storm Events Database Miami-Dade CZ_FIPS=86 (2014-2022),FEMA OpenFEMA Disaster Declarations Miami-Dade (2016-2022)
471,2965,87044000,MIAMI-DADE,25.732656,-80.351643,66500,2025,6.32,207,87,10,0.2412,0.0116,0.1264,MODERATE,priority_score = 0.5 × aadt_score + 0.5 × hurricane_proximity_score,FDOT Annual Average Daily Traffic TDA (2025),NOAA HURDAT2 Atlantic Hurricane Database (1851-2023),NOAA Storm Events Database Miami-Dade CZ_FIPS=86 (2014-2022),FEMA OpenFEMA Disaster Declarations Miami-Dade (2016-2022)
472,3894,87072000,MIAMI-DADE,25.768421,-80.368935,69000,2025,10.27,206,87,10,0.2505,0.0024,0.1264,MODERATE,priority_score = 0.5 × aadt_score + 0.5 × hurricane_proximity_score,FDOT Annual Average Daily Traffic TDA (2025),NOAA HURDAT2 Atlantic Hurricane Database (1851-2023),NOAA Storm Events Database Miami-Dade CZ_FIPS=86 (2014-2022),FEMA OpenFEMA Disaster Declarations Miami-Dade (2016-2022)
473,5593,87300000,MIAMI-DADE,25.88269,-80.248906,65500,2025,5.46,209,87,10,0.2375,0.0154,0.1264,MODERATE,priority_score = 0.5 × aadt_score + 0.5 × hurricane_proximity_score,FDOT Annual Average Daily Traffic TDA (2025),NOAA HURDAT2 Atlantic Hurricane Database (1851-2023),NOAA Storm Events Database Miami-Dade CZ_FIPS=86 (2014-2022),FEMA OpenFEMA Disaster Declarations Miami-Dade (2016-2022)
474,3022,87220000,MIAMI-DADE,25.808371,-80.263095,66500,2025,6.38,205,87,10,0.2412,0.0114,0.1263,MODERATE,priority_score = 0.5 × aadt_score + 0.5 × hurricane_proximity_score,FDOT Annual Average Daily Traffic TDA (2025),NOAA HURDAT2 Atlantic Hurricane Database (1851-2023),NOAA Storm Events Database Miami-Dade CZ_FIPS=86 (2014-2022),FEMA OpenFEMA Disaster Declarations Miami-Dade (2016-2022)
475,2948,87044000,MIAMI-DADE,25.732622,-80.353098,66500,2025,6.44,207,87,10,0.2412,0.0112,0.1262,MODERATE,priority_score = 0.5 × aadt_score + 0.5 × hurricane_proximity_score,FDOT Annual Average Daily Traffic TDA (2025),NOAA HURDAT2 Atlantic Hurricane Database (1851-2023),NOAA Storm Events Database Miami-Dade CZ_FIPS=86 (2014-2022),FEMA OpenFEMA Disaster Declarations Miami-Dade (2016-2022)
476,2057,87090000,MIAMI-DADE,25.808853,-80.248103,64500,2025,4.92,205,87,10,0.2338,0.0185,0.1261,MODERATE,priority_score = 0.5 × aadt_score + 0.5 × hurricane_proximity_score,FDOT Annual Average Daily Traffic TDA (2025),NOAA HURDAT2 Atlantic Hurricane Database (1851-2023),NOAA Storm Events Database Miami-Dade CZ_FIPS=86 (2014-2022),FEMA OpenFEMA Disaster Declarations Miami-Dade (2016-2022)
477,4554,87072000,MIAMI-DADE,25.775533,-80.369493,69000,2025,10.91,206,87,10,0.2505,0.0015,0.126,MODERATE,priority_score = 0.5 × aadt_score + 0.5 × hurricane_proximity_score,FDOT Annual Average Daily Traffic TDA (2025),NOAA HURDAT2 Atlantic Hurricane Database (1851-2023),NOAA Storm Events Database Miami-Dade CZ_FIPS=86 (2014-2022),FEMA OpenFEMA Disaster Declarations Miami-Dade (2016-2022)
478,5305,87044000,MIAMI-DADE,25.732586,-80.354633,66500,2025,6.56,207,87,10,0.2412,0.0107,0.126,MODERATE,priority_score = 0.5 × aadt_score + 0.5 × hurricane_proximity_score,FDOT Annual Average Daily Traffic TDA (2025),NOAA HURDAT2 Atlantic Hurricane Database (1851-2023),NOAA Storm Events Database Miami-Dade CZ_FIPS=86 (2014-2022),FEMA OpenFEMA Disaster Declarations Miami-Dade (2016-2022)
479,2234,87140000,MIAMI-DADE,25.767934,-80.207509,61500,2025,3.64,206,87,10,0.2226,0.0293,0.126,MODERATE,priority_score = 0.5 × aadt_score + 0.5 × hurricane_proximity_score,FDOT Annual Average Daily Traffic TDA (2025),NOAA HURDAT2 Atlantic Hurricane Database (1851-2023),NOAA Storm Events Database Miami-Dade CZ_FIPS=86 (2014-2022),FEMA OpenFEMA Disaster Declarations Miami-Dade (2016-2022)
480,3023,87220000,MIAMI-DADE,25.808345,-80.264539,66500,2025,6.53,205,87,10,0.2412,0.0108,0.126,MODERATE,priority_score = 0.5 × aadt_score + 0.5 × hurricane_proximity_score,FDOT Annual Average Daily Traffic TDA (2025),NOAA HURDAT2 Atlantic Hurricane Database (1851-2023),NOAA Storm Events Database Miami-Dade CZ_FIPS=86 (2014-2022),FEMA OpenFEMA Disaster Declarations Miami-Dade (2016-2022)
481,4608,87072000,MIAMI-DADE,25.777843,-80.369241,69000,2025,11.09,206,87,10,0.2505,0.0013,0.1259,MODERATE,priority_score = 0.5 × aadt_score + 0.5 × hurricane_proximity_score,FDOT Annual Average Daily Traffic TDA (2025),NOAA HURDAT2 Atlantic Hurricane Database (1851-2023),NOAA Storm Events Database Miami-Dade CZ_FIPS=86 (2014-2022),FEMA OpenFEMA Disaster Declarations Miami-Dade (2016-2022)
482,4297,87044000,MIAMI-DADE,25.732563,-80.355624,66500,2025,6.65,207,87,10,0.2412,0.0104,0.1258,MODERATE,priority_score = 0.5 × aadt_score + 0.5 × hurricane_proximity_score,FDOT Annual Average Daily Traffic TDA (2025),NOAA HURDAT2 Atlantic Hurricane Database (1851-2023),NOAA Storm Events Database Miami-Dade CZ_FIPS=86 (2014-2022),FEMA OpenFEMA Disaster Declarations Miami-Dade (2016-2022)
483,2081,87140000,MIAMI-DADE,25.83215,-80.20849,61500,2025,3.67,205,87,10,0.2226,0.029,0.1258,MODERATE,priority_score = 0.5 × aadt_score + 0.5 × hurricane_proximity_score,FDOT Annual Average Daily Traffic TDA (2025),NOAA HURDAT2 Atlantic Hurricane Database (1851-2023),NOAA Storm Events Database Miami-Dade CZ_FIPS=86 (2014-2022),FEMA OpenFEMA Disaster Declarations Miami-Dade (2016-2022)
484,6097,87072000,MIAMI-DADE,25.781516,-80.368731,69000,2025,11.38,206,87,10,0.2505,0.0009,0.1257,MODERATE,priority_score = 0.5 × aadt_score + 0.5 × hurricane_proximity_score,FDOT Annual Average Daily Traffic TDA (2025),NOAA HURDAT2 Atlantic Hurricane Database (1851-2023),NOAA Storm Events Database Miami-Dade CZ_FIPS=86 (2014-2022),FEMA OpenFEMA Disaster Declarations Miami-Dade (2016-2022)
485,3865,87300000,MIAMI-DADE,25.882852,-80.244974,65500,2025,5.83,210,87,10,0.2375,0.0136,0.1256,MODERATE,priority_score = 0.5 × aadt_score + 0.5 × hurricane_proximity_score,FDOT Annual Average Daily Traffic TDA (2025),NOAA HURDAT2 Atlantic Hurricane Database (1851-2023),NOAA Storm Events Database Miami-Dade CZ_FIPS=86 (2014-2022),FEMA OpenFEMA Disaster Declarations Miami-Dade (2016-2022)
486,2900,87220000,MIAMI-DADE,25.808246,-80.267684,66500,2025,6.84,205,87,10,0.2412,0.0098,0.1255,MODERATE,priority_score = 0.5 × aadt_score + 0.5 × hurricane_proximity_score,FDOT Annual Average Daily Traffic TDA (2025),NOAA HURDAT2 Atlantic Hurricane Database (1851-2023),NOAA Storm Events Database Miami-Dade CZ_FIPS=86 (2014-2022),FEMA OpenFEMA Disaster Declarations Miami-Dade (2016-2022)
487,2242,87140000,MIAMI-DADE,25.76696,-80.207472,61500,2025,3.75,206,87,10,0.2226,0.0281,0.1254,MODERATE,priority_score = 0.5 × aadt_score + 0.5 × hurricane_proximity_score,FDOT Annual Average Daily Traffic TDA (2025),NOAA HURDAT2 Atlantic Hurricane Database (1851-2023),NOAA Storm Events Database Miami-Dade CZ_FIPS=86 (2014-2022),FEMA OpenFEMA Disaster Declarations Miami-Dade (2016-2022)
488,3591,87044000,MIAMI-DADE,25.732462,-80.359766,66500,2025,6.99,207,87,10,0.2412,0.0093,0.1253,MODERATE,priority_score = 0.5 × aadt_score + 0.5 × hurricane_proximity_score,FDOT Annual Average Daily Traffic TDA (2025),NOAA HURDAT2 Atlantic Hurricane Database (1851-2023),NOAA Storm Events Database Miami-Dade CZ_FIPS=86 (2014-2022),FEMA OpenFEMA Disaster Declarations Miami-Dade (2016-2022)
489,3156,87220000,MIAMI-DADE,25.808197,-80.269738,66500,2025,7.04,205,87,10,0.2412,0.0092,0.1252,MODERATE,priority_score = 0.5 × aadt_score + 0.5 × hurricane_proximity_score,FDOT Annual Average Daily Traffic TDA (2025),NOAA HURDAT2 Atlantic Hurricane Database (1851-2023),NOAA Storm Events Database Miami-Dade CZ_FIPS=86 (2014-2022),FEMA OpenFEMA Disaster Declarations Miami-Dade (2016-2022)
490,2520,87300000,MIAMI-DADE,25.882767,-80.243091,65500,2025,6.01,210,87,10,0.2375,0.0129,0.1252,MODERATE,priority_score = 0.5 × aadt_score + 0.5 × hurricane_proximity_score,FDOT Annual Average Daily Traffic TDA (2025),NOAA HURDAT2 Atlantic Hurricane Database (1851-2023),NOAA Storm Events Database Miami-Dade CZ_FIPS=86 (2014-2022),FEMA OpenFEMA Disaster Declarations Miami-Dade (2016-2022)
491,6448,87140000,MIAMI-DADE,25.833428,-80.208551,61500,2025,3.81,205,87,10,0.2226,0.0275,0.125,MODERATE,priority_score = 0.5 × aadt_score + 0.5 × hurricane_proximity_score,FDOT Annual Average Daily Traffic TDA (2025),NOAA HURDAT2 Atlantic Hurricane Database (1851-2023),NOAA Storm Events Database Miami-Dade CZ_FIPS=86 (2014-2022),FEMA OpenFEMA Disaster Declarations Miami-Dade (2016-2022)
492,2247,87140000,MIAMI-DADE,25.766002,-80.207432,61500,2025,3.85,206,87,10,0.2226,0.027,0.1248,MODERATE,priority_score = 0.5 × aadt_score + 0.5 × hurricane_proximity_score,FDOT Annual Average Daily Traffic TDA (2025),NOAA HURDAT2 Atlantic Hurricane Database (1851-2023),NOAA Storm Events Database Miami-Dade CZ_FIPS=86 (2014-2022),FEMA OpenFEMA Disaster Declarations Miami-Dade (2016-2022)
493,4514,87090000,MIAMI-DADE,25.867055,-80.34003,64500,2025,5.43,208,87,10,0.2338,0.0156,0.1247,MODERATE,priority_score = 0.5 × aadt_score + 0.5 × hurricane_proximity_score,FDOT Annual Average Daily Traffic TDA (2025),NOAA HURDAT2 Atlantic Hurricane Database (1851-2023),NOAA Storm Events Database Miami-Dade CZ_FIPS=86 (2014-2022),FEMA OpenFEMA Disaster Declarations Miami-Dade (2016-2022)
494,4709,87090000,MIAMI-DADE,25.859749,-80.330167,64500,2025,5.4,207,87,10,0.2338,0.0157,0.1247,MODERATE,priority_score = 0.5 × aadt_score + 0.5 × hurricane_proximity_score,FDOT Annual Average Daily Traffic TDA (2025),NOAA HURDAT2 Atlantic Hurricane Database (1851-2023),NOAA Storm Events Database Miami-Dade CZ_FIPS=86 (2014-2022),FEMA OpenFEMA Disaster Declarations Miami-Dade (2016-2022)
495,3143,87220000,MIAMI-DADE,25.808122,-80.272787,66500,2025,7.34,206,87,10,0.2412,0.0083,0.1247,MODERATE,priority_score = 0.5 × aadt_score + 0.5 × hurricane_proximity_score,FDOT Annual Average Daily Traffic TDA (2025),NOAA HURDAT2 Atlantic Hurricane Database (1851-2023),NOAA Storm Events Database Miami-Dade CZ_FIPS=86 (2014-2022),FEMA OpenFEMA Disaster Declarations Miami-Dade (2016-2022)
496,2884,87002000,MIAMI-DADE,25.881231,-80.291181,54000,2025,2.27,208,87,10,0.1948,0.0545,0.1246,MODERATE,priority_score = 0.5 × aadt_score + 0.5 × hurricane_proximity_score,FDOT Annual Average Daily Traffic TDA (2025),NOAA HURDAT2 Atlantic Hurricane Database (1851-2023),NOAA Storm Events Database Miami-Dade CZ_FIPS=86 (2014-2022),FEMA OpenFEMA Disaster Declarations Miami-Dade (2016-2022)
497,5278,87140000,MIAMI-DADE,25.834227,-80.20859,61500,2025,3.9,205,87,10,0.2226,0.0265,0.1246,MODERATE,priority_score = 0.5 × aadt_score + 0.5 × hurricane_proximity_score,FDOT Annual Average Daily Traffic TDA (2025),NOAA HURDAT2 Atlantic Hurricane Database (1851-2023),NOAA Storm Events Database Miami-Dade CZ_FIPS=86 (2014-2022),FEMA OpenFEMA Disaster Declarations Miami-Dade (2016-2022)
498,4393,87140000,MIAMI-DADE,25.834416,-80.208599,61500,2025,3.92,205,87,10,0.2226,0.0263,0.1245,MODERATE,priority_score = 0.5 × aadt_score + 0.5 × hurricane_proximity_score,FDOT Annual Average Daily Traffic TDA (2025),NOAA HURDAT2 Atlantic Hurricane Database (1851-2023),NOAA Storm Events Database Miami-Dade CZ_FIPS=86 (2014-2022),FEMA OpenFEMA Disaster Declarations Miami-Dade (2016-2022)
499,5488,87090000,MIAMI-DADE,25.869748,-80.343681,64500,2025,5.51,208,87,10,0.2338,0.0152,0.1245,MODERATE,priority_score = 0.5 × aadt_score + 0.5 × hurricane_proximity_score,FDOT Annual Average Daily Traffic TDA (2025),NOAA HURDAT2 Atlantic Hurricane Database (1851-2023),NOAA Storm Events Database Miami-Dade CZ_FIPS=86 (2014-2022),FEMA OpenFEMA Disaster Declarations Miami-Dade (2016-2022)
500,5909,87090000,MIAMI-DADE,25.855771,-80.324897,64500,2025,5.51,206,87,10,0.2338,0.0152,0.1245,MODERATE,priority_score = 0.5 × aadt_score + 0.5 × hurricane_proximity_score,FDOT Annual Average Daily Traffic TDA (2025),NOAA HURDAT2 Atlantic Hurricane Database (1851-2023),NOAA Storm Events Database Miami-Dade CZ_FIPS=86 (2014-2022),FEMA OpenFEMA Disaster Declarations Miami-Dade (2016-2022)
501,6938,87090000,MIAMI DADE COUNTY,25.808683,-80.25419,64500,2025,5.51,205,87,10,0.2338,0.0152,0.1245,MODERATE,priority_score = 0.5 × aadt_score + 0.5 × hurricane_proximity_score,FDOT Annual Average Daily Traffic TDA (2025),NOAA HURDAT2 Atlantic Hurricane Database (1851-2023),NOAA Storm Events Database Miami-Dade CZ_FIPS=86 (2014-2022),FEMA OpenFEMA Disaster Declarations Miami-Dade (2016-2022)
502,4405,87090000,MIAMI-DADE,25.855243,-80.32417,64500,2025,5.53,206,87,10,0.2338,0.0151,0.1244,MODERATE,priority_score = 0.5 × aadt_score + 0.5 × hurricane_proximity_score,FDOT Annual Average Daily Traffic TDA (2025),NOAA HURDAT2 Atlantic Hurricane Database (1851-2023),NOAA Storm Events Database Miami-Dade CZ_FIPS=86 (2014-2022),FEMA OpenFEMA Disaster Declarations Miami-Dade (2016-2022)
503,2966,87044000,MIAMI-DADE,25.732267,-80.367824,66500,2025,7.68,207,87,10,0.2412,0.0074,0.1243,MODERATE,priority_score = 0.5 × aadt_score + 0.5 × hurricane_proximity_score,FDOT Annual Average Daily Traffic TDA (2025),NOAA HURDAT2 Atlantic Hurricane Database (1851-2023),NOAA Storm Events Database Miami-Dade CZ_FIPS=86 (2014-2022),FEMA OpenFEMA Disaster Declarations Miami-Dade (2016-2022)
504,3233,87220000,MIAMI-DADE,25.807985,-80.276782,66500,2025,7.74,206,87,10,0.2412,0.0072,0.1242,MODERATE,priority_score = 0.5 × aadt_score + 0.5 × hurricane_proximity_score,FDOT Annual Average Daily Traffic TDA (2025),NOAA HURDAT2 Atlantic Hurricane Database (1851-2023),NOAA Storm Events Database Miami-Dade CZ_FIPS=86 (2014-2022),FEMA OpenFEMA Disaster Declarations Miami-Dade (2016-2022)
505,3614,87090000,MIAMI-DADE,25.853121,-80.321292,64500,2025,5.63,206,87,10,0.2338,0.0146,0.1242,MODERATE,priority_score = 0.5 × aadt_score + 0.5 × hurricane_proximity_score,FDOT Annual Average Daily Traffic TDA (2025),NOAA HURDAT2 Atlantic Hurricane Database (1851-2023),NOAA Storm Events Database Miami-Dade CZ_FIPS=86 (2014-2022),FEMA OpenFEMA Disaster Declarations Miami-Dade (2016-2022)
506,2058,87090000,MIAMI-DADE,25.808609,-80.256229,64500,2025,5.71,205,87,10,0.2338,0.0142,0.124,MODERATE,priority_score = 0.5 × aadt_score + 0.5 × hurricane_proximity_score,FDOT Annual Average Daily Traffic TDA (2025),NOAA HURDAT2 Atlantic Hurricane Database (1851-2023),NOAA Storm Events Database Miami-Dade CZ_FIPS=86 (2014-2022),FEMA OpenFEMA Disaster Declarations Miami-Dade (2016-2022)
507,5124,87090000,MIAMI-DADE,25.852026,-80.319895,64500,2025,5.69,206,87,10,0.2338,0.0143,0.124,MODERATE,priority_score = 0.5 × aadt_score + 0.5 × hurricane_proximity_score,FDOT Annual Average Daily Traffic TDA (2025),NOAA HURDAT2 Atlantic Hurricane Database (1851-2023),NOAA Storm Events Database Miami-Dade CZ_FIPS=86 (2014-2022),FEMA OpenFEMA Disaster Declarations Miami-Dade (2016-2022)
508,4880,87044000,MIAMI-DADE,25.732199,-80.371838,66500,2025,8.04,207,87,10,0.2412,0.0065,0.1238,MODERATE,priority_score = 0.5 × aadt_score + 0.5 × hurricane_proximity_score,FDOT Annual Average Daily Traffic TDA (2025),NOAA HURDAT2 Atlantic Hurricane Database (1851-2023),NOAA Storm Events Database Miami-Dade CZ_FIPS=86 (2014-2022),FEMA OpenFEMA Disaster Declarations Miami-Dade (2016-2022)
509,2901,87220000,MIAMI-DADE,25.807877,-80.279878,66500,2025,8.04,206,87,10,0.2412,0.0065,0.1238,MODERATE,priority_score = 0.5 × aadt_score + 0.5 × hurricane_proximity_score,FDOT Annual Average Daily Traffic TDA (2025),NOAA HURDAT2 Atlantic Hurricane Database (1851-2023),NOAA Storm Events Database Miami-Dade CZ_FIPS=86 (2014-2022),FEMA OpenFEMA Disaster Declarations Miami-Dade (2016-2022)
510,3142,87220000,MIAMI-DADE,25.807838,-80.281001,66500,2025,8.16,206,87,10,0.2412,0.0062,0.1237,MODERATE,priority_score = 0.5 × aadt_score + 0.5 × hurricane_proximity_score,FDOT Annual Average Daily Traffic TDA (2025),NOAA HURDAT2 Atlantic Hurricane Database (1851-2023),NOAA Storm Events Database Miami-Dade CZ_FIPS=86 (2014-2022),FEMA OpenFEMA Disaster Declarations Miami-Dade (2016-2022)
511,3726,87140000,MIAMI-DADE,25.835897,-80.208669,61500,2025,4.08,205,87,10,0.2226,0.0248,0.1237,MODERATE,priority_score = 0.5 × aadt_score + 0.5 × hurricane_proximity_score,FDOT Annual Average Daily Traffic TDA (2025),NOAA HURDAT2 Atlantic Hurricane Database (1851-2023),NOAA Storm Events Database Miami-Dade CZ_FIPS=86 (2014-2022),FEMA OpenFEMA Disaster Declarations Miami-Dade (2016-2022)
512,5279,87140000,MIAMI-DADE,25.836332,-80.20869,61500,2025,4.13,205,87,10,0.2226,0.0244,0.1235,MODERATE,priority_score = 0.5 × aadt_score + 0.5 × hurricane_proximity_score,FDOT Annual Average Daily Traffic TDA (2025),NOAA HURDAT2 Atlantic Hurricane Database (1851-2023),NOAA Storm Events Database Miami-Dade CZ_FIPS=86 (2014-2022),FEMA OpenFEMA Disaster Declarations Miami-Dade (2016-2022)
513,3327,87120000,MIAMI-DADE,25.766201,-80.20066,60500,2025,3.76,207,87,10,0.2189,0.028,0.1235,MODERATE,priority_score = 0.5 × aadt_score + 0.5 × hurricane_proximity_score,FDOT Annual Average Daily Traffic TDA (2025),NOAA HURDAT2 Atlantic Hurricane Database (1851-2023),NOAA Storm Events Database Miami-Dade CZ_FIPS=86 (2014-2022),FEMA OpenFEMA Disaster Declarations Miami-Dade (2016-2022)
514,3326,87120000,MIAMI-DADE,25.766249,-80.199088,60500,2025,3.75,207,87,10,0.2189,0.0281,0.1235,MODERATE,priority_score = 0.5 × aadt_score + 0.5 × hurricane_proximity_score,FDOT Annual Average Daily Traffic TDA (2025),NOAA HURDAT2 Atlantic Hurricane Database (1851-2023),NOAA Storm Events Database Miami-Dade CZ_FIPS=86 (2014-2022),FEMA OpenFEMA Disaster Declarations Miami-Dade (2016-2022)
515,2246,87120000,MIAMI-DADE,25.766291,-80.197435,60500,2025,3.76,206,87,10,0.2189,0.028,0.1235,MODERATE,priority_score = 0.5 × aadt_score + 0.5 × hurricane_proximity_score,FDOT Annual Average Daily Traffic TDA (2025),NOAA HURDAT2 Atlantic Hurricane Database (1851-2023),NOAA Storm Events Database Miami-Dade CZ_FIPS=86 (2014-2022),FEMA OpenFEMA Disaster Declarations Miami-Dade (2016-2022)
516,3234,87220000,MIAMI-DADE,25.807735,-80.283921,66500,2025,8.45,206,87,10,0.2412,0.0056,0.1234,MODERATE,priority_score = 0.5 × aadt_score + 0.5 × hurricane_proximity_score,FDOT Annual Average Daily Traffic TDA (2025),NOAA HURDAT2 Atlantic Hurricane Database (1851-2023),NOAA Storm Events Database Miami-Dade CZ_FIPS=86 (2014-2022),FEMA OpenFEMA Disaster Declarations Miami-Dade (2016-2022)
517,3608,87090000,MIAMI-DADE,25.847752,-80.314209,64500,2025,5.98,206,87,10,0.2338,0.013,0.1234,MODERATE,priority_score = 0.5 × aadt_score + 0.5 × hurricane_proximity_score,FDOT Annual Average Daily Traffic TDA (2025),NOAA HURDAT2 Atlantic Hurricane Database (1851-2023),NOAA Storm Events Database Miami-Dade CZ_FIPS=86 (2014-2022),FEMA OpenFEMA Disaster Declarations Miami-Dade (2016-2022)
518,4388,87120000,MIAMI-DADE,25.766151,-80.202344,60500,2025,3.77,206,87,10,0.2189,0.0279,0.1234,MODERATE,priority_score = 0.5 × aadt_score + 0.5 × hurricane_proximity_score,FDOT Annual Average Daily Traffic TDA (2025),NOAA HURDAT2 Atlantic Hurricane Database (1851-2023),NOAA Storm Events Database Miami-Dade CZ_FIPS=86 (2014-2022),FEMA OpenFEMA Disaster Declarations Miami-Dade (2016-2022)
519,2245,87120000,MIAMI-DADE,25.766352,-80.195303,60500,2025,3.77,206,87,10,0.2189,0.0279,0.1234,MODERATE,priority_score = 0.5 × aadt_score + 0.5 × hurricane_proximity_score,FDOT Annual Average Daily Traffic TDA (2025),NOAA HURDAT2 Atlantic Hurricane Database (1851-2023),NOAA Storm Events Database Miami-Dade CZ_FIPS=86 (2014-2022),FEMA OpenFEMA Disaster Declarations Miami-Dade (2016-2022)
520,3343,87044000,MIAMI-DADE,25.732133,-80.375771,66500,2025,8.39,206,87,10,0.2412,0.0057,0.1234,MODERATE,priority_score = 0.5 × aadt_score + 0.5 × hurricane_proximity_score,FDOT Annual Average Daily Traffic TDA (2025),NOAA HURDAT2 Atlantic Hurricane Database (1851-2023),NOAA Storm Events Database Miami-Dade CZ_FIPS=86 (2014-2022),FEMA OpenFEMA Disaster Declarations Miami-Dade (2016-2022)
521,7603,87120000,MIAMI DADE,25.766105,-80.203884,60500,2025,3.79,206,87,10,0.2189,0.0277,0.1233,MODERATE,priority_score = 0.5 × aadt_score + 0.5 × hurricane_proximity_score,FDOT Annual Average Daily Traffic TDA (2025),NOAA HURDAT2 Atlantic Hurricane Database (1851-2023),NOAA Storm Events Database Miami-Dade CZ_FIPS=86 (2014-2022),FEMA OpenFEMA Disaster Declarations Miami-Dade (2016-2022)
522,2244,87120000,MIAMI-DADE,25.766412,-80.19333,60500,2025,3.79,206,87,10,0.2189,0.0277,0.1233,MODERATE,priority_score = 0.5 × aadt_score + 0.5 × hurricane_proximity_score,FDOT Annual Average Daily Traffic TDA (2025),NOAA HURDAT2 Atlantic Hurricane Database (1851-2023),NOAA Storm Events Database Miami-Dade CZ_FIPS=86 (2014-2022),FEMA OpenFEMA Disaster Declarations Miami-Dade (2016-2022)
523,3048,87090000,MIAMI-DADE,25.808525,-80.259714,64500,2025,6.05,205,87,10,0.2338,0.0127,0.1232,MODERATE,priority_score = 0.5 × aadt_score + 0.5 × hurricane_proximity_score,FDOT Annual Average Daily Traffic TDA (2025),NOAA HURDAT2 Atlantic Hurricane Database (1851-2023),NOAA Storm Events Database Miami-Dade CZ_FIPS=86 (2014-2022),FEMA OpenFEMA Disaster Declarations Miami-Dade (2016-2022)
524,4515,87090000,MIAMI-DADE,25.879133,-80.356358,64500,2025,6.1,207,87,10,0.2338,0.0125,0.1231,MODERATE,priority_score = 0.5 × aadt_score + 0.5 × hurricane_proximity_score,FDOT Annual Average Daily Traffic TDA (2025),NOAA HURDAT2 Atlantic Hurricane Database (1851-2023),NOAA Storm Events Database Miami-Dade CZ_FIPS=86 (2014-2022),FEMA OpenFEMA Disaster Declarations Miami-Dade (2016-2022)
525,5405,87120000,MIAMI-DADE,25.766426,-80.191969,60500,2025,3.82,206,87,10,0.2189,0.0273,0.1231,MODERATE,priority_score = 0.5 × aadt_score + 0.5 × hurricane_proximity_score,FDOT Annual Average Daily Traffic TDA (2025),NOAA HURDAT2 Atlantic Hurricane Database (1851-2023),NOAA Storm Events Database Miami-Dade CZ_FIPS=86 (2014-2022),FEMA OpenFEMA Disaster Declarations Miami-Dade (2016-2022)
526,7600,87120000,MIAMI-DADE,25.766039,-80.206145,60500,2025,3.83,206,87,10,0.2189,0.0272,0.1231,MODERATE,priority_score = 0.5 × aadt_score + 0.5 × hurricane_proximity_score,FDOT Annual Average Daily Traffic TDA (2025),NOAA HURDAT2 Atlantic Hurricane Database (1851-2023),NOAA Storm Events Database Miami-Dade CZ_FIPS=86 (2014-2022),FEMA OpenFEMA Disaster Declarations Miami-Dade (2016-2022)
527,2247,87120000,MIAMI-DADE,25.766002,-80.207413,60500,2025,3.85,206,87,10,0.2189,0.027,0.123,MODERATE,priority_score = 0.5 × aadt_score + 0.5 × hurricane_proximity_score,FDOT Annual Average Daily Traffic TDA (2025),NOAA HURDAT2 Atlantic Hurricane Database (1851-2023),NOAA Storm Events Database Miami-Dade CZ_FIPS=86 (2014-2022),FEMA OpenFEMA Disaster Declarations Miami-Dade (2016-2022)
528,2243,87120000,MIAMI-DADE,25.766179,-80.190699,60500,2025,3.87,206,87,10,0.2189,0.0268,0.1229,MODERATE,priority_score = 0.5 × aadt_score + 0.5 × hurricane_proximity_score,FDOT Annual Average Daily Traffic TDA (2025),NOAA HURDAT2 Atlantic Hurricane Database (1851-2023),NOAA Storm Events Database Miami-Dade CZ_FIPS=86 (2014-2022),FEMA OpenFEMA Disaster Declarations Miami-Dade (2016-2022)
529,3749,87140000,MIAMI-DADE,25.837712,-80.208756,61500,2025,4.28,206,87,10,0.2226,0.0231,0.1229,MODERATE,priority_score = 0.5 × aadt_score + 0.5 × hurricane_proximity_score,FDOT Annual Average Daily Traffic TDA (2025),NOAA HURDAT2 Atlantic Hurricane Database (1851-2023),NOAA Storm Events Database Miami-Dade CZ_FIPS=86 (2014-2022),FEMA OpenFEMA Disaster Declarations Miami-Dade (2016-2022)
530,5666,87044000,MIAMI-DADE,25.732032,-80.381448,66500,2025,8.9,206,87,10,0.2412,0.0047,0.1229,MODERATE,priority_score = 0.5 × aadt_score + 0.5 × hurricane_proximity_score,FDOT Annual Average Daily Traffic TDA (2025),NOAA HURDAT2 Atlantic Hurricane Database (1851-2023),NOAA Storm Events Database Miami-Dade CZ_FIPS=86 (2014-2022),FEMA OpenFEMA Disaster Declarations Miami-Dade (2016-2022)
531,3613,87044000,MIAMI-DADE,25.731996,-80.38327,66500,2025,9.07,206,87,10,0.2412,0.0043,0.1228,MODERATE,priority_score = 0.5 × aadt_score + 0.5 × hurricane_proximity_score,FDOT Annual Average Daily Traffic TDA (2025),NOAA HURDAT2 Atlantic Hurricane Database (1851-2023),NOAA Storm Events Database Miami-Dade CZ_FIPS=86 (2014-2022),FEMA OpenFEMA Disaster Declarations Miami-Dade (2016-2022)
532,2902,87220000,MIAMI-DADE,25.807495,-80.289274,66500,2025,8.98,207,87,10,0.2412,0.0045,0.1228,MODERATE,priority_score = 0.5 × aadt_score + 0.5 × hurricane_proximity_score,FDOT Annual Average Daily Traffic TDA (2025),NOAA HURDAT2 Atlantic Hurricane Database (1851-2023),NOAA Storm Events Database Miami-Dade CZ_FIPS=86 (2014-2022),FEMA OpenFEMA Disaster Declarations Miami-Dade (2016-2022)
533,16.970,87120000,MIAMI-DADE,25.765953,-80.209128,60500,2025,3.89,206,87,10,0.2189,0.0266,0.1228,MODERATE,priority_score = 0.5 × aadt_score + 0.5 × hurricane_proximity_score,FDOT Annual Average Daily Traffic TDA (2025),NOAA HURDAT2 Atlantic Hurricane Database (1851-2023),NOAA Storm Events Database Miami-Dade CZ_FIPS=86 (2014-2022),FEMA OpenFEMA Disaster Declarations Miami-Dade (2016-2022)
534,5579,87044000,MIAMI-DADE,25.731977,-80.384742,66500,2025,9.2,206,87,10,0.2412,0.0041,0.1226,MODERATE,priority_score = 0.5 × aadt_score + 0.5 × hurricane_proximity_score,FDOT Annual Average Daily Traffic TDA (2025),NOAA HURDAT2 Atlantic Hurricane Database (1851-2023),NOAA Storm Events Database Miami-Dade CZ_FIPS=86 (2014-2022),FEMA OpenFEMA Disaster Declarations Miami-Dade (2016-2022)
535,16.857,87120000,MIAMI-DADE,25.765946,-80.210942,60500,2025,3.94,206,87,10,0.2189,0.0261,0.1225,MODERATE,priority_score = 0.5 × aadt_score + 0.5 × hurricane_proximity_score,FDOT Annual Average Daily Traffic TDA (2025),NOAA HURDAT2 Atlantic Hurricane Database (1851-2023),NOAA Storm Events Database Miami-Dade CZ_FIPS=86 (2014-2022),FEMA OpenFEMA Disaster Declarations Miami-Dade (2016-2022)
536,4057,87044000,MIAMI-DADE,25.731952,-80.386038,66500,2025,9.32,206,87,10,0.2412,0.0039,0.1225,MODERATE,priority_score = 0.5 × aadt_score + 0.5 × hurricane_proximity_score,FDOT Annual Average Daily Traffic TDA (2025),NOAA HURDAT2 Atlantic Hurricane Database (1851-2023),NOAA Storm Events Database Miami-Dade CZ_FIPS=86 (2014-2022),FEMA OpenFEMA Disaster Declarations Miami-Dade (2016-2022)
537,5158,87090000,MIAMI-DADE,25.883362,-80.36207,64500,2025,6.48,207,87,10,0.2338,0.011,0.1224,MODERATE,priority_score = 0.5 × aadt_score + 0.5 × hurricane_proximity_score,FDOT Annual Average Daily Traffic TDA (2025),NOAA HURDAT2 Atlantic Hurricane Database (1851-2023),NOAA Storm Events Database Miami-Dade CZ_FIPS=86 (2014-2022),FEMA OpenFEMA Disaster Declarations Miami-Dade (2016-2022)
538,3520,87090000,MIAMI-DADE,25.841715,-80.306087,64500,2025,6.51,205,87,10,0.2338,0.0109,0.1223,MODERATE,priority_score = 0.5 × aadt_score + 0.5 × hurricane_proximity_score,FDOT Annual Average Daily Traffic TDA (2025),NOAA HURDAT2 Atlantic Hurricane Database (1851-2023),NOAA Storm Events Database Miami-Dade CZ_FIPS=86 (2014-2022),FEMA OpenFEMA Disaster Declarations Miami-Dade (2016-2022)
539,2843,87090000,MIAMI-DADE,25.81058,-80.264281,64500,2025,6.54,205,87,10,0.2338,0.0108,0.1223,MODERATE,priority_score = 0.5 × aadt_score + 0.5 × hurricane_proximity_score,FDOT Annual Average Daily Traffic TDA (2025),NOAA HURDAT2 Atlantic Hurricane Database (1851-2023),NOAA Storm Events Database Miami-Dade CZ_FIPS=86 (2014-2022),FEMA OpenFEMA Disaster Declarations Miami-Dade (2016-2022)
540,4385,87120000,MIAMI-DADE,25.76591,-80.212675,60500,2025,4.0,206,87,10,0.2189,0.0256,0.1222,MODERATE,priority_score = 0.5 × aadt_score + 0.5 × hurricane_proximity_score,FDOT Annual Average Daily Traffic TDA (2025),NOAA HURDAT2 Atlantic Hurricane Database (1851-2023),NOAA Storm Events Database Miami-Dade CZ_FIPS=86 (2014-2022),FEMA OpenFEMA Disaster Declarations Miami-Dade (2016-2022)
541,2248,87120000,MIAMI-DADE,25.765867,-80.214375,60500,2025,4.06,206,87,10,0.2189,0.025,0.122,MODERATE,priority_score = 0.5 × aadt_score + 0.5 × hurricane_proximity_score,FDOT Annual Average Daily Traffic TDA (2025),NOAA HURDAT2 Atlantic Hurricane Database (1851-2023),NOAA Storm Events Database Miami-Dade CZ_FIPS=86 (2014-2022),FEMA OpenFEMA Disaster Declarations Miami-Dade (2016-2022)
542,2088,87140000,MIAMI-DADE,25.839571,-80.208844,61500,2025,4.49,206,87,10,0.2226,0.0214,0.122,MODERATE,priority_score = 0.5 × aadt_score + 0.5 × hurricane_proximity_score,FDOT Annual Average Daily Traffic TDA (2025),NOAA HURDAT2 Atlantic Hurricane Database (1851-2023),NOAA Storm Events Database Miami-Dade CZ_FIPS=86 (2014-2022),FEMA OpenFEMA Disaster Declarations Miami-Dade (2016-2022)
543,4643,87002000,MIAMI-DADE,25.921298,-80.293002,54000,2025,2.47,207,87,10,0.1948,0.0491,0.1219,MODERATE,priority_score = 0.5 × aadt_score + 0.5 × hurricane_proximity_score,FDOT Annual Average Daily Traffic TDA (2025),NOAA HURDAT2 Atlantic Hurricane Database (1851-2023),NOAA Storm Events Database Miami-Dade CZ_FIPS=86 (2014-2022),FEMA OpenFEMA Disaster Declarations Miami-Dade (2016-2022)
544,3830,87220000,MIAMI-DADE,25.809295,-80.312091,66500,2025,10.16,205,87,10,0.2412,0.0025,0.1219,MODERATE,priority_score = 0.5 × aadt_score + 0.5 × hurricane_proximity_score,FDOT Annual Average Daily Traffic TDA (2025),NOAA HURDAT2 Atlantic Hurricane Database (1851-2023),NOAA Storm Events Database Miami-Dade CZ_FIPS=86 (2014-2022),FEMA OpenFEMA Disaster Declarations Miami-Dade (2016-2022)
545,5333,87220000,MIAMI-DADE,25.807409,-80.30517,66500,2025,10.31,204,87,10,0.2412,0.0023,0.1218,MODERATE,priority_score = 0.5 × aadt_score + 0.5 × hurricane_proximity_score,FDOT Annual Average Daily Traffic TDA (2025),NOAA HURDAT2 Atlantic Hurricane Database (1851-2023),NOAA Storm Events Database Miami-Dade CZ_FIPS=86 (2014-2022),FEMA OpenFEMA Disaster Declarations Miami-Dade (2016-2022)
546,3163,87220000,MIAMI-DADE,25.809285,-80.313409,66500,2025,10.18,205,87,10,0.2412,0.0025,0.1218,MODERATE,priority_score = 0.5 × aadt_score + 0.5 × hurricane_proximity_score,FDOT Annual Average Daily Traffic TDA (2025),NOAA HURDAT2 Atlantic Hurricane Database (1851-2023),NOAA Storm Events Database Miami-Dade CZ_FIPS=86 (2014-2022),FEMA OpenFEMA Disaster Declarations Miami-Dade (2016-2022)
547,4728,87090000,MIAMI-DADE,25.838457,-80.3017,64500,2025,6.85,204,87,10,0.2338,0.0098,0.1218,MODERATE,priority_score = 0.5 × aadt_score + 0.5 × hurricane_proximity_score,FDOT Annual Average Daily Traffic TDA (2025),NOAA HURDAT2 Atlantic Hurricane Database (1851-2023),NOAA Storm Events Database Miami-Dade CZ_FIPS=86 (2014-2022),FEMA OpenFEMA Disaster Declarations Miami-Dade (2016-2022)
548,5428,87220000,MIAMI-DADE,25.809273,-80.319894,66500,2025,10.28,205,87,10,0.2412,0.0024,0.1218,MODERATE,priority_score = 0.5 × aadt_score + 0.5 × hurricane_proximity_score,FDOT Annual Average Daily Traffic TDA (2025),NOAA HURDAT2 Atlantic Hurricane Database (1851-2023),NOAA Storm Events Database Miami-Dade CZ_FIPS=86 (2014-2022),FEMA OpenFEMA Disaster Declarations Miami-Dade (2016-2022)
549,3903,87220000,MIAMI-DADE,25.807133,-80.303373,66500,2025,10.33,204,87,10,0.2412,0.0023,0.1217,MODERATE,priority_score = 0.5 × aadt_score + 0.5 × hurricane_proximity_score,FDOT Annual Average Daily Traffic TDA (2025),NOAA HURDAT2 Atlantic Hurricane Database (1851-2023),NOAA Storm Events Database Miami-Dade CZ_FIPS=86 (2014-2022),FEMA OpenFEMA Disaster Declarations Miami-Dade (2016-2022)
550,5429,87220000,MIAMI-DADE,25.809254,-80.323314,66500,2025,10.36,205,87,10,0.2412,0.0023,0.1217,MODERATE,priority_score = 0.5 × aadt_score + 0.5 × hurricane_proximity_score,FDOT Annual Average Daily Traffic TDA (2025),NOAA HURDAT2 Atlantic Hurricane Database (1851-2023),NOAA Storm Events Database Miami-Dade CZ_FIPS=86 (2014-2022),FEMA OpenFEMA Disaster Declarations Miami-Dade (2016-2022)
551,6141,87120000,MIAMI-DADE,25.765808,-80.216412,60500,2025,4.14,206,87,10,0.2189,0.0243,0.1216,MODERATE,priority_score = 0.5 × aadt_score + 0.5 × hurricane_proximity_score,FDOT Annual Average Daily Traffic TDA (2025),NOAA HURDAT2 Atlantic Hurricane Database (1851-2023),NOAA Storm Events Database Miami-Dade CZ_FIPS=86 (2014-2022),FEMA OpenFEMA Disaster Declarations Miami-Dade (2016-2022)
552,7602,87120000,MIAMI-DADE,25.765812,-80.216252,60500,2025,4.14,206,87,10,0.2189,0.0243,0.1216,MODERATE,priority_score = 0.5 × aadt_score + 0.5 × hurricane_proximity_score,FDOT Annual Average Daily Traffic TDA (2025),NOAA HURDAT2 Atlantic Hurricane Database (1851-2023),NOAA Storm Events Database Miami-Dade CZ_FIPS=86 (2014-2022),FEMA OpenFEMA Disaster Declarations Miami-Dade (2016-2022)
553,7641,87120000,MIAMI-DADE,25.765785,-80.217214,60500,2025,4.18,206,87,10,0.2189,0.0239,0.1214,MODERATE,priority_score = 0.5 × aadt_score + 0.5 × hurricane_proximity_score,FDOT Annual Average Daily Traffic TDA (2025),NOAA HURDAT2 Atlantic Hurricane Database (1851-2023),NOAA Storm Events Database Miami-Dade CZ_FIPS=86 (2014-2022),FEMA OpenFEMA Disaster Declarations Miami-Dade (2016-2022)
554,4411,87090000,MIAMI-DADE,25.835747,-80.298045,64500,2025,7.15,203,87,10,0.2338,0.0088,0.1213,MODERATE,priority_score = 0.5 × aadt_score + 0.5 × hurricane_proximity_score,FDOT Annual Average Daily Traffic TDA (2025),NOAA HURDAT2 Atlantic Hurricane Database (1851-2023),NOAA Storm Events Database Miami-Dade CZ_FIPS=86 (2014-2022),FEMA OpenFEMA Disaster Declarations Miami-Dade (2016-2022)
555,6383,87090000,MIAMI-DADE,25.890723,-80.372009,64500,2025,7.28,207,87,10,0.2338,0.0085,0.1211,MODERATE,priority_score = 0.5 × aadt_score + 0.5 × hurricane_proximity_score,FDOT Annual Average Daily Traffic TDA (2025),NOAA HURDAT2 Atlantic Hurricane Database (1851-2023),NOAA Storm Events Database Miami-Dade CZ_FIPS=86 (2014-2022),FEMA OpenFEMA Disaster Declarations Miami-Dade (2016-2022)
556,6427,87120000,MIAMI-DADE,25.76572,-80.219428,60500,2025,4.28,206,87,10,0.2189,0.0231,0.121,MODERATE,priority_score = 0.5 × aadt_score + 0.5 × hurricane_proximity_score,FDOT Annual Average Daily Traffic TDA (2025),NOAA HURDAT2 Atlantic Hurricane Database (1851-2023),NOAA Storm Events Database Miami-Dade CZ_FIPS=86 (2014-2022),FEMA OpenFEMA Disaster Declarations Miami-Dade (2016-2022)
557,7596,87120000,MIAMI-DADE,25.765702,-80.220053,60500,2025,4.31,206,87,10,0.2189,0.0228,0.1209,MODERATE,priority_score = 0.5 × aadt_score + 0.5 × hurricane_proximity_score,FDOT Annual Average Daily Traffic TDA (2025),NOAA HURDAT2 Atlantic Hurricane Database (1851-2023),NOAA Storm Events Database Miami-Dade CZ_FIPS=86 (2014-2022),FEMA OpenFEMA Disaster Declarations Miami-Dade (2016-2022)
558,2844,87090000,MIAMI-DADE,25.816986,-80.272834,64500,2025,7.53,205,87,10,0.2338,0.0078,0.1208,MODERATE,priority_score = 0.5 × aadt_score + 0.5 × hurricane_proximity_score,FDOT Annual Average Daily Traffic TDA (2025),NOAA HURDAT2 Atlantic Hurricane Database (1851-2023),NOAA Storm Events Database Miami-Dade CZ_FIPS=86 (2014-2022),FEMA OpenFEMA Disaster Declarations Miami-Dade (2016-2022)
559,7597,87120000,MIAMI-DADE,25.765688,-80.220551,60500,2025,4.33,206,87,10,0.2189,0.0227,0.1208,MODERATE,priority_score = 0.5 × aadt_score + 0.5 × hurricane_proximity_score,FDOT Annual Average Daily Traffic TDA (2025),NOAA HURDAT2 Atlantic Hurricane Database (1851-2023),NOAA Storm Events Database Miami-Dade CZ_FIPS=86 (2014-2022),FEMA OpenFEMA Disaster Declarations Miami-Dade (2016-2022)
560,2092,87140000,MIAMI-DADE,25.84326,-80.209,61500,2025,4.89,207,87,10,0.2226,0.0186,0.1206,MODERATE,priority_score = 0.5 × aadt_score + 0.5 × hurricane_proximity_score,FDOT Annual Average Daily Traffic TDA (2025),NOAA HURDAT2 Atlantic Hurricane Database (1851-2023),NOAA Storm Events Database Miami-Dade CZ_FIPS=86 (2014-2022),FEMA OpenFEMA Disaster Declarations Miami-Dade (2016-2022)
561,2249,87120000,MIAMI-DADE,25.765632,-80.222459,60500,2025,4.43,206,87,10,0.2189,0.0219,0.1204,MODERATE,priority_score = 0.5 × aadt_score + 0.5 × hurricane_proximity_score,FDOT Annual Average Daily Traffic TDA (2025),NOAA HURDAT2 Atlantic Hurricane Database (1851-2023),NOAA Storm Events Database Miami-Dade CZ_FIPS=86 (2014-2022),FEMA OpenFEMA Disaster Declarations Miami-Dade (2016-2022)
562,5994,87090000,MIAMI-DADE,25.895944,-80.379067,64500,2025,7.92,207,87,10,0.2338,0.0068,0.1203,MODERATE,priority_score = 0.5 × aadt_score + 0.5 × hurricane_proximity_score,FDOT Annual Average Daily Traffic TDA (2025),NOAA HURDAT2 Atlantic Hurricane Database (1851-2023),NOAA Storm Events Database Miami-Dade CZ_FIPS=86 (2014-2022),FEMA OpenFEMA Disaster Declarations Miami-Dade (2016-2022)
563,3198,87090000,MIAMI-DADE,25.829499,-80.289662,64500,2025,7.91,206,87,10,0.2338,0.0068,0.1203,MODERATE,priority_score = 0.5 × aadt_score + 0.5 × hurricane_proximity_score,FDOT Annual Average Daily Traffic TDA (2025),NOAA HURDAT2 Atlantic Hurricane Database (1851-2023),NOAA Storm Events Database Miami-Dade CZ_FIPS=86 (2014-2022),FEMA OpenFEMA Disaster Declarations Miami-Dade (2016-2022)
564,4383,87120000,MIAMI-DADE,25.765565,-80.225106,60500,2025,4.58,206,87,10,0.2189,0.0208,0.1198,MODERATE,priority_score = 0.5 × aadt_score + 0.5 × hurricane_proximity_score,FDOT Annual Average Daily Traffic TDA (2025),NOAA HURDAT2 Atlantic Hurricane Database (1851-2023),NOAA Storm Events Database Miami-Dade CZ_FIPS=86 (2014-2022),FEMA OpenFEMA Disaster Declarations Miami-Dade (2016-2022)
565,2845,87090000,MIAMI-DADE,25.821883,-80.279257,64500,2025,8.3,206,87,10,0.2338,0.0059,0.1198,MODERATE,priority_score = 0.5 × aadt_score + 0.5 × hurricane_proximity_score,FDOT Annual Average Daily Traffic TDA (2025),NOAA HURDAT2 Atlantic Hurricane Database (1851-2023),NOAA Storm Events Database Miami-Dade CZ_FIPS=86 (2014-2022),FEMA OpenFEMA Disaster Declarations Miami-Dade (2016-2022)
566,5427,87090000,MIAMI-DADE,25.899901,-80.384461,64500,2025,8.45,207,87,10,0.2338,0.0056,0.1197,MODERATE,priority_score = 0.5 × aadt_score + 0.5 × hurricane_proximity_score,FDOT Annual Average Daily Traffic TDA (2025),NOAA HURDAT2 Atlantic Hurricane Database (1851-2023),NOAA Storm Events Database Miami-Dade CZ_FIPS=86 (2014-2022),FEMA OpenFEMA Disaster Declarations Miami-Dade (2016-2022)
567,2847,87090000,MIAMI-DADE,25.822541,-80.280135,64500,2025,8.4,206,87,10,0.2338,0.0057,0.1197,MODERATE,priority_score = 0.5 × aadt_score + 0.5 × hurricane_proximity_score,FDOT Annual Average Daily Traffic TDA (2025),NOAA HURDAT2 Atlantic Hurricane Database (1851-2023),NOAA Storm Events Database Miami-Dade CZ_FIPS=86 (2014-2022),FEMA OpenFEMA Disaster Declarations Miami-Dade (2016-2022)
568,2846,87090000,MIAMI-DADE,25.823221,-80.281157,64500,2025,8.52,206,87,10,0.2338,0.0054,0.1196,MODERATE,priority_score = 0.5 × aadt_score + 0.5 × hurricane_proximity_score,FDOT Annual Average Daily Traffic TDA (2025),NOAA HURDAT2 Atlantic Hurricane Database (1851-2023),NOAA Storm Events Database Miami-Dade CZ_FIPS=86 (2014-2022),FEMA OpenFEMA Disaster Declarations Miami-Dade (2016-2022)
569,2250,87120000,MIAMI-DADE,25.765528,-80.22655,60500,2025,4.66,206,87,10,0.2189,0.0202,0.1196,MODERATE,priority_score = 0.5 × aadt_score + 0.5 × hurricane_proximity_score,FDOT Annual Average Daily Traffic TDA (2025),NOAA HURDAT2 Atlantic Hurricane Database (1851-2023),NOAA Storm Events Database Miami-Dade CZ_FIPS=86 (2014-2022),FEMA OpenFEMA Disaster Declarations Miami-Dade (2016-2022)
570,5161,87090000,MIAMI-DADE,25.902065,-80.387343,64500,2025,8.74,207,87,10,0.2338,0.005,0.1194,MODERATE,priority_score = 0.5 × aadt_score + 0.5 × hurricane_proximity_score,FDOT Annual Average Daily Traffic TDA (2025),NOAA HURDAT2 Atlantic Hurricane Database (1851-2023),NOAA Storm Events Database Miami-Dade CZ_FIPS=86 (2014-2022),FEMA OpenFEMA Disaster Declarations Miami-Dade (2016-2022)
571,2095,87140000,MIAMI-DADE,25.846964,-80.209156,61500,2025,5.3,207,87,10,0.2226,0.0162,0.1194,MODERATE,priority_score = 0.5 × aadt_score + 0.5 × hurricane_proximity_score,FDOT Annual Average Daily Traffic TDA (2025),NOAA HURDAT2 Atlantic Hurricane Database (1851-2023),NOAA Storm Events Database Miami-Dade CZ_FIPS=86 (2014-2022),FEMA OpenFEMA Disaster Declarations Miami-Dade (2016-2022)
572,7595,87120000,MIAMI-DADE,25.765504,-80.227497,60500,2025,4.72,206,87,10,0.2189,0.0198,0.1193,MODERATE,priority_score = 0.5 × aadt_score + 0.5 × hurricane_proximity_score,FDOT Annual Average Daily Traffic TDA (2025),NOAA HURDAT2 Atlantic Hurricane Database (1851-2023),NOAA Storm Events Database Miami-Dade CZ_FIPS=86 (2014-2022),FEMA OpenFEMA Disaster Declarations Miami-Dade (2016-2022)
573,4198,87120000,MIAMI-DADE,25.760979,-80.481336,60500,2025,4.72,205,87,10,0.2189,0.0198,0.1193,MODERATE,priority_score = 0.5 × aadt_score + 0.5 × hurricane_proximity_score,FDOT Annual Average Daily Traffic TDA (2025),NOAA HURDAT2 Atlantic Hurricane Database (1851-2023),NOAA Storm Events Database Miami-Dade CZ_FIPS=86 (2014-2022),FEMA OpenFEMA Disaster Declarations Miami-Dade (2016-2022)
574,6545,87090000,MIAMI-DADE,25.950955,-80.431086,64500,2025,8.79,204,87,10,0.2338,0.0049,0.1193,MODERATE,priority_score = 0.5 × aadt_score + 0.5 × hurricane_proximity_score,FDOT Annual Average Daily Traffic TDA (2025),NOAA HURDAT2 Atlantic Hurricane Database (1851-2023),NOAA Storm Events Database Miami-Dade CZ_FIPS=86 (2014-2022),FEMA OpenFEMA Disaster Declarations Miami-Dade (2016-2022)
575,4987,87002000,MIAMI-DADE,25.923462,-80.293093,54000,2025,2.7,208,87,10,0.1948,0.0438,0.1193,MODERATE,priority_score = 0.5 × aadt_score + 0.5 × hurricane_proximity_score,FDOT Annual Average Daily Traffic TDA (2025),NOAA HURDAT2 Atlantic Hurricane Database (1851-2023),NOAA Storm Events Database Miami-Dade CZ_FIPS=86 (2014-2022),FEMA OpenFEMA Disaster Declarations Miami-Dade (2016-2022)
576,6558,87090000,MIAMI-DADE,25.950461,-80.431062,64500,2025,8.82,204,87,10,0.2338,0.0048,0.1193,MODERATE,priority_score = 0.5 × aadt_score + 0.5 × hurricane_proximity_score,FDOT Annual Average Daily Traffic TDA (2025),NOAA HURDAT2 Atlantic Hurricane Database (1851-2023),NOAA Storm Events Database Miami-Dade CZ_FIPS=86 (2014-2022),FEMA OpenFEMA Disaster Declarations Miami-Dade (2016-2022)
577,4375,87002000,MIAMI-DADE,25.877032,-80.291012,54000,2025,2.71,209,87,10,0.1948,0.0436,0.1192,MODERATE,priority_score = 0.5 × aadt_score + 0.5 × hurricane_proximity_score,FDOT Annual Average Daily Traffic TDA (2025),NOAA HURDAT2 Atlantic Hurricane Database (1851-2023),NOAA Storm Events Database Miami-Dade CZ_FIPS=86 (2014-2022),FEMA OpenFEMA Disaster Declarations Miami-Dade (2016-2022)
578,3249,87120000,MIAMI-DADE,25.765468,-80.228924,60500,2025,4.81,206,87,10,0.2189,0.0192,0.119,MODERATE,priority_score = 0.5 × aadt_score + 0.5 × hurricane_proximity_score,FDOT Annual Average Daily Traffic TDA (2025),NOAA HURDAT2 Atlantic Hurricane Database (1851-2023),NOAA Storm Events Database Miami-Dade CZ_FIPS=86 (2014-2022),FEMA OpenFEMA Disaster Declarations Miami-Dade (2016-2022)
579,3172,87140000,MIAMI-DADE,25.848766,-80.209212,61500,2025,5.5,207,87,10,0.2226,0.0152,0.1189,MODERATE,priority_score = 0.5 × aadt_score + 0.5 × hurricane_proximity_score,FDOT Annual Average Daily Traffic TDA (2025),NOAA HURDAT2 Atlantic Hurricane Database (1851-2023),NOAA Storm Events Database Miami-Dade CZ_FIPS=86 (2014-2022),FEMA OpenFEMA Disaster Declarations Miami-Dade (2016-2022)
580,2251,87120000,MIAMI-DADE,25.765425,-80.230625,60500,2025,4.92,206,87,10,0.2189,0.0185,0.1187,MODERATE,priority_score = 0.5 × aadt_score + 0.5 × hurricane_proximity_score,FDOT Annual Average Daily Traffic TDA (2025),NOAA HURDAT2 Atlantic Hurricane Database (1851-2023),NOAA Storm Events Database Miami-Dade CZ_FIPS=86 (2014-2022),FEMA OpenFEMA Disaster Declarations Miami-Dade (2016-2022)
581,6578,87090000,MIAMI-DADE,25.912438,-80.401293,64500,2025,10.23,206,87,10,0.2338,0.0024,0.1181,MODERATE,priority_score = 0.5 × aadt_score + 0.5 × hurricane_proximity_score,FDOT Annual Average Daily Traffic TDA (2025),NOAA HURDAT2 Atlantic Hurricane Database (1851-2023),NOAA Storm Events Database Miami-Dade CZ_FIPS=86 (2014-2022),FEMA OpenFEMA Disaster Declarations Miami-Dade (2016-2022)
582,6677,87120000,MIAMI-DADE,25.765302,-80.234698,60500,2025,5.19,206,87,10,0.2189,0.0169,0.1179,MODERATE,priority_score = 0.5 × aadt_score + 0.5 × hurricane_proximity_score,FDOT Annual Average Daily Traffic TDA (2025),NOAA HURDAT2 Atlantic Hurricane Database (1851-2023),NOAA Storm Events Database Miami-Dade CZ_FIPS=86 (2014-2022),FEMA OpenFEMA Disaster Declarations Miami-Dade (2016-2022)
583,3845,87002000,MIAMI-DADE,25.924916,-80.293137,54000,2025,2.85,208,87,10,0.1948,0.0409,0.1178,MODERATE,priority_score = 0.5 × aadt_score + 0.5 × hurricane_proximity_score,FDOT Annual Average Daily Traffic TDA (2025),NOAA HURDAT2 Atlantic Hurricane Database (1851-2023),NOAA Storm Events Database Miami-Dade CZ_FIPS=86 (2014-2022),FEMA OpenFEMA Disaster Declarations Miami-Dade (2016-2022)
584,7219,87120000,MIAMI-DADE,25.765258,-80.236158,60500,2025,5.29,206,87,10,0.2189,0.0163,0.1176,MODERATE,priority_score = 0.5 × aadt_score + 0.5 × hurricane_proximity_score,FDOT Annual Average Daily Traffic TDA (2025),NOAA HURDAT2 Atlantic Hurricane Database (1851-2023),NOAA Storm Events Database Miami-Dade CZ_FIPS=86 (2014-2022),FEMA OpenFEMA Disaster Declarations Miami-Dade (2016-2022)
585,4202,87120000,MIAMI-DADE,25.76523,-80.237104,60500,2025,5.36,206,87,10,0.2189,0.0159,0.1174,MODERATE,priority_score = 0.5 × aadt_score + 0.5 × hurricane_proximity_score,FDOT Annual Average Daily Traffic TDA (2025),NOAA HURDAT2 Atlantic Hurricane Database (1851-2023),NOAA Storm Events Database Miami-Dade CZ_FIPS=86 (2014-2022),FEMA OpenFEMA Disaster Declarations Miami-Dade (2016-2022)
586,3973,87140000,MIAMI-DADE,25.855143,-80.209447,61500,2025,6.2,209,87,10,0.2226,0.0121,0.1174,MODERATE,priority_score = 0.5 × aadt_score + 0.5 × hurricane_proximity_score,FDOT Annual Average Daily Traffic TDA (2025),NOAA HURDAT2 Atlantic Hurricane Database (1851-2023),NOAA Storm Events Database Miami-Dade CZ_FIPS=86 (2014-2022),FEMA OpenFEMA Disaster Declarations Miami-Dade (2016-2022)
587,7218,87120000,MIAMI-DADE,25.765208,-80.237842,60500,2025,5.42,206,87,10,0.2189,0.0156,0.1173,MODERATE,priority_score = 0.5 × aadt_score + 0.5 × hurricane_proximity_score,FDOT Annual Average Daily Traffic TDA (2025),NOAA HURDAT2 Atlantic Hurricane Database (1851-2023),NOAA Storm Events Database Miami-Dade CZ_FIPS=86 (2014-2022),FEMA OpenFEMA Disaster Declarations Miami-Dade (2016-2022)
588,3068,87002000,MIAMI-DADE,25.925555,-80.293137,54000,2025,2.92,208,87,10,0.1948,0.0396,0.1172,MODERATE,priority_score = 0.5 × aadt_score + 0.5 × hurricane_proximity_score,FDOT Annual Average Daily Traffic TDA (2025),NOAA HURDAT2 Atlantic Hurricane Database (1851-2023),NOAA Storm Events Database Miami-Dade CZ_FIPS=86 (2014-2022),FEMA OpenFEMA Disaster Declarations Miami-Dade (2016-2022)
589,2253,87120000,MIAMI-DADE,25.765184,-80.238869,60500,2025,5.49,206,87,10,0.2189,0.0153,0.1171,MODERATE,priority_score = 0.5 × aadt_score + 0.5 × hurricane_proximity_score,FDOT Annual Average Daily Traffic TDA (2025),NOAA HURDAT2 Atlantic Hurricane Database (1851-2023),NOAA Storm Events Database Miami-Dade CZ_FIPS=86 (2014-2022),FEMA OpenFEMA Disaster Declarations Miami-Dade (2016-2022)
590,4356,87120000,MIAMI-DADE,25.765064,-80.242349,60500,2025,5.75,206,87,10,0.2189,0.014,0.1165,MODERATE,priority_score = 0.5 × aadt_score + 0.5 × hurricane_proximity_score,FDOT Annual Average Daily Traffic TDA (2025),NOAA HURDAT2 Atlantic Hurricane Database (1851-2023),NOAA Storm Events Database Miami-Dade CZ_FIPS=86 (2014-2022),FEMA OpenFEMA Disaster Declarations Miami-Dade (2016-2022)
591,2504,87140000,MIAMI-DADE,25.861738,-80.209679,61500,2025,6.93,209,87,10,0.2226,0.0095,0.1161,MODERATE,priority_score = 0.5 × aadt_score + 0.5 × hurricane_proximity_score,FDOT Annual Average Daily Traffic TDA (2025),NOAA HURDAT2 Atlantic Hurricane Database (1851-2023),NOAA Storm Events Database Miami-Dade CZ_FIPS=86 (2014-2022),FEMA OpenFEMA Disaster Declarations Miami-Dade (2016-2022)
592,3404,87120000,MIAMI-DADE,25.764989,-80.245075,60500,2025,5.96,206,87,10,0.2189,0.0131,0.116,MODERATE,priority_score = 0.5 × aadt_score + 0.5 × hurricane_proximity_score,FDOT Annual Average Daily Traffic TDA (2025),NOAA HURDAT2 Atlantic Hurricane Database (1851-2023),NOAA Storm Events Database Miami-Dade CZ_FIPS=86 (2014-2022),FEMA OpenFEMA Disaster Declarations Miami-Dade (2016-2022)
593,2254,87120000,MIAMI-DADE,25.764935,-80.247016,60500,2025,6.11,206,87,10,0.2189,0.0124,0.1157,MODERATE,priority_score = 0.5 × aadt_score + 0.5 × hurricane_proximity_score,FDOT Annual Average Daily Traffic TDA (2025),NOAA HURDAT2 Atlantic Hurricane Database (1851-2023),NOAA Storm Events Database Miami-Dade CZ_FIPS=86 (2014-2022),FEMA OpenFEMA Disaster Declarations Miami-Dade (2016-2022)
594,3405,87120000,MIAMI-DADE,25.764837,-80.250288,60500,2025,6.37,206,87,10,0.2189,0.0114,0.1152,MODERATE,priority_score = 0.5 × aadt_score + 0.5 × hurricane_proximity_score,FDOT Annual Average Daily Traffic TDA (2025),NOAA HURDAT2 Atlantic Hurricane Database (1851-2023),NOAA Storm Events Database Miami-Dade CZ_FIPS=86 (2014-2022),FEMA OpenFEMA Disaster Declarations Miami-Dade (2016-2022)
595,2509,87140000,N/A,25.869076,-80.209918,61500,2025,7.74,210,87,10,0.2226,0.0072,0.1149,MODERATE,priority_score = 0.5 × aadt_score + 0.5 × hurricane_proximity_score,FDOT Annual Average Daily Traffic TDA (2025),NOAA HURDAT2 Atlantic Hurricane Database (1851-2023),NOAA Storm Events Database Miami-Dade CZ_FIPS=86 (2014-2022),FEMA OpenFEMA Disaster Declarations Miami-Dade (2016-2022)
596,2631,87120000,MIAMI-DADE,25.764692,-80.255165,60500,2025,6.78,206,87,10,0.2189,0.01,0.1145,MODERATE,priority_score = 0.5 × aadt_score + 0.5 × hurricane_proximity_score,FDOT Annual Average Daily Traffic TDA (2025),NOAA HURDAT2 Atlantic Hurricane Database (1851-2023),NOAA Storm Events Database Miami-Dade CZ_FIPS=86 (2014-2022),FEMA OpenFEMA Disaster Declarations Miami-Dade (2016-2022)
597,4335,87120000,MIAMI-DADE,25.764626,-80.257202,60500,2025,6.95,206,87,10,0.2189,0.0094,0.1142,MODERATE,priority_score = 0.5 × aadt_score + 0.5 × hurricane_proximity_score,FDOT Annual Average Daily Traffic TDA (2025),NOAA HURDAT2 Atlantic Hurricane Database (1851-2023),NOAA Storm Events Database Miami-Dade CZ_FIPS=86 (2014-2022),FEMA OpenFEMA Disaster Declarations Miami-Dade (2016-2022)
598,2633,87120000,MIAMI-DADE,25.763111,-80.303934,60500,2025,7.03,205,87,10,0.2189,0.0092,0.1141,MODERATE,priority_score = 0.5 × aadt_score + 0.5 × hurricane_proximity_score,FDOT Annual Average Daily Traffic TDA (2025),NOAA HURDAT2 Atlantic Hurricane Database (1851-2023),NOAA Storm Events Database Miami-Dade CZ_FIPS=86 (2014-2022),FEMA OpenFEMA Disaster Declarations Miami-Dade (2016-2022)
599,5741,87120000,MIAMI-DADE,25.762838,-80.31184,60500,2025,7.09,205,87,10,0.2189,0.009,0.114,MODERATE,priority_score = 0.5 × aadt_score + 0.5 × hurricane_proximity_score,FDOT Annual Average Daily Traffic TDA (2025),NOAA HURDAT2 Atlantic Hurricane Database (1851-2023),NOAA Storm Events Database Miami-Dade CZ_FIPS=86 (2014-2022),FEMA OpenFEMA Disaster Declarations Miami-Dade (2016-2022)
600,2632,87120000,MIAMI-DADE,25.763324,-80.295914,60500,2025,7.05,204,87,10,0.2189,0.0091,0.114,MODERATE,priority_score = 0.5 × aadt_score + 0.5 × hurricane_proximity_score,FDOT Annual Average Daily Traffic TDA (2025),NOAA HURDAT2 Atlantic Hurricane Database (1851-2023),NOAA Storm Events Database Miami-Dade CZ_FIPS=86 (2014-2022),FEMA OpenFEMA Disaster Declarations Miami-Dade (2016-2022)
601,4657,87120000,MIAMI-DADE,25.763391,-80.293685,60500,2025,7.08,204,87,10,0.2189,0.009,0.114,MODERATE,priority_score = 0.5 × aadt_score + 0.5 × hurricane_proximity_score,FDOT Annual Average Daily Traffic TDA (2025),NOAA HURDAT2 Atlantic Hurricane Database (1851-2023),NOAA Storm Events Database Miami-Dade CZ_FIPS=86 (2014-2022),FEMA OpenFEMA Disaster Declarations Miami-Dade (2016-2022)
602,2514,87140000,N/A,25.876366,-80.210244,61500,2025,8.55,211,87,10,0.2226,0.0054,0.114,MODERATE,priority_score = 0.5 × aadt_score + 0.5 × hurricane_proximity_score,FDOT Annual Average Daily Traffic TDA (2025),NOAA HURDAT2 Atlantic Hurricane Database (1851-2023),NOAA Storm Events Database Miami-Dade CZ_FIPS=86 (2014-2022),FEMA OpenFEMA Disaster Declarations Miami-Dade (2016-2022)
603,6644,87120000,MIAMI DADE,25.762954,-80.308553,60500,2025,7.05,205,87,10,0.2189,0.0091,0.114,MODERATE,priority_score = 0.5 × aadt_score + 0.5 × hurricane_proximity_score,FDOT Annual Average Daily Traffic TDA (2025),NOAA HURDAT2 Atlantic Hurricane Database (1851-2023),NOAA Storm Events Database Miami-Dade CZ_FIPS=86 (2014-2022),FEMA OpenFEMA Disaster Declarations Miami-Dade (2016-2022)
604,4494,87120000,MIAMI-DADE,25.763493,-80.290348,60500,2025,7.13,205,87,10,0.2189,0.0089,0.1139,MODERATE,priority_score = 0.5 × aadt_score + 0.5 × hurricane_proximity_score,FDOT Annual Average Daily Traffic TDA (2025),NOAA HURDAT2 Atlantic Hurricane Database (1851-2023),NOAA Storm Events Database Miami-Dade CZ_FIPS=86 (2014-2022),FEMA OpenFEMA Disaster Declarations Miami-Dade (2016-2022)
605,2135,87120000,MIAMI-DADE,25.762604,-80.316731,60500,2025,7.16,206,87,10,0.2189,0.0088,0.1139,MODERATE,priority_score = 0.5 × aadt_score + 0.5 × hurricane_proximity_score,FDOT Annual Average Daily Traffic TDA (2025),NOAA HURDAT2 Atlantic Hurricane Database (1851-2023),NOAA Storm Events Database Miami-Dade CZ_FIPS=86 (2014-2022),FEMA OpenFEMA Disaster Declarations Miami-Dade (2016-2022)
606,2634,87120000,MIAMI-DADE,25.762655,-80.31577,60500,2025,7.14,206,87,10,0.2189,0.0089,0.1139,MODERATE,priority_score = 0.5 × aadt_score + 0.5 × hurricane_proximity_score,FDOT Annual Average Daily Traffic TDA (2025),NOAA HURDAT2 Atlantic Hurricane Database (1851-2023),NOAA Storm Events Database Miami-Dade CZ_FIPS=86 (2014-2022),FEMA OpenFEMA Disaster Declarations Miami-Dade (2016-2022)
607,2625,87120000,MIAMI-DADE,25.764563,-80.259142,60500,2025,7.11,206,87,10,0.2189,0.009,0.1139,MODERATE,priority_score = 0.5 × aadt_score + 0.5 × hurricane_proximity_score,FDOT Annual Average Daily Traffic TDA (2025),NOAA HURDAT2 Atlantic Hurricane Database (1851-2023),NOAA Storm Events Database Miami-Dade CZ_FIPS=86 (2014-2022),FEMA OpenFEMA Disaster Declarations Miami-Dade (2016-2022)
608,5424,87120000,MIAMI-DADE,25.76241,-80.32003,60500,2025,7.22,206,87,10,0.2189,0.0086,0.1138,MODERATE,priority_score = 0.5 × aadt_score + 0.5 × hurricane_proximity_score,FDOT Annual Average Daily Traffic TDA (2025),NOAA HURDAT2 Atlantic Hurricane Database (1851-2023),NOAA Storm Events Database Miami-Dade CZ_FIPS=86 (2014-2022),FEMA OpenFEMA Disaster Declarations Miami-Dade (2016-2022)
609,2145,87120000,MIAMI-DADE,25.763567,-80.287894,60500,2025,7.17,205,87,10,0.2189,0.0088,0.1138,MODERATE,priority_score = 0.5 × aadt_score + 0.5 × hurricane_proximity_score,FDOT Annual Average Daily Traffic TDA (2025),NOAA HURDAT2 Atlantic Hurricane Database (1851-2023),NOAA Storm Events Database Miami-Dade CZ_FIPS=86 (2014-2022),FEMA OpenFEMA Disaster Declarations Miami-Dade (2016-2022)
610,3101,87140000,N/A,25.898108,-80.21121,61500,2025,8.88,210,87,10,0.2226,0.0047,0.1137,MODERATE,priority_score = 0.5 × aadt_score + 0.5 × hurricane_proximity_score,FDOT Annual Average Daily Traffic TDA (2025),NOAA HURDAT2 Atlantic Hurricane Database (1851-2023),NOAA Storm Events Database Miami-Dade CZ_FIPS=86 (2014-2022),FEMA OpenFEMA Disaster Declarations Miami-Dade (2016-2022)
611,5425,87120000,MIAMI-DADE,25.762212,-80.323054,60500,2025,7.29,206,87,10,0.2189,0.0084,0.1137,MODERATE,priority_score = 0.5 × aadt_score + 0.5 × hurricane_proximity_score,FDOT Annual Average Daily Traffic TDA (2025),NOAA HURDAT2 Atlantic Hurricane Database (1851-2023),NOAA Storm Events Database Miami-Dade CZ_FIPS=86 (2014-2022),FEMA OpenFEMA Disaster Declarations Miami-Dade (2016-2022)
612,7601,87120000,MIAMI-DADE,25.763704,-80.28427,60500,2025,7.26,207,87,10,0.2189,0.0085,0.1137,MODERATE,priority_score = 0.5 × aadt_score + 0.5 × hurricane_proximity_score,FDOT Annual Average Daily Traffic TDA (2025),NOAA HURDAT2 Atlantic Hurricane Database (1851-2023),NOAA Storm Events Database Miami-Dade CZ_FIPS=86 (2014-2022),FEMA OpenFEMA Disaster Declarations Miami-Dade (2016-2022)
613,4410,87002000,MIAMI-DADE,25.870872,-80.290768,54000,2025,3.37,208,87,10,0.1948,0.0327,0.1137,MODERATE,priority_score = 0.5 × aadt_score + 0.5 × hurricane_proximity_score,FDOT Annual Average Daily Traffic TDA (2025),NOAA HURDAT2 Atlantic Hurricane Database (1851-2023),NOAA Storm Events Database Miami-Dade CZ_FIPS=86 (2014-2022),FEMA OpenFEMA Disaster Declarations Miami-Dade (2016-2022)
614,2536,87140000,MIAMI-DADE,25.899575,-80.211281,61500,2025,8.87,209,87,10,0.2226,0.0047,0.1137,MODERATE,priority_score = 0.5 × aadt_score + 0.5 × hurricane_proximity_score,FDOT Annual Average Daily Traffic TDA (2025),NOAA HURDAT2 Atlantic Hurricane Database (1851-2023),NOAA Storm Events Database Miami-Dade CZ_FIPS=86 (2014-2022),FEMA OpenFEMA Disaster Declarations Miami-Dade (2016-2022)
615,3585,87140000,MIAMI-DADE,25.905499,-80.211574,61500,2025,8.87,209,87,10,0.2226,0.0047,0.1137,MODERATE,priority_score = 0.5 × aadt_score + 0.5 × hurricane_proximity_score,FDOT Annual Average Daily Traffic TDA (2025),NOAA HURDAT2 Atlantic Hurricane Database (1851-2023),NOAA Storm Events Database Miami-Dade CZ_FIPS=86 (2014-2022),FEMA OpenFEMA Disaster Declarations Miami-Dade (2016-2022)
616,3169,87140000,MIAMI-DADE,25.90967,-80.211611,61500,2025,8.91,209,87,10,0.2226,0.0046,0.1136,MODERATE,priority_score = 0.5 × aadt_score + 0.5 × hurricane_proximity_score,FDOT Annual Average Daily Traffic TDA (2025),NOAA HURDAT2 Atlantic Hurricane Database (1851-2023),NOAA Storm Events Database Miami-Dade CZ_FIPS=86 (2014-2022),FEMA OpenFEMA Disaster Declarations Miami-Dade (2016-2022)
617,3733,87140000,MIAMI-DADE,25.913013,-80.211645,61500,2025,8.96,209,87,10,0.2226,0.0045,0.1136,MODERATE,priority_score = 0.5 × aadt_score + 0.5 × hurricane_proximity_score,FDOT Annual Average Daily Traffic TDA (2025),NOAA HURDAT2 Atlantic Hurricane Database (1851-2023),NOAA Storm Events Database Miami-Dade CZ_FIPS=86 (2014-2022),FEMA OpenFEMA Disaster Declarations Miami-Dade (2016-2022)
618,6583,87120000,MIAMI-DADE,25.760852,-80.44094,60500,2025,7.34,207,87,10,0.2189,0.0083,0.1136,MODERATE,priority_score = 0.5 × aadt_score + 0.5 × hurricane_proximity_score,FDOT Annual Average Daily Traffic TDA (2025),NOAA HURDAT2 Atlantic Hurricane Database (1851-2023),NOAA Storm Events Database Miami-Dade CZ_FIPS=86 (2014-2022),FEMA OpenFEMA Disaster Declarations Miami-Dade (2016-2022)
619,2554,87140000,N/A,25.894608,-80.211045,61500,2025,8.92,210,87,10,0.2226,0.0046,0.1136,MODERATE,priority_score = 0.5 × aadt_score + 0.5 × hurricane_proximity_score,FDOT Annual Average Daily Traffic TDA (2025),NOAA HURDAT2 Atlantic Hurricane Database (1851-2023),NOAA Storm Events Database Miami-Dade CZ_FIPS=86 (2014-2022),FEMA OpenFEMA Disaster Declarations Miami-Dade (2016-2022)
620,4565,87120000,MIAMI-DADE,25.762118,-80.327804,60500,2025,7.45,206,87,10,0.2189,0.008,0.1135,MODERATE,priority_score = 0.5 × aadt_score + 0.5 × hurricane_proximity_score,FDOT Annual Average Daily Traffic TDA (2025),NOAA HURDAT2 Atlantic Hurricane Database (1851-2023),NOAA Storm Events Database Miami-Dade CZ_FIPS=86 (2014-2022),FEMA OpenFEMA Disaster Declarations Miami-Dade (2016-2022)
621,5900,87140000,MIAMI-DADE,25.920308,-80.212048,61500,2025,9.08,209,87,10,0.2226,0.0043,0.1135,MODERATE,priority_score = 0.5 × aadt_score + 0.5 × hurricane_proximity_score,FDOT Annual Average Daily Traffic TDA (2025),NOAA HURDAT2 Atlantic Hurricane Database (1851-2023),NOAA Storm Events Database Miami-Dade CZ_FIPS=86 (2014-2022),FEMA OpenFEMA Disaster Declarations Miami-Dade (2016-2022)
622,2548,87140000,N/A,25.889017,-80.210781,61500,2025,9.01,210,87,10,0.2226,0.0044,0.1135,MODERATE,priority_score = 0.5 × aadt_score + 0.5 × hurricane_proximity_score,FDOT Annual Average Daily Traffic TDA (2025),NOAA HURDAT2 Atlantic Hurricane Database (1851-2023),NOAA Storm Events Database Miami-Dade CZ_FIPS=86 (2014-2022),FEMA OpenFEMA Disaster Declarations Miami-Dade (2016-2022)
623,4001,87140000,MIAMI-DADE,25.921573,-80.213058,61500,2025,9.02,209,87,10,0.2226,0.0044,0.1135,MODERATE,priority_score = 0.5 × aadt_score + 0.5 × hurricane_proximity_score,FDOT Annual Average Daily Traffic TDA (2025),NOAA HURDAT2 Atlantic Hurricane Database (1851-2023),NOAA Storm Events Database Miami-Dade CZ_FIPS=86 (2014-2022),FEMA OpenFEMA Disaster Declarations Miami-Dade (2016-2022)
624,3818,87120000,MIAMI-DADE,25.763936,-80.277809,60500,2025,7.45,207,87,10,0.2189,0.008,0.1135,MODERATE,priority_score = 0.5 × aadt_score + 0.5 × hurricane_proximity_score,FDOT Annual Average Daily Traffic TDA (2025),NOAA HURDAT2 Atlantic Hurricane Database (1851-2023),NOAA Storm Events Database Miami-Dade CZ_FIPS=86 (2014-2022),FEMA OpenFEMA Disaster Declarations Miami-Dade (2016-2022)
625,4483,87047000,MIAMI-DADE,25.695921,-80.333775,54000,2025,3.41,207,87,10,0.1948,0.0321,0.1135,MODERATE,priority_score = 0.5 × aadt_score + 0.5 × hurricane_proximity_score,FDOT Annual Average Daily Traffic TDA (2025),NOAA HURDAT2 Atlantic Hurricane Database (1851-2023),NOAA Storm Events Database Miami-Dade CZ_FIPS=86 (2014-2022),FEMA OpenFEMA Disaster Declarations Miami-Dade (2016-2022)
626,2144,87120000,MIAMI-DADE,25.764435,-80.263328,60500,2025,7.47,207,87,10,0.2189,0.0079,0.1134,MODERATE,priority_score = 0.5 × aadt_score + 0.5 × hurricane_proximity_score,FDOT Annual Average Daily Traffic TDA (2025),NOAA HURDAT2 Atlantic Hurricane Database (1851-2023),NOAA Storm Events Database Miami-Dade CZ_FIPS=86 (2014-2022),FEMA OpenFEMA Disaster Declarations Miami-Dade (2016-2022)
627,4422,87047000,MIAMI-DADE,25.695326,-80.333746,54000,2025,3.42,207,87,10,0.1948,0.032,0.1134,MODERATE,priority_score = 0.5 × aadt_score + 0.5 × hurricane_proximity_score,FDOT Annual Average Daily Traffic TDA (2025),NOAA HURDAT2 Atlantic Hurricane Database (1851-2023),NOAA Storm Events Database Miami-Dade CZ_FIPS=86 (2014-2022),FEMA OpenFEMA Disaster Declarations Miami-Dade (2016-2022)
628,2517,87140000,N/A,25.883598,-80.210591,61500,2025,9.13,211,87,10,0.2226,0.0042,0.1134,MODERATE,priority_score = 0.5 × aadt_score + 0.5 × hurricane_proximity_score,FDOT Annual Average Daily Traffic TDA (2025),NOAA HURDAT2 Atlantic Hurricane Database (1851-2023),NOAA Storm Events Database Miami-Dade CZ_FIPS=86 (2014-2022),FEMA OpenFEMA Disaster Declarations Miami-Dade (2016-2022)
629,2885,87047000,MIAMI-DADE,25.702105,-80.334064,54000,2025,3.42,207,87,10,0.1948,0.032,0.1134,MODERATE,priority_score = 0.5 × aadt_score + 0.5 × hurricane_proximity_score,FDOT Annual Average Daily Traffic TDA (2025),NOAA HURDAT2 Atlantic Hurricane Database (1851-2023),NOAA Storm Events Database Miami-Dade CZ_FIPS=86 (2014-2022),FEMA OpenFEMA Disaster Declarations Miami-Dade (2016-2022)
630,2626,87120000,MIAMI-DADE,25.764017,-80.275564,60500,2025,7.53,207,87,10,0.2189,0.0078,0.1133,MODERATE,priority_score = 0.5 × aadt_score + 0.5 × hurricane_proximity_score,FDOT Annual Average Daily Traffic TDA (2025),NOAA HURDAT2 Atlantic Hurricane Database (1851-2023),NOAA Storm Events Database Miami-Dade CZ_FIPS=86 (2014-2022),FEMA OpenFEMA Disaster Declarations Miami-Dade (2016-2022)
631,3921,87047000,MIAMI-DADE,25.693512,-80.333678,54000,2025,3.45,206,87,10,0.1948,0.0316,0.1132,MODERATE,priority_score = 0.5 × aadt_score + 0.5 × hurricane_proximity_score,FDOT Annual Average Daily Traffic TDA (2025),NOAA HURDAT2 Atlantic Hurricane Database (1851-2023),NOAA Storm Events Database Miami-Dade CZ_FIPS=86 (2014-2022),FEMA OpenFEMA Disaster Declarations Miami-Dade (2016-2022)
632,4378,87120000,MIAMI-DADE,25.764166,-80.271491,60500,2025,7.69,207,87,10,0.2189,0.0073,0.1131,MODERATE,priority_score = 0.5 × aadt_score + 0.5 × hurricane_proximity_score,FDOT Annual Average Daily Traffic TDA (2025),NOAA HURDAT2 Atlantic Hurricane Database (1851-2023),NOAA Storm Events Database Miami-Dade CZ_FIPS=86 (2014-2022),FEMA OpenFEMA Disaster Declarations Miami-Dade (2016-2022)
633,3362,87120000,MIAMI-DADE,25.76189,-80.336032,60500,2025,7.77,206,87,10,0.2189,0.0071,0.113,MODERATE,priority_score = 0.5 × aadt_score + 0.5 × hurricane_proximity_score,FDOT Annual Average Daily Traffic TDA (2025),NOAA HURDAT2 Atlantic Hurricane Database (1851-2023),NOAA Storm Events Database Miami-Dade CZ_FIPS=86 (2014-2022),FEMA OpenFEMA Disaster Declarations Miami-Dade (2016-2022)
634,5210,87002000,MIAMI-DADE,25.930696,-80.293383,54000,2025,3.48,208,87,10,0.1948,0.0312,0.113,MODERATE,priority_score = 0.5 × aadt_score + 0.5 × hurricane_proximity_score,FDOT Annual Average Daily Traffic TDA (2025),NOAA HURDAT2 Atlantic Hurricane Database (1851-2023),NOAA Storm Events Database Miami-Dade CZ_FIPS=86 (2014-2022),FEMA OpenFEMA Disaster Declarations Miami-Dade (2016-2022)
635,6989,87120000,MIAMI DADE,25.761804,-80.340187,60500,2025,7.96,206,87,10,0.2189,0.0067,0.1128,MODERATE,priority_score = 0.5 × aadt_score + 0.5 × hurricane_proximity_score,FDOT Annual Average Daily Traffic TDA (2025),NOAA HURDAT2 Atlantic Hurricane Database (1851-2023),NOAA Storm Events Database Miami-Dade CZ_FIPS=86 (2014-2022),FEMA OpenFEMA Disaster Declarations Miami-Dade (2016-2022)
636,5164,87120000,MIAMI-DADE,25.761721,-80.344166,60500,2025,8.17,206,87,10,0.2189,0.0062,0.1126,MODERATE,priority_score = 0.5 × aadt_score + 0.5 × hurricane_proximity_score,FDOT Annual Average Daily Traffic TDA (2025),NOAA HURDAT2 Atlantic Hurricane Database (1851-2023),NOAA Storm Events Database Miami-Dade CZ_FIPS=86 (2014-2022),FEMA OpenFEMA Disaster Declarations Miami-Dade (2016-2022)
637,3215,87140000,MIAMI-DADE,25.934458,-80.204879,61500,2025,10.26,210,87,10,0.2226,0.0024,0.1125,MODERATE,priority_score = 0.5 × aadt_score + 0.5 × hurricane_proximity_score,FDOT Annual Average Daily Traffic TDA (2025),NOAA HURDAT2 Atlantic Hurricane Database (1851-2023),NOAA Storm Events Database Miami-Dade CZ_FIPS=86 (2014-2022),FEMA OpenFEMA Disaster Declarations Miami-Dade (2016-2022)
638,3992,87140000,MIAMI-DADE,25.937157,-80.204836,61500,2025,10.38,210,87,10,0.2226,0.0022,0.1124,MODERATE,priority_score = 0.5 × aadt_score + 0.5 × hurricane_proximity_score,FDOT Annual Average Daily Traffic TDA (2025),NOAA HURDAT2 Atlantic Hurricane Database (1851-2023),NOAA Storm Events Database Miami-Dade CZ_FIPS=86 (2014-2022),FEMA OpenFEMA Disaster Declarations Miami-Dade (2016-2022)
639,2523,87140000,MIAMI-DADE,25.942426,-80.205122,61500,2025,10.6,210,87,10,0.2226,0.0019,0.1123,MODERATE,priority_score = 0.5 × aadt_score + 0.5 × hurricane_proximity_score,FDOT Annual Average Daily Traffic TDA (2025),NOAA HURDAT2 Atlantic Hurricane Database (1851-2023),NOAA Storm Events Database Miami-Dade CZ_FIPS=86 (2014-2022),FEMA OpenFEMA Disaster Declarations Miami-Dade (2016-2022)
640,4563,87120000,MIAMI-DADE,25.761637,-80.348305,60500,2025,8.39,206,87,10,0.2189,0.0057,0.1123,MODERATE,priority_score = 0.5 × aadt_score + 0.5 × hurricane_proximity_score,FDOT Annual Average Daily Traffic TDA (2025),NOAA HURDAT2 Atlantic Hurricane Database (1851-2023),NOAA Storm Events Database Miami-Dade CZ_FIPS=86 (2014-2022),FEMA OpenFEMA Disaster Declarations Miami-Dade (2016-2022)
641,3237,87047000,MIAMI-DADE,25.687891,-80.333558,54000,2025,3.62,206,87,10,0.1948,0.0295,0.1122,MODERATE,priority_score = 0.5 × aadt_score + 0.5 × hurricane_proximity_score,FDOT Annual Average Daily Traffic TDA (2025),NOAA HURDAT2 Atlantic Hurricane Database (1851-2023),NOAA Storm Events Database Miami-Dade CZ_FIPS=86 (2014-2022),FEMA OpenFEMA Disaster Declarations Miami-Dade (2016-2022)
642,5253,87170000,MIAMI-DADE,25.929858,-80.12214,55000,2025,3.99,211,87,10,0.1985,0.0257,0.1121,MODERATE,priority_score = 0.5 × aadt_score + 0.5 × hurricane_proximity_score,FDOT Annual Average Daily Traffic TDA (2025),NOAA HURDAT2 Atlantic Hurricane Database (1851-2023),NOAA Storm Events Database Miami-Dade CZ_FIPS=86 (2014-2022),FEMA OpenFEMA Disaster Declarations Miami-Dade (2016-2022)
643,3743,87120000,MIAMI-DADE,25.761558,-80.352397,60500,2025,8.63,206,87,10,0.2189,0.0052,0.1121,MODERATE,priority_score = 0.5 × aadt_score + 0.5 × hurricane_proximity_score,FDOT Annual Average Daily Traffic TDA (2025),NOAA HURDAT2 Atlantic Hurricane Database (1851-2023),NOAA Storm Events Database Miami-Dade CZ_FIPS=86 (2014-2022),FEMA OpenFEMA Disaster Declarations Miami-Dade (2016-2022)
644,3904,87140000,MIAMI-DADE,25.946857,-80.205289,61500,2025,10.81,209,87,10,0.2226,0.0016,0.1121,MODERATE,priority_score = 0.5 × aadt_score + 0.5 × hurricane_proximity_score,FDOT Annual Average Daily Traffic TDA (2025),NOAA HURDAT2 Atlantic Hurricane Database (1851-2023),NOAA Storm Events Database Miami-Dade CZ_FIPS=86 (2014-2022),FEMA OpenFEMA Disaster Declarations Miami-Dade (2016-2022)
645,6863,87120000,MIAMI-DADE,25.760893,-80.424876,60500,2025,8.69,207,87,10,0.2189,0.0051,0.112,MODERATE,priority_score = 0.5 × aadt_score + 0.5 × hurricane_proximity_score,FDOT Annual Average Daily Traffic TDA (2025),NOAA HURDAT2 Atlantic Hurricane Database (1851-2023),NOAA Storm Events Database Miami-Dade CZ_FIPS=86 (2014-2022),FEMA OpenFEMA Disaster Declarations Miami-Dade (2016-2022)
646,3612,87140000,MIAMI-DADE,25.949733,-80.205383,61500,2025,10.96,209,87,10,0.2226,0.0014,0.112,MODERATE,priority_score = 0.5 × aadt_score + 0.5 × hurricane_proximity_score,FDOT Annual Average Daily Traffic TDA (2025),NOAA HURDAT2 Atlantic Hurricane Database (1851-2023),NOAA Storm Events Database Miami-Dade CZ_FIPS=86 (2014-2022),FEMA OpenFEMA Disaster Declarations Miami-Dade (2016-2022)
647,3876,87140000,MIAMI-DADE,25.972749,-80.206026,61500,2025,11.02,209,87,10,0.2226,0.0014,0.112,MODERATE,priority_score = 0.5 × aadt_score + 0.5 × hurricane_proximity_score,FDOT Annual Average Daily Traffic TDA (2025),NOAA HURDAT2 Atlantic Hurricane Database (1851-2023),NOAA Storm Events Database Miami-Dade CZ_FIPS=86 (2014-2022),FEMA OpenFEMA Disaster Declarations Miami-Dade (2016-2022)
648,5362,87140000,MIAMI-DADE,25.970599,-80.205981,61500,2025,11.09,209,87,10,0.2226,0.0013,0.112,MODERATE,priority_score = 0.5 × aadt_score + 0.5 × hurricane_proximity_score,FDOT Annual Average Daily Traffic TDA (2025),NOAA HURDAT2 Atlantic Hurricane Database (1851-2023),NOAA Storm Events Database Miami-Dade CZ_FIPS=86 (2014-2022),FEMA OpenFEMA Disaster Declarations Miami-Dade (2016-2022)
649,3467,87140000,MIAMI-DADE,25.965441,-80.205859,61500,2025,11.26,209,87,10,0.2226,0.0011,0.1119,MODERATE,priority_score = 0.5 × aadt_score + 0.5 × hurricane_proximity_score,FDOT Annual Average Daily Traffic TDA (2025),NOAA HURDAT2 Atlantic Hurricane Database (1851-2023),NOAA Storm Events Database Miami-Dade CZ_FIPS=86 (2014-2022),FEMA OpenFEMA Disaster Declarations Miami-Dade (2016-2022)
650,4773,87140000,MIAMI-DADE,25.96284,-80.205785,61500,2025,11.35,209,87,10,0.2226,0.001,0.1118,MODERATE,priority_score = 0.5 × aadt_score + 0.5 × hurricane_proximity_score,FDOT Annual Average Daily Traffic TDA (2025),NOAA HURDAT2 Atlantic Hurricane Database (1851-2023),NOAA Storm Events Database Miami-Dade CZ_FIPS=86 (2014-2022),FEMA OpenFEMA Disaster Declarations Miami-Dade (2016-2022)
651,3108,87140000,MIAMI-DADE,25.957027,-80.205618,61500,2025,11.37,209,87,10,0.2226,0.0009,0.1118,MODERATE,priority_score = 0.5 × aadt_score + 0.5 × hurricane_proximity_score,FDOT Annual Average Daily Traffic TDA (2025),NOAA HURDAT2 Atlantic Hurricane Database (1851-2023),NOAA Storm Events Database Miami-Dade CZ_FIPS=86 (2014-2022),FEMA OpenFEMA Disaster Declarations Miami-Dade (2016-2022)
652,4772,87140000,MIAMI-DADE,25.961227,-80.205739,61500,2025,11.41,209,87,10,0.2226,0.0009,0.1118,MODERATE,priority_score = 0.5 × aadt_score + 0.5 × hurricane_proximity_score,FDOT Annual Average Daily Traffic TDA (2025),NOAA HURDAT2 Atlantic Hurricane Database (1851-2023),NOAA Storm Events Database Miami-Dade CZ_FIPS=86 (2014-2022),FEMA OpenFEMA Disaster Declarations Miami-Dade (2016-2022)
653,4510,87120000,MIAMI-DADE,25.761394,-80.360434,60500,2025,9.12,206,87,10,0.2189,0.0042,0.1116,MODERATE,priority_score = 0.5 × aadt_score + 0.5 × hurricane_proximity_score,FDOT Annual Average Daily Traffic TDA (2025),NOAA HURDAT2 Atlantic Hurricane Database (1851-2023),NOAA Storm Events Database Miami-Dade CZ_FIPS=86 (2014-2022),FEMA OpenFEMA Disaster Declarations Miami-Dade (2016-2022)
654,4478,87047000,MIAMI-DADE,25.711985,-80.334623,54000,2025,3.72,207,87,10,0.1948,0.0284,0.1116,MODERATE,priority_score = 0.5 × aadt_score + 0.5 × hurricane_proximity_score,FDOT Annual Average Daily Traffic TDA (2025),NOAA HURDAT2 Atlantic Hurricane Database (1851-2023),NOAA Storm Events Database Miami-Dade CZ_FIPS=86 (2014-2022),FEMA OpenFEMA Disaster Declarations Miami-Dade (2016-2022)
655,6120,87002000,MIAMI-DADE,25.933165,-80.293495,54000,2025,3.74,208,87,10,0.1948,0.0282,0.1115,MODERATE,priority_score = 0.5 × aadt_score + 0.5 × hurricane_proximity_score,FDOT Annual Average Daily Traffic TDA (2025),NOAA HURDAT2 Atlantic Hurricane Database (1851-2023),NOAA Storm Events Database Miami-Dade CZ_FIPS=86 (2014-2022),FEMA OpenFEMA Disaster Declarations Miami-Dade (2016-2022)
656,4990,87170000,MIAMI-DADE,25.929778,-80.12508,55000,2025,4.15,211,87,10,0.1985,0.0242,0.1114,MODERATE,priority_score = 0.5 × aadt_score + 0.5 × hurricane_proximity_score,FDOT Annual Average Daily Traffic TDA (2025),NOAA HURDAT2 Atlantic Hurricane Database (1851-2023),NOAA Storm Events Database Miami-Dade CZ_FIPS=86 (2014-2022),FEMA OpenFEMA Disaster Declarations Miami-Dade (2016-2022)
657,4869,87120000,MIAMI-DADE,25.760901,-80.417061,60500,2025,9.37,206,87,10,0.2189,0.0038,0.1114,MODERATE,priority_score = 0.5 × aadt_score + 0.5 × hurricane_proximity_score,FDOT Annual Average Daily Traffic TDA (2025),NOAA HURDAT2 Atlantic Hurricane Database (1851-2023),NOAA Storm Events Database Miami-Dade CZ_FIPS=86 (2014-2022),FEMA OpenFEMA Disaster Declarations Miami-Dade (2016-2022)
658,3709,87120000,MIAMI-DADE,25.761239,-80.368296,60500,2025,9.65,206,87,10,0.2189,0.0033,0.1111,MODERATE,priority_score = 0.5 × aadt_score + 0.5 × hurricane_proximity_score,FDOT Annual Average Daily Traffic TDA (2025),NOAA HURDAT2 Atlantic Hurricane Database (1851-2023),NOAA Storm Events Database Miami-Dade CZ_FIPS=86 (2014-2022),FEMA OpenFEMA Disaster Declarations Miami-Dade (2016-2022)
659,2882,87002000,MIAMI-DADE,25.866629,-80.290773,54000,2025,3.82,208,87,10,0.1948,0.0273,0.1111,MODERATE,priority_score = 0.5 × aadt_score + 0.5 × hurricane_proximity_score,FDOT Annual Average Daily Traffic TDA (2025),NOAA HURDAT2 Atlantic Hurricane Database (1851-2023),NOAA Storm Events Database Miami-Dade CZ_FIPS=86 (2014-2022),FEMA OpenFEMA Disaster Declarations Miami-Dade (2016-2022)
660,5430,87120000,MIAMI-DADE,25.761154,-80.372306,60500,2025,9.93,206,87,10,0.2189,0.0029,0.1109,MODERATE,priority_score = 0.5 × aadt_score + 0.5 × hurricane_proximity_score,FDOT Annual Average Daily Traffic TDA (2025),NOAA HURDAT2 Atlantic Hurricane Database (1851-2023),NOAA Storm Events Database Miami-Dade CZ_FIPS=86 (2014-2022),FEMA OpenFEMA Disaster Declarations Miami-Dade (2016-2022)
661,5331,87008000,MIAMI-DADE,25.898537,-80.316237,39500,2025,1.63,207,87,10,0.141,0.0808,0.1109,MODERATE,priority_score = 0.5 × aadt_score + 0.5 × hurricane_proximity_score,FDOT Annual Average Daily Traffic TDA (2025),NOAA HURDAT2 Atlantic Hurricane Database (1851-2023),NOAA Storm Events Database Miami-Dade CZ_FIPS=86 (2014-2022),FEMA OpenFEMA Disaster Declarations Miami-Dade (2016-2022)
662,4758,87120000,MIAMI-DADE,25.760894,-80.409807,60500,2025,10.02,205,87,10,0.2189,0.0027,0.1108,MODERATE,priority_score = 0.5 × aadt_score + 0.5 × hurricane_proximity_score,FDOT Annual Average Daily Traffic TDA (2025),NOAA HURDAT2 Atlantic Hurricane Database (1851-2023),NOAA Storm Events Database Miami-Dade CZ_FIPS=86 (2014-2022),FEMA OpenFEMA Disaster Declarations Miami-Dade (2016-2022)
663,3879,87120000,MIAMI-DADE,25.761077,-80.376108,60500,2025,10.21,206,87,10,0.2189,0.0025,0.1107,MODERATE,priority_score = 0.5 × aadt_score + 0.5 × hurricane_proximity_score,FDOT Annual Average Daily Traffic TDA (2025),NOAA HURDAT2 Atlantic Hurricane Database (1851-2023),NOAA Storm Events Database Miami-Dade CZ_FIPS=86 (2014-2022),FEMA OpenFEMA Disaster Declarations Miami-Dade (2016-2022)
664,4974,87120000,MIAMI-DADE,25.76103,-80.378371,60500,2025,10.38,206,87,10,0.2189,0.0022,0.1106,MODERATE,priority_score = 0.5 × aadt_score + 0.5 × hurricane_proximity_score,FDOT Annual Average Daily Traffic TDA (2025),NOAA HURDAT2 Atlantic Hurricane Database (1851-2023),NOAA Storm Events Database Miami-Dade CZ_FIPS=86 (2014-2022),FEMA OpenFEMA Disaster Declarations Miami-Dade (2016-2022)
665,5984,87120000,MIAMI-DADE,25.760892,-80.406052,60500,2025,10.36,205,87,10,0.2189,0.0023,0.1106,MODERATE,priority_score = 0.5 × aadt_score + 0.5 × hurricane_proximity_score,FDOT Annual Average Daily Traffic TDA (2025),NOAA HURDAT2 Atlantic Hurricane Database (1851-2023),NOAA Storm Events Database Miami-Dade CZ_FIPS=86 (2014-2022),FEMA OpenFEMA Disaster Declarations Miami-Dade (2016-2022)
666,2970,87047000,MIAMI-DADE,25.716454,-80.334853,54000,2025,3.94,207,87,10,0.1948,0.0261,0.1105,MODERATE,priority_score = 0.5 × aadt_score + 0.5 × hurricane_proximity_score,FDOT Annual Average Daily Traffic TDA (2025),NOAA HURDAT2 Atlantic Hurricane Database (1851-2023),NOAA Storm Events Database Miami-Dade CZ_FIPS=86 (2014-2022),FEMA OpenFEMA Disaster Declarations Miami-Dade (2016-2022)
667,5493,87047000,MIAMI-DADE,25.68439,-80.335466,54000,2025,3.95,205,87,10,0.1948,0.026,0.1104,MODERATE,priority_score = 0.5 × aadt_score + 0.5 × hurricane_proximity_score,FDOT Annual Average Daily Traffic TDA (2025),NOAA HURDAT2 Atlantic Hurricane Database (1851-2023),NOAA Storm Events Database Miami-Dade CZ_FIPS=86 (2014-2022),FEMA OpenFEMA Disaster Declarations Miami-Dade (2016-2022)
668,4238,87120000,MIAMI-DADE,25.760956,-80.382109,60500,2025,10.66,206,87,10,0.2189,0.0018,0.1104,MODERATE,priority_score = 0.5 × aadt_score + 0.5 × hurricane_proximity_score,FDOT Annual Average Daily Traffic TDA (2025),NOAA HURDAT2 Atlantic Hurricane Database (1851-2023),NOAA Storm Events Database Miami-Dade CZ_FIPS=86 (2014-2022),FEMA OpenFEMA Disaster Declarations Miami-Dade (2016-2022)
669,5130,87120000,MIAMI-DADE,25.760899,-80.400837,60500,2025,10.84,205,87,10,0.2189,0.0016,0.1103,MODERATE,priority_score = 0.5 × aadt_score + 0.5 × hurricane_proximity_score,FDOT Annual Average Daily Traffic TDA (2025),NOAA HURDAT2 Atlantic Hurricane Database (1851-2023),NOAA Storm Events Database Miami-Dade CZ_FIPS=86 (2014-2022),FEMA OpenFEMA Disaster Declarations Miami-Dade (2016-2022)
670,4239,87120000,MIAMI-DADE,25.760942,-80.387341,60500,2025,11.07,206,87,10,0.2189,0.0013,0.1101,MODERATE,priority_score = 0.5 × aadt_score + 0.5 × hurricane_proximity_score,FDOT Annual Average Daily Traffic TDA (2025),NOAA HURDAT2 Atlantic Hurricane Database (1851-2023),NOAA Storm Events Database Miami-Dade CZ_FIPS=86 (2014-2022),FEMA OpenFEMA Disaster Declarations Miami-Dade (2016-2022)
671,5182,87047000,MIAMI-DADE,25.682591,-80.335443,54000,2025,4.04,205,87,10,0.1948,0.0252,0.11,MODERATE,priority_score = 0.5 × aadt_score + 0.5 × hurricane_proximity_score,FDOT Annual Average Daily Traffic TDA (2025),NOAA HURDAT2 Atlantic Hurricane Database (1851-2023),NOAA Storm Events Database Miami-Dade CZ_FIPS=86 (2014-2022),FEMA OpenFEMA Disaster Declarations Miami-Dade (2016-2022)
672,3730,87120000,MIAMI-DADE,25.760902,-80.392796,60500,2025,11.5,206,87,10,0.2189,0.0008,0.1099,MODERATE,priority_score = 0.5 × aadt_score + 0.5 × hurricane_proximity_score,FDOT Annual Average Daily Traffic TDA (2025),NOAA HURDAT2 Atlantic Hurricane Database (1851-2023),NOAA Storm Events Database Miami-Dade CZ_FIPS=86 (2014-2022),FEMA OpenFEMA Disaster Declarations Miami-Dade (2016-2022)
673,2935,87047000,MIAMI-DADE,25.680195,-80.335362,54000,2025,4.17,205,87,10,0.1948,0.024,0.1094,MODERATE,priority_score = 0.5 × aadt_score + 0.5 × hurricane_proximity_score,FDOT Annual Average Daily Traffic TDA (2025),NOAA HURDAT2 Atlantic Hurricane Database (1851-2023),NOAA Storm Events Database Miami-Dade CZ_FIPS=86 (2014-2022),FEMA OpenFEMA Disaster Declarations Miami-Dade (2016-2022)
674,3671,87170000,MIAMI-DADE,25.928753,-80.134575,55000,2025,4.71,211,87,10,0.1985,0.0198,0.1092,MODERATE,priority_score = 0.5 × aadt_score + 0.5 × hurricane_proximity_score,FDOT Annual Average Daily Traffic TDA (2025),NOAA HURDAT2 Atlantic Hurricane Database (1851-2023),NOAA Storm Events Database Miami-Dade CZ_FIPS=86 (2014-2022),FEMA OpenFEMA Disaster Declarations Miami-Dade (2016-2022)
675,4802,87170000,MIAMI-DADE,25.928,-80.136098,55000,2025,4.77,211,87,10,0.1985,0.0194,0.109,MODERATE,priority_score = 0.5 × aadt_score + 0.5 × hurricane_proximity_score,FDOT Annual Average Daily Traffic TDA (2025),NOAA HURDAT2 Atlantic Hurricane Database (1851-2023),NOAA Storm Events Database Miami-Dade CZ_FIPS=86 (2014-2022),FEMA OpenFEMA Disaster Declarations Miami-Dade (2016-2022)
676,4116,87002000,MIAMI-DADE,25.862545,-80.290658,54000,2025,4.27,208,87,10,0.1948,0.0232,0.109,MODERATE,priority_score = 0.5 × aadt_score + 0.5 × hurricane_proximity_score,FDOT Annual Average Daily Traffic TDA (2025),NOAA HURDAT2 Atlantic Hurricane Database (1851-2023),NOAA Storm Events Database Miami-Dade CZ_FIPS=86 (2014-2022),FEMA OpenFEMA Disaster Declarations Miami-Dade (2016-2022)
677,3955,87047000,MIAMI-DADE,25.723726,-80.335204,54000,2025,4.4,207,87,10,0.1948,0.0221,0.1085,MODERATE,priority_score = 0.5 × aadt_score + 0.5 × hurricane_proximity_score,FDOT Annual Average Daily Traffic TDA (2025),NOAA HURDAT2 Atlantic Hurricane Database (1851-2023),NOAA Storm Events Database Miami-Dade CZ_FIPS=86 (2014-2022),FEMA OpenFEMA Disaster Declarations Miami-Dade (2016-2022)
678,5291,87080900,MIAMI-DADE,25.847147,-80.206628,55500,2025,5.28,207,87,10,0.2004,0.0164,0.1084,MODERATE,priority_score = 0.5 × aadt_score + 0.5 × hurricane_proximity_score,FDOT Annual Average Daily Traffic TDA (2025),NOAA HURDAT2 Atlantic Hurricane Database (1851-2023),NOAA Storm Events Database Miami-Dade CZ_FIPS=86 (2014-2022),FEMA OpenFEMA Disaster Declarations Miami-Dade (2016-2022)
679,5292,87080900,MIAMI-DADE,25.847211,-80.20443,55500,2025,5.27,208,87,10,0.2004,0.0164,0.1084,MODERATE,priority_score = 0.5 × aadt_score + 0.5 × hurricane_proximity_score,FDOT Annual Average Daily Traffic TDA (2025),NOAA HURDAT2 Atlantic Hurricane Database (1851-2023),NOAA Storm Events Database Miami-Dade CZ_FIPS=86 (2014-2022),FEMA OpenFEMA Disaster Declarations Miami-Dade (2016-2022)
680,2045,87080900,MIAMI-DADE,25.847168,-80.205906,55500,2025,5.28,207,87,10,0.2004,0.0164,0.1084,MODERATE,priority_score = 0.5 × aadt_score + 0.5 × hurricane_proximity_score,FDOT Annual Average Daily Traffic TDA (2025),NOAA HURDAT2 Atlantic Hurricane Database (1851-2023),NOAA Storm Events Database Miami-Dade CZ_FIPS=86 (2014-2022),FEMA OpenFEMA Disaster Declarations Miami-Dade (2016-2022)
681,2094,87080900,MIAMI-DADE,25.847297,-80.201462,55500,2025,5.26,208,87,10,0.2004,0.0165,0.1084,MODERATE,priority_score = 0.5 × aadt_score + 0.5 × hurricane_proximity_score,FDOT Annual Average Daily Traffic TDA (2025),NOAA HURDAT2 Atlantic Hurricane Database (1851-2023),NOAA Storm Events Database Miami-Dade CZ_FIPS=86 (2014-2022),FEMA OpenFEMA Disaster Declarations Miami-Dade (2016-2022)
682,2093,87080900,MIAMI-DADE,25.847422,-80.197373,55500,2025,5.28,208,87,10,0.2004,0.0164,0.1084,MODERATE,priority_score = 0.5 × aadt_score + 0.5 × hurricane_proximity_score,FDOT Annual Average Daily Traffic TDA (2025),NOAA HURDAT2 Atlantic Hurricane Database (1851-2023),NOAA Storm Events Database Miami-Dade CZ_FIPS=86 (2014-2022),FEMA OpenFEMA Disaster Declarations Miami-Dade (2016-2022)
683,4264,87002000,MIAMI-DADE,25.939309,-80.293773,54000,2025,4.42,208,87,10,0.1948,0.022,0.1084,MODERATE,priority_score = 0.5 × aadt_score + 0.5 × hurricane_proximity_score,FDOT Annual Average Daily Traffic TDA (2025),NOAA HURDAT2 Atlantic Hurricane Database (1851-2023),NOAA Storm Events Database Miami-Dade CZ_FIPS=86 (2014-2022),FEMA OpenFEMA Disaster Declarations Miami-Dade (2016-2022)
684,2095,87080900,MIAMI-DADE,25.847035,-80.209578,55500,2025,5.32,207,87,10,0.2004,0.0161,0.1083,MODERATE,priority_score = 0.5 × aadt_score + 0.5 × hurricane_proximity_score,FDOT Annual Average Daily Traffic TDA (2025),NOAA HURDAT2 Atlantic Hurricane Database (1851-2023),NOAA Storm Events Database Miami-Dade CZ_FIPS=86 (2014-2022),FEMA OpenFEMA Disaster Declarations Miami-Dade (2016-2022)
685,3634,87080900,MIAMI-DADE,25.847072,-80.208536,55500,2025,5.3,207,87,10,0.2004,0.0162,0.1083,MODERATE,priority_score = 0.5 × aadt_score + 0.5 × hurricane_proximity_score,FDOT Annual Average Daily Traffic TDA (2025),NOAA HURDAT2 Atlantic Hurricane Database (1851-2023),NOAA Storm Events Database Miami-Dade CZ_FIPS=86 (2014-2022),FEMA OpenFEMA Disaster Declarations Miami-Dade (2016-2022)
686,2495,87080900,MIAMI-DADE,25.847123,-80.207349,55500,2025,5.29,207,87,10,0.2004,0.0163,0.1083,MODERATE,priority_score = 0.5 × aadt_score + 0.5 × hurricane_proximity_score,FDOT Annual Average Daily Traffic TDA (2025),NOAA HURDAT2 Atlantic Hurricane Database (1851-2023),NOAA Storm Events Database Miami-Dade CZ_FIPS=86 (2014-2022),FEMA OpenFEMA Disaster Declarations Miami-Dade (2016-2022)
687,4801,87170000,MIAMI-DADE,25.926275,-80.140831,55000,2025,5.02,211,87,10,0.1985,0.0178,0.1082,MODERATE,priority_score = 0.5 × aadt_score + 0.5 × hurricane_proximity_score,FDOT Annual Average Daily Traffic TDA (2025),NOAA HURDAT2 Atlantic Hurricane Database (1851-2023),NOAA Storm Events Database Miami-Dade CZ_FIPS=86 (2014-2022),FEMA OpenFEMA Disaster Declarations Miami-Dade (2016-2022)
688,2123,87080900,MIAMI-DADE,25.84755,-80.193299,55500,2025,5.33,208,87,10,0.2004,0.0161,0.1082,MODERATE,priority_score = 0.5 × aadt_score + 0.5 × hurricane_proximity_score,FDOT Annual Average Daily Traffic TDA (2025),NOAA HURDAT2 Atlantic Hurricane Database (1851-2023),NOAA Storm Events Database Miami-Dade CZ_FIPS=86 (2014-2022),FEMA OpenFEMA Disaster Declarations Miami-Dade (2016-2022)
689,2121,87080900,MIAMI-DADE,25.847703,-80.188793,55500,2025,5.42,208,87,10,0.2004,0.0156,0.108,MODERATE,priority_score = 0.5 × aadt_score + 0.5 × hurricane_proximity_score,FDOT Annual Average Daily Traffic TDA (2025),NOAA HURDAT2 Atlantic Hurricane Database (1851-2023),NOAA Storm Events Database Miami-Dade CZ_FIPS=86 (2014-2022),FEMA OpenFEMA Disaster Declarations Miami-Dade (2016-2022)
690,3480,87080900,MIAMI-DADE,25.846885,-80.214405,55500,2025,5.41,207,87,10,0.2004,0.0157,0.108,MODERATE,priority_score = 0.5 × aadt_score + 0.5 × hurricane_proximity_score,FDOT Annual Average Daily Traffic TDA (2025),NOAA HURDAT2 Atlantic Hurricane Database (1851-2023),NOAA Storm Events Database Miami-Dade CZ_FIPS=86 (2014-2022),FEMA OpenFEMA Disaster Declarations Miami-Dade (2016-2022)
691,2122,87080900,MIAMI-DADE,25.84768,-80.189451,55500,2025,5.41,208,87,10,0.2004,0.0157,0.108,MODERATE,priority_score = 0.5 × aadt_score + 0.5 × hurricane_proximity_score,FDOT Annual Average Daily Traffic TDA (2025),NOAA HURDAT2 Atlantic Hurricane Database (1851-2023),NOAA Storm Events Database Miami-Dade CZ_FIPS=86 (2014-2022),FEMA OpenFEMA Disaster Declarations Miami-Dade (2016-2022)
692,2120,87080900,MIAMI-DADE,25.847772,-80.186901,55500,2025,5.47,208,87,10,0.2004,0.0154,0.1079,MODERATE,priority_score = 0.5 × aadt_score + 0.5 × hurricane_proximity_score,FDOT Annual Average Daily Traffic TDA (2025),NOAA HURDAT2 Atlantic Hurricane Database (1851-2023),NOAA Storm Events Database Miami-Dade CZ_FIPS=86 (2014-2022),FEMA OpenFEMA Disaster Declarations Miami-Dade (2016-2022)
693,4781,87080900,MIAMI-DADE,25.846782,-80.217709,55500,2025,5.5,207,87,10,0.2004,0.0152,0.1078,MODERATE,priority_score = 0.5 × aadt_score + 0.5 × hurricane_proximity_score,FDOT Annual Average Daily Traffic TDA (2025),NOAA HURDAT2 Atlantic Hurricane Database (1851-2023),NOAA Storm Events Database Miami-Dade CZ_FIPS=86 (2014-2022),FEMA OpenFEMA Disaster Declarations Miami-Dade (2016-2022)
694,4346,87047000,MIAMI-DADE,25.673282,-80.335131,54000,2025,4.61,206,87,10,0.1948,0.0205,0.1077,MODERATE,priority_score = 0.5 × aadt_score + 0.5 × hurricane_proximity_score,FDOT Annual Average Daily Traffic TDA (2025),NOAA HURDAT2 Atlantic Hurricane Database (1851-2023),NOAA Storm Events Database Miami-Dade CZ_FIPS=86 (2014-2022),FEMA OpenFEMA Disaster Declarations Miami-Dade (2016-2022)
695,2119,87080900,MIAMI-DADE,25.847857,-80.184624,55500,2025,5.54,208,87,10,0.2004,0.015,0.1077,MODERATE,priority_score = 0.5 × aadt_score + 0.5 × hurricane_proximity_score,FDOT Annual Average Daily Traffic TDA (2025),NOAA HURDAT2 Atlantic Hurricane Database (1851-2023),NOAA Storm Events Database Miami-Dade CZ_FIPS=86 (2014-2022),FEMA OpenFEMA Disaster Declarations Miami-Dade (2016-2022)
696,6503,87002000,MIAMI-DADE,25.859249,-80.290498,54000,2025,4.63,208,87,10,0.1948,0.0204,0.1076,MODERATE,priority_score = 0.5 × aadt_score + 0.5 × hurricane_proximity_score,FDOT Annual Average Daily Traffic TDA (2025),NOAA HURDAT2 Atlantic Hurricane Database (1851-2023),NOAA Storm Events Database Miami-Dade CZ_FIPS=86 (2014-2022),FEMA OpenFEMA Disaster Declarations Miami-Dade (2016-2022)
697,4800,87170000,MIAMI-DADE,25.926135,-80.144074,55000,2025,5.28,210,87,10,0.1985,0.0164,0.1074,MODERATE,priority_score = 0.5 × aadt_score + 0.5 × hurricane_proximity_score,FDOT Annual Average Daily Traffic TDA (2025),NOAA HURDAT2 Atlantic Hurricane Database (1851-2023),NOAA Storm Events Database Miami-Dade CZ_FIPS=86 (2014-2022),FEMA OpenFEMA Disaster Declarations Miami-Dade (2016-2022)
698,2497,87080900,MIAMI-DADE,25.84647,-80.225779,55500,2025,5.78,206,87,10,0.2004,0.0139,0.1071,MODERATE,priority_score = 0.5 × aadt_score + 0.5 × hurricane_proximity_score,FDOT Annual Average Daily Traffic TDA (2025),NOAA HURDAT2 Atlantic Hurricane Database (1851-2023),NOAA Storm Events Database Miami-Dade CZ_FIPS=86 (2014-2022),FEMA OpenFEMA Disaster Declarations Miami-Dade (2016-2022)
699,4710,87170000,MIAMI-DADE,25.926008,-80.147252,55000,2025,5.54,210,87,10,0.1985,0.015,0.1068,MODERATE,priority_score = 0.5 × aadt_score + 0.5 × hurricane_proximity_score,FDOT Annual Average Daily Traffic TDA (2025),NOAA HURDAT2 Atlantic Hurricane Database (1851-2023),NOAA Storm Events Database Miami-Dade CZ_FIPS=86 (2014-2022),FEMA OpenFEMA Disaster Declarations Miami-Dade (2016-2022)
700,6375,87134000,MIAMI-DADE,25.782396,-80.417082,57500,2025,8.53,205,87,10,0.2078,0.0054,0.1066,MODERATE,priority_score = 0.5 × aadt_score + 0.5 × hurricane_proximity_score,FDOT Annual Average Daily Traffic TDA (2025),NOAA HURDAT2 Atlantic Hurricane Database (1851-2023),NOAA Storm Events Database Miami-Dade CZ_FIPS=86 (2014-2022),FEMA OpenFEMA Disaster Declarations Miami-Dade (2016-2022)
701,6480,87134000,MIAMI-DADE,25.776564,-80.417156,57500,2025,8.69,205,87,10,0.2078,0.0051,0.1064,MODERATE,priority_score = 0.5 × aadt_score + 0.5 × hurricane_proximity_score,FDOT Annual Average Daily Traffic TDA (2025),NOAA HURDAT2 Atlantic Hurricane Database (1851-2023),NOAA Storm Events Database Miami-Dade CZ_FIPS=86 (2014-2022),FEMA OpenFEMA Disaster Declarations Miami-Dade (2016-2022)
702,5737,87002000,MIAMI-DADE,25.944625,-80.294044,54000,2025,5.0,208,87,10,0.1948,0.018,0.1064,MODERATE,priority_score = 0.5 × aadt_score + 0.5 × hurricane_proximity_score,FDOT Annual Average Daily Traffic TDA (2025),NOAA HURDAT2 Atlantic Hurricane Database (1851-2023),NOAA Storm Events Database Miami-Dade CZ_FIPS=86 (2014-2022),FEMA OpenFEMA Disaster Declarations Miami-Dade (2016-2022)
703,6479,87134000,MIAMI-DADE,25.772658,-80.417245,57500,2025,8.83,205,87,10,0.2078,0.0048,0.1063,MODERATE,priority_score = 0.5 × aadt_score + 0.5 × hurricane_proximity_score,FDOT Annual Average Daily Traffic TDA (2025),NOAA HURDAT2 Atlantic Hurricane Database (1851-2023),NOAA Storm Events Database Miami-Dade CZ_FIPS=86 (2014-2022),FEMA OpenFEMA Disaster Declarations Miami-Dade (2016-2022)
704,2498,87080900,MIAMI-DADE,25.846218,-80.233975,55500,2025,6.16,204,87,10,0.2004,0.0122,0.1063,MODERATE,priority_score = 0.5 × aadt_score + 0.5 × hurricane_proximity_score,FDOT Annual Average Daily Traffic TDA (2025),NOAA HURDAT2 Atlantic Hurricane Database (1851-2023),NOAA Storm Events Database Miami-Dade CZ_FIPS=86 (2014-2022),FEMA OpenFEMA Disaster Declarations Miami-Dade (2016-2022)
705,5219,87002000,MIAMI-DADE,25.855258,-80.290284,54000,2025,5.07,207,87,10,0.1948,0.0175,0.1062,MODERATE,priority_score = 0.5 × aadt_score + 0.5 × hurricane_proximity_score,FDOT Annual Average Daily Traffic TDA (2025),NOAA HURDAT2 Atlantic Hurricane Database (1851-2023),NOAA Storm Events Database Miami-Dade CZ_FIPS=86 (2014-2022),FEMA OpenFEMA Disaster Declarations Miami-Dade (2016-2022)
706,2964,87047000,MIAMI-DADE,25.732733,-80.335759,54000,2025,5.11,206,87,10,0.1948,0.0173,0.1061,MODERATE,priority_score = 0.5 × aadt_score + 0.5 × hurricane_proximity_score,FDOT Annual Average Daily Traffic TDA (2025),NOAA HURDAT2 Atlantic Hurricane Database (1851-2023),NOAA Storm Events Database Miami-Dade CZ_FIPS=86 (2014-2022),FEMA OpenFEMA Disaster Declarations Miami-Dade (2016-2022)
707,3349,87047000,MIAMI-DADE,25.666037,-80.334883,54000,2025,5.15,206,87,10,0.1948,0.0171,0.1059,MODERATE,priority_score = 0.5 × aadt_score + 0.5 × hurricane_proximity_score,FDOT Annual Average Daily Traffic TDA (2025),NOAA HURDAT2 Atlantic Hurricane Database (1851-2023),NOAA Storm Events Database Miami-Dade CZ_FIPS=86 (2014-2022),FEMA OpenFEMA Disaster Declarations Miami-Dade (2016-2022)
708,4869,87134000,MIAMI-DADE,25.760971,-80.416948,57500,2025,9.38,206,87,10,0.2078,0.0038,0.1058,MODERATE,priority_score = 0.5 × aadt_score + 0.5 × hurricane_proximity_score,FDOT Annual Average Daily Traffic TDA (2025),NOAA HURDAT2 Atlantic Hurricane Database (1851-2023),NOAA Storm Events Database Miami-Dade CZ_FIPS=86 (2014-2022),FEMA OpenFEMA Disaster Declarations Miami-Dade (2016-2022)
709,3781,87055000,MIAMI-DADE,25.702966,-80.316896,38000,2025,1.72,206,87,10,0.1354,0.0759,0.1057,MODERATE,priority_score = 0.5 × aadt_score + 0.5 × hurricane_proximity_score,FDOT Annual Average Daily Traffic TDA (2025),NOAA HURDAT2 Atlantic Hurricane Database (1851-2023),NOAA Storm Events Database Miami-Dade CZ_FIPS=86 (2014-2022),FEMA OpenFEMA Disaster Declarations Miami-Dade (2016-2022)
710,3977,87080900,MIAMI-DADE,25.841157,-80.298012,55500,2025,6.55,205,87,10,0.2004,0.0108,0.1056,MODERATE,priority_score = 0.5 × aadt_score + 0.5 × hurricane_proximity_score,FDOT Annual Average Daily Traffic TDA (2025),NOAA HURDAT2 Atlantic Hurricane Database (1851-2023),NOAA Storm Events Database Miami-Dade CZ_FIPS=86 (2014-2022),FEMA OpenFEMA Disaster Declarations Miami-Dade (2016-2022)
711,2499,87080900,MIAMI-DADE,25.845976,-80.241961,55500,2025,6.62,204,87,10,0.2004,0.0105,0.1055,MODERATE,priority_score = 0.5 × aadt_score + 0.5 × hurricane_proximity_score,FDOT Annual Average Daily Traffic TDA (2025),NOAA HURDAT2 Atlantic Hurricane Database (1851-2023),NOAA Storm Events Database Miami-Dade CZ_FIPS=86 (2014-2022),FEMA OpenFEMA Disaster Declarations Miami-Dade (2016-2022)
712,2479,87240000,MIAMI-DADE,25.801588,-80.239909,51500,2025,4.0,205,87,10,0.1855,0.0256,0.1055,MODERATE,priority_score = 0.5 × aadt_score + 0.5 × hurricane_proximity_score,FDOT Annual Average Daily Traffic TDA (2025),NOAA HURDAT2 Atlantic Hurricane Database (1851-2023),NOAA Storm Events Database Miami-Dade CZ_FIPS=86 (2014-2022),FEMA OpenFEMA Disaster Declarations Miami-Dade (2016-2022)
713,2010,87170000,MIAMI-DADE,25.926046,-80.153831,55000,2025,6.11,211,87,10,0.1985,0.0124,0.1055,MODERATE,priority_score = 0.5 × aadt_score + 0.5 × hurricane_proximity_score,FDOT Annual Average Daily Traffic TDA (2025),NOAA HURDAT2 Atlantic Hurricane Database (1851-2023),NOAA Storm Events Database Miami-Dade CZ_FIPS=86 (2014-2022),FEMA OpenFEMA Disaster Declarations Miami-Dade (2016-2022)
714,2404,87240000,MIAMI-DADE,25.794192,-80.239773,51500,2025,4.03,205,87,10,0.1855,0.0253,0.1054,MODERATE,priority_score = 0.5 × aadt_score + 0.5 × hurricane_proximity_score,FDOT Annual Average Daily Traffic TDA (2025),NOAA HURDAT2 Atlantic Hurricane Database (1851-2023),NOAA Storm Events Database Miami-Dade CZ_FIPS=86 (2014-2022),FEMA OpenFEMA Disaster Declarations Miami-Dade (2016-2022)
715,2868,87080900,MIAMI-DADE,25.844675,-80.274225,55500,2025,6.67,205,87,10,0.2004,0.0104,0.1054,MODERATE,priority_score = 0.5 × aadt_score + 0.5 × hurricane_proximity_score,FDOT Annual Average Daily Traffic TDA (2025),NOAA HURDAT2 Atlantic Hurricane Database (1851-2023),NOAA Storm Events Database Miami-Dade CZ_FIPS=86 (2014-2022),FEMA OpenFEMA Disaster Declarations Miami-Dade (2016-2022)
716,6516,87240000,MIAMI-DADE,25.791859,-80.23957,51500,2025,4.06,205,87,10,0.1855,0.025,0.1053,MODERATE,priority_score = 0.5 × aadt_score + 0.5 × hurricane_proximity_score,FDOT Annual Average Daily Traffic TDA (2025),NOAA HURDAT2 Atlantic Hurricane Database (1851-2023),NOAA Storm Events Database Miami-Dade CZ_FIPS=86 (2014-2022),FEMA OpenFEMA Disaster Declarations Miami-Dade (2016-2022)
717,3978,87080900,MIAMI-DADE,25.840534,-80.290043,55500,2025,6.69,207,87,10,0.2004,0.0103,0.1053,MODERATE,priority_score = 0.5 × aadt_score + 0.5 × hurricane_proximity_score,FDOT Annual Average Daily Traffic TDA (2025),NOAA HURDAT2 Atlantic Hurricane Database (1851-2023),NOAA Storm Events Database Miami-Dade CZ_FIPS=86 (2014-2022),FEMA OpenFEMA Disaster Declarations Miami-Dade (2016-2022)
718,4006,87080900,MIAMI-DADE,25.840623,-80.287252,55500,2025,6.72,206,87,10,0.2004,0.0102,0.1053,MODERATE,priority_score = 0.5 × aadt_score + 0.5 × hurricane_proximity_score,FDOT Annual Average Daily Traffic TDA (2025),NOAA HURDAT2 Atlantic Hurricane Database (1851-2023),NOAA Storm Events Database Miami-Dade CZ_FIPS=86 (2014-2022),FEMA OpenFEMA Disaster Declarations Miami-Dade (2016-2022)
719,4775,87080900,MIAMI-DADE,25.840664,-80.285969,55500,2025,6.75,206,87,10,0.2004,0.0101,0.1052,MODERATE,priority_score = 0.5 × aadt_score + 0.5 × hurricane_proximity_score,FDOT Annual Average Daily Traffic TDA (2025),NOAA HURDAT2 Atlantic Hurricane Database (1851-2023),NOAA Storm Events Database Miami-Dade CZ_FIPS=86 (2014-2022),FEMA OpenFEMA Disaster Declarations Miami-Dade (2016-2022)
720,3191,87080900,MIAMI-DADE,25.845885,-80.244575,55500,2025,6.78,204,87,10,0.2004,0.01,0.1052,MODERATE,priority_score = 0.5 × aadt_score + 0.5 × hurricane_proximity_score,FDOT Annual Average Daily Traffic TDA (2025),NOAA HURDAT2 Atlantic Hurricane Database (1851-2023),NOAA Storm Events Database Miami-Dade CZ_FIPS=86 (2014-2022),FEMA OpenFEMA Disaster Declarations Miami-Dade (2016-2022)
721,2867,87080900,MIAMI-DADE,25.840832,-80.282106,55500,2025,6.82,206,87,10,0.2004,0.0099,0.1051,MODERATE,priority_score = 0.5 × aadt_score + 0.5 × hurricane_proximity_score,FDOT Annual Average Daily Traffic TDA (2025),NOAA HURDAT2 Atlantic Hurricane Database (1851-2023),NOAA Storm Events Database Miami-Dade CZ_FIPS=86 (2014-2022),FEMA OpenFEMA Disaster Declarations Miami-Dade (2016-2022)
722,3819,87240000,MIAMI-DADE,25.807098,-80.240103,51500,2025,4.09,205,87,10,0.1855,0.0247,0.1051,MODERATE,priority_score = 0.5 × aadt_score + 0.5 × hurricane_proximity_score,FDOT Annual Average Daily Traffic TDA (2025),NOAA HURDAT2 Atlantic Hurricane Database (1851-2023),NOAA Storm Events Database Miami-Dade CZ_FIPS=86 (2014-2022),FEMA OpenFEMA Disaster Declarations Miami-Dade (2016-2022)
723,2019,87170000,MIAMI-DADE,25.926051,-80.155871,55000,2025,6.29,211,87,10,0.1985,0.0117,0.1051,MODERATE,priority_score = 0.5 × aadt_score + 0.5 × hurricane_proximity_score,FDOT Annual Average Daily Traffic TDA (2025),NOAA HURDAT2 Atlantic Hurricane Database (1851-2023),NOAA Storm Events Database Miami-Dade CZ_FIPS=86 (2014-2022),FEMA OpenFEMA Disaster Declarations Miami-Dade (2016-2022)
724,3975,87080900,MIAMI-DADE,25.839879,-80.314075,55500,2025,6.83,206,87,10,0.2004,0.0098,0.1051,MODERATE,priority_score = 0.5 × aadt_score + 0.5 × hurricane_proximity_score,FDOT Annual Average Daily Traffic TDA (2025),NOAA HURDAT2 Atlantic Hurricane Database (1851-2023),NOAA Storm Events Database Miami-Dade CZ_FIPS=86 (2014-2022),FEMA OpenFEMA Disaster Declarations Miami-Dade (2016-2022)
725,2388,87240000,MIAMI-DADE,25.790663,-80.239654,51500,2025,4.1,205,87,10,0.1855,0.0246,0.1051,MODERATE,priority_score = 0.5 × aadt_score + 0.5 × hurricane_proximity_score,FDOT Annual Average Daily Traffic TDA (2025),NOAA HURDAT2 Atlantic Hurricane Database (1851-2023),NOAA Storm Events Database Miami-Dade CZ_FIPS=86 (2014-2022),FEMA OpenFEMA Disaster Declarations Miami-Dade (2016-2022)
726,3750,87080900,MIAMI-DADE,25.844751,-80.270227,55500,2025,6.83,205,87,10,0.2004,0.0098,0.1051,MODERATE,priority_score = 0.5 × aadt_score + 0.5 × hurricane_proximity_score,FDOT Annual Average Daily Traffic TDA (2025),NOAA HURDAT2 Atlantic Hurricane Database (1851-2023),NOAA Storm Events Database Miami-Dade CZ_FIPS=86 (2014-2022),FEMA OpenFEMA Disaster Declarations Miami-Dade (2016-2022)
727,4112,87080900,MIAMI-DADE,25.840902,-80.280069,55500,2025,6.87,205,87,10,0.2004,0.0097,0.105,MODERATE,priority_score = 0.5 × aadt_score + 0.5 × hurricane_proximity_score,FDOT Annual Average Daily Traffic TDA (2025),NOAA HURDAT2 Atlantic Hurricane Database (1851-2023),NOAA Storm Events Database Miami-Dade CZ_FIPS=86 (2014-2022),FEMA OpenFEMA Disaster Declarations Miami-Dade (2016-2022)
728,4723,87080900,MIAMI-DADE,25.84096,-80.278096,55500,2025,6.92,205,87,10,0.2004,0.0095,0.105,MODERATE,priority_score = 0.5 × aadt_score + 0.5 × hurricane_proximity_score,FDOT Annual Average Daily Traffic TDA (2025),NOAA HURDAT2 Atlantic Hurricane Database (1851-2023),NOAA Storm Events Database Miami-Dade CZ_FIPS=86 (2014-2022),FEMA OpenFEMA Disaster Declarations Miami-Dade (2016-2022)
729,5211,87080900,MIAMI-DADE,25.840456,-80.31863,55500,2025,6.88,206,87,10,0.2004,0.0097,0.105,MODERATE,priority_score = 0.5 × aadt_score + 0.5 × hurricane_proximity_score,FDOT Annual Average Daily Traffic TDA (2025),NOAA HURDAT2 Atlantic Hurricane Database (1851-2023),NOAA Storm Events Database Miami-Dade CZ_FIPS=86 (2014-2022),FEMA OpenFEMA Disaster Declarations Miami-Dade (2016-2022)
730,4533,87080900,MIAMI-DADE,25.840636,-80.321307,55500,2025,6.94,206,87,10,0.2004,0.0095,0.1049,MODERATE,priority_score = 0.5 × aadt_score + 0.5 × hurricane_proximity_score,FDOT Annual Average Daily Traffic TDA (2025),NOAA HURDAT2 Atlantic Hurricane Database (1851-2023),NOAA Storm Events Database Miami-Dade CZ_FIPS=86 (2014-2022),FEMA OpenFEMA Disaster Declarations Miami-Dade (2016-2022)
731,4319,87080900,MIAMI-DADE,25.845783,-80.247188,55500,2025,6.94,204,87,10,0.2004,0.0095,0.1049,MODERATE,priority_score = 0.5 × aadt_score + 0.5 × hurricane_proximity_score,FDOT Annual Average Daily Traffic TDA (2025),NOAA HURDAT2 Atlantic Hurricane Database (1851-2023),NOAA Storm Events Database Miami-Dade CZ_FIPS=86 (2014-2022),FEMA OpenFEMA Disaster Declarations Miami-Dade (2016-2022)
732,2869,87080900,MIAMI-DADE,25.845122,-80.266381,55500,2025,6.97,204,87,10,0.2004,0.0094,0.1049,MODERATE,priority_score = 0.5 × aadt_score + 0.5 × hurricane_proximity_score,FDOT Annual Average Daily Traffic TDA (2025),NOAA HURDAT2 Atlantic Hurricane Database (1851-2023),NOAA Storm Events Database Miami-Dade CZ_FIPS=86 (2014-2022),FEMA OpenFEMA Disaster Declarations Miami-Dade (2016-2022)
733,2056,87240000,MIAMI-DADE,25.809156,-80.240177,51500,2025,4.15,205,87,10,0.1855,0.0242,0.1049,MODERATE,priority_score = 0.5 × aadt_score + 0.5 × hurricane_proximity_score,FDOT Annual Average Daily Traffic TDA (2025),NOAA HURDAT2 Atlantic Hurricane Database (1851-2023),NOAA Storm Events Database Miami-Dade CZ_FIPS=86 (2014-2022),FEMA OpenFEMA Disaster Declarations Miami-Dade (2016-2022)
734,3813,87002000,MIAMI-DADE,25.85097,-80.290162,54000,2025,5.54,208,87,10,0.1948,0.015,0.1049,MODERATE,priority_score = 0.5 × aadt_score + 0.5 × hurricane_proximity_score,FDOT Annual Average Daily Traffic TDA (2025),NOAA HURDAT2 Atlantic Hurricane Database (1851-2023),NOAA Storm Events Database Miami-Dade CZ_FIPS=86 (2014-2022),FEMA OpenFEMA Disaster Declarations Miami-Dade (2016-2022)
735,2866,87080900,MIAMI-DADE,25.841166,-80.274021,55500,2025,7.04,205,87,10,0.2004,0.0092,0.1048,MODERATE,priority_score = 0.5 × aadt_score + 0.5 × hurricane_proximity_score,FDOT Annual Average Daily Traffic TDA (2025),NOAA HURDAT2 Atlantic Hurricane Database (1851-2023),NOAA Storm Events Database Miami-Dade CZ_FIPS=86 (2014-2022),FEMA OpenFEMA Disaster Declarations Miami-Dade (2016-2022)
736,4693,87080900,MIAMI-DADE,25.845748,-80.248262,55500,2025,7.02,204,87,10,0.2004,0.0092,0.1048,MODERATE,priority_score = 0.5 × aadt_score + 0.5 × hurricane_proximity_score,FDOT Annual Average Daily Traffic TDA (2025),NOAA HURDAT2 Atlantic Hurricane Database (1851-2023),NOAA Storm Events Database Miami-Dade CZ_FIPS=86 (2014-2022),FEMA OpenFEMA Disaster Declarations Miami-Dade (2016-2022)
737,4534,87080900,MIAMI-DADE,25.840635,-80.323329,55500,2025,7.0,206,87,10,0.2004,0.0093,0.1048,MODERATE,priority_score = 0.5 × aadt_score + 0.5 × hurricane_proximity_score,FDOT Annual Average Daily Traffic TDA (2025),NOAA HURDAT2 Atlantic Hurricane Database (1851-2023),NOAA Storm Events Database Miami-Dade CZ_FIPS=86 (2014-2022),FEMA OpenFEMA Disaster Declarations Miami-Dade (2016-2022)
738,2936,87047000,MIAMI-DADE,25.660024,-80.334689,54000,2025,5.64,205,87,10,0.1948,0.0145,0.1047,MODERATE,priority_score = 0.5 × aadt_score + 0.5 × hurricane_proximity_score,FDOT Annual Average Daily Traffic TDA (2025),NOAA HURDAT2 Atlantic Hurricane Database (1851-2023),NOAA Storm Events Database Miami-Dade CZ_FIPS=86 (2014-2022),FEMA OpenFEMA Disaster Declarations Miami-Dade (2016-2022)
739,2500,87080900,MIAMI-DADE,25.845686,-80.250171,55500,2025,7.14,204,87,10,0.2004,0.0089,0.1046,MODERATE,priority_score = 0.5 × aadt_score + 0.5 × hurricane_proximity_score,FDOT Annual Average Daily Traffic TDA (2025),NOAA HURDAT2 Atlantic Hurricane Database (1851-2023),NOAA Storm Events Database Miami-Dade CZ_FIPS=86 (2014-2022),FEMA OpenFEMA Disaster Declarations Miami-Dade (2016-2022)
740,2378,87240000,MIAMI-DADE,25.786778,-80.239524,51500,2025,4.22,205,87,10,0.1855,0.0236,0.1046,MODERATE,priority_score = 0.5 × aadt_score + 0.5 × hurricane_proximity_score,FDOT Annual Average Daily Traffic TDA (2025),NOAA HURDAT2 Atlantic Hurricane Database (1851-2023),NOAA Storm Events Database Miami-Dade CZ_FIPS=86 (2014-2022),FEMA OpenFEMA Disaster Declarations Miami-Dade (2016-2022)
741,2478,87240000,MIAMI-DADE,25.810866,-80.240242,51500,2025,4.21,205,87,10,0.1855,0.0237,0.1046,MODERATE,priority_score = 0.5 × aadt_score + 0.5 × hurricane_proximity_score,FDOT Annual Average Daily Traffic TDA (2025),NOAA HURDAT2 Atlantic Hurricane Database (1851-2023),NOAA Storm Events Database Miami-Dade CZ_FIPS=86 (2014-2022),FEMA OpenFEMA Disaster Declarations Miami-Dade (2016-2022)
742,4943,87047000,MIAMI-DADE,25.739734,-80.335664,54000,2025,5.68,206,87,10,0.1948,0.0143,0.1046,MODERATE,priority_score = 0.5 × aadt_score + 0.5 × hurricane_proximity_score,FDOT Annual Average Daily Traffic TDA (2025),NOAA HURDAT2 Atlantic Hurricane Database (1851-2023),NOAA Storm Events Database Miami-Dade CZ_FIPS=86 (2014-2022),FEMA OpenFEMA Disaster Declarations Miami-Dade (2016-2022)
743,2870,87080900,MIAMI-DADE,25.845301,-80.2622,55500,2025,7.16,204,87,10,0.2004,0.0088,0.1046,MODERATE,priority_score = 0.5 × aadt_score + 0.5 × hurricane_proximity_score,FDOT Annual Average Daily Traffic TDA (2025),NOAA HURDAT2 Atlantic Hurricane Database (1851-2023),NOAA Storm Events Database Miami-Dade CZ_FIPS=86 (2014-2022),FEMA OpenFEMA Disaster Declarations Miami-Dade (2016-2022)
744,3864,87047000,MIAMI-DADE,25.740025,-80.33566,54000,2025,5.71,206,87,10,0.1948,0.0142,0.1045,MODERATE,priority_score = 0.5 × aadt_score + 0.5 × hurricane_proximity_score,FDOT Annual Average Daily Traffic TDA (2025),NOAA HURDAT2 Atlantic Hurricane Database (1851-2023),NOAA Storm Events Database Miami-Dade CZ_FIPS=86 (2014-2022),FEMA OpenFEMA Disaster Declarations Miami-Dade (2016-2022)
745,6969,87240000,MIAMI DADE,25.785849,-80.239495,51500,2025,4.26,206,87,10,0.1855,0.0232,0.1044,MODERATE,priority_score = 0.5 × aadt_score + 0.5 × hurricane_proximity_score,FDOT Annual Average Daily Traffic TDA (2025),NOAA HURDAT2 Atlantic Hurricane Database (1851-2023),NOAA Storm Events Database Miami-Dade CZ_FIPS=86 (2014-2022),FEMA OpenFEMA Disaster Declarations Miami-Dade (2016-2022)
746,6932,87080900,MIAMI DADE,25.845615,-80.252368,55500,2025,7.29,204,87,10,0.2004,0.0084,0.1044,MODERATE,priority_score = 0.5 × aadt_score + 0.5 × hurricane_proximity_score,FDOT Annual Average Daily Traffic TDA (2025),NOAA HURDAT2 Atlantic Hurricane Database (1851-2023),NOAA Storm Events Database Miami-Dade CZ_FIPS=86 (2014-2022),FEMA OpenFEMA Disaster Declarations Miami-Dade (2016-2022)
747,6428,87002000,MIAMI-DADE,25.951785,-80.294376,54000,2025,5.79,207,87,10,0.1948,0.0138,0.1043,MODERATE,priority_score = 0.5 × aadt_score + 0.5 × hurricane_proximity_score,FDOT Annual Average Daily Traffic TDA (2025),NOAA HURDAT2 Atlantic Hurricane Database (1851-2023),NOAA Storm Events Database Miami-Dade CZ_FIPS=86 (2014-2022),FEMA OpenFEMA Disaster Declarations Miami-Dade (2016-2022)
748,3201,87080900,MIAMI-DADE,25.845426,-80.258334,55500,2025,7.36,204,87,10,0.2004,0.0082,0.1043,MODERATE,priority_score = 0.5 × aadt_score + 0.5 × hurricane_proximity_score,FDOT Annual Average Daily Traffic TDA (2025),NOAA HURDAT2 Atlantic Hurricane Database (1851-2023),NOAA Storm Events Database Miami-Dade CZ_FIPS=86 (2014-2022),FEMA OpenFEMA Disaster Declarations Miami-Dade (2016-2022)
749,2480,87240000,MIAMI-DADE,25.812679,-80.240311,51500,2025,4.27,205,87,10,0.1855,0.0232,0.1043,MODERATE,priority_score = 0.5 × aadt_score + 0.5 × hurricane_proximity_score,FDOT Annual Average Daily Traffic TDA (2025),NOAA HURDAT2 Atlantic Hurricane Database (1851-2023),NOAA Storm Events Database Miami-Dade CZ_FIPS=86 (2014-2022),FEMA OpenFEMA Disaster Declarations Miami-Dade (2016-2022)
750,2872,87002000,MIAMI-DADE,25.848079,-80.290155,54000,2025,5.86,208,87,10,0.1948,0.0135,0.1042,MODERATE,priority_score = 0.5 × aadt_score + 0.5 × hurricane_proximity_score,FDOT Annual Average Daily Traffic TDA (2025),NOAA HURDAT2 Atlantic Hurricane Database (1851-2023),NOAA Storm Events Database Miami-Dade CZ_FIPS=86 (2014-2022),FEMA OpenFEMA Disaster Declarations Miami-Dade (2016-2022)
751,2013,87170000,MIAMI-DADE,25.925929,-80.161912,55000,2025,6.83,211,87,10,0.1985,0.0098,0.1042,MODERATE,priority_score = 0.5 × aadt_score + 0.5 × hurricane_proximity_score,FDOT Annual Average Daily Traffic TDA (2025),NOAA HURDAT2 Atlantic Hurricane Database (1851-2023),NOAA Storm Events Database Miami-Dade CZ_FIPS=86 (2014-2022),FEMA OpenFEMA Disaster Declarations Miami-Dade (2016-2022)
752,6970,87240000,MIAMI DADE,25.784038,-80.239437,51500,2025,4.33,206,87,10,0.1855,0.0227,0.1041,MODERATE,priority_score = 0.5 × aadt_score + 0.5 × hurricane_proximity_score,FDOT Annual Average Daily Traffic TDA (2025),NOAA HURDAT2 Atlantic Hurricane Database (1851-2023),NOAA Storm Events Database Miami-Dade CZ_FIPS=86 (2014-2022),FEMA OpenFEMA Disaster Declarations Miami-Dade (2016-2022)
753,4944,87047000,MIAMI-DADE,25.741856,-80.335648,54000,2025,5.87,206,87,10,0.1948,0.0135,0.1041,MODERATE,priority_score = 0.5 × aadt_score + 0.5 × hurricane_proximity_score,FDOT Annual Average Daily Traffic TDA (2025),NOAA HURDAT2 Atlantic Hurricane Database (1851-2023),NOAA Storm Events Database Miami-Dade CZ_FIPS=86 (2014-2022),FEMA OpenFEMA Disaster Declarations Miami-Dade (2016-2022)
754,3835,87240000,MIAMI-DADE,25.81452,-80.240346,51500,2025,4.35,205,87,10,0.1855,0.0225,0.104,MODERATE,priority_score = 0.5 × aadt_score + 0.5 × hurricane_proximity_score,FDOT Annual Average Daily Traffic TDA (2025),NOAA HURDAT2 Atlantic Hurricane Database (1851-2023),NOAA Storm Events Database Miami-Dade CZ_FIPS=86 (2014-2022),FEMA OpenFEMA Disaster Declarations Miami-Dade (2016-2022)
755,3915,87170000,MIAMI-DADE,25.925886,-80.163952,55000,2025,7.01,211,87,10,0.1985,0.0093,0.1039,MODERATE,priority_score = 0.5 × aadt_score + 0.5 × hurricane_proximity_score,FDOT Annual Average Daily Traffic TDA (2025),NOAA HURDAT2 Atlantic Hurricane Database (1851-2023),NOAA Storm Events Database Miami-Dade CZ_FIPS=86 (2014-2022),FEMA OpenFEMA Disaster Declarations Miami-Dade (2016-2022)
756,5426,87002000,MIAMI-DADE,25.953545,-80.294395,54000,2025,5.98,207,87,10,0.1948,0.013,0.1039,MODERATE,priority_score = 0.5 × aadt_score + 0.5 × hurricane_proximity_score,FDOT Annual Average Daily Traffic TDA (2025),NOAA HURDAT2 Atlantic Hurricane Database (1851-2023),NOAA Storm Events Database Miami-Dade CZ_FIPS=86 (2014-2022),FEMA OpenFEMA Disaster Declarations Miami-Dade (2016-2022)
757,3746,87240000,MIAMI-DADE,25.783082,-80.239399,51500,2025,4.37,206,87,10,0.1855,0.0223,0.1039,MODERATE,priority_score = 0.5 × aadt_score + 0.5 × hurricane_proximity_score,FDOT Annual Average Daily Traffic TDA (2025),NOAA HURDAT2 Atlantic Hurricane Database (1851-2023),NOAA Storm Events Database Miami-Dade CZ_FIPS=86 (2014-2022),FEMA OpenFEMA Disaster Declarations Miami-Dade (2016-2022)
758,2483,87240000,MIAMI-DADE,25.816404,-80.240421,51500,2025,4.44,205,87,10,0.1855,0.0218,0.1037,MODERATE,priority_score = 0.5 × aadt_score + 0.5 × hurricane_proximity_score,FDOT Annual Average Daily Traffic TDA (2025),NOAA HURDAT2 Atlantic Hurricane Database (1851-2023),NOAA Storm Events Database Miami-Dade CZ_FIPS=86 (2014-2022),FEMA OpenFEMA Disaster Declarations Miami-Dade (2016-2022)
759,4307,87047000,MIAMI-DADE,25.654941,-80.334499,54000,2025,6.09,205,87,10,0.1948,0.0125,0.1037,MODERATE,priority_score = 0.5 × aadt_score + 0.5 × hurricane_proximity_score,FDOT Annual Average Daily Traffic TDA (2025),NOAA HURDAT2 Atlantic Hurricane Database (1851-2023),NOAA Storm Events Database Miami-Dade CZ_FIPS=86 (2014-2022),FEMA OpenFEMA Disaster Declarations Miami-Dade (2016-2022)
760,2302,87053000,MIAMI-DADE,25.774044,-80.197194,46500,2025,2.9,206,87,10,0.167,0.04,0.1035,MODERATE,priority_score = 0.5 × aadt_score + 0.5 × hurricane_proximity_score,FDOT Annual Average Daily Traffic TDA (2025),NOAA HURDAT2 Atlantic Hurricane Database (1851-2023),NOAA Storm Events Database Miami-Dade CZ_FIPS=86 (2014-2022),FEMA OpenFEMA Disaster Declarations Miami-Dade (2016-2022)
761,5557,87047000,MIAMI-DADE,25.647013,-80.332964,54000,2025,6.18,204,87,10,0.1948,0.0122,0.1035,MODERATE,priority_score = 0.5 × aadt_score + 0.5 × hurricane_proximity_score,FDOT Annual Average Daily Traffic TDA (2025),NOAA HURDAT2 Atlantic Hurricane Database (1851-2023),NOAA Storm Events Database Miami-Dade CZ_FIPS=86 (2014-2022),FEMA OpenFEMA Disaster Declarations Miami-Dade (2016-2022)
762,3651,87047000,MIAMI-DADE,25.646887,-80.33264,54000,2025,6.16,204,87,10,0.1948,0.0122,0.1035,MODERATE,priority_score = 0.5 × aadt_score + 0.5 × hurricane_proximity_score,FDOT Annual Average Daily Traffic TDA (2025),NOAA HURDAT2 Atlantic Hurricane Database (1851-2023),NOAA Storm Events Database Miami-Dade CZ_FIPS=86 (2014-2022),FEMA OpenFEMA Disaster Declarations Miami-Dade (2016-2022)
763,5442,87047000,MIAMI-DADE,25.647548,-80.334201,54000,2025,6.3,205,87,10,0.1948,0.0117,0.1033,MODERATE,priority_score = 0.5 × aadt_score + 0.5 × hurricane_proximity_score,FDOT Annual Average Daily Traffic TDA (2025),NOAA HURDAT2 Atlantic Hurricane Database (1851-2023),NOAA Storm Events Database Miami-Dade CZ_FIPS=86 (2014-2022),FEMA OpenFEMA Disaster Declarations Miami-Dade (2016-2022)
764,2333,87240000,MIAMI-DADE,25.779398,-80.239277,51500,2025,4.55,206,87,10,0.1855,0.021,0.1032,MODERATE,priority_score = 0.5 × aadt_score + 0.5 × hurricane_proximity_score,FDOT Annual Average Daily Traffic TDA (2025),NOAA HURDAT2 Atlantic Hurricane Database (1851-2023),NOAA Storm Events Database Miami-Dade CZ_FIPS=86 (2014-2022),FEMA OpenFEMA Disaster Declarations Miami-Dade (2016-2022)
765,3487,87053000,MIAMI-DADE,25.7739,-80.20388,46500,2025,2.93,206,87,10,0.167,0.0394,0.1032,MODERATE,priority_score = 0.5 × aadt_score + 0.5 × hurricane_proximity_score,FDOT Annual Average Daily Traffic TDA (2025),NOAA HURDAT2 Atlantic Hurricane Database (1851-2023),NOAA Storm Events Database Miami-Dade CZ_FIPS=86 (2014-2022),FEMA OpenFEMA Disaster Declarations Miami-Dade (2016-2022)
766,2014,87170000,MIAMI-DADE,25.925626,-80.169988,55000,2025,7.56,211,87,10,0.1985,0.0077,0.1031,MODERATE,priority_score = 0.5 × aadt_score + 0.5 × hurricane_proximity_score,FDOT Annual Average Daily Traffic TDA (2025),NOAA HURDAT2 Atlantic Hurricane Database (1851-2023),NOAA Storm Events Database Miami-Dade CZ_FIPS=86 (2014-2022),FEMA OpenFEMA Disaster Declarations Miami-Dade (2016-2022)
767,4889,87002000,MIAMI-DADE,25.95709,-80.294479,54000,2025,6.37,207,87,10,0.1948,0.0114,0.1031,MODERATE,priority_score = 0.5 × aadt_score + 0.5 × hurricane_proximity_score,FDOT Annual Average Daily Traffic TDA (2025),NOAA HURDAT2 Atlantic Hurricane Database (1851-2023),NOAA Storm Events Database Miami-Dade CZ_FIPS=86 (2014-2022),FEMA OpenFEMA Disaster Declarations Miami-Dade (2016-2022)
768,2962,87047000,MIAMI-DADE,25.747434,-80.33559,54000,2025,6.37,206,87,10,0.1948,0.0114,0.1031,MODERATE,priority_score = 0.5 × aadt_score + 0.5 × hurricane_proximity_score,FDOT Annual Average Daily Traffic TDA (2025),NOAA HURDAT2 Atlantic Hurricane Database (1851-2023),NOAA Storm Events Database Miami-Dade CZ_FIPS=86 (2014-2022),FEMA OpenFEMA Disaster Declarations Miami-Dade (2016-2022)
769,3139,87002000,MIAMI-DADE,25.842644,-80.290147,54000,2025,6.45,208,87,10,0.1948,0.0111,0.103,MODERATE,priority_score = 0.5 × aadt_score + 0.5 × hurricane_proximity_score,FDOT Annual Average Daily Traffic TDA (2025),NOAA HURDAT2 Atlantic Hurricane Database (1851-2023),NOAA Storm Events Database Miami-Dade CZ_FIPS=86 (2014-2022),FEMA OpenFEMA Disaster Declarations Miami-Dade (2016-2022)
770,4702,87047000,MIAMI-DADE,25.651254,-80.334394,54000,2025,6.42,205,87,10,0.1948,0.0112,0.103,MODERATE,priority_score = 0.5 × aadt_score + 0.5 × hurricane_proximity_score,FDOT Annual Average Daily Traffic TDA (2025),NOAA HURDAT2 Atlantic Hurricane Database (1851-2023),NOAA Storm Events Database Miami-Dade CZ_FIPS=86 (2014-2022),FEMA OpenFEMA Disaster Declarations Miami-Dade (2016-2022)
771,3836,87240000,MIAMI-DADE,25.820116,-80.240555,51500,2025,4.64,205,87,10,0.1855,0.0203,0.1029,MODERATE,priority_score = 0.5 × aadt_score + 0.5 × hurricane_proximity_score,FDOT Annual Average Daily Traffic TDA (2025),NOAA HURDAT2 Atlantic Hurricane Database (1851-2023),NOAA Storm Events Database Miami-Dade CZ_FIPS=86 (2014-2022),FEMA OpenFEMA Disaster Declarations Miami-Dade (2016-2022)
772,6338,87047000,MIAMI-DADE,25.748724,-80.335661,54000,2025,6.49,206,87,10,0.1948,0.011,0.1029,MODERATE,priority_score = 0.5 × aadt_score + 0.5 × hurricane_proximity_score,FDOT Annual Average Daily Traffic TDA (2025),NOAA HURDAT2 Atlantic Hurricane Database (1851-2023),NOAA Storm Events Database Miami-Dade CZ_FIPS=86 (2014-2022),FEMA OpenFEMA Disaster Declarations Miami-Dade (2016-2022)
773,3595,87170000,MIAMI-DADE,25.925484,-80.173182,55000,2025,7.85,210,87,10,0.1985,0.0069,0.1027,MODERATE,priority_score = 0.5 × aadt_score + 0.5 × hurricane_proximity_score,FDOT Annual Average Daily Traffic TDA (2025),NOAA HURDAT2 Atlantic Hurricane Database (1851-2023),NOAA Storm Events Database Miami-Dade CZ_FIPS=86 (2014-2022),FEMA OpenFEMA Disaster Declarations Miami-Dade (2016-2022)
774,3978,87002000,MIAMI-DADE,25.84076,-80.289959,54000,2025,6.66,207,87,10,0.1948,0.0104,0.1026,MODERATE,priority_score = 0.5 × aadt_score + 0.5 × hurricane_proximity_score,FDOT Annual Average Daily Traffic TDA (2025),NOAA HURDAT2 Atlantic Hurricane Database (1851-2023),NOAA Storm Events Database Miami-Dade CZ_FIPS=86 (2014-2022),FEMA OpenFEMA Disaster Declarations Miami-Dade (2016-2022)
775,3782,87055000,MIAMI-DADE,25.70291,-80.318129,38000,2025,1.85,206,87,10,0.1354,0.0697,0.1026,MODERATE,priority_score = 0.5 × aadt_score + 0.5 × hurricane_proximity_score,FDOT Annual Average Daily Traffic TDA (2025),NOAA HURDAT2 Atlantic Hurricane Database (1851-2023),NOAA Storm Events Database Miami-Dade CZ_FIPS=86 (2014-2022),FEMA OpenFEMA Disaster Declarations Miami-Dade (2016-2022)
776,2012,87170000,MIAMI-DADE,25.925356,-80.176136,55000,2025,8.12,210,87,10,0.1985,0.0063,0.1024,MODERATE,priority_score = 0.5 × aadt_score + 0.5 × hurricane_proximity_score,FDOT Annual Average Daily Traffic TDA (2025),NOAA HURDAT2 Atlantic Hurricane Database (1851-2023),NOAA Storm Events Database Miami-Dade CZ_FIPS=86 (2014-2022),FEMA OpenFEMA Disaster Declarations Miami-Dade (2016-2022)
777,2486,87240000,MIAMI-DADE,25.823812,-80.240688,51500,2025,4.86,205,87,10,0.1855,0.0188,0.1022,MODERATE,priority_score = 0.5 × aadt_score + 0.5 × hurricane_proximity_score,FDOT Annual Average Daily Traffic TDA (2025),NOAA HURDAT2 Atlantic Hurricane Database (1851-2023),NOAA Storm Events Database Miami-Dade CZ_FIPS=86 (2014-2022),FEMA OpenFEMA Disaster Declarations Miami-Dade (2016-2022)
778,3168,87002000,MIAMI-DADE,25.837973,-80.289816,54000,2025,6.97,206,87,10,0.1948,0.0094,0.1021,MODERATE,priority_score = 0.5 × aadt_score + 0.5 × hurricane_proximity_score,FDOT Annual Average Daily Traffic TDA (2025),NOAA HURDAT2 Atlantic Hurricane Database (1851-2023),NOAA Storm Events Database Miami-Dade CZ_FIPS=86 (2014-2022),FEMA OpenFEMA Disaster Declarations Miami-Dade (2016-2022)
779,2027,87170000,MIAMI-DADE,25.925851,-80.178472,55000,2025,8.36,210,87,10,0.1985,0.0058,0.1021,MODERATE,priority_score = 0.5 × aadt_score + 0.5 × hurricane_proximity_score,FDOT Annual Average Daily Traffic TDA (2025),NOAA HURDAT2 Atlantic Hurricane Database (1851-2023),NOAA Storm Events Database Miami-Dade CZ_FIPS=86 (2014-2022),FEMA OpenFEMA Disaster Declarations Miami-Dade (2016-2022)
780,2998,87062000,MIAMI-DADE,25.707598,-80.285533,35500,2025,1.68,206,87,10,0.1262,0.078,0.1021,MODERATE,priority_score = 0.5 × aadt_score + 0.5 × hurricane_proximity_score,FDOT Annual Average Daily Traffic TDA (2025),NOAA HURDAT2 Atlantic Hurricane Database (1851-2023),NOAA Storm Events Database Miami-Dade CZ_FIPS=86 (2014-2022),FEMA OpenFEMA Disaster Declarations Miami-Dade (2016-2022)
781,3231,87047000,MIAMI-DADE,25.754708,-80.335848,54000,2025,7.06,206,87,10,0.1948,0.0091,0.102,MODERATE,priority_score = 0.5 × aadt_score + 0.5 × hurricane_proximity_score,FDOT Annual Average Daily Traffic TDA (2025),NOAA HURDAT2 Atlantic Hurricane Database (1851-2023),NOAA Storm Events Database Miami-Dade CZ_FIPS=86 (2014-2022),FEMA OpenFEMA Disaster Declarations Miami-Dade (2016-2022)
782,2003,87170000,MIAMI-DADE,25.92697,-80.180087,55000,2025,8.55,210,87,10,0.1985,0.0054,0.1019,MODERATE,priority_score = 0.5 × aadt_score + 0.5 × hurricane_proximity_score,FDOT Annual Average Daily Traffic TDA (2025),NOAA HURDAT2 Atlantic Hurricane Database (1851-2023),NOAA Storm Events Database Miami-Dade CZ_FIPS=86 (2014-2022),FEMA OpenFEMA Disaster Declarations Miami-Dade (2016-2022)
783,4661,87002000,MIAMI-DADE,25.836152,-80.289787,54000,2025,7.17,206,87,10,0.1948,0.0088,0.1018,MODERATE,priority_score = 0.5 × aadt_score + 0.5 × hurricane_proximity_score,FDOT Annual Average Daily Traffic TDA (2025),NOAA HURDAT2 Atlantic Hurricane Database (1851-2023),NOAA Storm Events Database Miami-Dade CZ_FIPS=86 (2014-2022),FEMA OpenFEMA Disaster Declarations Miami-Dade (2016-2022)
784,2204,87240000,MIAMI-DADE,25.77228,-80.23904,51500,2025,4.98,206,87,10,0.1855,0.0181,0.1018,MODERATE,priority_score = 0.5 × aadt_score + 0.5 × hurricane_proximity_score,FDOT Annual Average Daily Traffic TDA (2025),NOAA HURDAT2 Atlantic Hurricane Database (1851-2023),NOAA Storm Events Database Miami-Dade CZ_FIPS=86 (2014-2022),FEMA OpenFEMA Disaster Declarations Miami-Dade (2016-2022)
785,4352,87170000,MIAMI-DADE,25.928493,-80.182567,55000,2025,8.84,210,87,10,0.1985,0.0048,0.1016,MODERATE,priority_score = 0.5 × aadt_score + 0.5 × hurricane_proximity_score,FDOT Annual Average Daily Traffic TDA (2025),NOAA HURDAT2 Atlantic Hurricane Database (1851-2023),NOAA Storm Events Database Miami-Dade CZ_FIPS=86 (2014-2022),FEMA OpenFEMA Disaster Declarations Miami-Dade (2016-2022)
786,2017,87170000,MIAMI-DADE,25.928706,-80.18434,55000,2025,9.02,210,87,10,0.1985,0.0044,0.1015,MODERATE,priority_score = 0.5 × aadt_score + 0.5 × hurricane_proximity_score,FDOT Annual Average Daily Traffic TDA (2025),NOAA HURDAT2 Atlantic Hurricane Database (1851-2023),NOAA Storm Events Database Miami-Dade CZ_FIPS=86 (2014-2022),FEMA OpenFEMA Disaster Declarations Miami-Dade (2016-2022)
787,4150,87038000,MIAMI-DADE,25.866592,-80.301175,48500,2025,3.72,205,87,10,0.1744,0.0284,0.1014,MODERATE,priority_score = 0.5 × aadt_score + 0.5 × hurricane_proximity_score,FDOT Annual Average Daily Traffic TDA (2025),NOAA HURDAT2 Atlantic Hurricane Database (1851-2023),NOAA Storm Events Database Miami-Dade CZ_FIPS=86 (2014-2022),FEMA OpenFEMA Disaster Declarations Miami-Dade (2016-2022)
788,4108,87038000,MIAMI-DADE,25.866588,-80.303541,48500,2025,3.73,205,87,10,0.1744,0.0283,0.1014,MODERATE,priority_score = 0.5 × aadt_score + 0.5 × hurricane_proximity_score,FDOT Annual Average Daily Traffic TDA (2025),NOAA HURDAT2 Atlantic Hurricane Database (1851-2023),NOAA Storm Events Database Miami-Dade CZ_FIPS=86 (2014-2022),FEMA OpenFEMA Disaster Declarations Miami-Dade (2016-2022)
789,3129,87038000,MIAMI-DADE,25.866596,-80.298923,48500,2025,3.72,205,87,10,0.1744,0.0284,0.1014,MODERATE,priority_score = 0.5 × aadt_score + 0.5 × hurricane_proximity_score,FDOT Annual Average Daily Traffic TDA (2025),NOAA HURDAT2 Atlantic Hurricane Database (1851-2023),NOAA Storm Events Database Miami-Dade CZ_FIPS=86 (2014-2022),FEMA OpenFEMA Disaster Declarations Miami-Dade (2016-2022)
790,3280,87038000,MIAMI-DADE,25.866599,-80.29503,48500,2025,3.75,208,87,10,0.1744,0.0281,0.1012,MODERATE,priority_score = 0.5 × aadt_score + 0.5 × hurricane_proximity_score,FDOT Annual Average Daily Traffic TDA (2025),NOAA HURDAT2 Atlantic Hurricane Database (1851-2023),NOAA Storm Events Database Miami-Dade CZ_FIPS=86 (2014-2022),FEMA OpenFEMA Disaster Declarations Miami-Dade (2016-2022)
791,N/A,87002000,N/A,25.968659,-80.29481,54000,2025,7.65,206,87,10,0.1948,0.0074,0.1011,MODERATE,priority_score = 0.5 × aadt_score + 0.5 × hurricane_proximity_score,FDOT Annual Average Daily Traffic TDA (2025),NOAA HURDAT2 Atlantic Hurricane Database (1851-2023),NOAA Storm Events Database Miami-Dade CZ_FIPS=86 (2014-2022),FEMA OpenFEMA Disaster Declarations Miami-Dade (2016-2022)
792,2018,87170000,MIAMI-DADE,25.928534,-80.188369,55000,2025,9.39,210,87,10,0.1985,0.0038,0.1011,MODERATE,priority_score = 0.5 × aadt_score + 0.5 × hurricane_proximity_score,FDOT Annual Average Daily Traffic TDA (2025),NOAA HURDAT2 Atlantic Hurricane Database (1851-2023),NOAA Storm Events Database Miami-Dade CZ_FIPS=86 (2014-2022),FEMA OpenFEMA Disaster Declarations Miami-Dade (2016-2022)
793,3078,87038000,MIAMI-DADE,25.866554,-80.306984,48500,2025,3.78,206,87,10,0.1744,0.0278,0.1011,MODERATE,priority_score = 0.5 × aadt_score + 0.5 × hurricane_proximity_score,FDOT Annual Average Daily Traffic TDA (2025),NOAA HURDAT2 Atlantic Hurricane Database (1851-2023),NOAA Storm Events Database Miami-Dade CZ_FIPS=86 (2014-2022),FEMA OpenFEMA Disaster Declarations Miami-Dade (2016-2022)
794,4283,87055000,MIAMI-DADE,25.702894,-80.318867,38000,2025,1.92,206,87,10,0.1354,0.0667,0.1011,MODERATE,priority_score = 0.5 × aadt_score + 0.5 × hurricane_proximity_score,FDOT Annual Average Daily Traffic TDA (2025),NOAA HURDAT2 Atlantic Hurricane Database (1851-2023),NOAA Storm Events Database Miami-Dade CZ_FIPS=86 (2014-2022),FEMA OpenFEMA Disaster Declarations Miami-Dade (2016-2022)
795,4589,87038000,MIAMI-DADE,25.8666,-80.293147,48500,2025,3.78,208,87,10,0.1744,0.0278,0.1011,MODERATE,priority_score = 0.5 × aadt_score + 0.5 × hurricane_proximity_score,FDOT Annual Average Daily Traffic TDA (2025),NOAA HURDAT2 Atlantic Hurricane Database (1851-2023),NOAA Storm Events Database Miami-Dade CZ_FIPS=86 (2014-2022),FEMA OpenFEMA Disaster Declarations Miami-Dade (2016-2022)
796,4300,87240000,MIAMI-DADE,25.829275,-80.240954,51500,2025,5.23,205,87,10,0.1855,0.0166,0.1011,MODERATE,priority_score = 0.5 × aadt_score + 0.5 × hurricane_proximity_score,FDOT Annual Average Daily Traffic TDA (2025),NOAA HURDAT2 Atlantic Hurricane Database (1851-2023),NOAA Storm Events Database Miami-Dade CZ_FIPS=86 (2014-2022),FEMA OpenFEMA Disaster Declarations Miami-Dade (2016-2022)
797,3362,87047000,MIAMI-DADE,25.761546,-80.336082,54000,2025,7.74,206,87,10,0.1948,0.0072,0.101,MODERATE,priority_score = 0.5 × aadt_score + 0.5 × hurricane_proximity_score,FDOT Annual Average Daily Traffic TDA (2025),NOAA HURDAT2 Atlantic Hurricane Database (1851-2023),NOAA Storm Events Database Miami-Dade CZ_FIPS=86 (2014-2022),FEMA OpenFEMA Disaster Declarations Miami-Dade (2016-2022)
798,2882,87038000,MIAMI-DADE,25.866602,-80.290879,48500,2025,3.82,208,87,10,0.1744,0.0273,0.1009,MODERATE,priority_score = 0.5 × aadt_score + 0.5 × hurricane_proximity_score,FDOT Annual Average Daily Traffic TDA (2025),NOAA HURDAT2 Atlantic Hurricane Database (1851-2023),NOAA Storm Events Database Miami-Dade CZ_FIPS=86 (2014-2022),FEMA OpenFEMA Disaster Declarations Miami-Dade (2016-2022)
799,2239,87240000,MIAMI-DADE,25.766916,-80.238842,51500,2025,5.35,206,87,10,0.1855,0.016,0.1008,MODERATE,priority_score = 0.5 × aadt_score + 0.5 × hurricane_proximity_score,FDOT Annual Average Daily Traffic TDA (2025),NOAA HURDAT2 Atlantic Hurricane Database (1851-2023),NOAA Storm Events Database Miami-Dade CZ_FIPS=86 (2014-2022),FEMA OpenFEMA Disaster Declarations Miami-Dade (2016-2022)
800,3198,87002000,MIAMI-DADE,25.829766,-80.289728,54000,2025,7.88,206,87,10,0.1948,0.0069,0.1008,MODERATE,priority_score = 0.5 × aadt_score + 0.5 × hurricane_proximity_score,FDOT Annual Average Daily Traffic TDA (2025),NOAA HURDAT2 Atlantic Hurricane Database (1851-2023),NOAA Storm Events Database Miami-Dade CZ_FIPS=86 (2014-2022),FEMA OpenFEMA Disaster Declarations Miami-Dade (2016-2022)
801,3737,87170000,MIAMI-DADE,25.928322,-80.193314,55000,2025,9.85,210,87,10,0.1985,0.003,0.1008,MODERATE,priority_score = 0.5 × aadt_score + 0.5 × hurricane_proximity_score,FDOT Annual Average Daily Traffic TDA (2025),NOAA HURDAT2 Atlantic Hurricane Database (1851-2023),NOAA Storm Events Database Miami-Dade CZ_FIPS=86 (2014-2022),FEMA OpenFEMA Disaster Declarations Miami-Dade (2016-2022)
802,2489,87240000,MIAMI-DADE,25.831028,-80.241038,51500,2025,5.36,205,87,10,0.1855,0.0159,0.1007,MODERATE,priority_score = 0.5 × aadt_score + 0.5 × hurricane_proximity_score,FDOT Annual Average Daily Traffic TDA (2025),NOAA HURDAT2 Atlantic Hurricane Database (1851-2023),NOAA Storm Events Database Miami-Dade CZ_FIPS=86 (2014-2022),FEMA OpenFEMA Disaster Declarations Miami-Dade (2016-2022)
803,3447,87240000,MIAMI-DADE,25.766046,-80.23881,51500,2025,5.42,206,87,10,0.1855,0.0156,0.1006,MODERATE,priority_score = 0.5 × aadt_score + 0.5 × hurricane_proximity_score,FDOT Annual Average Daily Traffic TDA (2025),NOAA HURDAT2 Atlantic Hurricane Database (1851-2023),NOAA Storm Events Database Miami-Dade CZ_FIPS=86 (2014-2022),FEMA OpenFEMA Disaster Declarations Miami-Dade (2016-2022)
804,2020,87170000,MIAMI-DADE,25.927646,-80.204429,55000,2025,10.04,210,87,10,0.1985,0.0027,0.1006,MODERATE,priority_score = 0.5 × aadt_score + 0.5 × hurricane_proximity_score,FDOT Annual Average Daily Traffic TDA (2025),NOAA HURDAT2 Atlantic Hurricane Database (1851-2023),NOAA Storm Events Database Miami-Dade CZ_FIPS=86 (2014-2022),FEMA OpenFEMA Disaster Declarations Miami-Dade (2016-2022)
805,4767,87170000,MIAMI-DADE,25.928194,-80.196396,55000,2025,10.14,210,87,10,0.1985,0.0026,0.1005,MODERATE,priority_score = 0.5 × aadt_score + 0.5 × hurricane_proximity_score,FDOT Annual Average Daily Traffic TDA (2025),NOAA HURDAT2 Atlantic Hurricane Database (1851-2023),NOAA Storm Events Database Miami-Dade CZ_FIPS=86 (2014-2022),FEMA OpenFEMA Disaster Declarations Miami-Dade (2016-2022)
806,2253,87240000,MIAMI-DADE,25.765148,-80.238776,51500,2025,5.49,206,87,10,0.1855,0.0153,0.1004,MODERATE,priority_score = 0.5 × aadt_score + 0.5 × hurricane_proximity_score,FDOT Annual Average Daily Traffic TDA (2025),NOAA HURDAT2 Atlantic Hurricane Database (1851-2023),NOAA Storm Events Database Miami-Dade CZ_FIPS=86 (2014-2022),FEMA OpenFEMA Disaster Declarations Miami-Dade (2016-2022)
807,3681,87038000,MIAMI-DADE,25.866545,-80.312374,48500,2025,3.92,206,87,10,0.1744,0.0263,0.1004,MODERATE,priority_score = 0.5 × aadt_score + 0.5 × hurricane_proximity_score,FDOT Annual Average Daily Traffic TDA (2025),NOAA HURDAT2 Atlantic Hurricane Database (1851-2023),NOAA Storm Events Database Miami-Dade CZ_FIPS=86 (2014-2022),FEMA OpenFEMA Disaster Declarations Miami-Dade (2016-2022)
808,4402,87038000,MIAMI-DADE,25.866724,-80.286809,48500,2025,3.93,207,87,10,0.1744,0.0262,0.1003,MODERATE,priority_score = 0.5 × aadt_score + 0.5 × hurricane_proximity_score,FDOT Annual Average Daily Traffic TDA (2025),NOAA HURDAT2 Atlantic Hurricane Database (1851-2023),NOAA Storm Events Database Miami-Dade CZ_FIPS=86 (2014-2022),FEMA OpenFEMA Disaster Declarations Miami-Dade (2016-2022)
809,3383,87170000,MIAMI-DADE,25.928029,-80.200393,55000,2025,10.44,210,87,10,0.1985,0.0021,0.1003,MODERATE,priority_score = 0.5 × aadt_score + 0.5 × hurricane_proximity_score,FDOT Annual Average Daily Traffic TDA (2025),NOAA HURDAT2 Atlantic Hurricane Database (1851-2023),NOAA Storm Events Database Miami-Dade CZ_FIPS=86 (2014-2022),FEMA OpenFEMA Disaster Declarations Miami-Dade (2016-2022)
810,3837,87240000,MIAMI-DADE,25.833405,-80.241151,51500,2025,5.55,204,87,10,0.1855,0.015,0.1002,MODERATE,priority_score = 0.5 × aadt_score + 0.5 × hurricane_proximity_score,FDOT Annual Average Daily Traffic TDA (2025),NOAA HURDAT2 Atlantic Hurricane Database (1851-2023),NOAA Storm Events Database Miami-Dade CZ_FIPS=86 (2014-2022),FEMA OpenFEMA Disaster Declarations Miami-Dade (2016-2022)
811,3747,87047000,MIAMI-DADE,25.769369,-80.336369,54000,2025,8.53,206,87,10,0.1948,0.0054,0.1001,MODERATE,priority_score = 0.5 × aadt_score + 0.5 × hurricane_proximity_score,FDOT Annual Average Daily Traffic TDA (2025),NOAA HURDAT2 Atlantic Hurricane Database (1851-2023),NOAA Storm Events Database Miami-Dade CZ_FIPS=86 (2014-2022),FEMA OpenFEMA Disaster Declarations Miami-Dade (2016-2022)
812,5319,87240000,MIAMI-DADE,25.899087,-80.243613,51500,2025,5.64,209,87,10,0.1855,0.0145,0.1,MODERATE,priority_score = 0.5 × aadt_score + 0.5 × hurricane_proximity_score,FDOT Annual Average Daily Traffic TDA (2025),NOAA HURDAT2 Atlantic Hurricane Database (1851-2023),NOAA Storm Events Database Miami-Dade CZ_FIPS=86 (2014-2022),FEMA OpenFEMA Disaster Declarations Miami-Dade (2016-2022)
813,2980,87240000,MIAMI-DADE,25.897783,-80.243563,51500,2025,5.65,209,87,10,0.1855,0.0145,0.1,MODERATE,priority_score = 0.5 × aadt_score + 0.5 × hurricane_proximity_score,FDOT Annual Average Daily Traffic TDA (2025),NOAA HURDAT2 Atlantic Hurricane Database (1851-2023),NOAA Storm Events Database Miami-Dade CZ_FIPS=86 (2014-2022),FEMA OpenFEMA Disaster Declarations Miami-Dade (2016-2022)
814,3576,87240000,MIAMI-DADE,25.897333,-80.243548,51500,2025,5.65,209,87,10,0.1855,0.0145,0.1,MODERATE,priority_score = 0.5 × aadt_score + 0.5 × hurricane_proximity_score,FDOT Annual Average Daily Traffic TDA (2025),NOAA HURDAT2 Atlantic Hurricane Database (1851-2023),NOAA Storm Events Database Miami-Dade CZ_FIPS=86 (2014-2022),FEMA OpenFEMA Disaster Declarations Miami-Dade (2016-2022)
815,2972,87240000,MIAMI-DADE,25.900349,-80.243663,51500,2025,5.64,209,87,10,0.1855,0.0145,0.1,MODERATE,priority_score = 0.5 × aadt_score + 0.5 × hurricane_proximity_score,FDOT Annual Average Daily Traffic TDA (2025),NOAA HURDAT2 Atlantic Hurricane Database (1851-2023),NOAA Storm Events Database Miami-Dade CZ_FIPS=86 (2014-2022),FEMA OpenFEMA Disaster Declarations Miami-Dade (2016-2022)
816,3723,87038000,MIAMI-DADE,25.86654,-80.315013,48500,2025,4.01,206,87,10,0.1744,0.0255,0.0999,MODERATE,priority_score = 0.5 × aadt_score + 0.5 × hurricane_proximity_score,FDOT Annual Average Daily Traffic TDA (2025),NOAA HURDAT2 Atlantic Hurricane Database (1851-2023),NOAA Storm Events Database Miami-Dade CZ_FIPS=86 (2014-2022),FEMA OpenFEMA Disaster Declarations Miami-Dade (2016-2022)
817,4545,87240000,MIAMI-DADE,25.894304,-80.24343,51500,2025,5.69,209,87,10,0.1855,0.0143,0.0999,MODERATE,priority_score = 0.5 × aadt_score + 0.5 × hurricane_proximity_score,FDOT Annual Average Daily Traffic TDA (2025),NOAA HURDAT2 Atlantic Hurricane Database (1851-2023),NOAA Storm Events Database Miami-Dade CZ_FIPS=86 (2014-2022),FEMA OpenFEMA Disaster Declarations Miami-Dade (2016-2022)
818,2881,87038000,MIAMI-DADE,25.866843,-80.283062,48500,2025,4.06,207,87,10,0.1744,0.025,0.0997,MODERATE,priority_score = 0.5 × aadt_score + 0.5 × hurricane_proximity_score,FDOT Annual Average Daily Traffic TDA (2025),NOAA HURDAT2 Atlantic Hurricane Database (1851-2023),NOAA Storm Events Database Miami-Dade CZ_FIPS=86 (2014-2022),FEMA OpenFEMA Disaster Declarations Miami-Dade (2016-2022)
819,4187,87047000,MIAMI-DADE,25.773002,-80.336489,54000,2025,8.9,206,87,10,0.1948,0.0047,0.0997,MODERATE,priority_score = 0.5 × aadt_score + 0.5 × hurricane_proximity_score,FDOT Annual Average Daily Traffic TDA (2025),NOAA HURDAT2 Atlantic Hurricane Database (1851-2023),NOAA Storm Events Database Miami-Dade CZ_FIPS=86 (2014-2022),FEMA OpenFEMA Disaster Declarations Miami-Dade (2016-2022)
820,2182,87240000,MIAMI-DADE,25.739952,-80.237832,51500,2025,5.84,206,87,10,0.1855,0.0136,0.0996,MODERATE,priority_score = 0.5 × aadt_score + 0.5 × hurricane_proximity_score,FDOT Annual Average Daily Traffic TDA (2025),NOAA HURDAT2 Atlantic Hurricane Database (1851-2023),NOAA Storm Events Database Miami-Dade CZ_FIPS=86 (2014-2022),FEMA OpenFEMA Disaster Declarations Miami-Dade (2016-2022)
821,4498,87062000,MIAMI-DADE,25.709426,-80.285592,35500,2025,1.78,206,87,10,0.1262,0.0729,0.0995,MODERATE,priority_score = 0.5 × aadt_score + 0.5 × hurricane_proximity_score,FDOT Annual Average Daily Traffic TDA (2025),NOAA HURDAT2 Atlantic Hurricane Database (1851-2023),NOAA Storm Events Database Miami-Dade CZ_FIPS=86 (2014-2022),FEMA OpenFEMA Disaster Declarations Miami-Dade (2016-2022)
822,3722,87038000,MIAMI-DADE,25.866539,-80.317845,48500,2025,4.13,206,87,10,0.1744,0.0244,0.0994,MODERATE,priority_score = 0.5 × aadt_score + 0.5 × hurricane_proximity_score,FDOT Annual Average Daily Traffic TDA (2025),NOAA HURDAT2 Atlantic Hurricane Database (1851-2023),NOAA Storm Events Database Miami-Dade CZ_FIPS=86 (2014-2022),FEMA OpenFEMA Disaster Declarations Miami-Dade (2016-2022)
823,4679,87240000,MIAMI-DADE,25.740764,-80.237872,51500,2025,5.91,206,87,10,0.1855,0.0133,0.0994,MODERATE,priority_score = 0.5 × aadt_score + 0.5 × hurricane_proximity_score,FDOT Annual Average Daily Traffic TDA (2025),NOAA HURDAT2 Atlantic Hurricane Database (1851-2023),NOAA Storm Events Database Miami-Dade CZ_FIPS=86 (2014-2022),FEMA OpenFEMA Disaster Declarations Miami-Dade (2016-2022)
824,4850,87047000,MIAMI-DADE,25.776386,-80.336597,54000,2025,9.25,206,87,10,0.1948,0.004,0.0994,MODERATE,priority_score = 0.5 × aadt_score + 0.5 × hurricane_proximity_score,FDOT Annual Average Daily Traffic TDA (2025),NOAA HURDAT2 Atlantic Hurricane Database (1851-2023),NOAA Storm Events Database Miami-Dade CZ_FIPS=86 (2014-2022),FEMA OpenFEMA Disaster Declarations Miami-Dade (2016-2022)
825,4818,87047000,MIAMI-DADE,25.777359,-80.336604,54000,2025,9.35,206,87,10,0.1948,0.0038,0.0993,MODERATE,priority_score = 0.5 × aadt_score + 0.5 × hurricane_proximity_score,FDOT Annual Average Daily Traffic TDA (2025),NOAA HURDAT2 Atlantic Hurricane Database (1851-2023),NOAA Storm Events Database Miami-Dade CZ_FIPS=86 (2014-2022),FEMA OpenFEMA Disaster Declarations Miami-Dade (2016-2022)
826,3588,87240000,MIAMI-DADE,25.838506,-80.241388,51500,2025,5.96,204,87,10,0.1855,0.0131,0.0993,MODERATE,priority_score = 0.5 × aadt_score + 0.5 × hurricane_proximity_score,FDOT Annual Average Daily Traffic TDA (2025),NOAA HURDAT2 Atlantic Hurricane Database (1851-2023),NOAA Storm Events Database Miami-Dade CZ_FIPS=86 (2014-2022),FEMA OpenFEMA Disaster Declarations Miami-Dade (2016-2022)
827,4269,87047000,MIAMI-DADE,25.778041,-80.336604,54000,2025,9.42,206,87,10,0.1948,0.0037,0.0993,MODERATE,priority_score = 0.5 × aadt_score + 0.5 × hurricane_proximity_score,FDOT Annual Average Daily Traffic TDA (2025),NOAA HURDAT2 Atlantic Hurricane Database (1851-2023),NOAA Storm Events Database Miami-Dade CZ_FIPS=86 (2014-2022),FEMA OpenFEMA Disaster Declarations Miami-Dade (2016-2022)
828,2520,87240000,MIAMI-DADE,25.882706,-80.243027,51500,2025,6.01,210,87,10,0.1855,0.0129,0.0992,MODERATE,priority_score = 0.5 × aadt_score + 0.5 × hurricane_proximity_score,FDOT Annual Average Daily Traffic TDA (2025),NOAA HURDAT2 Atlantic Hurricane Database (1851-2023),NOAA Storm Events Database Miami-Dade CZ_FIPS=86 (2014-2022),FEMA OpenFEMA Disaster Declarations Miami-Dade (2016-2022)
829,2259,87240000,MIAMI-DADE,25.75774,-80.238485,51500,2025,6.08,206,87,10,0.1855,0.0126,0.099,MODERATE,priority_score = 0.5 × aadt_score + 0.5 × hurricane_proximity_score,FDOT Annual Average Daily Traffic TDA (2025),NOAA HURDAT2 Atlantic Hurricane Database (1851-2023),NOAA Storm Events Database Miami-Dade CZ_FIPS=86 (2014-2022),FEMA OpenFEMA Disaster Declarations Miami-Dade (2016-2022)
830,4562,87047000,MIAMI-DADE,25.780643,-80.336601,54000,2025,9.69,206,87,10,0.1948,0.0033,0.099,MODERATE,priority_score = 0.5 × aadt_score + 0.5 × hurricane_proximity_score,FDOT Annual Average Daily Traffic TDA (2025),NOAA HURDAT2 Atlantic Hurricane Database (1851-2023),NOAA Storm Events Database Miami-Dade CZ_FIPS=86 (2014-2022),FEMA OpenFEMA Disaster Declarations Miami-Dade (2016-2022)
831,4109,87038000,MIAMI-DADE,25.866532,-80.320419,48500,2025,4.25,206,87,10,0.1744,0.0233,0.0989,MODERATE,priority_score = 0.5 × aadt_score + 0.5 × hurricane_proximity_score,FDOT Annual Average Daily Traffic TDA (2025),NOAA HURDAT2 Atlantic Hurricane Database (1851-2023),NOAA Storm Events Database Miami-Dade CZ_FIPS=86 (2014-2022),FEMA OpenFEMA Disaster Declarations Miami-Dade (2016-2022)
832,6446,87240000,MIAMI-DADE,25.74381,-80.23794,51500,2025,6.18,206,87,10,0.1855,0.0122,0.0988,MODERATE,priority_score = 0.5 × aadt_score + 0.5 × hurricane_proximity_score,FDOT Annual Average Daily Traffic TDA (2025),NOAA HURDAT2 Atlantic Hurricane Database (1851-2023),NOAA Storm Events Database Miami-Dade CZ_FIPS=86 (2014-2022),FEMA OpenFEMA Disaster Declarations Miami-Dade (2016-2022)
833,4338,87047000,MIAMI-DADE,25.783432,-80.336593,54000,2025,9.97,206,87,10,0.1948,0.0028,0.0988,MODERATE,priority_score = 0.5 × aadt_score + 0.5 × hurricane_proximity_score,FDOT Annual Average Daily Traffic TDA (2025),NOAA HURDAT2 Atlantic Hurricane Database (1851-2023),NOAA Storm Events Database Miami-Dade CZ_FIPS=86 (2014-2022),FEMA OpenFEMA Disaster Declarations Miami-Dade (2016-2022)
834,3840,87240000,MIAMI-DADE,25.878808,-80.242841,51500,2025,6.18,210,87,10,0.1855,0.0122,0.0988,MODERATE,priority_score = 0.5 × aadt_score + 0.5 × hurricane_proximity_score,FDOT Annual Average Daily Traffic TDA (2025),NOAA HURDAT2 Atlantic Hurricane Database (1851-2023),NOAA Storm Events Database Miami-Dade CZ_FIPS=86 (2014-2022),FEMA OpenFEMA Disaster Declarations Miami-Dade (2016-2022)
835,3220,87240000,MIAMI-DADE,25.877069,-80.242775,51500,2025,6.27,209,87,10,0.1855,0.0118,0.0987,MODERATE,priority_score = 0.5 × aadt_score + 0.5 × hurricane_proximity_score,FDOT Annual Average Daily Traffic TDA (2025),NOAA HURDAT2 Atlantic Hurricane Database (1851-2023),NOAA Storm Events Database Miami-Dade CZ_FIPS=86 (2014-2022),FEMA OpenFEMA Disaster Declarations Miami-Dade (2016-2022)
836,2494,87240000,MIAMI-DADE,25.842652,-80.241541,51500,2025,6.31,204,87,10,0.1855,0.0117,0.0986,MODERATE,priority_score = 0.5 × aadt_score + 0.5 × hurricane_proximity_score,FDOT Annual Average Daily Traffic TDA (2025),NOAA HURDAT2 Atlantic Hurricane Database (1851-2023),NOAA Storm Events Database Miami-Dade CZ_FIPS=86 (2014-2022),FEMA OpenFEMA Disaster Declarations Miami-Dade (2016-2022)
837,3683,87038000,MIAMI-DADE,25.866594,-80.322686,48500,2025,4.35,206,87,10,0.1744,0.0225,0.0985,MODERATE,priority_score = 0.5 × aadt_score + 0.5 × hurricane_proximity_score,FDOT Annual Average Daily Traffic TDA (2025),NOAA HURDAT2 Atlantic Hurricane Database (1851-2023),NOAA Storm Events Database Miami-Dade CZ_FIPS=86 (2014-2022),FEMA OpenFEMA Disaster Declarations Miami-Dade (2016-2022)
838,3333,87038000,MIAMI-DADE,25.867041,-80.276808,48500,2025,4.34,207,87,10,0.1744,0.0226,0.0985,MODERATE,priority_score = 0.5 × aadt_score + 0.5 × hurricane_proximity_score,FDOT Annual Average Daily Traffic TDA (2025),NOAA HURDAT2 Atlantic Hurricane Database (1851-2023),NOAA Storm Events Database Miami-Dade CZ_FIPS=86 (2014-2022),FEMA OpenFEMA Disaster Declarations Miami-Dade (2016-2022)
839,3689,87240000,MIAMI-DADE,25.874155,-80.242668,51500,2025,6.42,209,87,10,0.1855,0.0112,0.0984,MODERATE,priority_score = 0.5 × aadt_score + 0.5 × hurricane_proximity_score,FDOT Annual Average Daily Traffic TDA (2025),NOAA HURDAT2 Atlantic Hurricane Database (1851-2023),NOAA Storm Events Database Miami-Dade CZ_FIPS=86 (2014-2022),FEMA OpenFEMA Disaster Declarations Miami-Dade (2016-2022)
840,2981,87240000,MIAMI-DADE,25.907614,-80.236243,51500,2025,6.43,209,87,10,0.1855,0.0112,0.0984,MODERATE,priority_score = 0.5 × aadt_score + 0.5 × hurricane_proximity_score,FDOT Annual Average Daily Traffic TDA (2025),NOAA HURDAT2 Atlantic Hurricane Database (1851-2023),NOAA Storm Events Database Miami-Dade CZ_FIPS=86 (2014-2022),FEMA OpenFEMA Disaster Declarations Miami-Dade (2016-2022)
841,3917,87038000,MIAMI-DADE,25.866649,-80.323392,48500,2025,4.39,206,87,10,0.1744,0.0222,0.0983,MODERATE,priority_score = 0.5 × aadt_score + 0.5 × hurricane_proximity_score,FDOT Annual Average Daily Traffic TDA (2025),NOAA HURDAT2 Atlantic Hurricane Database (1851-2023),NOAA Storm Events Database Miami-Dade CZ_FIPS=86 (2014-2022),FEMA OpenFEMA Disaster Declarations Miami-Dade (2016-2022)
842,4264,87026005,MIAMI-DADE,25.939248,-80.293841,48500,2025,4.41,208,87,10,0.1744,0.022,0.0982,MODERATE,priority_score = 0.5 × aadt_score + 0.5 × hurricane_proximity_score,FDOT Annual Average Daily Traffic TDA (2025),NOAA HURDAT2 Atlantic Hurricane Database (1851-2023),NOAA Storm Events Database Miami-Dade CZ_FIPS=86 (2014-2022),FEMA OpenFEMA Disaster Declarations Miami-Dade (2016-2022)
843,5956,87038000,MIAMI-DADE,25.866969,-80.325118,48500,2025,4.45,206,87,10,0.1744,0.0217,0.0981,MODERATE,priority_score = 0.5 × aadt_score + 0.5 × hurricane_proximity_score,FDOT Annual Average Daily Traffic TDA (2025),NOAA HURDAT2 Atlantic Hurricane Database (1851-2023),NOAA Storm Events Database Miami-Dade CZ_FIPS=86 (2014-2022),FEMA OpenFEMA Disaster Declarations Miami-Dade (2016-2022)
844,2878,87038000,MIAMI-DADE,25.867105,-80.274782,48500,2025,4.44,208,87,10,0.1744,0.0218,0.0981,MODERATE,priority_score = 0.5 × aadt_score + 0.5 × hurricane_proximity_score,FDOT Annual Average Daily Traffic TDA (2025),NOAA HURDAT2 Atlantic Hurricane Database (1851-2023),NOAA Storm Events Database Miami-Dade CZ_FIPS=86 (2014-2022),FEMA OpenFEMA Disaster Declarations Miami-Dade (2016-2022)
845,4750,87038000,MIAMI-DADE,25.867277,-80.325863,48500,2025,4.46,207,87,10,0.1744,0.0216,0.098,MODERATE,priority_score = 0.5 × aadt_score + 0.5 × hurricane_proximity_score,FDOT Annual Average Daily Traffic TDA (2025),NOAA HURDAT2 Atlantic Hurricane Database (1851-2023),NOAA Storm Events Database Miami-Dade CZ_FIPS=86 (2014-2022),FEMA OpenFEMA Disaster Declarations Miami-Dade (2016-2022)
846,4783,87150000,MIAMI-DADE,25.594169,-80.478475,39500,2025,2.25,202,87,10,0.141,0.0551,0.098,MODERATE,priority_score = 0.5 × aadt_score + 0.5 × hurricane_proximity_score,FDOT Annual Average Daily Traffic TDA (2025),NOAA HURDAT2 Atlantic Hurricane Database (1851-2023),NOAA Storm Events Database Miami-Dade CZ_FIPS=86 (2014-2022),FEMA OpenFEMA Disaster Declarations Miami-Dade (2016-2022)
847,3821,87240000,MIAMI-DADE,25.87014,-80.242518,51500,2025,6.64,208,87,10,0.1855,0.0105,0.098,MODERATE,priority_score = 0.5 × aadt_score + 0.5 × hurricane_proximity_score,FDOT Annual Average Daily Traffic TDA (2025),NOAA HURDAT2 Atlantic Hurricane Database (1851-2023),NOAA Storm Events Database Miami-Dade CZ_FIPS=86 (2014-2022),FEMA OpenFEMA Disaster Declarations Miami-Dade (2016-2022)
848,4895,87038000,MIAMI-DADE,25.868054,-80.327105,48500,2025,4.47,207,87,10,0.1744,0.0216,0.098,MODERATE,priority_score = 0.5 × aadt_score + 0.5 × hurricane_proximity_score,FDOT Annual Average Daily Traffic TDA (2025),NOAA HURDAT2 Atlantic Hurricane Database (1851-2023),NOAA Storm Events Database Miami-Dade CZ_FIPS=86 (2014-2022),FEMA OpenFEMA Disaster Declarations Miami-Dade (2016-2022)
849,2499,87240000,MIAMI-DADE,25.846102,-80.241674,51500,2025,6.61,204,87,10,0.1855,0.0106,0.098,MODERATE,priority_score = 0.5 × aadt_score + 0.5 × hurricane_proximity_score,FDOT Annual Average Daily Traffic TDA (2025),NOAA HURDAT2 Atlantic Hurricane Database (1851-2023),NOAA Storm Events Database Miami-Dade CZ_FIPS=86 (2014-2022),FEMA OpenFEMA Disaster Declarations Miami-Dade (2016-2022)
850,2265,87240000,MIAMI-DADE,25.750305,-80.238178,51500,2025,6.72,206,87,10,0.1855,0.0102,0.0979,MODERATE,priority_score = 0.5 × aadt_score + 0.5 × hurricane_proximity_score,FDOT Annual Average Daily Traffic TDA (2025),NOAA HURDAT2 Atlantic Hurricane Database (1851-2023),NOAA Storm Events Database Miami-Dade CZ_FIPS=86 (2014-2022),FEMA OpenFEMA Disaster Declarations Miami-Dade (2016-2022)
851,6757,87026005,NW 62 AVE,25.940331,-80.299564,48500,2025,4.48,207,87,10,0.1744,0.0215,0.0979,MODERATE,priority_score = 0.5 × aadt_score + 0.5 × hurricane_proximity_score,FDOT Annual Average Daily Traffic TDA (2025),NOAA HURDAT2 Atlantic Hurricane Database (1851-2023),NOAA Storm Events Database Miami-Dade CZ_FIPS=86 (2014-2022),FEMA OpenFEMA Disaster Declarations Miami-Dade (2016-2022)
852,2512,87240000,MIAMI-DADE,25.867962,-80.242509,51500,2025,6.77,208,87,10,0.1855,0.01,0.0978,MODERATE,priority_score = 0.5 × aadt_score + 0.5 × hurricane_proximity_score,FDOT Annual Average Daily Traffic TDA (2025),NOAA HURDAT2 Atlantic Hurricane Database (1851-2023),NOAA Storm Events Database Miami-Dade CZ_FIPS=86 (2014-2022),FEMA OpenFEMA Disaster Declarations Miami-Dade (2016-2022)
853,5952,87038000,MIAMI-DADE,25.869165,-80.329521,48500,2025,4.53,207,87,10,0.1744,0.0211,0.0978,MODERATE,priority_score = 0.5 × aadt_score + 0.5 × hurricane_proximity_score,FDOT Annual Average Daily Traffic TDA (2025),NOAA HURDAT2 Atlantic Hurricane Database (1851-2023),NOAA Storm Events Database Miami-Dade CZ_FIPS=86 (2014-2022),FEMA OpenFEMA Disaster Declarations Miami-Dade (2016-2022)
854,5237,87038000,MIAMI-DADE,25.869317,-80.331181,48500,2025,4.62,207,87,10,0.1744,0.0205,0.0974,MODERATE,priority_score = 0.5 × aadt_score + 0.5 × hurricane_proximity_score,FDOT Annual Average Daily Traffic TDA (2025),NOAA HURDAT2 Atlantic Hurricane Database (1851-2023),NOAA Storm Events Database Miami-Dade CZ_FIPS=86 (2014-2022),FEMA OpenFEMA Disaster Declarations Miami-Dade (2016-2022)
855,3385,87240000,MIAMI-DADE,25.850568,-80.241835,51500,2025,7.01,204,87,10,0.1855,0.0093,0.0974,MODERATE,priority_score = 0.5 × aadt_score + 0.5 × hurricane_proximity_score,FDOT Annual Average Daily Traffic TDA (2025),NOAA HURDAT2 Atlantic Hurricane Database (1851-2023),NOAA Storm Events Database Miami-Dade CZ_FIPS=86 (2014-2022),FEMA OpenFEMA Disaster Declarations Miami-Dade (2016-2022)
856,2502,87240000,MIAMI-DADE,25.853294,-80.241931,51500,2025,7.26,205,87,10,0.1855,0.0085,0.097,MODERATE,priority_score = 0.5 × aadt_score + 0.5 × hurricane_proximity_score,FDOT Annual Average Daily Traffic TDA (2025),NOAA HURDAT2 Atlantic Hurricane Database (1851-2023),NOAA Storm Events Database Miami-Dade CZ_FIPS=86 (2014-2022),FEMA OpenFEMA Disaster Declarations Miami-Dade (2016-2022)
857,2507,87240000,MIAMI-DADE,25.860425,-80.242176,51500,2025,7.27,208,87,10,0.1855,0.0085,0.097,MODERATE,priority_score = 0.5 × aadt_score + 0.5 × hurricane_proximity_score,FDOT Annual Average Daily Traffic TDA (2025),NOAA HURDAT2 Atlantic Hurricane Database (1851-2023),NOAA Storm Events Database Miami-Dade CZ_FIPS=86 (2014-2022),FEMA OpenFEMA Disaster Declarations Miami-Dade (2016-2022)
858,4511,87026005,MIAMI-DADE,25.942305,-80.306696,48500,2025,4.75,205,87,10,0.1744,0.0196,0.097,MODERATE,priority_score = 0.5 × aadt_score + 0.5 × hurricane_proximity_score,FDOT Annual Average Daily Traffic TDA (2025),NOAA HURDAT2 Atlantic Hurricane Database (1851-2023),NOAA Storm Events Database Miami-Dade CZ_FIPS=86 (2014-2022),FEMA OpenFEMA Disaster Declarations Miami-Dade (2016-2022)
859,6498,87240000,MIAMI-DADE,25.859976,-80.242161,51500,2025,7.3,208,87,10,0.1855,0.0084,0.097,MODERATE,priority_score = 0.5 × aadt_score + 0.5 × hurricane_proximity_score,FDOT Annual Average Daily Traffic TDA (2025),NOAA HURDAT2 Atlantic Hurricane Database (1851-2023),NOAA Storm Events Database Miami-Dade CZ_FIPS=86 (2014-2022),FEMA OpenFEMA Disaster Declarations Miami-Dade (2016-2022)
860,4891,87026005,MIAMI-DADE,25.942308,-80.309988,48500,2025,4.81,205,87,10,0.1744,0.0192,0.0968,MODERATE,priority_score = 0.5 × aadt_score + 0.5 × hurricane_proximity_score,FDOT Annual Average Daily Traffic TDA (2025),NOAA HURDAT2 Atlantic Hurricane Database (1851-2023),NOAA Storm Events Database Miami-Dade CZ_FIPS=86 (2014-2022),FEMA OpenFEMA Disaster Declarations Miami-Dade (2016-2022)
861,4287,87026005,MIAMI-DADE,25.942057,-80.313176,48500,2025,4.86,206,87,10,0.1744,0.0188,0.0966,MODERATE,priority_score = 0.5 × aadt_score + 0.5 × hurricane_proximity_score,FDOT Annual Average Daily Traffic TDA (2025),NOAA HURDAT2 Atlantic Hurricane Database (1851-2023),NOAA Storm Events Database Miami-Dade CZ_FIPS=86 (2014-2022),FEMA OpenFEMA Disaster Declarations Miami-Dade (2016-2022)
862,2879,87038000,MIAMI-DADE,25.867264,-80.266803,48500,2025,4.93,208,87,10,0.1744,0.0184,0.0964,MODERATE,priority_score = 0.5 × aadt_score + 0.5 × hurricane_proximity_score,FDOT Annual Average Daily Traffic TDA (2025),NOAA HURDAT2 Atlantic Hurricane Database (1851-2023),NOAA Storm Events Database Miami-Dade CZ_FIPS=86 (2014-2022),FEMA OpenFEMA Disaster Declarations Miami-Dade (2016-2022)
863,6864,87026005,MIAMI-DADE,25.941484,-80.31912,48500,2025,4.99,206,87,10,0.1744,0.018,0.0962,MODERATE,priority_score = 0.5 × aadt_score + 0.5 × hurricane_proximity_score,FDOT Annual Average Daily Traffic TDA (2025),NOAA HURDAT2 Atlantic Hurricane Database (1851-2023),NOAA Storm Events Database Miami-Dade CZ_FIPS=86 (2014-2022),FEMA OpenFEMA Disaster Declarations Miami-Dade (2016-2022)
864,5490,87062000,MIAMI-DADE,25.711747,-80.285666,35500,2025,1.94,206,87,10,0.1262,0.0659,0.096,MODERATE,priority_score = 0.5 × aadt_score + 0.5 × hurricane_proximity_score,FDOT Annual Average Daily Traffic TDA (2025),NOAA HURDAT2 Atlantic Hurricane Database (1851-2023),NOAA Storm Events Database Miami-Dade CZ_FIPS=86 (2014-2022),FEMA OpenFEMA Disaster Declarations Miami-Dade (2016-2022)
865,2880,87038000,MIAMI-DADE,25.867335,-80.263087,48500,2025,5.18,208,87,10,0.1744,0.0169,0.0957,MODERATE,priority_score = 0.5 × aadt_score + 0.5 × hurricane_proximity_score,FDOT Annual Average Daily Traffic TDA (2025),NOAA HURDAT2 Atlantic Hurricane Database (1851-2023),NOAA Storm Events Database Miami-Dade CZ_FIPS=86 (2014-2022),FEMA OpenFEMA Disaster Declarations Miami-Dade (2016-2022)
866,6476,87026005,MIAMI-DADE,25.94218,-80.321996,48500,2025,5.18,206,87,10,0.1744,0.0169,0.0957,MODERATE,priority_score = 0.5 × aadt_score + 0.5 × hurricane_proximity_score,FDOT Annual Average Daily Traffic TDA (2025),NOAA HURDAT2 Atlantic Hurricane Database (1851-2023),NOAA Storm Events Database Miami-Dade CZ_FIPS=86 (2014-2022),FEMA OpenFEMA Disaster Declarations Miami-Dade (2016-2022)
867,7785,87240000,  MIAMI-DADE,25.919828,-80.218119,51500,2025,8.48,209,87,10,0.1855,0.0055,0.0955,MODERATE,priority_score = 0.5 × aadt_score + 0.5 × hurricane_proximity_score,FDOT Annual Average Daily Traffic TDA (2025),NOAA HURDAT2 Atlantic Hurricane Database (1851-2023),NOAA Storm Events Database Miami-Dade CZ_FIPS=86 (2014-2022),FEMA OpenFEMA Disaster Declarations Miami-Dade (2016-2022)
868,4973,87026005,MIAMI-DADE,25.942286,-80.323544,48500,2025,5.26,206,87,10,0.1744,0.0165,0.0954,MODERATE,priority_score = 0.5 × aadt_score + 0.5 × hurricane_proximity_score,FDOT Annual Average Daily Traffic TDA (2025),NOAA HURDAT2 Atlantic Hurricane Database (1851-2023),NOAA Storm Events Database Miami-Dade CZ_FIPS=86 (2014-2022),FEMA OpenFEMA Disaster Declarations Miami-Dade (2016-2022)
869,5203,87038000,MIAMI-DADE,25.868104,-80.339093,48500,2025,5.28,208,87,10,0.1744,0.0164,0.0954,MODERATE,priority_score = 0.5 × aadt_score + 0.5 × hurricane_proximity_score,FDOT Annual Average Daily Traffic TDA (2025),NOAA HURDAT2 Atlantic Hurricane Database (1851-2023),NOAA Storm Events Database Miami-Dade CZ_FIPS=86 (2014-2022),FEMA OpenFEMA Disaster Declarations Miami-Dade (2016-2022)
870,4896,87038000,MIAMI-DADE,25.867641,-80.33965,48500,2025,5.36,208,87,10,0.1744,0.0159,0.0952,MODERATE,priority_score = 0.5 × aadt_score + 0.5 × hurricane_proximity_score,FDOT Annual Average Daily Traffic TDA (2025),NOAA HURDAT2 Atlantic Hurricane Database (1851-2023),NOAA Storm Events Database Miami-Dade CZ_FIPS=86 (2014-2022),FEMA OpenFEMA Disaster Declarations Miami-Dade (2016-2022)
871,5774,87026005,MIAMI-DADE,25.942286,-80.326709,48500,2025,5.41,206,87,10,0.1744,0.0157,0.095,MODERATE,priority_score = 0.5 × aadt_score + 0.5 × hurricane_proximity_score,FDOT Annual Average Daily Traffic TDA (2025),NOAA HURDAT2 Atlantic Hurricane Database (1851-2023),NOAA Storm Events Database Miami-Dade CZ_FIPS=86 (2014-2022),FEMA OpenFEMA Disaster Declarations Miami-Dade (2016-2022)
872,4514,87038000,MIAMI-DADE,25.867185,-80.34005,48500,2025,5.42,208,87,10,0.1744,0.0156,0.095,MODERATE,priority_score = 0.5 × aadt_score + 0.5 × hurricane_proximity_score,FDOT Annual Average Daily Traffic TDA (2025),NOAA HURDAT2 Atlantic Hurricane Database (1851-2023),NOAA Storm Events Database Miami-Dade CZ_FIPS=86 (2014-2022),FEMA OpenFEMA Disaster Declarations Miami-Dade (2016-2022)
873,6119,87026005,MIAMI-DADE,25.942289,-80.329246,48500,2025,5.54,206,87,10,0.1744,0.015,0.0947,MODERATE,priority_score = 0.5 × aadt_score + 0.5 × hurricane_proximity_score,FDOT Annual Average Daily Traffic TDA (2025),NOAA HURDAT2 Atlantic Hurricane Database (1851-2023),NOAA Storm Events Database Miami-Dade CZ_FIPS=86 (2014-2022),FEMA OpenFEMA Disaster Declarations Miami-Dade (2016-2022)
874,4320,87008000,MIAMI-DADE,25.896286,-80.275212,39500,2025,2.51,208,87,10,0.141,0.0481,0.0945,MODERATE,priority_score = 0.5 × aadt_score + 0.5 × hurricane_proximity_score,FDOT Annual Average Daily Traffic TDA (2025),NOAA HURDAT2 Atlantic Hurricane Database (1851-2023),NOAA Storm Events Database Miami-Dade CZ_FIPS=86 (2014-2022),FEMA OpenFEMA Disaster Declarations Miami-Dade (2016-2022)
875,4915,87026005,MIAMI-DADE,25.942285,-80.334,48500,2025,5.8,206,87,10,0.1744,0.0138,0.0941,MODERATE,priority_score = 0.5 × aadt_score + 0.5 × hurricane_proximity_score,FDOT Annual Average Daily Traffic TDA (2025),NOAA HURDAT2 Atlantic Hurricane Database (1851-2023),NOAA Storm Events Database Miami-Dade CZ_FIPS=86 (2014-2022),FEMA OpenFEMA Disaster Declarations Miami-Dade (2016-2022)
876,2203,87053000,MIAMI-DADE,25.77248,-80.234765,46500,2025,4.63,206,87,10,0.167,0.0204,0.0937,MODERATE,priority_score = 0.5 × aadt_score + 0.5 × hurricane_proximity_score,FDOT Annual Average Daily Traffic TDA (2025),NOAA HURDAT2 Atlantic Hurricane Database (1851-2023),NOAA Storm Events Database Miami-Dade CZ_FIPS=86 (2014-2022),FEMA OpenFEMA Disaster Declarations Miami-Dade (2016-2022)
877,3099,87038000,MIAMI-DADE,25.86776,-80.250787,48500,2025,6.09,208,87,10,0.1744,0.0125,0.0935,MODERATE,priority_score = 0.5 × aadt_score + 0.5 × hurricane_proximity_score,FDOT Annual Average Daily Traffic TDA (2025),NOAA HURDAT2 Atlantic Hurricane Database (1851-2023),NOAA Storm Events Database Miami-Dade CZ_FIPS=86 (2014-2022),FEMA OpenFEMA Disaster Declarations Miami-Dade (2016-2022)
878,6990,87150000,MIAMI-DADE,25.586919,-80.478393,39500,2025,2.61,202,87,10,0.141,0.0458,0.0934,MODERATE,priority_score = 0.5 × aadt_score + 0.5 × hurricane_proximity_score,FDOT Annual Average Daily Traffic TDA (2025),NOAA HURDAT2 Atlantic Hurricane Database (1851-2023),NOAA Storm Events Database Miami-Dade CZ_FIPS=86 (2014-2022),FEMA OpenFEMA Disaster Declarations Miami-Dade (2016-2022)
879,3823,87053000,MIAMI-DADE,25.772396,-80.23691,46500,2025,4.8,206,87,10,0.167,0.0192,0.0931,MODERATE,priority_score = 0.5 × aadt_score + 0.5 × hurricane_proximity_score,FDOT Annual Average Daily Traffic TDA (2025),NOAA HURDAT2 Atlantic Hurricane Database (1851-2023),NOAA Storm Events Database Miami-Dade CZ_FIPS=86 (2014-2022),FEMA OpenFEMA Disaster Declarations Miami-Dade (2016-2022)
880,5107,87026005,MIAMI-DADE,25.942269,-80.342367,48500,2025,6.33,205,87,10,0.1744,0.0116,0.093,MODERATE,priority_score = 0.5 × aadt_score + 0.5 × hurricane_proximity_score,FDOT Annual Average Daily Traffic TDA (2025),NOAA HURDAT2 Atlantic Hurricane Database (1851-2023),NOAA Storm Events Database Miami-Dade CZ_FIPS=86 (2014-2022),FEMA OpenFEMA Disaster Declarations Miami-Dade (2016-2022)
881,2204,87053000,MIAMI-DADE,25.772337,-80.238933,46500,2025,4.97,206,87,10,0.167,0.0181,0.0926,MODERATE,priority_score = 0.5 × aadt_score + 0.5 × hurricane_proximity_score,FDOT Annual Average Daily Traffic TDA (2025),NOAA HURDAT2 Atlantic Hurricane Database (1851-2023),NOAA Storm Events Database Miami-Dade CZ_FIPS=86 (2014-2022),FEMA OpenFEMA Disaster Declarations Miami-Dade (2016-2022)
882,6987,87026005,MIAMI-DADE,25.942227,-80.348326,48500,2025,6.74,206,87,10,0.1744,0.0101,0.0923,MODERATE,priority_score = 0.5 × aadt_score + 0.5 × hurricane_proximity_score,FDOT Annual Average Daily Traffic TDA (2025),NOAA HURDAT2 Atlantic Hurricane Database (1851-2023),NOAA Storm Events Database Miami-Dade CZ_FIPS=86 (2014-2022),FEMA OpenFEMA Disaster Declarations Miami-Dade (2016-2022)
883,2512,87038000,MIAMI-DADE,25.868119,-80.242493,48500,2025,6.76,208,87,10,0.1744,0.0101,0.0922,MODERATE,priority_score = 0.5 × aadt_score + 0.5 × hurricane_proximity_score,FDOT Annual Average Daily Traffic TDA (2025),NOAA HURDAT2 Atlantic Hurricane Database (1851-2023),NOAA Storm Events Database Miami-Dade CZ_FIPS=86 (2014-2022),FEMA OpenFEMA Disaster Declarations Miami-Dade (2016-2022)
884,2151,87053000,MIAMI-DADE,25.772239,-80.242097,46500,2025,5.22,206,87,10,0.167,0.0167,0.0918,MODERATE,priority_score = 0.5 × aadt_score + 0.5 × hurricane_proximity_score,FDOT Annual Average Daily Traffic TDA (2025),NOAA HURDAT2 Atlantic Hurricane Database (1851-2023),NOAA Storm Events Database Miami-Dade CZ_FIPS=86 (2014-2022),FEMA OpenFEMA Disaster Declarations Miami-Dade (2016-2022)
885,4627,87038000,MIAMI-DADE,25.868204,-80.23733,48500,2025,7.2,209,87,10,0.1744,0.0087,0.0915,MODERATE,priority_score = 0.5 × aadt_score + 0.5 × hurricane_proximity_score,FDOT Annual Average Daily Traffic TDA (2025),NOAA HURDAT2 Atlantic Hurricane Database (1851-2023),NOAA Storm Events Database Miami-Dade CZ_FIPS=86 (2014-2022),FEMA OpenFEMA Disaster Declarations Miami-Dade (2016-2022)
886,2468,87038000,MIAMI-DADE,25.868226,-80.235946,48500,2025,7.32,209,87,10,0.1744,0.0083,0.0914,MODERATE,priority_score = 0.5 × aadt_score + 0.5 × hurricane_proximity_score,FDOT Annual Average Daily Traffic TDA (2025),NOAA HURDAT2 Atlantic Hurricane Database (1851-2023),NOAA Storm Events Database Miami-Dade CZ_FIPS=86 (2014-2022),FEMA OpenFEMA Disaster Declarations Miami-Dade (2016-2022)
887,3302,87038000,MIAMI-DADE,25.868252,-80.234337,48500,2025,7.46,209,87,10,0.1744,0.0079,0.0912,MODERATE,priority_score = 0.5 × aadt_score + 0.5 × hurricane_proximity_score,FDOT Annual Average Daily Traffic TDA (2025),NOAA HURDAT2 Atlantic Hurricane Database (1851-2023),NOAA Storm Events Database Miami-Dade CZ_FIPS=86 (2014-2022),FEMA OpenFEMA Disaster Declarations Miami-Dade (2016-2022)
888,4630,87038000,MIAMI-DADE,25.868323,-80.232392,48500,2025,7.63,210,87,10,0.1744,0.0075,0.0909,MODERATE,priority_score = 0.5 × aadt_score + 0.5 × hurricane_proximity_score,FDOT Annual Average Daily Traffic TDA (2025),NOAA HURDAT2 Atlantic Hurricane Database (1851-2023),NOAA Storm Events Database Miami-Dade CZ_FIPS=86 (2014-2022),FEMA OpenFEMA Disaster Declarations Miami-Dade (2016-2022)
889,4409,87038000,MIAMI-DADE,25.869338,-80.205825,48500,2025,7.73,210,87,10,0.1744,0.0072,0.0908,MODERATE,priority_score = 0.5 × aadt_score + 0.5 × hurricane_proximity_score,FDOT Annual Average Daily Traffic TDA (2025),NOAA HURDAT2 Atlantic Hurricane Database (1851-2023),NOAA Storm Events Database Miami-Dade CZ_FIPS=86 (2014-2022),FEMA OpenFEMA Disaster Declarations Miami-Dade (2016-2022)
890,2569,87038000,MIAMI-DADE,25.869681,-80.193473,48500,2025,7.78,209,87,10,0.1744,0.0071,0.0908,MODERATE,priority_score = 0.5 × aadt_score + 0.5 × hurricane_proximity_score,FDOT Annual Average Daily Traffic TDA (2025),NOAA HURDAT2 Atlantic Hurricane Database (1851-2023),NOAA Storm Events Database Miami-Dade CZ_FIPS=86 (2014-2022),FEMA OpenFEMA Disaster Declarations Miami-Dade (2016-2022)
891,3633,87038000,MIAMI-DADE,25.869298,-80.20737,48500,2025,7.74,210,87,10,0.1744,0.0072,0.0908,MODERATE,priority_score = 0.5 × aadt_score + 0.5 × hurricane_proximity_score,FDOT Annual Average Daily Traffic TDA (2025),NOAA HURDAT2 Atlantic Hurricane Database (1851-2023),NOAA Storm Events Database Miami-Dade CZ_FIPS=86 (2014-2022),FEMA OpenFEMA Disaster Declarations Miami-Dade (2016-2022)
892,6339,87038000,MIAMI-DADE,25.869444,-80.201788,48500,2025,7.72,210,87,10,0.1744,0.0073,0.0908,MODERATE,priority_score = 0.5 × aadt_score + 0.5 × hurricane_proximity_score,FDOT Annual Average Daily Traffic TDA (2025),NOAA HURDAT2 Atlantic Hurricane Database (1851-2023),NOAA Storm Events Database Miami-Dade CZ_FIPS=86 (2014-2022),FEMA OpenFEMA Disaster Declarations Miami-Dade (2016-2022)
893,2520,87052000,MIAMI-DADE,25.882767,-80.243091,47000,2025,6.01,210,87,10,0.1688,0.0129,0.0908,MODERATE,priority_score = 0.5 × aadt_score + 0.5 × hurricane_proximity_score,FDOT Annual Average Daily Traffic TDA (2025),NOAA HURDAT2 Atlantic Hurricane Database (1851-2023),NOAA Storm Events Database Miami-Dade CZ_FIPS=86 (2014-2022),FEMA OpenFEMA Disaster Declarations Miami-Dade (2016-2022)
894,2509,87038000,MIAMI-DADE,25.869173,-80.209869,48500,2025,7.75,210,87,10,0.1744,0.0072,0.0908,MODERATE,priority_score = 0.5 × aadt_score + 0.5 × hurricane_proximity_score,FDOT Annual Average Daily Traffic TDA (2025),NOAA HURDAT2 Atlantic Hurricane Database (1851-2023),NOAA Storm Events Database Miami-Dade CZ_FIPS=86 (2014-2022),FEMA OpenFEMA Disaster Declarations Miami-Dade (2016-2022)
895,4519,87038000,MIAMI-DADE,25.869261,-80.208833,48500,2025,7.75,210,87,10,0.1744,0.0072,0.0908,MODERATE,priority_score = 0.5 × aadt_score + 0.5 × hurricane_proximity_score,FDOT Annual Average Daily Traffic TDA (2025),NOAA HURDAT2 Atlantic Hurricane Database (1851-2023),NOAA Storm Events Database Miami-Dade CZ_FIPS=86 (2014-2022),FEMA OpenFEMA Disaster Declarations Miami-Dade (2016-2022)
896,2570,87038000,MIAMI-DADE,25.869548,-80.197558,48500,2025,7.74,210,87,10,0.1744,0.0072,0.0908,MODERATE,priority_score = 0.5 × aadt_score + 0.5 × hurricane_proximity_score,FDOT Annual Average Daily Traffic TDA (2025),NOAA HURDAT2 Atlantic Hurricane Database (1851-2023),NOAA Storm Events Database Miami-Dade CZ_FIPS=86 (2014-2022),FEMA OpenFEMA Disaster Declarations Miami-Dade (2016-2022)
897,5901,87038000,MIAMI-DADE,25.868404,-80.230238,48500,2025,7.81,211,87,10,0.1744,0.007,0.0907,MODERATE,priority_score = 0.5 × aadt_score + 0.5 × hurricane_proximity_score,FDOT Annual Average Daily Traffic TDA (2025),NOAA HURDAT2 Atlantic Hurricane Database (1851-2023),NOAA Storm Events Database Miami-Dade CZ_FIPS=86 (2014-2022),FEMA OpenFEMA Disaster Declarations Miami-Dade (2016-2022)
898,4626,87038000,MIAMI-DADE,25.869051,-80.213068,48500,2025,7.79,210,87,10,0.1744,0.0071,0.0907,MODERATE,priority_score = 0.5 × aadt_score + 0.5 × hurricane_proximity_score,FDOT Annual Average Daily Traffic TDA (2025),NOAA HURDAT2 Atlantic Hurricane Database (1851-2023),NOAA Storm Events Database Miami-Dade CZ_FIPS=86 (2014-2022),FEMA OpenFEMA Disaster Declarations Miami-Dade (2016-2022)
899,4492,87038000,MIAMI-DADE,25.868867,-80.217842,48500,2025,7.86,210,87,10,0.1744,0.0069,0.0907,MODERATE,priority_score = 0.5 × aadt_score + 0.5 × hurricane_proximity_score,FDOT Annual Average Daily Traffic TDA (2025),NOAA HURDAT2 Atlantic Hurricane Database (1851-2023),NOAA Storm Events Database Miami-Dade CZ_FIPS=86 (2014-2022),FEMA OpenFEMA Disaster Declarations Miami-Dade (2016-2022)
900,2467,87038000,MIAMI-DADE,25.868959,-80.215463,48500,2025,7.82,210,87,10,0.1744,0.007,0.0907,MODERATE,priority_score = 0.5 × aadt_score + 0.5 × hurricane_proximity_score,FDOT Annual Average Daily Traffic TDA (2025),NOAA HURDAT2 Atlantic Hurricane Database (1851-2023),NOAA Storm Events Database Miami-Dade CZ_FIPS=86 (2014-2022),FEMA OpenFEMA Disaster Declarations Miami-Dade (2016-2022)
901,2205,87053000,MIAMI-DADE,25.772085,-80.247091,46500,2025,5.64,206,87,10,0.167,0.0145,0.0907,MODERATE,priority_score = 0.5 × aadt_score + 0.5 × hurricane_proximity_score,FDOT Annual Average Daily Traffic TDA (2025),NOAA HURDAT2 Atlantic Hurricane Database (1851-2023),NOAA Storm Events Database Miami-Dade CZ_FIPS=86 (2014-2022),FEMA OpenFEMA Disaster Declarations Miami-Dade (2016-2022)
902,4875,87038000,MIAMI-DADE,25.868885,-80.217376,48500,2025,7.85,210,87,10,0.1744,0.0069,0.0907,MODERATE,priority_score = 0.5 × aadt_score + 0.5 × hurricane_proximity_score,FDOT Annual Average Daily Traffic TDA (2025),NOAA HURDAT2 Atlantic Hurricane Database (1851-2023),NOAA Storm Events Database Miami-Dade CZ_FIPS=86 (2014-2022),FEMA OpenFEMA Disaster Declarations Miami-Dade (2016-2022)
903,3673,87038000,MIAMI-DADE,25.870004,-80.185581,48500,2025,7.92,209,87,10,0.1744,0.0068,0.0906,MODERATE,priority_score = 0.5 × aadt_score + 0.5 × hurricane_proximity_score,FDOT Annual Average Daily Traffic TDA (2025),NOAA HURDAT2 Atlantic Hurricane Database (1851-2023),NOAA Storm Events Database Miami-Dade CZ_FIPS=86 (2014-2022),FEMA OpenFEMA Disaster Declarations Miami-Dade (2016-2022)
904,2560,87038000,MIAMI-DADE,25.869965,-80.1864,48500,2025,7.9,209,87,10,0.1744,0.0068,0.0906,MODERATE,priority_score = 0.5 × aadt_score + 0.5 × hurricane_proximity_score,FDOT Annual Average Daily Traffic TDA (2025),NOAA HURDAT2 Atlantic Hurricane Database (1851-2023),NOAA Storm Events Database Miami-Dade CZ_FIPS=86 (2014-2022),FEMA OpenFEMA Disaster Declarations Miami-Dade (2016-2022)
905,2510,87038000,MIAMI-DADE,25.868557,-80.22617,48500,2025,8.06,211,87,10,0.1744,0.0064,0.0904,MODERATE,priority_score = 0.5 × aadt_score + 0.5 × hurricane_proximity_score,FDOT Annual Average Daily Traffic TDA (2025),NOAA HURDAT2 Atlantic Hurricane Database (1851-2023),NOAA Storm Events Database Miami-Dade CZ_FIPS=86 (2014-2022),FEMA OpenFEMA Disaster Declarations Miami-Dade (2016-2022)
906,7652,87052000,MIAMI-DADE,25.882694,-80.238778,47000,2025,6.42,210,87,10,0.1688,0.0112,0.09,MODERATE,priority_score = 0.5 × aadt_score + 0.5 × hurricane_proximity_score,FDOT Annual Average Daily Traffic TDA (2025),NOAA HURDAT2 Atlantic Hurricane Database (1851-2023),NOAA Storm Events Database Miami-Dade CZ_FIPS=86 (2014-2022),FEMA OpenFEMA Disaster Declarations Miami-Dade (2016-2022)
907,6162,87019000,MIAMI-DADE,25.90375,-80.243793,46000,2025,5.64,209,87,10,0.1651,0.0145,0.0898,MODERATE,priority_score = 0.5 × aadt_score + 0.5 × hurricane_proximity_score,FDOT Annual Average Daily Traffic TDA (2025),NOAA HURDAT2 Atlantic Hurricane Database (1851-2023),NOAA Storm Events Database Miami-Dade CZ_FIPS=86 (2014-2022),FEMA OpenFEMA Disaster Declarations Miami-Dade (2016-2022)
908,2977,87019000,MIAMI-DADE,25.905042,-80.243842,46000,2025,5.65,209,87,10,0.1651,0.0145,0.0898,MODERATE,priority_score = 0.5 × aadt_score + 0.5 × hurricane_proximity_score,FDOT Annual Average Daily Traffic TDA (2025),NOAA HURDAT2 Atlantic Hurricane Database (1851-2023),NOAA Storm Events Database Miami-Dade CZ_FIPS=86 (2014-2022),FEMA OpenFEMA Disaster Declarations Miami-Dade (2016-2022)
909,3559,87019000,MIAMI-DADE,25.911834,-80.244109,46000,2025,5.74,209,87,10,0.1651,0.014,0.0896,MODERATE,priority_score = 0.5 × aadt_score + 0.5 × hurricane_proximity_score,FDOT Annual Average Daily Traffic TDA (2025),NOAA HURDAT2 Atlantic Hurricane Database (1851-2023),NOAA Storm Events Database Miami-Dade CZ_FIPS=86 (2014-2022),FEMA OpenFEMA Disaster Declarations Miami-Dade (2016-2022)
910,6090,87019000,MIAMI-DADE,25.913387,-80.244171,46000,2025,5.78,209,87,10,0.1651,0.0139,0.0895,MODERATE,priority_score = 0.5 × aadt_score + 0.5 × hurricane_proximity_score,FDOT Annual Average Daily Traffic TDA (2025),NOAA HURDAT2 Atlantic Hurricane Database (1851-2023),NOAA Storm Events Database Miami-Dade CZ_FIPS=86 (2014-2022),FEMA OpenFEMA Disaster Declarations Miami-Dade (2016-2022)
911,3334,87052000,MIAMI-DADE,25.882712,-80.2348,47000,2025,6.8,211,87,10,0.1688,0.0099,0.0894,MODERATE,priority_score = 0.5 × aadt_score + 0.5 × hurricane_proximity_score,FDOT Annual Average Daily Traffic TDA (2025),NOAA HURDAT2 Atlantic Hurricane Database (1851-2023),NOAA Storm Events Database Miami-Dade CZ_FIPS=86 (2014-2022),FEMA OpenFEMA Disaster Declarations Miami-Dade (2016-2022)
912,2206,87053000,MIAMI-DADE,25.771835,-80.255344,46500,2025,6.36,206,87,10,0.167,0.0115,0.0892,MODERATE,priority_score = 0.5 × aadt_score + 0.5 × hurricane_proximity_score,FDOT Annual Average Daily Traffic TDA (2025),NOAA HURDAT2 Atlantic Hurricane Database (1851-2023),NOAA Storm Events Database Miami-Dade CZ_FIPS=86 (2014-2022),FEMA OpenFEMA Disaster Declarations Miami-Dade (2016-2022)
913,3251,87019000,MIAMI-DADE,25.920225,-80.244388,46000,2025,6.0,209,87,10,0.1651,0.0129,0.089,MODERATE,priority_score = 0.5 × aadt_score + 0.5 × hurricane_proximity_score,FDOT Annual Average Daily Traffic TDA (2025),NOAA HURDAT2 Atlantic Hurricane Database (1851-2023),NOAA Storm Events Database Miami-Dade CZ_FIPS=86 (2014-2022),FEMA OpenFEMA Disaster Declarations Miami-Dade (2016-2022)
914,4264,87026000,MIAMI-DADE,25.939248,-80.293841,43500,2025,4.41,208,87,10,0.1558,0.022,0.0889,MODERATE,priority_score = 0.5 × aadt_score + 0.5 × hurricane_proximity_score,FDOT Annual Average Daily Traffic TDA (2025),NOAA HURDAT2 Atlantic Hurricane Database (1851-2023),NOAA Storm Events Database Miami-Dade CZ_FIPS=86 (2014-2022),FEMA OpenFEMA Disaster Declarations Miami-Dade (2016-2022)
915,6688,87053000,MIAMI-DADE,25.771803,-80.257914,46500,2025,6.59,206,87,10,0.167,0.0106,0.0888,MODERATE,priority_score = 0.5 × aadt_score + 0.5 × hurricane_proximity_score,FDOT Annual Average Daily Traffic TDA (2025),NOAA HURDAT2 Atlantic Hurricane Database (1851-2023),NOAA Storm Events Database Miami-Dade CZ_FIPS=86 (2014-2022),FEMA OpenFEMA Disaster Declarations Miami-Dade (2016-2022)
916,4784,87150000,MIAMI-DADE,25.579597,-80.478344,39500,2025,3.14,202,87,10,0.141,0.036,0.0885,MODERATE,priority_score = 0.5 × aadt_score + 0.5 × hurricane_proximity_score,FDOT Annual Average Daily Traffic TDA (2025),NOAA HURDAT2 Atlantic Hurricane Database (1851-2023),NOAA Storm Events Database Miami-Dade CZ_FIPS=86 (2014-2022),FEMA OpenFEMA Disaster Declarations Miami-Dade (2016-2022)
917,4056,87019000,MIAMI-DADE,25.926075,-80.244535,46000,2025,6.26,209,87,10,0.1651,0.0119,0.0885,MODERATE,priority_score = 0.5 × aadt_score + 0.5 × hurricane_proximity_score,FDOT Annual Average Daily Traffic TDA (2025),NOAA HURDAT2 Atlantic Hurricane Database (1851-2023),NOAA Storm Events Database Miami-Dade CZ_FIPS=86 (2014-2022),FEMA OpenFEMA Disaster Declarations Miami-Dade (2016-2022)
918,3164,87019000,MIAMI-DADE,25.926715,-80.24455,46000,2025,6.29,209,87,10,0.1651,0.0117,0.0884,MODERATE,priority_score = 0.5 × aadt_score + 0.5 × hurricane_proximity_score,FDOT Annual Average Daily Traffic TDA (2025),NOAA HURDAT2 Atlantic Hurricane Database (1851-2023),NOAA Storm Events Database Miami-Dade CZ_FIPS=86 (2014-2022),FEMA OpenFEMA Disaster Declarations Miami-Dade (2016-2022)
919,2518,87052000,MIAMI-DADE,25.883042,-80.226756,47000,2025,7.57,211,87,10,0.1688,0.0077,0.0882,MODERATE,priority_score = 0.5 × aadt_score + 0.5 × hurricane_proximity_score,FDOT Annual Average Daily Traffic TDA (2025),NOAA HURDAT2 Atlantic Hurricane Database (1851-2023),NOAA Storm Events Database Miami-Dade CZ_FIPS=86 (2014-2022),FEMA OpenFEMA Disaster Declarations Miami-Dade (2016-2022)
920,3718,87026000,MIAMI-DADE,25.939456,-80.285706,43500,2025,4.61,208,87,10,0.1558,0.0205,0.0882,MODERATE,priority_score = 0.5 × aadt_score + 0.5 × hurricane_proximity_score,FDOT Annual Average Daily Traffic TDA (2025),NOAA HURDAT2 Atlantic Hurricane Database (1851-2023),NOAA Storm Events Database Miami-Dade CZ_FIPS=86 (2014-2022),FEMA OpenFEMA Disaster Declarations Miami-Dade (2016-2022)
921,3421,87006000,MIAMI-DADE,25.771691,-80.190142,40000,2025,3.3,206,87,10,0.1429,0.0336,0.0882,MODERATE,priority_score = 0.5 × aadt_score + 0.5 × hurricane_proximity_score,FDOT Annual Average Daily Traffic TDA (2025),NOAA HURDAT2 Atlantic Hurricane Database (1851-2023),NOAA Storm Events Database Miami-Dade CZ_FIPS=86 (2014-2022),FEMA OpenFEMA Disaster Declarations Miami-Dade (2016-2022)
922,4934,87026000,MIAMI-DADE,25.939441,-80.286285,43500,2025,4.6,208,87,10,0.1558,0.0206,0.0882,MODERATE,priority_score = 0.5 × aadt_score + 0.5 × hurricane_proximity_score,FDOT Annual Average Daily Traffic TDA (2025),NOAA HURDAT2 Atlantic Hurricane Database (1851-2023),NOAA Storm Events Database Miami-Dade CZ_FIPS=86 (2014-2022),FEMA OpenFEMA Disaster Declarations Miami-Dade (2016-2022)
923,2152,87053000,MIAMI-DADE,25.771727,-80.261657,46500,2025,6.93,206,87,10,0.167,0.0095,0.0882,MODERATE,priority_score = 0.5 × aadt_score + 0.5 × hurricane_proximity_score,FDOT Annual Average Daily Traffic TDA (2025),NOAA HURDAT2 Atlantic Hurricane Database (1851-2023),NOAA Storm Events Database Miami-Dade CZ_FIPS=86 (2014-2022),FEMA OpenFEMA Disaster Declarations Miami-Dade (2016-2022)
924,7619,87019000,MIAMI-DADE,25.930661,-80.244747,46000,2025,6.49,209,87,10,0.1651,0.011,0.0881,MODERATE,priority_score = 0.5 × aadt_score + 0.5 × hurricane_proximity_score,FDOT Annual Average Daily Traffic TDA (2025),NOAA HURDAT2 Atlantic Hurricane Database (1851-2023),NOAA Storm Events Database Miami-Dade CZ_FIPS=86 (2014-2022),FEMA OpenFEMA Disaster Declarations Miami-Dade (2016-2022)
925,2136,87053000,MIAMI-DADE,25.771695,-80.26344,46500,2025,7.09,206,87,10,0.167,0.009,0.088,MODERATE,priority_score = 0.5 × aadt_score + 0.5 × hurricane_proximity_score,FDOT Annual Average Daily Traffic TDA (2025),NOAA HURDAT2 Atlantic Hurricane Database (1851-2023),NOAA Storm Events Database Miami-Dade CZ_FIPS=86 (2014-2022),FEMA OpenFEMA Disaster Declarations Miami-Dade (2016-2022)
926,6162,87019001,MIAMI-DADE,25.90375,-80.243793,45000,2025,5.64,209,87,10,0.1614,0.0145,0.088,MODERATE,priority_score = 0.5 × aadt_score + 0.5 × hurricane_proximity_score,FDOT Annual Average Daily Traffic TDA (2025),NOAA HURDAT2 Atlantic Hurricane Database (1851-2023),NOAA Storm Events Database Miami-Dade CZ_FIPS=86 (2014-2022),FEMA OpenFEMA Disaster Declarations Miami-Dade (2016-2022)
927,2692,87080000,MIAMI-DADE,25.856145,-80.120494,44500,2025,5.29,210,87,10,0.1596,0.0163,0.0879,MODERATE,priority_score = 0.5 × aadt_score + 0.5 × hurricane_proximity_score,FDOT Annual Average Daily Traffic TDA (2025),NOAA HURDAT2 Atlantic Hurricane Database (1851-2023),NOAA Storm Events Database Miami-Dade CZ_FIPS=86 (2014-2022),FEMA OpenFEMA Disaster Declarations Miami-Dade (2016-2022)
928,3544,87080000,MIAMI-DADE,25.856112,-80.121408,44500,2025,5.33,210,87,10,0.1596,0.0161,0.0878,MODERATE,priority_score = 0.5 × aadt_score + 0.5 × hurricane_proximity_score,FDOT Annual Average Daily Traffic TDA (2025),NOAA HURDAT2 Atlantic Hurricane Database (1851-2023),NOAA Storm Events Database Miami-Dade CZ_FIPS=86 (2014-2022),FEMA OpenFEMA Disaster Declarations Miami-Dade (2016-2022)
929,3589,87019000,MIAMI-DADE,25.933665,-80.244897,46000,2025,6.66,209,87,10,0.1651,0.0104,0.0878,MODERATE,priority_score = 0.5 × aadt_score + 0.5 × hurricane_proximity_score,FDOT Annual Average Daily Traffic TDA (2025),NOAA HURDAT2 Atlantic Hurricane Database (1851-2023),NOAA Storm Events Database Miami-Dade CZ_FIPS=86 (2014-2022),FEMA OpenFEMA Disaster Declarations Miami-Dade (2016-2022)
930,2637,87080000,MIAMI-DADE,25.85608,-80.122274,44500,2025,5.37,210,87,10,0.1596,0.0159,0.0877,MODERATE,priority_score = 0.5 × aadt_score + 0.5 × hurricane_proximity_score,FDOT Annual Average Daily Traffic TDA (2025),NOAA HURDAT2 Atlantic Hurricane Database (1851-2023),NOAA Storm Events Database Miami-Dade CZ_FIPS=86 (2014-2022),FEMA OpenFEMA Disaster Declarations Miami-Dade (2016-2022)
931,3617,87053000,MIAMI-DADE,25.771639,-80.265431,46500,2025,7.27,207,87,10,0.167,0.0085,0.0877,MODERATE,priority_score = 0.5 × aadt_score + 0.5 × hurricane_proximity_score,FDOT Annual Average Daily Traffic TDA (2025),NOAA HURDAT2 Atlantic Hurricane Database (1851-2023),NOAA Storm Events Database Miami-Dade CZ_FIPS=86 (2014-2022),FEMA OpenFEMA Disaster Declarations Miami-Dade (2016-2022)
932,4933,87026000,MIAMI-DADE,25.939574,-80.280723,43500,2025,4.8,208,87,10,0.1558,0.0192,0.0875,MODERATE,priority_score = 0.5 × aadt_score + 0.5 × hurricane_proximity_score,FDOT Annual Average Daily Traffic TDA (2025),NOAA HURDAT2 Atlantic Hurricane Database (1851-2023),NOAA Storm Events Database Miami-Dade CZ_FIPS=86 (2014-2022),FEMA OpenFEMA Disaster Declarations Miami-Dade (2016-2022)
933,3353,87008000,MIAMI-DADE,25.896535,-80.267431,39500,2025,3.28,207,87,10,0.141,0.0339,0.0874,MODERATE,priority_score = 0.5 × aadt_score + 0.5 × hurricane_proximity_score,FDOT Annual Average Daily Traffic TDA (2025),NOAA HURDAT2 Atlantic Hurricane Database (1851-2023),NOAA Storm Events Database Miami-Dade CZ_FIPS=86 (2014-2022),FEMA OpenFEMA Disaster Declarations Miami-Dade (2016-2022)
934,2725,87080000,MIAMI-DADE,25.855996,-80.124936,44500,2025,5.49,210,87,10,0.1596,0.0153,0.0874,MODERATE,priority_score = 0.5 × aadt_score + 0.5 × hurricane_proximity_score,FDOT Annual Average Daily Traffic TDA (2025),NOAA HURDAT2 Atlantic Hurricane Database (1851-2023),NOAA Storm Events Database Miami-Dade CZ_FIPS=86 (2014-2022),FEMA OpenFEMA Disaster Declarations Miami-Dade (2016-2022)
935,2672,87060002,MIAMI-DADE,25.802352,-80.126299,36500,2025,2.65,208,87,10,0.1299,0.0449,0.0874,MODERATE,priority_score = 0.5 × aadt_score + 0.5 × hurricane_proximity_score,FDOT Annual Average Daily Traffic TDA (2025),NOAA HURDAT2 Atlantic Hurricane Database (1851-2023),NOAA Storm Events Database Miami-Dade CZ_FIPS=86 (2014-2022),FEMA OpenFEMA Disaster Declarations Miami-Dade (2016-2022)
936,3884,87052000,MIAMI-DADE,25.883364,-80.218661,47000,2025,8.34,211,87,10,0.1688,0.0058,0.0873,MODERATE,priority_score = 0.5 × aadt_score + 0.5 × hurricane_proximity_score,FDOT Annual Average Daily Traffic TDA (2025),NOAA HURDAT2 Atlantic Hurricane Database (1851-2023),NOAA Storm Events Database Miami-Dade CZ_FIPS=86 (2014-2022),FEMA OpenFEMA Disaster Declarations Miami-Dade (2016-2022)
937,2119,87080000,MIAMI-DADE,25.847857,-80.184624,44500,2025,5.54,208,87,10,0.1596,0.015,0.0873,MODERATE,priority_score = 0.5 × aadt_score + 0.5 × hurricane_proximity_score,FDOT Annual Average Daily Traffic TDA (2025),NOAA HURDAT2 Atlantic Hurricane Database (1851-2023),NOAA Storm Events Database Miami-Dade CZ_FIPS=86 (2014-2022),FEMA OpenFEMA Disaster Declarations Miami-Dade (2016-2022)
938,7692,87019000,MIAMI-DADE,25.938771,-80.245152,46000,2025,6.98,209,87,10,0.1651,0.0093,0.0872,MODERATE,priority_score = 0.5 × aadt_score + 0.5 × hurricane_proximity_score,FDOT Annual Average Daily Traffic TDA (2025),NOAA HURDAT2 Atlantic Hurricane Database (1851-2023),NOAA Storm Events Database Miami-Dade CZ_FIPS=86 (2014-2022),FEMA OpenFEMA Disaster Declarations Miami-Dade (2016-2022)
939,3719,87026000,MIAMI-DADE,25.939653,-80.277411,43500,2025,4.95,208,87,10,0.1558,0.0183,0.0871,MODERATE,priority_score = 0.5 × aadt_score + 0.5 × hurricane_proximity_score,FDOT Annual Average Daily Traffic TDA (2025),NOAA HURDAT2 Atlantic Hurricane Database (1851-2023),NOAA Storm Events Database Miami-Dade CZ_FIPS=86 (2014-2022),FEMA OpenFEMA Disaster Declarations Miami-Dade (2016-2022)
940,2118,87080000,MIAMI-DADE,25.847906,-80.182764,44500,2025,5.6,208,87,10,0.1596,0.0147,0.0871,MODERATE,priority_score = 0.5 × aadt_score + 0.5 × hurricane_proximity_score,FDOT Annual Average Daily Traffic TDA (2025),NOAA HURDAT2 Atlantic Hurricane Database (1851-2023),NOAA Storm Events Database Miami-Dade CZ_FIPS=86 (2014-2022),FEMA OpenFEMA Disaster Declarations Miami-Dade (2016-2022)
941,2137,87053000,MIAMI-DADE,25.771463,-80.271518,46500,2025,7.83,207,87,10,0.167,0.007,0.087,MODERATE,priority_score = 0.5 × aadt_score + 0.5 × hurricane_proximity_score,FDOT Annual Average Daily Traffic TDA (2025),NOAA HURDAT2 Atlantic Hurricane Database (1851-2023),NOAA Storm Events Database Miami-Dade CZ_FIPS=86 (2014-2022),FEMA OpenFEMA Disaster Declarations Miami-Dade (2016-2022)
942,2908,87019000,MIAMI-DADE,25.940932,-80.245259,46000,2025,7.12,209,87,10,0.1651,0.0089,0.087,MODERATE,priority_score = 0.5 × aadt_score + 0.5 × hurricane_proximity_score,FDOT Annual Average Daily Traffic TDA (2025),NOAA HURDAT2 Atlantic Hurricane Database (1851-2023),NOAA Storm Events Database Miami-Dade CZ_FIPS=86 (2014-2022),FEMA OpenFEMA Disaster Declarations Miami-Dade (2016-2022)
943,2139,87053000,MIAMI-DADE,25.770508,-80.304243,46500,2025,7.85,204,87,10,0.167,0.0069,0.087,MODERATE,priority_score = 0.5 × aadt_score + 0.5 × hurricane_proximity_score,FDOT Annual Average Daily Traffic TDA (2025),NOAA HURDAT2 Atlantic Hurricane Database (1851-2023),NOAA Storm Events Database Miami-Dade CZ_FIPS=86 (2014-2022),FEMA OpenFEMA Disaster Declarations Miami-Dade (2016-2022)
944,2759,87080000,MIAMI-DADE,25.855907,-80.127789,44500,2025,5.64,210,87,10,0.1596,0.0145,0.087,MODERATE,priority_score = 0.5 × aadt_score + 0.5 × hurricane_proximity_score,FDOT Annual Average Daily Traffic TDA (2025),NOAA HURDAT2 Atlantic Hurricane Database (1851-2023),NOAA Storm Events Database Miami-Dade CZ_FIPS=86 (2014-2022),FEMA OpenFEMA Disaster Declarations Miami-Dade (2016-2022)
945,7347,87080000,MIAMI DADE COUNTY,25.847962,-80.180646,44500,2025,5.67,208,87,10,0.1596,0.0144,0.087,MODERATE,priority_score = 0.5 × aadt_score + 0.5 × hurricane_proximity_score,FDOT Annual Average Daily Traffic TDA (2025),NOAA HURDAT2 Atlantic Hurricane Database (1851-2023),NOAA Storm Events Database Miami-Dade CZ_FIPS=86 (2014-2022),FEMA OpenFEMA Disaster Declarations Miami-Dade (2016-2022)
946,3551,87060002,MIAMI-DADE,25.805653,-80.126234,36500,2025,2.7,209,87,10,0.1299,0.0438,0.0869,MODERATE,priority_score = 0.5 × aadt_score + 0.5 × hurricane_proximity_score,FDOT Annual Average Daily Traffic TDA (2025),NOAA HURDAT2 Atlantic Hurricane Database (1851-2023),NOAA Storm Events Database Miami-Dade CZ_FIPS=86 (2014-2022),FEMA OpenFEMA Disaster Declarations Miami-Dade (2016-2022)
947,3153,87053000,MIAMI-DADE,25.770717,-80.292372,46500,2025,7.9,205,87,10,0.167,0.0068,0.0869,MODERATE,priority_score = 0.5 × aadt_score + 0.5 × hurricane_proximity_score,FDOT Annual Average Daily Traffic TDA (2025),NOAA HURDAT2 Atlantic Hurricane Database (1851-2023),NOAA Storm Events Database Miami-Dade CZ_FIPS=86 (2014-2022),FEMA OpenFEMA Disaster Declarations Miami-Dade (2016-2022)
948,4296,87053000,MIAMI-DADE,25.770329,-80.307489,46500,2025,7.86,205,87,10,0.167,0.0069,0.0869,MODERATE,priority_score = 0.5 × aadt_score + 0.5 × hurricane_proximity_score,FDOT Annual Average Daily Traffic TDA (2025),NOAA HURDAT2 Atlantic Hurricane Database (1851-2023),NOAA Storm Events Database Miami-Dade CZ_FIPS=86 (2014-2022),FEMA OpenFEMA Disaster Declarations Miami-Dade (2016-2022)
949,4065,87052000,MIAMI-DADE,25.883527,-80.214606,47000,2025,8.74,211,87,10,0.1688,0.005,0.0869,MODERATE,priority_score = 0.5 × aadt_score + 0.5 × hurricane_proximity_score,FDOT Annual Average Daily Traffic TDA (2025),NOAA HURDAT2 Atlantic Hurricane Database (1851-2023),NOAA Storm Events Database Miami-Dade CZ_FIPS=86 (2014-2022),FEMA OpenFEMA Disaster Declarations Miami-Dade (2016-2022)
950,3618,87053000,MIAMI-DADE,25.770128,-80.312337,46500,2025,7.9,205,87,10,0.167,0.0068,0.0869,MODERATE,priority_score = 0.5 × aadt_score + 0.5 × hurricane_proximity_score,FDOT Annual Average Daily Traffic TDA (2025),NOAA HURDAT2 Atlantic Hurricane Database (1851-2023),NOAA Storm Events Database Miami-Dade CZ_FIPS=86 (2014-2022),FEMA OpenFEMA Disaster Declarations Miami-Dade (2016-2022)
951,3952,87053000,MIAMI-DADE,25.770654,-80.295987,46500,2025,7.87,204,87,10,0.167,0.0069,0.0869,MODERATE,priority_score = 0.5 × aadt_score + 0.5 × hurricane_proximity_score,FDOT Annual Average Daily Traffic TDA (2025),NOAA HURDAT2 Atlantic Hurricane Database (1851-2023),NOAA Storm Events Database Miami-Dade CZ_FIPS=86 (2014-2022),FEMA OpenFEMA Disaster Declarations Miami-Dade (2016-2022)
952,2129,87053000,MIAMI-DADE,25.770689,-80.293978,46500,2025,7.88,204,87,10,0.167,0.0069,0.0869,MODERATE,priority_score = 0.5 × aadt_score + 0.5 × hurricane_proximity_score,FDOT Annual Average Daily Traffic TDA (2025),NOAA HURDAT2 Atlantic Hurricane Database (1851-2023),NOAA Storm Events Database Miami-Dade CZ_FIPS=86 (2014-2022),FEMA OpenFEMA Disaster Declarations Miami-Dade (2016-2022)
953,4421,87053000,MIAMI-DADE,25.769966,-80.316172,46500,2025,7.95,206,87,10,0.167,0.0067,0.0868,MODERATE,priority_score = 0.5 × aadt_score + 0.5 × hurricane_proximity_score,FDOT Annual Average Daily Traffic TDA (2025),NOAA HURDAT2 Atlantic Hurricane Database (1851-2023),NOAA Storm Events Database Miami-Dade CZ_FIPS=86 (2014-2022),FEMA OpenFEMA Disaster Declarations Miami-Dade (2016-2022)
954,2138,87053000,MIAMI-DADE,25.770805,-80.287923,46500,2025,7.97,205,87,10,0.167,0.0066,0.0868,MODERATE,priority_score = 0.5 × aadt_score + 0.5 × hurricane_proximity_score,FDOT Annual Average Daily Traffic TDA (2025),NOAA HURDAT2 Atlantic Hurricane Database (1851-2023),NOAA Storm Events Database Miami-Dade CZ_FIPS=86 (2014-2022),FEMA OpenFEMA Disaster Declarations Miami-Dade (2016-2022)
955,7348,87080000,MIAMI DADE COUNTY,25.848016,-80.178593,44500,2025,5.75,209,87,10,0.1596,0.014,0.0868,MODERATE,priority_score = 0.5 × aadt_score + 0.5 × hurricane_proximity_score,FDOT Annual Average Daily Traffic TDA (2025),NOAA HURDAT2 Atlantic Hurricane Database (1851-2023),NOAA Storm Events Database Miami-Dade CZ_FIPS=86 (2014-2022),FEMA OpenFEMA Disaster Declarations Miami-Dade (2016-2022)
956,3620,87053000,MIAMI-DADE,25.769852,-80.318885,46500,2025,7.99,206,87,10,0.167,0.0066,0.0868,MODERATE,priority_score = 0.5 × aadt_score + 0.5 × hurricane_proximity_score,FDOT Annual Average Daily Traffic TDA (2025),NOAA HURDAT2 Atlantic Hurricane Database (1851-2023),NOAA Storm Events Database Miami-Dade CZ_FIPS=86 (2014-2022),FEMA OpenFEMA Disaster Declarations Miami-Dade (2016-2022)
957,2765,87080000,MIAMI-DADE,25.855343,-80.12874,44500,2025,5.74,210,87,10,0.1596,0.014,0.0868,MODERATE,priority_score = 0.5 × aadt_score + 0.5 × hurricane_proximity_score,FDOT Annual Average Daily Traffic TDA (2025),NOAA HURDAT2 Atlantic Hurricane Database (1851-2023),NOAA Storm Events Database Miami-Dade CZ_FIPS=86 (2014-2022),FEMA OpenFEMA Disaster Declarations Miami-Dade (2016-2022)
958,2967,87062000,MIAMI-DADE,25.71897,-80.285936,35500,2025,2.54,206,87,10,0.1262,0.0474,0.0868,MODERATE,priority_score = 0.5 × aadt_score + 0.5 × hurricane_proximity_score,FDOT Annual Average Daily Traffic TDA (2025),NOAA HURDAT2 Atlantic Hurricane Database (1851-2023),NOAA Storm Events Database Miami-Dade CZ_FIPS=86 (2014-2022),FEMA OpenFEMA Disaster Declarations Miami-Dade (2016-2022)
959,5062,87053000,MIAMI-DADE,25.769769,-80.321336,46500,2025,8.05,206,87,10,0.167,0.0065,0.0867,MODERATE,priority_score = 0.5 × aadt_score + 0.5 × hurricane_proximity_score,FDOT Annual Average Daily Traffic TDA (2025),NOAA HURDAT2 Atlantic Hurricane Database (1851-2023),NOAA Storm Events Database Miami-Dade CZ_FIPS=86 (2014-2022),FEMA OpenFEMA Disaster Declarations Miami-Dade (2016-2022)
960,3621,87053000,MIAMI-DADE,25.769767,-80.321802,46500,2025,8.06,206,87,10,0.167,0.0064,0.0867,MODERATE,priority_score = 0.5 × aadt_score + 0.5 × hurricane_proximity_score,FDOT Annual Average Daily Traffic TDA (2025),NOAA HURDAT2 Atlantic Hurricane Database (1851-2023),NOAA Storm Events Database Miami-Dade CZ_FIPS=86 (2014-2022),FEMA OpenFEMA Disaster Declarations Miami-Dade (2016-2022)
961,5284,87053000,MIAMI-DADE,25.771009,-80.282786,46500,2025,8.08,207,87,10,0.167,0.0064,0.0867,MODERATE,priority_score = 0.5 × aadt_score + 0.5 × hurricane_proximity_score,FDOT Annual Average Daily Traffic TDA (2025),NOAA HURDAT2 Atlantic Hurricane Database (1851-2023),NOAA Storm Events Database Miami-Dade CZ_FIPS=86 (2014-2022),FEMA OpenFEMA Disaster Declarations Miami-Dade (2016-2022)
962,5285,87053000,MIAMI-DADE,25.771148,-80.279303,46500,2025,8.18,207,87,10,0.167,0.0062,0.0866,MODERATE,priority_score = 0.5 × aadt_score + 0.5 × hurricane_proximity_score,FDOT Annual Average Daily Traffic TDA (2025),NOAA HURDAT2 Atlantic Hurricane Database (1851-2023),NOAA Storm Events Database Miami-Dade CZ_FIPS=86 (2014-2022),FEMA OpenFEMA Disaster Declarations Miami-Dade (2016-2022)
963,2117,87080000,MIAMI-DADE,25.848073,-80.176379,44500,2025,5.84,209,87,10,0.1596,0.0136,0.0866,MODERATE,priority_score = 0.5 × aadt_score + 0.5 × hurricane_proximity_score,FDOT Annual Average Daily Traffic TDA (2025),NOAA HURDAT2 Atlantic Hurricane Database (1851-2023),NOAA Storm Events Database Miami-Dade CZ_FIPS=86 (2014-2022),FEMA OpenFEMA Disaster Declarations Miami-Dade (2016-2022)
964,2677,87016000,MIAMI-DADE,25.813102,-80.122997,36500,2025,2.72,210,87,10,0.1299,0.0434,0.0866,MODERATE,priority_score = 0.5 × aadt_score + 0.5 × hurricane_proximity_score,FDOT Annual Average Daily Traffic TDA (2025),NOAA HURDAT2 Atlantic Hurricane Database (1851-2023),NOAA Storm Events Database Miami-Dade CZ_FIPS=86 (2014-2022),FEMA OpenFEMA Disaster Declarations Miami-Dade (2016-2022)
965,4290,87019000,MIAMI-DADE,25.944894,-80.245445,46000,2025,7.4,209,87,10,0.1651,0.0081,0.0866,MODERATE,priority_score = 0.5 × aadt_score + 0.5 × hurricane_proximity_score,FDOT Annual Average Daily Traffic TDA (2025),NOAA HURDAT2 Atlantic Hurricane Database (1851-2023),NOAA Storm Events Database Miami-Dade CZ_FIPS=86 (2014-2022),FEMA OpenFEMA Disaster Declarations Miami-Dade (2016-2022)
966,3547,87053000,MIAMI-DADE,25.769741,-80.324613,46500,2025,8.14,206,87,10,0.167,0.0062,0.0866,MODERATE,priority_score = 0.5 × aadt_score + 0.5 × hurricane_proximity_score,FDOT Annual Average Daily Traffic TDA (2025),NOAA HURDAT2 Atlantic Hurricane Database (1851-2023),NOAA Storm Events Database Miami-Dade CZ_FIPS=86 (2014-2022),FEMA OpenFEMA Disaster Declarations Miami-Dade (2016-2022)
967,5061,87053000,MIAMI-DADE,25.769755,-80.323972,46500,2025,8.12,206,87,10,0.167,0.0063,0.0866,MODERATE,priority_score = 0.5 × aadt_score + 0.5 × hurricane_proximity_score,FDOT Annual Average Daily Traffic TDA (2025),NOAA HURDAT2 Atlantic Hurricane Database (1851-2023),NOAA Storm Events Database Miami-Dade CZ_FIPS=86 (2014-2022),FEMA OpenFEMA Disaster Declarations Miami-Dade (2016-2022)
968,2128,87053000,MIAMI-DADE,25.771084,-80.280908,46500,2025,8.13,207,87,10,0.167,0.0063,0.0866,MODERATE,priority_score = 0.5 × aadt_score + 0.5 × hurricane_proximity_score,FDOT Annual Average Daily Traffic TDA (2025),NOAA HURDAT2 Atlantic Hurricane Database (1851-2023),NOAA Storm Events Database Miami-Dade CZ_FIPS=86 (2014-2022),FEMA OpenFEMA Disaster Declarations Miami-Dade (2016-2022)
969,4859,87053000,MIAMI-DADE,25.769681,-80.328245,46500,2025,8.25,206,87,10,0.167,0.006,0.0865,MODERATE,priority_score = 0.5 × aadt_score + 0.5 × hurricane_proximity_score,FDOT Annual Average Daily Traffic TDA (2025),NOAA HURDAT2 Atlantic Hurricane Database (1851-2023),NOAA Storm Events Database Miami-Dade CZ_FIPS=86 (2014-2022),FEMA OpenFEMA Disaster Declarations Miami-Dade (2016-2022)
970,2517,87052000,MIAMI-DADE,25.883689,-80.210568,47000,2025,9.13,211,87,10,0.1688,0.0042,0.0865,MODERATE,priority_score = 0.5 × aadt_score + 0.5 × hurricane_proximity_score,FDOT Annual Average Daily Traffic TDA (2025),NOAA HURDAT2 Atlantic Hurricane Database (1851-2023),NOAA Storm Events Database Miami-Dade CZ_FIPS=86 (2014-2022),FEMA OpenFEMA Disaster Declarations Miami-Dade (2016-2022)
971,4782,87053000,MIAMI-DADE,25.771295,-80.275627,46500,2025,8.22,207,87,10,0.167,0.0061,0.0865,MODERATE,priority_score = 0.5 × aadt_score + 0.5 × hurricane_proximity_score,FDOT Annual Average Daily Traffic TDA (2025),NOAA HURDAT2 Atlantic Hurricane Database (1851-2023),NOAA Storm Events Database Miami-Dade CZ_FIPS=86 (2014-2022),FEMA OpenFEMA Disaster Declarations Miami-Dade (2016-2022)
972,7349,87080000,MIAMI DADE COUNTY,25.848083,-80.174855,44500,2025,5.91,209,87,10,0.1596,0.0133,0.0864,MODERATE,priority_score = 0.5 × aadt_score + 0.5 × hurricane_proximity_score,FDOT Annual Average Daily Traffic TDA (2025),NOAA HURDAT2 Atlantic Hurricane Database (1851-2023),NOAA Storm Events Database Miami-Dade CZ_FIPS=86 (2014-2022),FEMA OpenFEMA Disaster Declarations Miami-Dade (2016-2022)
973,3055,87052000,MIAMI-DADE,25.88383,-80.208476,47000,2025,9.33,210,87,10,0.1688,0.0039,0.0864,MODERATE,priority_score = 0.5 × aadt_score + 0.5 × hurricane_proximity_score,FDOT Annual Average Daily Traffic TDA (2025),NOAA HURDAT2 Atlantic Hurricane Database (1851-2023),NOAA Storm Events Database Miami-Dade CZ_FIPS=86 (2014-2022),FEMA OpenFEMA Disaster Declarations Miami-Dade (2016-2022)
974,5287,87052000,MIAMI-DADE,25.88444,-80.195044,47000,2025,9.4,210,87,10,0.1688,0.0037,0.0863,MODERATE,priority_score = 0.5 × aadt_score + 0.5 × hurricane_proximity_score,FDOT Annual Average Daily Traffic TDA (2025),NOAA HURDAT2 Atlantic Hurricane Database (1851-2023),NOAA Storm Events Database Miami-Dade CZ_FIPS=86 (2014-2022),FEMA OpenFEMA Disaster Declarations Miami-Dade (2016-2022)
975,3300,87052000,MIAMI-DADE,25.88392,-80.206497,47000,2025,9.35,210,87,10,0.1688,0.0038,0.0863,MODERATE,priority_score = 0.5 × aadt_score + 0.5 × hurricane_proximity_score,FDOT Annual Average Daily Traffic TDA (2025),NOAA HURDAT2 Atlantic Hurricane Database (1851-2023),NOAA Storm Events Database Miami-Dade CZ_FIPS=86 (2014-2022),FEMA OpenFEMA Disaster Declarations Miami-Dade (2016-2022)
976,3918,87052000,MIAMI-DADE,25.884102,-80.202524,47000,2025,9.36,210,87,10,0.1688,0.0038,0.0863,MODERATE,priority_score = 0.5 × aadt_score + 0.5 × hurricane_proximity_score,FDOT Annual Average Daily Traffic TDA (2025),NOAA HURDAT2 Atlantic Hurricane Database (1851-2023),NOAA Storm Events Database Miami-Dade CZ_FIPS=86 (2014-2022),FEMA OpenFEMA Disaster Declarations Miami-Dade (2016-2022)
977,3779,87052000,MIAMI-DADE,25.884478,-80.194224,47000,2025,9.41,210,87,10,0.1688,0.0037,0.0863,MODERATE,priority_score = 0.5 × aadt_score + 0.5 × hurricane_proximity_score,FDOT Annual Average Daily Traffic TDA (2025),NOAA HURDAT2 Atlantic Hurricane Database (1851-2023),NOAA Storm Events Database Miami-Dade CZ_FIPS=86 (2014-2022),FEMA OpenFEMA Disaster Declarations Miami-Dade (2016-2022)
978,4860,87053000,MIAMI-DADE,25.769613,-80.332341,46500,2025,8.39,206,87,10,0.167,0.0057,0.0863,MODERATE,priority_score = 0.5 × aadt_score + 0.5 × hurricane_proximity_score,FDOT Annual Average Daily Traffic TDA (2025),NOAA HURDAT2 Atlantic Hurricane Database (1851-2023),NOAA Storm Events Database Miami-Dade CZ_FIPS=86 (2014-2022),FEMA OpenFEMA Disaster Declarations Miami-Dade (2016-2022)
979,3245,87052000,MIAMI-DADE,25.884306,-80.193095,47000,2025,9.4,210,87,10,0.1688,0.0037,0.0863,MODERATE,priority_score = 0.5 × aadt_score + 0.5 × hurricane_proximity_score,FDOT Annual Average Daily Traffic TDA (2025),NOAA HURDAT2 Atlantic Hurricane Database (1851-2023),NOAA Storm Events Database Miami-Dade CZ_FIPS=86 (2014-2022),FEMA OpenFEMA Disaster Declarations Miami-Dade (2016-2022)
980,2516,87052000,MIAMI-DADE,25.884291,-80.198326,47000,2025,9.37,210,87,10,0.1688,0.0038,0.0863,MODERATE,priority_score = 0.5 × aadt_score + 0.5 × hurricane_proximity_score,FDOT Annual Average Daily Traffic TDA (2025),NOAA HURDAT2 Atlantic Hurricane Database (1851-2023),NOAA Storm Events Database Miami-Dade CZ_FIPS=86 (2014-2022),FEMA OpenFEMA Disaster Declarations Miami-Dade (2016-2022)
981,5286,87052000,MIAMI-DADE,25.884231,-80.199661,47000,2025,9.37,210,87,10,0.1688,0.0038,0.0863,MODERATE,priority_score = 0.5 × aadt_score + 0.5 × hurricane_proximity_score,FDOT Annual Average Daily Traffic TDA (2025),NOAA HURDAT2 Atlantic Hurricane Database (1851-2023),NOAA Storm Events Database Miami-Dade CZ_FIPS=86 (2014-2022),FEMA OpenFEMA Disaster Declarations Miami-Dade (2016-2022)
982,4281,87019000,MIAMI-DADE,25.948203,-80.245569,46000,2025,7.64,208,87,10,0.1651,0.0075,0.0863,MODERATE,priority_score = 0.5 × aadt_score + 0.5 × hurricane_proximity_score,FDOT Annual Average Daily Traffic TDA (2025),NOAA HURDAT2 Atlantic Hurricane Database (1851-2023),NOAA Storm Events Database Miami-Dade CZ_FIPS=86 (2014-2022),FEMA OpenFEMA Disaster Declarations Miami-Dade (2016-2022)
983,2756,87080000,MIAMI-DADE,25.854313,-80.13235,44500,2025,6.02,210,87,10,0.1596,0.0128,0.0862,MODERATE,priority_score = 0.5 × aadt_score + 0.5 × hurricane_proximity_score,FDOT Annual Average Daily Traffic TDA (2025),NOAA HURDAT2 Atlantic Hurricane Database (1851-2023),NOAA Storm Events Database Miami-Dade CZ_FIPS=86 (2014-2022),FEMA OpenFEMA Disaster Declarations Miami-Dade (2016-2022)
984,3747,87053000,MIAMI-DADE,25.76954,-80.336388,46500,2025,8.55,206,87,10,0.167,0.0054,0.0862,MODERATE,priority_score = 0.5 × aadt_score + 0.5 × hurricane_proximity_score,FDOT Annual Average Daily Traffic TDA (2025),NOAA HURDAT2 Atlantic Hurricane Database (1851-2023),NOAA Storm Events Database Miami-Dade CZ_FIPS=86 (2014-2022),FEMA OpenFEMA Disaster Declarations Miami-Dade (2016-2022)
985,7826,87019000,MIAMI-DADE,25.951555,-80.245727,46000,2025,7.89,208,87,10,0.1651,0.0068,0.086,MODERATE,priority_score = 0.5 × aadt_score + 0.5 × hurricane_proximity_score,FDOT Annual Average Daily Traffic TDA (2025),NOAA HURDAT2 Atlantic Hurricane Database (1851-2023),NOAA Storm Events Database Miami-Dade CZ_FIPS=86 (2014-2022),FEMA OpenFEMA Disaster Declarations Miami-Dade (2016-2022)
986,4994,87060002,MIAMI-DADE,25.812262,-80.124342,36500,2025,2.79,210,87,10,0.1299,0.042,0.0859,MODERATE,priority_score = 0.5 × aadt_score + 0.5 × hurricane_proximity_score,FDOT Annual Average Daily Traffic TDA (2025),NOAA HURDAT2 Atlantic Hurricane Database (1851-2023),NOAA Storm Events Database Miami-Dade CZ_FIPS=86 (2014-2022),FEMA OpenFEMA Disaster Declarations Miami-Dade (2016-2022)
987,2409,87085000,MIAMI-DADE,25.797752,-80.215189,24500,2025,1.54,205,87,10,0.0853,0.0862,0.0858,MODERATE,priority_score = 0.5 × aadt_score + 0.5 × hurricane_proximity_score,FDOT Annual Average Daily Traffic TDA (2025),NOAA HURDAT2 Atlantic Hurricane Database (1851-2023),NOAA Storm Events Database Miami-Dade CZ_FIPS=86 (2014-2022),FEMA OpenFEMA Disaster Declarations Miami-Dade (2016-2022)
988,3609,87026000,MIAMI-DADE,25.939958,-80.269426,43500,2025,5.39,208,87,10,0.1558,0.0158,0.0858,MODERATE,priority_score = 0.5 × aadt_score + 0.5 × hurricane_proximity_score,FDOT Annual Average Daily Traffic TDA (2025),NOAA HURDAT2 Atlantic Hurricane Database (1851-2023),NOAA Storm Events Database Miami-Dade CZ_FIPS=86 (2014-2022),FEMA OpenFEMA Disaster Declarations Miami-Dade (2016-2022)
989,2720,87016000,MIAMI-DADE,25.813255,-80.123886,36500,2025,2.81,210,87,10,0.1299,0.0416,0.0858,MODERATE,priority_score = 0.5 × aadt_score + 0.5 × hurricane_proximity_score,FDOT Annual Average Daily Traffic TDA (2025),NOAA HURDAT2 Atlantic Hurricane Database (1851-2023),NOAA Storm Events Database Miami-Dade CZ_FIPS=86 (2014-2022),FEMA OpenFEMA Disaster Declarations Miami-Dade (2016-2022)
990,2720,87060002,MIAMI-DADE,25.813337,-80.123937,36500,2025,2.82,210,87,10,0.1299,0.0414,0.0857,MODERATE,priority_score = 0.5 × aadt_score + 0.5 × hurricane_proximity_score,FDOT Annual Average Daily Traffic TDA (2025),NOAA HURDAT2 Atlantic Hurricane Database (1851-2023),NOAA Storm Events Database Miami-Dade CZ_FIPS=86 (2014-2022),FEMA OpenFEMA Disaster Declarations Miami-Dade (2016-2022)
991,4619,87019000,MIAMI-DADE,25.955457,-80.245916,46000,2025,8.2,208,87,10,0.1651,0.0061,0.0856,MODERATE,priority_score = 0.5 × aadt_score + 0.5 × hurricane_proximity_score,FDOT Annual Average Daily Traffic TDA (2025),NOAA HURDAT2 Atlantic Hurricane Database (1851-2023),NOAA Storm Events Database Miami-Dade CZ_FIPS=86 (2014-2022),FEMA OpenFEMA Disaster Declarations Miami-Dade (2016-2022)
992,3785,87080000,MIAMI-DADE,25.848314,-80.166783,44500,2025,6.32,209,87,10,0.1596,0.0116,0.0856,MODERATE,priority_score = 0.5 × aadt_score + 0.5 × hurricane_proximity_score,FDOT Annual Average Daily Traffic TDA (2025),NOAA HURDAT2 Atlantic Hurricane Database (1851-2023),NOAA Storm Events Database Miami-Dade CZ_FIPS=86 (2014-2022),FEMA OpenFEMA Disaster Declarations Miami-Dade (2016-2022)
993,3006,87060001,MIAMI-DADE,25.887658,-80.123775,36000,2025,2.75,208,87,10,0.128,0.0428,0.0854,MODERATE,priority_score = 0.5 × aadt_score + 0.5 × hurricane_proximity_score,FDOT Annual Average Daily Traffic TDA (2025),NOAA HURDAT2 Atlantic Hurricane Database (1851-2023),NOAA Storm Events Database Miami-Dade CZ_FIPS=86 (2014-2022),FEMA OpenFEMA Disaster Declarations Miami-Dade (2016-2022)
994,5239,87019000,MIAMI-DADE,25.960687,-80.246437,46000,2025,8.62,208,87,10,0.1651,0.0052,0.0852,MODERATE,priority_score = 0.5 × aadt_score + 0.5 × hurricane_proximity_score,FDOT Annual Average Daily Traffic TDA (2025),NOAA HURDAT2 Atlantic Hurricane Database (1851-2023),NOAA Storm Events Database Miami-Dade CZ_FIPS=86 (2014-2022),FEMA OpenFEMA Disaster Declarations Miami-Dade (2016-2022)
995,2919,87060001,MIAMI-DADE,25.88708,-80.12371,36000,2025,2.77,208,87,10,0.128,0.0424,0.0852,MODERATE,priority_score = 0.5 × aadt_score + 0.5 × hurricane_proximity_score,FDOT Annual Average Daily Traffic TDA (2025),NOAA HURDAT2 Atlantic Hurricane Database (1851-2023),NOAA Storm Events Database Miami-Dade CZ_FIPS=86 (2014-2022),FEMA OpenFEMA Disaster Declarations Miami-Dade (2016-2022)
996,2757,87080000,MIAMI-DADE,25.851629,-80.137197,44500,2025,6.54,211,87,10,0.1596,0.0108,0.0852,MODERATE,priority_score = 0.5 × aadt_score + 0.5 × hurricane_proximity_score,FDOT Annual Average Daily Traffic TDA (2025),NOAA HURDAT2 Atlantic Hurricane Database (1851-2023),NOAA Storm Events Database Miami-Dade CZ_FIPS=86 (2014-2022),FEMA OpenFEMA Disaster Declarations Miami-Dade (2016-2022)
997,3403,87019000,MIAMI-DADE,25.964288,-80.246544,46000,2025,8.93,208,87,10,0.1651,0.0046,0.0849,MODERATE,priority_score = 0.5 × aadt_score + 0.5 × hurricane_proximity_score,FDOT Annual Average Daily Traffic TDA (2025),NOAA HURDAT2 Atlantic Hurricane Database (1851-2023),NOAA Storm Events Database Miami-Dade CZ_FIPS=86 (2014-2022),FEMA OpenFEMA Disaster Declarations Miami-Dade (2016-2022)
998,2414,87085000,MIAMI-DADE,25.802358,-80.215431,24500,2025,1.57,205,87,10,0.0853,0.0843,0.0848,MODERATE,priority_score = 0.5 × aadt_score + 0.5 × hurricane_proximity_score,FDOT Annual Average Daily Traffic TDA (2025),NOAA HURDAT2 Atlantic Hurricane Database (1851-2023),NOAA Storm Events Database Miami-Dade CZ_FIPS=86 (2014-2022),FEMA OpenFEMA Disaster Declarations Miami-Dade (2016-2022)
999,3015,87080000,N/A,25.848443,-80.158618,44500,2025,6.79,209,87,10,0.1596,0.01,0.0848,MODERATE,priority_score = 0.5 × aadt_score + 0.5 × hurricane_proximity_score,FDOT Annual Average Daily Traffic TDA (2025),NOAA HURDAT2 Atlantic Hurricane Database (1851-2023),NOAA Storm Events Database Miami-Dade CZ_FIPS=86 (2014-2022),FEMA OpenFEMA Disaster Declarations Miami-Dade (2016-2022)
1000,3150,87026000,MIAMI-DADE,25.940267,-80.26136,43500,2025,5.91,208,87,10,0.1558,0.0133,0.0846,MODERATE,priority_score = 0.5 × aadt_score + 0.5 × hurricane_proximity_score,FDOT Annual Average Daily Traffic TDA (2025),NOAA HURDAT2 Atlantic Hurricane Database (1851-2023),NOAA Storm Events Database Miami-Dade CZ_FIPS=86 (2014-2022),FEMA OpenFEMA Disaster Declarations Miami-Dade (2016-2022)
1001,3829,87019000,MIAMI-DADE,25.967104,-80.246641,46000,2025,9.17,208,87,10,0.1651,0.0042,0.0846,MODERATE,priority_score = 0.5 × aadt_score + 0.5 × hurricane_proximity_score,FDOT Annual Average Daily Traffic TDA (2025),NOAA HURDAT2 Atlantic Hurricane Database (1851-2023),NOAA Storm Events Database Miami-Dade CZ_FIPS=86 (2014-2022),FEMA OpenFEMA Disaster Declarations Miami-Dade (2016-2022)
1002,3919,87080000,MIAMI-DADE,25.848492,-80.156949,44500,2025,6.9,209,87,10,0.1596,0.0096,0.0846,MODERATE,priority_score = 0.5 × aadt_score + 0.5 × hurricane_proximity_score,FDOT Annual Average Daily Traffic TDA (2025),NOAA HURDAT2 Atlantic Hurricane Database (1851-2023),NOAA Storm Events Database Miami-Dade CZ_FIPS=86 (2014-2022),FEMA OpenFEMA Disaster Declarations Miami-Dade (2016-2022)
1003,3441,87060001,MIAMI-DADE,25.886037,-80.123617,36000,2025,2.83,208,87,10,0.128,0.0413,0.0846,MODERATE,priority_score = 0.5 × aadt_score + 0.5 × hurricane_proximity_score,FDOT Annual Average Daily Traffic TDA (2025),NOAA HURDAT2 Atlantic Hurricane Database (1851-2023),NOAA Storm Events Database Miami-Dade CZ_FIPS=86 (2014-2022),FEMA OpenFEMA Disaster Declarations Miami-Dade (2016-2022)
1004,2764,87080000,MIAMI-DADE,25.851076,-80.143124,44500,2025,6.94,210,87,10,0.1596,0.0095,0.0845,MODERATE,priority_score = 0.5 × aadt_score + 0.5 × hurricane_proximity_score,FDOT Annual Average Daily Traffic TDA (2025),NOAA HURDAT2 Atlantic Hurricane Database (1851-2023),NOAA Storm Events Database Miami-Dade CZ_FIPS=86 (2014-2022),FEMA OpenFEMA Disaster Declarations Miami-Dade (2016-2022)
1005,5902,87019000,MIAMI-DADE,25.968237,-80.246667,46000,2025,9.27,208,87,10,0.1651,0.004,0.0845,MODERATE,priority_score = 0.5 × aadt_score + 0.5 × hurricane_proximity_score,FDOT Annual Average Daily Traffic TDA (2025),NOAA HURDAT2 Atlantic Hurricane Database (1851-2023),NOAA Storm Events Database Miami-Dade CZ_FIPS=86 (2014-2022),FEMA OpenFEMA Disaster Declarations Miami-Dade (2016-2022)
1006,4606,87210000,MIAMI-DADE,25.953685,-80.120524,43000,2025,5.54,211,87,10,0.154,0.015,0.0845,MODERATE,priority_score = 0.5 × aadt_score + 0.5 × hurricane_proximity_score,FDOT Annual Average Daily Traffic TDA (2025),NOAA HURDAT2 Atlantic Hurricane Database (1851-2023),NOAA Storm Events Database Miami-Dade CZ_FIPS=86 (2014-2022),FEMA OpenFEMA Disaster Declarations Miami-Dade (2016-2022)
1007,2679,87060002,MIAMI-DADE,25.816092,-80.123547,36500,2025,2.96,210,87,10,0.1299,0.0389,0.0844,MODERATE,priority_score = 0.5 × aadt_score + 0.5 × hurricane_proximity_score,FDOT Annual Average Daily Traffic TDA (2025),NOAA HURDAT2 Atlantic Hurricane Database (1851-2023),NOAA Storm Events Database Miami-Dade CZ_FIPS=86 (2014-2022),FEMA OpenFEMA Disaster Declarations Miami-Dade (2016-2022)
1008,3016,87080000,MIAMI-DADE,25.848382,-80.146328,44500,2025,7.1,210,87,10,0.1596,0.009,0.0843,MODERATE,priority_score = 0.5 × aadt_score + 0.5 × hurricane_proximity_score,FDOT Annual Average Daily Traffic TDA (2025),NOAA HURDAT2 Atlantic Hurricane Database (1851-2023),NOAA Storm Events Database Miami-Dade CZ_FIPS=86 (2014-2022),FEMA OpenFEMA Disaster Declarations Miami-Dade (2016-2022)
1009,3014,87080000,MIAMI-DADE,25.848643,-80.15405,44500,2025,7.1,210,87,10,0.1596,0.009,0.0843,MODERATE,priority_score = 0.5 × aadt_score + 0.5 × hurricane_proximity_score,FDOT Annual Average Daily Traffic TDA (2025),NOAA HURDAT2 Atlantic Hurricane Database (1851-2023),NOAA Storm Events Database Miami-Dade CZ_FIPS=86 (2014-2022),FEMA OpenFEMA Disaster Declarations Miami-Dade (2016-2022)
1010,2918,87060001,MIAMI-DADE,25.885269,-80.123549,36000,2025,2.87,208,87,10,0.128,0.0405,0.0843,MODERATE,priority_score = 0.5 × aadt_score + 0.5 × hurricane_proximity_score,FDOT Annual Average Daily Traffic TDA (2025),NOAA HURDAT2 Atlantic Hurricane Database (1851-2023),NOAA Storm Events Database Miami-Dade CZ_FIPS=86 (2014-2022),FEMA OpenFEMA Disaster Declarations Miami-Dade (2016-2022)
1011,5241,87019000,MIAMI-DADE,25.971764,-80.24675,46000,2025,9.59,208,87,10,0.1651,0.0034,0.0843,MODERATE,priority_score = 0.5 × aadt_score + 0.5 × hurricane_proximity_score,FDOT Annual Average Daily Traffic TDA (2025),NOAA HURDAT2 Atlantic Hurricane Database (1851-2023),NOAA Storm Events Database Miami-Dade CZ_FIPS=86 (2014-2022),FEMA OpenFEMA Disaster Declarations Miami-Dade (2016-2022)
1012,2424,87085000,MIAMI-DADE,25.80336,-80.215464,24500,2025,1.59,205,87,10,0.0853,0.0831,0.0842,MODERATE,priority_score = 0.5 × aadt_score + 0.5 × hurricane_proximity_score,FDOT Annual Average Daily Traffic TDA (2025),NOAA HURDAT2 Atlantic Hurricane Database (1851-2023),NOAA Storm Events Database Miami-Dade CZ_FIPS=86 (2014-2022),FEMA OpenFEMA Disaster Declarations Miami-Dade (2016-2022)
1013,3874,87080000,MIAMI-DADE,25.848452,-80.148446,44500,2025,7.25,210,87,10,0.1596,0.0085,0.084,MODERATE,priority_score = 0.5 × aadt_score + 0.5 × hurricane_proximity_score,FDOT Annual Average Daily Traffic TDA (2025),NOAA HURDAT2 Atlantic Hurricane Database (1851-2023),NOAA Storm Events Database Miami-Dade CZ_FIPS=86 (2014-2022),FEMA OpenFEMA Disaster Declarations Miami-Dade (2016-2022)
1014,3440,87060001,MIAMI-DADE,25.884502,-80.123472,36000,2025,2.91,208,87,10,0.128,0.0398,0.0839,MODERATE,priority_score = 0.5 × aadt_score + 0.5 × hurricane_proximity_score,FDOT Annual Average Daily Traffic TDA (2025),NOAA HURDAT2 Atlantic Hurricane Database (1851-2023),NOAA Storm Events Database Miami-Dade CZ_FIPS=86 (2014-2022),FEMA OpenFEMA Disaster Declarations Miami-Dade (2016-2022)
1015,3013,87080000,MIAMI-DADE,25.848743,-80.150651,44500,2025,7.33,210,87,10,0.1596,0.0083,0.0839,MODERATE,priority_score = 0.5 × aadt_score + 0.5 × hurricane_proximity_score,FDOT Annual Average Daily Traffic TDA (2025),NOAA HURDAT2 Atlantic Hurricane Database (1851-2023),NOAA Storm Events Database Miami-Dade CZ_FIPS=86 (2014-2022),FEMA OpenFEMA Disaster Declarations Miami-Dade (2016-2022)
1016,2885,87055000,MIAMI-DADE,25.702253,-80.334146,38000,2025,3.43,207,87,10,0.1354,0.0319,0.0837,MODERATE,priority_score = 0.5 × aadt_score + 0.5 × hurricane_proximity_score,FDOT Annual Average Daily Traffic TDA (2025),NOAA HURDAT2 Atlantic Hurricane Database (1851-2023),NOAA Storm Events Database Miami-Dade CZ_FIPS=86 (2014-2022),FEMA OpenFEMA Disaster Declarations Miami-Dade (2016-2022)
1017,2401,87085000,MIAMI-DADE,25.794993,-80.21507,24500,2025,1.61,205,87,10,0.0853,0.0819,0.0836,MODERATE,priority_score = 0.5 × aadt_score + 0.5 × hurricane_proximity_score,FDOT Annual Average Daily Traffic TDA (2025),NOAA HURDAT2 Atlantic Hurricane Database (1851-2023),NOAA Storm Events Database Miami-Dade CZ_FIPS=86 (2014-2022),FEMA OpenFEMA Disaster Declarations Miami-Dade (2016-2022)
1018,2771,87016000,MIAMI-DADE,25.813699,-80.12648,36500,2025,3.06,210,87,10,0.1299,0.0372,0.0835,MODERATE,priority_score = 0.5 × aadt_score + 0.5 × hurricane_proximity_score,FDOT Annual Average Daily Traffic TDA (2025),NOAA HURDAT2 Atlantic Hurricane Database (1851-2023),NOAA Storm Events Database Miami-Dade CZ_FIPS=86 (2014-2022),FEMA OpenFEMA Disaster Declarations Miami-Dade (2016-2022)
1019,2917,87060001,MIAMI-DADE,25.883474,-80.12337,36000,2025,2.97,208,87,10,0.128,0.0387,0.0834,MODERATE,priority_score = 0.5 × aadt_score + 0.5 × hurricane_proximity_score,FDOT Annual Average Daily Traffic TDA (2025),NOAA HURDAT2 Atlantic Hurricane Database (1851-2023),NOAA Storm Events Database Miami-Dade CZ_FIPS=86 (2014-2022),FEMA OpenFEMA Disaster Declarations Miami-Dade (2016-2022)
1020,3602,87026000,MIAMI-DADE,25.940573,-80.253343,43500,2025,6.49,208,87,10,0.1558,0.011,0.0834,MODERATE,priority_score = 0.5 × aadt_score + 0.5 × hurricane_proximity_score,FDOT Annual Average Daily Traffic TDA (2025),NOAA HURDAT2 Atlantic Hurricane Database (1851-2023),NOAA Storm Events Database Miami-Dade CZ_FIPS=86 (2014-2022),FEMA OpenFEMA Disaster Declarations Miami-Dade (2016-2022)
1021,5055,87008000,MIAMI-DADE,25.896652,-80.259715,39500,2025,4.05,209,87,10,0.141,0.0251,0.083,MODERATE,priority_score = 0.5 × aadt_score + 0.5 × hurricane_proximity_score,FDOT Annual Average Daily Traffic TDA (2025),NOAA HURDAT2 Atlantic Hurricane Database (1851-2023),NOAA Storm Events Database Miami-Dade CZ_FIPS=86 (2014-2022),FEMA OpenFEMA Disaster Declarations Miami-Dade (2016-2022)
1022,2783,87016000,MIAMI-DADE,25.81381,-80.127617,36500,2025,3.16,210,87,10,0.1299,0.0357,0.0828,MODERATE,priority_score = 0.5 × aadt_score + 0.5 × hurricane_proximity_score,FDOT Annual Average Daily Traffic TDA (2025),NOAA HURDAT2 Atlantic Hurricane Database (1851-2023),NOAA Storm Events Database Miami-Dade CZ_FIPS=86 (2014-2022),FEMA OpenFEMA Disaster Declarations Miami-Dade (2016-2022)
1023,3254,87085000,MIAMI-DADE,25.804638,-80.215515,24500,2025,1.64,205,87,10,0.0853,0.0802,0.0828,MODERATE,priority_score = 0.5 × aadt_score + 0.5 × hurricane_proximity_score,FDOT Annual Average Daily Traffic TDA (2025),NOAA HURDAT2 Atlantic Hurricane Database (1851-2023),NOAA Storm Events Database Miami-Dade CZ_FIPS=86 (2014-2022),FEMA OpenFEMA Disaster Declarations Miami-Dade (2016-2022)
1024,3469,87026000,MIAMI-DADE,25.947301,-80.147032,43500,2025,7.06,210,87,10,0.1558,0.0091,0.0825,MODERATE,priority_score = 0.5 × aadt_score + 0.5 × hurricane_proximity_score,FDOT Annual Average Daily Traffic TDA (2025),NOAA HURDAT2 Atlantic Hurricane Database (1851-2023),NOAA Storm Events Database Miami-Dade CZ_FIPS=86 (2014-2022),FEMA OpenFEMA Disaster Declarations Miami-Dade (2016-2022)
1025,4925,87026000,MIAMI-DADE,25.947447,-80.148143,43500,2025,7.14,210,87,10,0.1558,0.0089,0.0824,MODERATE,priority_score = 0.5 × aadt_score + 0.5 × hurricane_proximity_score,FDOT Annual Average Daily Traffic TDA (2025),NOAA HURDAT2 Atlantic Hurricane Database (1851-2023),NOAA Storm Events Database Miami-Dade CZ_FIPS=86 (2014-2022),FEMA OpenFEMA Disaster Declarations Miami-Dade (2016-2022)
1026,2908,87026000,MIAMI-DADE,25.940864,-80.245324,43500,2025,7.11,209,87,10,0.1558,0.009,0.0824,MODERATE,priority_score = 0.5 × aadt_score + 0.5 × hurricane_proximity_score,FDOT Annual Average Daily Traffic TDA (2025),NOAA HURDAT2 Atlantic Hurricane Database (1851-2023),NOAA Storm Events Database Miami-Dade CZ_FIPS=86 (2014-2022),FEMA OpenFEMA Disaster Declarations Miami-Dade (2016-2022)
1027,3185,87060001,MIAMI-DADE,25.881651,-80.123188,36000,2025,3.09,208,87,10,0.128,0.0367,0.0824,MODERATE,priority_score = 0.5 × aadt_score + 0.5 × hurricane_proximity_score,FDOT Annual Average Daily Traffic TDA (2025),NOAA HURDAT2 Atlantic Hurricane Database (1851-2023),NOAA Storm Events Database Miami-Dade CZ_FIPS=86 (2014-2022),FEMA OpenFEMA Disaster Declarations Miami-Dade (2016-2022)
1028,2524,87026000,MIAMI-DADE,25.947435,-80.148577,43500,2025,7.17,210,87,10,0.1558,0.0088,0.0823,MODERATE,priority_score = 0.5 × aadt_score + 0.5 × hurricane_proximity_score,FDOT Annual Average Daily Traffic TDA (2025),NOAA HURDAT2 Atlantic Hurricane Database (1851-2023),NOAA Storm Events Database Miami-Dade CZ_FIPS=86 (2014-2022),FEMA OpenFEMA Disaster Declarations Miami-Dade (2016-2022)
1029,4910,87026000,MIAMI-DADE,25.947387,-80.149846,43500,2025,7.25,210,87,10,0.1558,0.0085,0.0822,MODERATE,priority_score = 0.5 × aadt_score + 0.5 × hurricane_proximity_score,FDOT Annual Average Daily Traffic TDA (2025),NOAA HURDAT2 Atlantic Hurricane Database (1851-2023),NOAA Storm Events Database Miami-Dade CZ_FIPS=86 (2014-2022),FEMA OpenFEMA Disaster Declarations Miami-Dade (2016-2022)
1030,3908,87016000,MIAMI-DADE,25.813837,-80.128675,36500,2025,3.26,210,87,10,0.1299,0.0342,0.082,MODERATE,priority_score = 0.5 × aadt_score + 0.5 × hurricane_proximity_score,FDOT Annual Average Daily Traffic TDA (2025),NOAA HURDAT2 Atlantic Hurricane Database (1851-2023),NOAA Storm Events Database Miami-Dade CZ_FIPS=86 (2014-2022),FEMA OpenFEMA Disaster Declarations Miami-Dade (2016-2022)
1031,4655,87210000,MIAMI-DADE,25.955023,-80.146928,43000,2025,6.86,210,87,10,0.154,0.0097,0.0819,MODERATE,priority_score = 0.5 × aadt_score + 0.5 × hurricane_proximity_score,FDOT Annual Average Daily Traffic TDA (2025),NOAA HURDAT2 Atlantic Hurricane Database (1851-2023),NOAA Storm Events Database Miami-Dade CZ_FIPS=86 (2014-2022),FEMA OpenFEMA Disaster Declarations Miami-Dade (2016-2022)
1032,6445,87026000,MIAMI-DADE,25.941082,-80.240248,43500,2025,7.52,209,87,10,0.1558,0.0078,0.0818,MODERATE,priority_score = 0.5 × aadt_score + 0.5 × hurricane_proximity_score,FDOT Annual Average Daily Traffic TDA (2025),NOAA HURDAT2 Atlantic Hurricane Database (1851-2023),NOAA Storm Events Database Miami-Dade CZ_FIPS=86 (2014-2022),FEMA OpenFEMA Disaster Declarations Miami-Dade (2016-2022)
1033,2782,87016000,MIAMI-DADE,25.81384,-80.129304,36500,2025,3.31,210,87,10,0.1299,0.0335,0.0817,MODERATE,priority_score = 0.5 × aadt_score + 0.5 × hurricane_proximity_score,FDOT Annual Average Daily Traffic TDA (2025),NOAA HURDAT2 Atlantic Hurricane Database (1851-2023),NOAA Storm Events Database Miami-Dade CZ_FIPS=86 (2014-2022),FEMA OpenFEMA Disaster Declarations Miami-Dade (2016-2022)
1034,2526,87026000,MIAMI-DADE,25.947127,-80.156579,43500,2025,7.71,211,87,10,0.1558,0.0073,0.0816,MODERATE,priority_score = 0.5 × aadt_score + 0.5 × hurricane_proximity_score,FDOT Annual Average Daily Traffic TDA (2025),NOAA HURDAT2 Atlantic Hurricane Database (1851-2023),NOAA Storm Events Database Miami-Dade CZ_FIPS=86 (2014-2022),FEMA OpenFEMA Disaster Declarations Miami-Dade (2016-2022)
1035,3228,87026000,MIAMI-DADE,25.941215,-80.237309,43500,2025,7.77,209,87,10,0.1558,0.0071,0.0815,MODERATE,priority_score = 0.5 × aadt_score + 0.5 × hurricane_proximity_score,FDOT Annual Average Daily Traffic TDA (2025),NOAA HURDAT2 Atlantic Hurricane Database (1851-2023),NOAA Storm Events Database Miami-Dade CZ_FIPS=86 (2014-2022),FEMA OpenFEMA Disaster Declarations Miami-Dade (2016-2022)
1036,6550,87008000,MIAMI-DADE,25.896802,-80.25584,39500,2025,4.43,209,87,10,0.141,0.0219,0.0814,MODERATE,priority_score = 0.5 × aadt_score + 0.5 × hurricane_proximity_score,FDOT Annual Average Daily Traffic TDA (2025),NOAA HURDAT2 Atlantic Hurricane Database (1851-2023),NOAA Storm Events Database Miami-Dade CZ_FIPS=86 (2014-2022),FEMA OpenFEMA Disaster Declarations Miami-Dade (2016-2022)
1037,4787,87150000,MIAMI-DADE,25.564996,-80.478228,39500,2025,4.46,202,87,10,0.141,0.0216,0.0813,MODERATE,priority_score = 0.5 × aadt_score + 0.5 × hurricane_proximity_score,FDOT Annual Average Daily Traffic TDA (2025),NOAA HURDAT2 Atlantic Hurricane Database (1851-2023),NOAA Storm Events Database Miami-Dade CZ_FIPS=86 (2014-2022),FEMA OpenFEMA Disaster Declarations Miami-Dade (2016-2022)
1038,3905,87016000,MIAMI-DADE,25.813844,-80.129949,36500,2025,3.37,210,87,10,0.1299,0.0327,0.0813,MODERATE,priority_score = 0.5 × aadt_score + 0.5 × hurricane_proximity_score,FDOT Annual Average Daily Traffic TDA (2025),NOAA HURDAT2 Atlantic Hurricane Database (1851-2023),NOAA Storm Events Database Miami-Dade CZ_FIPS=86 (2014-2022),FEMA OpenFEMA Disaster Declarations Miami-Dade (2016-2022)
1039,7642,87008000,MIAMI-DADE,25.896825,-80.255229,39500,2025,4.49,209,87,10,0.141,0.0214,0.0812,MODERATE,priority_score = 0.5 × aadt_score + 0.5 × hurricane_proximity_score,FDOT Annual Average Daily Traffic TDA (2025),NOAA HURDAT2 Atlantic Hurricane Database (1851-2023),NOAA Storm Events Database Miami-Dade CZ_FIPS=86 (2014-2022),FEMA OpenFEMA Disaster Declarations Miami-Dade (2016-2022)
1040,5063,87016000,MIAMI-DADE,25.813846,-80.13031,36500,2025,3.4,211,87,10,0.1299,0.0323,0.0811,MODERATE,priority_score = 0.5 × aadt_score + 0.5 × hurricane_proximity_score,FDOT Annual Average Daily Traffic TDA (2025),NOAA HURDAT2 Atlantic Hurricane Database (1851-2023),NOAA Storm Events Database Miami-Dade CZ_FIPS=86 (2014-2022),FEMA OpenFEMA Disaster Declarations Miami-Dade (2016-2022)
1041,2024,87026000,MIAMI-DADE,25.946022,-80.162729,43500,2025,8.1,210,87,10,0.1558,0.0063,0.0811,MODERATE,priority_score = 0.5 × aadt_score + 0.5 × hurricane_proximity_score,FDOT Annual Average Daily Traffic TDA (2025),NOAA HURDAT2 Atlantic Hurricane Database (1851-2023),NOAA Storm Events Database Miami-Dade CZ_FIPS=86 (2014-2022),FEMA OpenFEMA Disaster Declarations Miami-Dade (2016-2022)
1042,3293,87026000,MIAMI-DADE,25.945938,-80.164835,43500,2025,8.25,210,87,10,0.1558,0.006,0.0809,MODERATE,priority_score = 0.5 × aadt_score + 0.5 × hurricane_proximity_score,FDOT Annual Average Daily Traffic TDA (2025),NOAA HURDAT2 Atlantic Hurricane Database (1851-2023),NOAA Storm Events Database Miami-Dade CZ_FIPS=86 (2014-2022),FEMA OpenFEMA Disaster Declarations Miami-Dade (2016-2022)
1043,2779,87016000,MIAMI-DADE,25.813847,-80.130531,36500,2025,3.42,211,87,10,0.1299,0.032,0.0809,MODERATE,priority_score = 0.5 × aadt_score + 0.5 × hurricane_proximity_score,FDOT Annual Average Daily Traffic TDA (2025),NOAA HURDAT2 Atlantic Hurricane Database (1851-2023),NOAA Storm Events Database Miami-Dade CZ_FIPS=86 (2014-2022),FEMA OpenFEMA Disaster Declarations Miami-Dade (2016-2022)
1044,3942,87026000,MIAMI-DADE,25.945863,-80.166827,43500,2025,8.41,210,87,10,0.1558,0.0057,0.0807,MODERATE,priority_score = 0.5 × aadt_score + 0.5 × hurricane_proximity_score,FDOT Annual Average Daily Traffic TDA (2025),NOAA HURDAT2 Atlantic Hurricane Database (1851-2023),NOAA Storm Events Database Miami-Dade CZ_FIPS=86 (2014-2022),FEMA OpenFEMA Disaster Declarations Miami-Dade (2016-2022)
1045,6920,87150000,MIAMI DADE,25.63759,-80.479812,39500,2025,4.64,203,87,10,0.141,0.0203,0.0807,MODERATE,priority_score = 0.5 × aadt_score + 0.5 × hurricane_proximity_score,FDOT Annual Average Daily Traffic TDA (2025),NOAA HURDAT2 Atlantic Hurricane Database (1851-2023),NOAA Storm Events Database Miami-Dade CZ_FIPS=86 (2014-2022),FEMA OpenFEMA Disaster Declarations Miami-Dade (2016-2022)
1046,3271,87026000,MIAMI-DADE,25.941506,-80.229242,43500,2025,8.45,209,87,10,0.1558,0.0056,0.0807,MODERATE,priority_score = 0.5 × aadt_score + 0.5 × hurricane_proximity_score,FDOT Annual Average Daily Traffic TDA (2025),NOAA HURDAT2 Atlantic Hurricane Database (1851-2023),NOAA Storm Events Database Miami-Dade CZ_FIPS=86 (2014-2022),FEMA OpenFEMA Disaster Declarations Miami-Dade (2016-2022)
1047,4369,87008000,MIAMI-DADE,25.896893,-80.253461,39500,2025,4.67,209,87,10,0.141,0.0201,0.0806,MODERATE,priority_score = 0.5 × aadt_score + 0.5 × hurricane_proximity_score,FDOT Annual Average Daily Traffic TDA (2025),NOAA HURDAT2 Atlantic Hurricane Database (1851-2023),NOAA Storm Events Database Miami-Dade CZ_FIPS=86 (2014-2022),FEMA OpenFEMA Disaster Declarations Miami-Dade (2016-2022)
1048,2916,87060001,MIAMI-DADE,25.87802,-80.122814,36000,2025,3.34,208,87,10,0.128,0.0331,0.0805,MODERATE,priority_score = 0.5 × aadt_score + 0.5 × hurricane_proximity_score,FDOT Annual Average Daily Traffic TDA (2025),NOAA HURDAT2 Atlantic Hurricane Database (1851-2023),NOAA Storm Events Database Miami-Dade CZ_FIPS=86 (2014-2022),FEMA OpenFEMA Disaster Declarations Miami-Dade (2016-2022)
1049,3807,87026000,MIAMI-DADE,25.944965,-80.170833,43500,2025,8.67,210,87,10,0.1558,0.0051,0.0805,MODERATE,priority_score = 0.5 × aadt_score + 0.5 × hurricane_proximity_score,FDOT Annual Average Daily Traffic TDA (2025),NOAA HURDAT2 Atlantic Hurricane Database (1851-2023),NOAA Storm Events Database Miami-Dade CZ_FIPS=86 (2014-2022),FEMA OpenFEMA Disaster Declarations Miami-Dade (2016-2022)
1050,4198,87150000,MIAMI-DADE,25.760979,-80.481336,39500,2025,4.72,205,87,10,0.141,0.0198,0.0804,MODERATE,priority_score = 0.5 × aadt_score + 0.5 × hurricane_proximity_score,FDOT Annual Average Daily Traffic TDA (2025),NOAA HURDAT2 Atlantic Hurricane Database (1851-2023),NOAA Storm Events Database Miami-Dade CZ_FIPS=86 (2014-2022),FEMA OpenFEMA Disaster Declarations Miami-Dade (2016-2022)
1051,5027,87026000,MIAMI-DADE,25.941664,-80.225257,43500,2025,8.79,209,87,10,0.1558,0.0049,0.0804,MODERATE,priority_score = 0.5 × aadt_score + 0.5 × hurricane_proximity_score,FDOT Annual Average Daily Traffic TDA (2025),NOAA HURDAT2 Atlantic Hurricane Database (1851-2023),NOAA Storm Events Database Miami-Dade CZ_FIPS=86 (2014-2022),FEMA OpenFEMA Disaster Declarations Miami-Dade (2016-2022)
1052,3510,87026000,MIAMI-DADE,25.944712,-80.173163,43500,2025,8.85,210,87,10,0.1558,0.0048,0.0803,MODERATE,priority_score = 0.5 × aadt_score + 0.5 × hurricane_proximity_score,FDOT Annual Average Daily Traffic TDA (2025),NOAA HURDAT2 Atlantic Hurricane Database (1851-2023),NOAA Storm Events Database Miami-Dade CZ_FIPS=86 (2014-2022),FEMA OpenFEMA Disaster Declarations Miami-Dade (2016-2022)
1053,6551,87008000,MIAMI-DADE,25.896926,-80.252625,39500,2025,4.75,209,87,10,0.141,0.0196,0.0803,MODERATE,priority_score = 0.5 × aadt_score + 0.5 × hurricane_proximity_score,FDOT Annual Average Daily Traffic TDA (2025),NOAA HURDAT2 Atlantic Hurricane Database (1851-2023),NOAA Storm Events Database Miami-Dade CZ_FIPS=86 (2014-2022),FEMA OpenFEMA Disaster Declarations Miami-Dade (2016-2022)
1054,3742,87062000,MIAMI-DADE,25.726469,-80.286196,35500,2025,3.25,205,87,10,0.1262,0.0343,0.0802,MODERATE,priority_score = 0.5 × aadt_score + 0.5 × hurricane_proximity_score,FDOT Annual Average Daily Traffic TDA (2025),NOAA HURDAT2 Atlantic Hurricane Database (1851-2023),NOAA Storm Events Database Miami-Dade CZ_FIPS=86 (2014-2022),FEMA OpenFEMA Disaster Declarations Miami-Dade (2016-2022)
1055,2655,87016000,MIAMI-DADE,25.813858,-80.131695,36500,2025,3.53,211,87,10,0.1299,0.0306,0.0802,MODERATE,priority_score = 0.5 × aadt_score + 0.5 × hurricane_proximity_score,FDOT Annual Average Daily Traffic TDA (2025),NOAA HURDAT2 Atlantic Hurricane Database (1851-2023),NOAA Storm Events Database Miami-Dade CZ_FIPS=86 (2014-2022),FEMA OpenFEMA Disaster Declarations Miami-Dade (2016-2022)
1056,2257,87054000,MIAMI-DADE,25.761551,-80.195162,38500,2025,4.3,207,87,10,0.1373,0.0229,0.0801,MODERATE,priority_score = 0.5 × aadt_score + 0.5 × hurricane_proximity_score,FDOT Annual Average Daily Traffic TDA (2025),NOAA HURDAT2 Atlantic Hurricane Database (1851-2023),NOAA Storm Events Database Miami-Dade CZ_FIPS=86 (2014-2022),FEMA OpenFEMA Disaster Declarations Miami-Dade (2016-2022)
1057,5313,87054000,MIAMI-DADE,25.76152,-80.196299,38500,2025,4.29,207,87,10,0.1373,0.023,0.0801,MODERATE,priority_score = 0.5 × aadt_score + 0.5 × hurricane_proximity_score,FDOT Annual Average Daily Traffic TDA (2025),NOAA HURDAT2 Atlantic Hurricane Database (1851-2023),NOAA Storm Events Database Miami-Dade CZ_FIPS=86 (2014-2022),FEMA OpenFEMA Disaster Declarations Miami-Dade (2016-2022)
1058,4327,87026000,MIAMI-DADE,25.945324,-80.17562,43500,2025,9.09,210,87,10,0.1558,0.0043,0.0801,MODERATE,priority_score = 0.5 × aadt_score + 0.5 × hurricane_proximity_score,FDOT Annual Average Daily Traffic TDA (2025),NOAA HURDAT2 Atlantic Hurricane Database (1851-2023),NOAA Storm Events Database Miami-Dade CZ_FIPS=86 (2014-2022),FEMA OpenFEMA Disaster Declarations Miami-Dade (2016-2022)
1059,2258,87054000,MIAMI-DADE,25.761482,-80.197388,38500,2025,4.29,207,87,10,0.1373,0.023,0.0801,MODERATE,priority_score = 0.5 × aadt_score + 0.5 × hurricane_proximity_score,FDOT Annual Average Daily Traffic TDA (2025),NOAA HURDAT2 Atlantic Hurricane Database (1851-2023),NOAA Storm Events Database Miami-Dade CZ_FIPS=86 (2014-2022),FEMA OpenFEMA Disaster Declarations Miami-Dade (2016-2022)
1060,2256,87054000,MIAMI-DADE,25.761599,-80.1934,38500,2025,4.32,207,87,10,0.1373,0.0227,0.08,MODERATE,priority_score = 0.5 × aadt_score + 0.5 × hurricane_proximity_score,FDOT Annual Average Daily Traffic TDA (2025),NOAA HURDAT2 Atlantic Hurricane Database (1851-2023),NOAA Storm Events Database Miami-Dade CZ_FIPS=86 (2014-2022),FEMA OpenFEMA Disaster Declarations Miami-Dade (2016-2022)
1061,2170,87054000,MIAMI-DADE,25.761589,-80.193769,38500,2025,4.32,207,87,10,0.1373,0.0227,0.08,MODERATE,priority_score = 0.5 × aadt_score + 0.5 × hurricane_proximity_score,FDOT Annual Average Daily Traffic TDA (2025),NOAA HURDAT2 Atlantic Hurricane Database (1851-2023),NOAA Storm Events Database Miami-Dade CZ_FIPS=86 (2014-2022),FEMA OpenFEMA Disaster Declarations Miami-Dade (2016-2022)
1062,3166,87026000,MIAMI-DADE,25.941825,-80.221224,43500,2025,9.15,209,87,10,0.1558,0.0042,0.08,MODERATE,priority_score = 0.5 × aadt_score + 0.5 × hurricane_proximity_score,FDOT Annual Average Daily Traffic TDA (2025),NOAA HURDAT2 Atlantic Hurricane Database (1851-2023),NOAA Storm Events Database Miami-Dade CZ_FIPS=86 (2014-2022),FEMA OpenFEMA Disaster Declarations Miami-Dade (2016-2022)
1063,2255,87054000,MIAMI-DADE,25.761673,-80.191801,38500,2025,4.34,207,87,10,0.1373,0.0226,0.0799,MODERATE,priority_score = 0.5 × aadt_score + 0.5 × hurricane_proximity_score,FDOT Annual Average Daily Traffic TDA (2025),NOAA HURDAT2 Atlantic Hurricane Database (1851-2023),NOAA Storm Events Database Miami-Dade CZ_FIPS=86 (2014-2022),FEMA OpenFEMA Disaster Declarations Miami-Dade (2016-2022)
1064,4651,87008000,MIAMI-DADE,25.896971,-80.251452,39500,2025,4.87,209,87,10,0.141,0.0188,0.0799,MODERATE,priority_score = 0.5 × aadt_score + 0.5 × hurricane_proximity_score,FDOT Annual Average Daily Traffic TDA (2025),NOAA HURDAT2 Atlantic Hurricane Database (1851-2023),NOAA Storm Events Database Miami-Dade CZ_FIPS=86 (2014-2022),FEMA OpenFEMA Disaster Declarations Miami-Dade (2016-2022)
1065,5064,87016000,MIAMI-DADE,25.813865,-80.132293,36500,2025,3.58,211,87,10,0.1299,0.03,0.0799,MODERATE,priority_score = 0.5 × aadt_score + 0.5 × hurricane_proximity_score,FDOT Annual Average Daily Traffic TDA (2025),NOAA HURDAT2 Atlantic Hurricane Database (1851-2023),NOAA Storm Events Database Miami-Dade CZ_FIPS=86 (2014-2022),FEMA OpenFEMA Disaster Declarations Miami-Dade (2016-2022)
1066,3435,87026000,MIAMI-DADE,25.943529,-80.180801,43500,2025,9.42,210,87,10,0.1558,0.0037,0.0798,MODERATE,priority_score = 0.5 × aadt_score + 0.5 × hurricane_proximity_score,FDOT Annual Average Daily Traffic TDA (2025),NOAA HURDAT2 Atlantic Hurricane Database (1851-2023),NOAA Storm Events Database Miami-Dade CZ_FIPS=86 (2014-2022),FEMA OpenFEMA Disaster Declarations Miami-Dade (2016-2022)
1067,3486,87026000,MIAMI-DADE,25.942026,-80.21626,43500,2025,9.59,209,87,10,0.1558,0.0034,0.0796,MODERATE,priority_score = 0.5 × aadt_score + 0.5 × hurricane_proximity_score,FDOT Annual Average Daily Traffic TDA (2025),NOAA HURDAT2 Atlantic Hurricane Database (1851-2023),NOAA Storm Events Database Miami-Dade CZ_FIPS=86 (2014-2022),FEMA OpenFEMA Disaster Declarations Miami-Dade (2016-2022)
1068,4722,87085000,MIAMI-DADE,25.807339,-80.215623,24500,2025,1.76,205,87,10,0.0853,0.0739,0.0796,MODERATE,priority_score = 0.5 × aadt_score + 0.5 × hurricane_proximity_score,FDOT Annual Average Daily Traffic TDA (2025),NOAA HURDAT2 Atlantic Hurricane Database (1851-2023),NOAA Storm Events Database Miami-Dade CZ_FIPS=86 (2014-2022),FEMA OpenFEMA Disaster Declarations Miami-Dade (2016-2022)
1069,3560,87055000,MIAMI-DADE,25.701922,-80.342155,38000,2025,4.23,207,87,10,0.1354,0.0235,0.0795,MODERATE,priority_score = 0.5 × aadt_score + 0.5 × hurricane_proximity_score,FDOT Annual Average Daily Traffic TDA (2025),NOAA HURDAT2 Atlantic Hurricane Database (1851-2023),NOAA Storm Events Database Miami-Dade CZ_FIPS=86 (2014-2022),FEMA OpenFEMA Disaster Declarations Miami-Dade (2016-2022)
1070,3387,87026000,MIAMI-DADE,25.941474,-80.18573,43500,2025,9.74,210,87,10,0.1558,0.0032,0.0795,MODERATE,priority_score = 0.5 × aadt_score + 0.5 × hurricane_proximity_score,FDOT Annual Average Daily Traffic TDA (2025),NOAA HURDAT2 Atlantic Hurricane Database (1851-2023),NOAA Storm Events Database Miami-Dade CZ_FIPS=86 (2014-2022),FEMA OpenFEMA Disaster Declarations Miami-Dade (2016-2022)
1071,3005,87066000,MIAMI-DADE,25.887121,-80.122755,32500,2025,2.69,208,87,10,0.115,0.044,0.0795,MODERATE,priority_score = 0.5 × aadt_score + 0.5 × hurricane_proximity_score,FDOT Annual Average Daily Traffic TDA (2025),NOAA HURDAT2 Atlantic Hurricane Database (1851-2023),NOAA Storm Events Database Miami-Dade CZ_FIPS=86 (2014-2022),FEMA OpenFEMA Disaster Declarations Miami-Dade (2016-2022)
1072,3210,87026000,MIAMI-DADE,25.942149,-80.213207,43500,2025,9.86,210,87,10,0.1558,0.003,0.0794,MODERATE,priority_score = 0.5 × aadt_score + 0.5 × hurricane_proximity_score,FDOT Annual Average Daily Traffic TDA (2025),NOAA HURDAT2 Atlantic Hurricane Database (1851-2023),NOAA Storm Events Database Miami-Dade CZ_FIPS=86 (2014-2022),FEMA OpenFEMA Disaster Declarations Miami-Dade (2016-2022)
1073,2750,87016000,MIAMI-DADE,25.813856,-80.133489,36500,2025,3.69,210,87,10,0.1299,0.0287,0.0793,MODERATE,priority_score = 0.5 × aadt_score + 0.5 × hurricane_proximity_score,FDOT Annual Average Daily Traffic TDA (2025),NOAA HURDAT2 Atlantic Hurricane Database (1851-2023),NOAA Storm Events Database Miami-Dade CZ_FIPS=86 (2014-2022),FEMA OpenFEMA Disaster Declarations Miami-Dade (2016-2022)
1074,3238,87026000,MIAMI-DADE,25.941391,-80.188558,43500,2025,9.98,210,87,10,0.1558,0.0028,0.0793,MODERATE,priority_score = 0.5 × aadt_score + 0.5 × hurricane_proximity_score,FDOT Annual Average Daily Traffic TDA (2025),NOAA HURDAT2 Atlantic Hurricane Database (1851-2023),NOAA Storm Events Database Miami-Dade CZ_FIPS=86 (2014-2022),FEMA OpenFEMA Disaster Declarations Miami-Dade (2016-2022)
1075,2523,87026000,MIAMI-DADE,25.942477,-80.20519,43500,2025,10.59,210,87,10,0.1558,0.0019,0.0789,MODERATE,priority_score = 0.5 × aadt_score + 0.5 × hurricane_proximity_score,FDOT Annual Average Daily Traffic TDA (2025),NOAA HURDAT2 Atlantic Hurricane Database (1851-2023),NOAA Storm Events Database Miami-Dade CZ_FIPS=86 (2014-2022),FEMA OpenFEMA Disaster Declarations Miami-Dade (2016-2022)
1076,2649,87037000,MIAMI-DADE,25.808694,-80.136345,36500,2025,3.76,209,87,10,0.1299,0.028,0.0789,MODERATE,priority_score = 0.5 × aadt_score + 0.5 × hurricane_proximity_score,FDOT Annual Average Daily Traffic TDA (2025),NOAA HURDAT2 Atlantic Hurricane Database (1851-2023),NOAA Storm Events Database Miami-Dade CZ_FIPS=86 (2014-2022),FEMA OpenFEMA Disaster Declarations Miami-Dade (2016-2022)
1077,5100,87008000,MIAMI-DADE,25.8971,-80.248223,39500,2025,5.19,209,87,10,0.141,0.0169,0.0789,MODERATE,priority_score = 0.5 × aadt_score + 0.5 × hurricane_proximity_score,FDOT Annual Average Daily Traffic TDA (2025),NOAA HURDAT2 Atlantic Hurricane Database (1851-2023),NOAA Storm Events Database Miami-Dade CZ_FIPS=86 (2014-2022),FEMA OpenFEMA Disaster Declarations Miami-Dade (2016-2022)
1078,4761,87026000,MIAMI-DADE,25.942863,-80.195696,43500,2025,10.69,210,87,10,0.1558,0.0018,0.0788,MODERATE,priority_score = 0.5 × aadt_score + 0.5 × hurricane_proximity_score,FDOT Annual Average Daily Traffic TDA (2025),NOAA HURDAT2 Atlantic Hurricane Database (1851-2023),NOAA Storm Events Database Miami-Dade CZ_FIPS=86 (2014-2022),FEMA OpenFEMA Disaster Declarations Miami-Dade (2016-2022)
1079,3808,87026000,MIAMI-DADE,25.942822,-80.196708,43500,2025,10.78,210,87,10,0.1558,0.0017,0.0788,MODERATE,priority_score = 0.5 × aadt_score + 0.5 × hurricane_proximity_score,FDOT Annual Average Daily Traffic TDA (2025),NOAA HURDAT2 Atlantic Hurricane Database (1851-2023),NOAA Storm Events Database Miami-Dade CZ_FIPS=86 (2014-2022),FEMA OpenFEMA Disaster Declarations Miami-Dade (2016-2022)
1080,3754,87008000,MIAMI-DADE,25.89712,-80.247483,39500,2025,5.26,209,87,10,0.141,0.0165,0.0787,MODERATE,priority_score = 0.5 × aadt_score + 0.5 × hurricane_proximity_score,FDOT Annual Average Daily Traffic TDA (2025),NOAA HURDAT2 Atlantic Hurricane Database (1851-2023),NOAA Storm Events Database Miami-Dade CZ_FIPS=86 (2014-2022),FEMA OpenFEMA Disaster Declarations Miami-Dade (2016-2022)
1081,3409,87016000,MIAMI-DADE,25.813328,-80.134966,36500,2025,3.8,210,87,10,0.1299,0.0276,0.0787,MODERATE,priority_score = 0.5 × aadt_score + 0.5 × hurricane_proximity_score,FDOT Annual Average Daily Traffic TDA (2025),NOAA HURDAT2 Atlantic Hurricane Database (1851-2023),NOAA Storm Events Database Miami-Dade CZ_FIPS=86 (2014-2022),FEMA OpenFEMA Disaster Declarations Miami-Dade (2016-2022)
1082,2919,87066000,MIAMI-DADE,25.887089,-80.123704,32500,2025,2.77,208,87,10,0.115,0.0424,0.0787,MODERATE,priority_score = 0.5 × aadt_score + 0.5 × hurricane_proximity_score,FDOT Annual Average Daily Traffic TDA (2025),NOAA HURDAT2 Atlantic Hurricane Database (1851-2023),NOAA Storm Events Database Miami-Dade CZ_FIPS=86 (2014-2022),FEMA OpenFEMA Disaster Declarations Miami-Dade (2016-2022)
1083,3895,87026000,MIAMI-DADE,25.94265,-80.200966,43500,2025,10.98,210,87,10,0.1558,0.0014,0.0786,MODERATE,priority_score = 0.5 × aadt_score + 0.5 × hurricane_proximity_score,FDOT Annual Average Daily Traffic TDA (2025),NOAA HURDAT2 Atlantic Hurricane Database (1851-2023),NOAA Storm Events Database Miami-Dade CZ_FIPS=86 (2014-2022),FEMA OpenFEMA Disaster Declarations Miami-Dade (2016-2022)
1084,4949,87062000,MIAMI-DADE,25.72895,-80.286292,35500,2025,3.5,205,87,10,0.1262,0.031,0.0786,MODERATE,priority_score = 0.5 × aadt_score + 0.5 × hurricane_proximity_score,FDOT Annual Average Daily Traffic TDA (2025),NOAA HURDAT2 Atlantic Hurricane Database (1851-2023),NOAA Storm Events Database Miami-Dade CZ_FIPS=86 (2014-2022),FEMA OpenFEMA Disaster Declarations Miami-Dade (2016-2022)
1085,5103,87008000,MIAMI-DADE,25.897159,-80.246247,39500,2025,5.39,209,87,10,0.141,0.0158,0.0784,MODERATE,priority_score = 0.5 × aadt_score + 0.5 × hurricane_proximity_score,FDOT Annual Average Daily Traffic TDA (2025),NOAA HURDAT2 Atlantic Hurricane Database (1851-2023),NOAA Storm Events Database Miami-Dade CZ_FIPS=86 (2014-2022),FEMA OpenFEMA Disaster Declarations Miami-Dade (2016-2022)
1086,2650,87016000,MIAMI-DADE,25.812977,-80.135807,36500,2025,3.86,210,87,10,0.1299,0.0269,0.0784,MODERATE,priority_score = 0.5 × aadt_score + 0.5 × hurricane_proximity_score,FDOT Annual Average Daily Traffic TDA (2025),NOAA HURDAT2 Atlantic Hurricane Database (1851-2023),NOAA Storm Events Database Miami-Dade CZ_FIPS=86 (2014-2022),FEMA OpenFEMA Disaster Declarations Miami-Dade (2016-2022)
1087,2914,87060001,MIAMI-DADE,25.873206,-80.122289,36000,2025,3.72,208,87,10,0.128,0.0284,0.0782,MODERATE,priority_score = 0.5 × aadt_score + 0.5 × hurricane_proximity_score,FDOT Annual Average Daily Traffic TDA (2025),NOAA HURDAT2 Atlantic Hurricane Database (1851-2023),NOAA Storm Events Database Miami-Dade CZ_FIPS=86 (2014-2022),FEMA OpenFEMA Disaster Declarations Miami-Dade (2016-2022)
1088,2925,87062000,MIAMI-DADE,25.729791,-80.286325,35500,2025,3.58,205,87,10,0.1262,0.03,0.0781,MODERATE,priority_score = 0.5 × aadt_score + 0.5 × hurricane_proximity_score,FDOT Annual Average Daily Traffic TDA (2025),NOAA HURDAT2 Atlantic Hurricane Database (1851-2023),NOAA Storm Events Database Miami-Dade CZ_FIPS=86 (2014-2022),FEMA OpenFEMA Disaster Declarations Miami-Dade (2016-2022)
1089,2955,87039000,MIAMI-DADE,25.628921,-80.341071,39000,2025,5.22,204,87,10,0.1391,0.0167,0.0779,MODERATE,priority_score = 0.5 × aadt_score + 0.5 × hurricane_proximity_score,FDOT Annual Average Daily Traffic TDA (2025),NOAA HURDAT2 Atlantic Hurricane Database (1851-2023),NOAA Storm Events Database Miami-Dade CZ_FIPS=86 (2014-2022),FEMA OpenFEMA Disaster Declarations Miami-Dade (2016-2022)
1090,5560,87039000,MIAMI-DADE,25.628914,-80.341343,39000,2025,5.25,204,87,10,0.1391,0.0165,0.0778,MODERATE,priority_score = 0.5 × aadt_score + 0.5 × hurricane_proximity_score,FDOT Annual Average Daily Traffic TDA (2025),NOAA HURDAT2 Atlantic Hurricane Database (1851-2023),NOAA Storm Events Database Miami-Dade CZ_FIPS=86 (2014-2022),FEMA OpenFEMA Disaster Declarations Miami-Dade (2016-2022)
1091,5192,87054000,MIAMI-DADE,25.755915,-80.207298,38500,2025,4.96,206,87,10,0.1373,0.0182,0.0778,MODERATE,priority_score = 0.5 × aadt_score + 0.5 × hurricane_proximity_score,FDOT Annual Average Daily Traffic TDA (2025),NOAA HURDAT2 Atlantic Hurricane Database (1851-2023),NOAA Storm Events Database Miami-Dade CZ_FIPS=86 (2014-2022),FEMA OpenFEMA Disaster Declarations Miami-Dade (2016-2022)
1092,3576,87008000,MIAMI-DADE,25.897278,-80.243258,39500,2025,5.68,209,87,10,0.141,0.0143,0.0777,MODERATE,priority_score = 0.5 × aadt_score + 0.5 × hurricane_proximity_score,FDOT Annual Average Daily Traffic TDA (2025),NOAA HURDAT2 Atlantic Hurricane Database (1851-2023),NOAA Storm Events Database Miami-Dade CZ_FIPS=86 (2014-2022),FEMA OpenFEMA Disaster Declarations Miami-Dade (2016-2022)
1093,3392,87037000,MIAMI-DADE,25.796326,-80.139886,36500,2025,4.01,209,87,10,0.1299,0.0255,0.0777,MODERATE,priority_score = 0.5 × aadt_score + 0.5 × hurricane_proximity_score,FDOT Annual Average Daily Traffic TDA (2025),NOAA HURDAT2 Atlantic Hurricane Database (1851-2023),NOAA Storm Events Database Miami-Dade CZ_FIPS=86 (2014-2022),FEMA OpenFEMA Disaster Declarations Miami-Dade (2016-2022)
1094,3152,87085000,MIAMI-DADE,25.790417,-80.214959,24500,2025,1.84,205,87,10,0.0853,0.0701,0.0777,MODERATE,priority_score = 0.5 × aadt_score + 0.5 × hurricane_proximity_score,FDOT Annual Average Daily Traffic TDA (2025),NOAA HURDAT2 Atlantic Hurricane Database (1851-2023),NOAA Storm Events Database Miami-Dade CZ_FIPS=86 (2014-2022),FEMA OpenFEMA Disaster Declarations Miami-Dade (2016-2022)
1095,4950,87062000,MIAMI-DADE,25.730473,-80.286351,35500,2025,3.65,205,87,10,0.1262,0.0292,0.0777,MODERATE,priority_score = 0.5 × aadt_score + 0.5 × hurricane_proximity_score,FDOT Annual Average Daily Traffic TDA (2025),NOAA HURDAT2 Atlantic Hurricane Database (1851-2023),NOAA Storm Events Database Miami-Dade CZ_FIPS=86 (2014-2022),FEMA OpenFEMA Disaster Declarations Miami-Dade (2016-2022)
1096,4335,87039000,MIAMI-DADE,25.628897,-80.342175,39000,2025,5.31,204,87,10,0.1391,0.0162,0.0777,MODERATE,priority_score = 0.5 × aadt_score + 0.5 × hurricane_proximity_score,FDOT Annual Average Daily Traffic TDA (2025),NOAA HURDAT2 Atlantic Hurricane Database (1851-2023),NOAA Storm Events Database Miami-Dade CZ_FIPS=86 (2014-2022),FEMA OpenFEMA Disaster Declarations Miami-Dade (2016-2022)
1097,3213,87054000,MIAMI-DADE,25.755283,-80.208217,38500,2025,5.04,206,87,10,0.1373,0.0177,0.0775,MODERATE,priority_score = 0.5 × aadt_score + 0.5 × hurricane_proximity_score,FDOT Annual Average Daily Traffic TDA (2025),NOAA HURDAT2 Atlantic Hurricane Database (1851-2023),NOAA Storm Events Database Miami-Dade CZ_FIPS=86 (2014-2022),FEMA OpenFEMA Disaster Declarations Miami-Dade (2016-2022)
1098,5941,87039000,MIAMI-DADE,25.628868,-80.343711,39000,2025,5.43,204,87,10,0.1391,0.0156,0.0774,MODERATE,priority_score = 0.5 × aadt_score + 0.5 × hurricane_proximity_score,FDOT Annual Average Daily Traffic TDA (2025),NOAA HURDAT2 Atlantic Hurricane Database (1851-2023),NOAA Storm Events Database Miami-Dade CZ_FIPS=86 (2014-2022),FEMA OpenFEMA Disaster Declarations Miami-Dade (2016-2022)
1099,3276,87037000,MIAMI-DADE,25.795655,-80.140526,36500,2025,4.09,209,87,10,0.1299,0.0247,0.0773,MODERATE,priority_score = 0.5 × aadt_score + 0.5 × hurricane_proximity_score,FDOT Annual Average Daily Traffic TDA (2025),NOAA HURDAT2 Atlantic Hurricane Database (1851-2023),NOAA Storm Events Database Miami-Dade CZ_FIPS=86 (2014-2022),FEMA OpenFEMA Disaster Declarations Miami-Dade (2016-2022)
1100,3648,87066000,MIAMI-DADE,25.886898,-80.12535,32500,2025,2.92,208,87,10,0.115,0.0396,0.0773,MODERATE,priority_score = 0.5 × aadt_score + 0.5 × hurricane_proximity_score,FDOT Annual Average Daily Traffic TDA (2025),NOAA HURDAT2 Atlantic Hurricane Database (1851-2023),NOAA Storm Events Database Miami-Dade CZ_FIPS=86 (2014-2022),FEMA OpenFEMA Disaster Declarations Miami-Dade (2016-2022)
1101,4788,87150000,MIAMI-DADE,25.550368,-80.478086,39500,2025,5.94,201,87,10,0.141,0.0132,0.0771,MODERATE,priority_score = 0.5 × aadt_score + 0.5 × hurricane_proximity_score,FDOT Annual Average Daily Traffic TDA (2025),NOAA HURDAT2 Atlantic Hurricane Database (1851-2023),NOAA Storm Events Database Miami-Dade CZ_FIPS=86 (2014-2022),FEMA OpenFEMA Disaster Declarations Miami-Dade (2016-2022)
1102,2651,87037000,MIAMI-DADE,25.814925,-80.137826,36500,2025,4.13,210,87,10,0.1299,0.0244,0.0771,MODERATE,priority_score = 0.5 × aadt_score + 0.5 × hurricane_proximity_score,FDOT Annual Average Daily Traffic TDA (2025),NOAA HURDAT2 Atlantic Hurricane Database (1851-2023),NOAA Storm Events Database Miami-Dade CZ_FIPS=86 (2014-2022),FEMA OpenFEMA Disaster Declarations Miami-Dade (2016-2022)
1103,3144,87008000,MIAMI-DADE,25.89994,-80.160542,39500,2025,6.06,211,87,10,0.141,0.0127,0.0768,MODERATE,priority_score = 0.5 × aadt_score + 0.5 × hurricane_proximity_score,FDOT Annual Average Daily Traffic TDA (2025),NOAA HURDAT2 Atlantic Hurricane Database (1851-2023),NOAA Storm Events Database Miami-Dade CZ_FIPS=86 (2014-2022),FEMA OpenFEMA Disaster Declarations Miami-Dade (2016-2022)
1104,2648,87037000,MIAMI-DADE,25.793381,-80.141304,36500,2025,4.2,208,87,10,0.1299,0.0238,0.0768,MODERATE,priority_score = 0.5 × aadt_score + 0.5 × hurricane_proximity_score,FDOT Annual Average Daily Traffic TDA (2025),NOAA HURDAT2 Atlantic Hurricane Database (1851-2023),NOAA Storm Events Database Miami-Dade CZ_FIPS=86 (2014-2022),FEMA OpenFEMA Disaster Declarations Miami-Dade (2016-2022)
1105,2715,87060001,MIAMI-DADE,25.869964,-80.122447,36000,2025,4.02,208,87,10,0.128,0.0254,0.0767,MODERATE,priority_score = 0.5 × aadt_score + 0.5 × hurricane_proximity_score,FDOT Annual Average Daily Traffic TDA (2025),NOAA HURDAT2 Atlantic Hurricane Database (1851-2023),NOAA Storm Events Database Miami-Dade CZ_FIPS=86 (2014-2022),FEMA OpenFEMA Disaster Declarations Miami-Dade (2016-2022)
1106,2647,87037000,MIAMI-DADE,25.792017,-80.14127,36500,2025,4.23,208,87,10,0.1299,0.0235,0.0767,MODERATE,priority_score = 0.5 × aadt_score + 0.5 × hurricane_proximity_score,FDOT Annual Average Daily Traffic TDA (2025),NOAA HURDAT2 Atlantic Hurricane Database (1851-2023),NOAA Storm Events Database Miami-Dade CZ_FIPS=86 (2014-2022),FEMA OpenFEMA Disaster Declarations Miami-Dade (2016-2022)
1107,3738,87055000,MIAMI-DADE,25.701581,-80.350274,38000,2025,5.04,205,87,10,0.1354,0.0177,0.0766,MODERATE,priority_score = 0.5 × aadt_score + 0.5 × hurricane_proximity_score,FDOT Annual Average Daily Traffic TDA (2025),NOAA HURDAT2 Atlantic Hurricane Database (1851-2023),NOAA Storm Events Database Miami-Dade CZ_FIPS=86 (2014-2022),FEMA OpenFEMA Disaster Declarations Miami-Dade (2016-2022)
1108,2646,87037000,MIAMI-DADE,25.790376,-80.141218,36500,2025,4.26,208,87,10,0.1299,0.0232,0.0766,MODERATE,priority_score = 0.5 × aadt_score + 0.5 × hurricane_proximity_score,FDOT Annual Average Daily Traffic TDA (2025),NOAA HURDAT2 Atlantic Hurricane Database (1851-2023),NOAA Storm Events Database Miami-Dade CZ_FIPS=86 (2014-2022),FEMA OpenFEMA Disaster Declarations Miami-Dade (2016-2022)
1109,4344,87066000,MIAMI-DADE,25.886843,-80.126298,32500,2025,3.01,208,87,10,0.115,0.038,0.0765,MODERATE,priority_score = 0.5 × aadt_score + 0.5 × hurricane_proximity_score,FDOT Annual Average Daily Traffic TDA (2025),NOAA HURDAT2 Atlantic Hurricane Database (1851-2023),NOAA Storm Events Database Miami-Dade CZ_FIPS=86 (2014-2022),FEMA OpenFEMA Disaster Declarations Miami-Dade (2016-2022)
1110,4678,87054000,MIAMI-DADE,25.752316,-80.212528,38500,2025,5.45,206,87,10,0.1373,0.0155,0.0764,MODERATE,priority_score = 0.5 × aadt_score + 0.5 × hurricane_proximity_score,FDOT Annual Average Daily Traffic TDA (2025),NOAA HURDAT2 Atlantic Hurricane Database (1851-2023),NOAA Storm Events Database Miami-Dade CZ_FIPS=86 (2014-2022),FEMA OpenFEMA Disaster Declarations Miami-Dade (2016-2022)
1111,2645,87037000,MIAMI-DADE,25.788881,-80.14117,36500,2025,4.3,208,87,10,0.1299,0.0229,0.0764,MODERATE,priority_score = 0.5 × aadt_score + 0.5 × hurricane_proximity_score,FDOT Annual Average Daily Traffic TDA (2025),NOAA HURDAT2 Atlantic Hurricane Database (1851-2023),NOAA Storm Events Database Miami-Dade CZ_FIPS=86 (2014-2022),FEMA OpenFEMA Disaster Declarations Miami-Dade (2016-2022)
1112,4153,87037000,MIAMI-DADE,25.826765,-80.131528,36500,2025,4.34,210,87,10,0.1299,0.0226,0.0762,MODERATE,priority_score = 0.5 × aadt_score + 0.5 × hurricane_proximity_score,FDOT Annual Average Daily Traffic TDA (2025),NOAA HURDAT2 Atlantic Hurricane Database (1851-2023),NOAA Storm Events Database Miami-Dade CZ_FIPS=86 (2014-2022),FEMA OpenFEMA Disaster Declarations Miami-Dade (2016-2022)
1113,2051,87085000,MIAMI-DADE,25.809778,-80.21572,24500,2025,1.91,206,87,10,0.0853,0.0671,0.0762,MODERATE,priority_score = 0.5 × aadt_score + 0.5 × hurricane_proximity_score,FDOT Annual Average Daily Traffic TDA (2025),NOAA HURDAT2 Atlantic Hurricane Database (1851-2023),NOAA Storm Events Database Miami-Dade CZ_FIPS=86 (2014-2022),FEMA OpenFEMA Disaster Declarations Miami-Dade (2016-2022)
1114,2644,87037000,MIAMI-DADE,25.787299,-80.141121,36500,2025,4.35,208,87,10,0.1299,0.0225,0.0762,MODERATE,priority_score = 0.5 × aadt_score + 0.5 × hurricane_proximity_score,FDOT Annual Average Daily Traffic TDA (2025),NOAA HURDAT2 Atlantic Hurricane Database (1851-2023),NOAA Storm Events Database Miami-Dade CZ_FIPS=86 (2014-2022),FEMA OpenFEMA Disaster Declarations Miami-Dade (2016-2022)
1115,4774,87085000,MIAMI-DADE,25.789356,-80.214949,24500,2025,1.91,205,87,10,0.0853,0.0671,0.0762,MODERATE,priority_score = 0.5 × aadt_score + 0.5 × hurricane_proximity_score,FDOT Annual Average Daily Traffic TDA (2025),NOAA HURDAT2 Atlantic Hurricane Database (1851-2023),NOAA Storm Events Database Miami-Dade CZ_FIPS=86 (2014-2022),FEMA OpenFEMA Disaster Declarations Miami-Dade (2016-2022)
1116,2652,87037000,MIAMI-DADE,25.822753,-80.135512,36500,2025,4.36,211,87,10,0.1299,0.0224,0.0761,MODERATE,priority_score = 0.5 × aadt_score + 0.5 × hurricane_proximity_score,FDOT Annual Average Daily Traffic TDA (2025),NOAA HURDAT2 Atlantic Hurricane Database (1851-2023),NOAA Storm Events Database Miami-Dade CZ_FIPS=86 (2014-2022),FEMA OpenFEMA Disaster Declarations Miami-Dade (2016-2022)
1117,3291,87008000,MIAMI-DADE,25.897453,-80.235152,39500,2025,6.49,210,87,10,0.141,0.011,0.076,MODERATE,priority_score = 0.5 × aadt_score + 0.5 × hurricane_proximity_score,FDOT Annual Average Daily Traffic TDA (2025),NOAA HURDAT2 Atlantic Hurricane Database (1851-2023),NOAA Storm Events Database Miami-Dade CZ_FIPS=86 (2014-2022),FEMA OpenFEMA Disaster Declarations Miami-Dade (2016-2022)
1118,2262,87054000,MIAMI-DADE,25.751231,-80.214113,38500,2025,5.6,206,87,10,0.1373,0.0147,0.076,MODERATE,priority_score = 0.5 × aadt_score + 0.5 × hurricane_proximity_score,FDOT Annual Average Daily Traffic TDA (2025),NOAA HURDAT2 Atlantic Hurricane Database (1851-2023),NOAA Storm Events Database Miami-Dade CZ_FIPS=86 (2014-2022),FEMA OpenFEMA Disaster Declarations Miami-Dade (2016-2022)
1119,3911,87037000,MIAMI-DADE,25.785731,-80.141071,36500,2025,4.41,208,87,10,0.1299,0.022,0.0759,MODERATE,priority_score = 0.5 × aadt_score + 0.5 × hurricane_proximity_score,FDOT Annual Average Daily Traffic TDA (2025),NOAA HURDAT2 Atlantic Hurricane Database (1851-2023),NOAA Storm Events Database Miami-Dade CZ_FIPS=86 (2014-2022),FEMA OpenFEMA Disaster Declarations Miami-Dade (2016-2022)
1120,2171,87054000,MIAMI-DADE,25.750964,-80.216638,38500,2025,5.7,206,87,10,0.1373,0.0142,0.0758,MODERATE,priority_score = 0.5 × aadt_score + 0.5 × hurricane_proximity_score,FDOT Annual Average Daily Traffic TDA (2025),NOAA HURDAT2 Atlantic Hurricane Database (1851-2023),NOAA Storm Events Database Miami-Dade CZ_FIPS=86 (2014-2022),FEMA OpenFEMA Disaster Declarations Miami-Dade (2016-2022)
1121,2599,87062000,MIAMI-DADE,25.734011,-80.286507,35500,2025,4.02,205,87,10,0.1262,0.0254,0.0758,MODERATE,priority_score = 0.5 × aadt_score + 0.5 × hurricane_proximity_score,FDOT Annual Average Daily Traffic TDA (2025),NOAA HURDAT2 Atlantic Hurricane Database (1851-2023),NOAA Storm Events Database Miami-Dade CZ_FIPS=86 (2014-2022),FEMA OpenFEMA Disaster Declarations Miami-Dade (2016-2022)
1122,3712,87008000,MIAMI-DADE,25.900272,-80.166493,39500,2025,6.65,211,87,10,0.141,0.0104,0.0757,MODERATE,priority_score = 0.5 × aadt_score + 0.5 × hurricane_proximity_score,FDOT Annual Average Daily Traffic TDA (2025),NOAA HURDAT2 Atlantic Hurricane Database (1851-2023),NOAA Storm Events Database Miami-Dade CZ_FIPS=86 (2014-2022),FEMA OpenFEMA Disaster Declarations Miami-Dade (2016-2022)
1123,3165,87055000,MIAMI-DADE,25.70146,-80.353831,38000,2025,5.4,205,87,10,0.1354,0.0157,0.0756,MODERATE,priority_score = 0.5 × aadt_score + 0.5 × hurricane_proximity_score,FDOT Annual Average Daily Traffic TDA (2025),NOAA HURDAT2 Atlantic Hurricane Database (1851-2023),NOAA Storm Events Database Miami-Dade CZ_FIPS=86 (2014-2022),FEMA OpenFEMA Disaster Declarations Miami-Dade (2016-2022)
1124,4631,87037000,MIAMI-DADE,25.782726,-80.140977,36500,2025,4.53,208,87,10,0.1299,0.0211,0.0755,MODERATE,priority_score = 0.5 × aadt_score + 0.5 × hurricane_proximity_score,FDOT Annual Average Daily Traffic TDA (2025),NOAA HURDAT2 Atlantic Hurricane Database (1851-2023),NOAA Storm Events Database Miami-Dade CZ_FIPS=86 (2014-2022),FEMA OpenFEMA Disaster Declarations Miami-Dade (2016-2022)
1125,5789,87039000,MIAMI-DADE,25.628504,-80.354437,39000,2025,6.31,204,87,10,0.1391,0.0117,0.0754,MODERATE,priority_score = 0.5 × aadt_score + 0.5 × hurricane_proximity_score,FDOT Annual Average Daily Traffic TDA (2025),NOAA HURDAT2 Atlantic Hurricane Database (1851-2023),NOAA Storm Events Database Miami-Dade CZ_FIPS=86 (2014-2022),FEMA OpenFEMA Disaster Declarations Miami-Dade (2016-2022)
1126,2643,87037000,MIAMI-DADE,25.781724,-80.140945,36500,2025,4.58,208,87,10,0.1299,0.0208,0.0753,MODERATE,priority_score = 0.5 × aadt_score + 0.5 × hurricane_proximity_score,FDOT Annual Average Daily Traffic TDA (2025),NOAA HURDAT2 Atlantic Hurricane Database (1851-2023),NOAA Storm Events Database Miami-Dade CZ_FIPS=86 (2014-2022),FEMA OpenFEMA Disaster Declarations Miami-Dade (2016-2022)
1127,5209,87008000,MIAMI-DADE,25.897553,-80.231093,39500,2025,6.9,210,87,10,0.141,0.0096,0.0753,MODERATE,priority_score = 0.5 × aadt_score + 0.5 × hurricane_proximity_score,FDOT Annual Average Daily Traffic TDA (2025),NOAA HURDAT2 Atlantic Hurricane Database (1851-2023),NOAA Storm Events Database Miami-Dade CZ_FIPS=86 (2014-2022),FEMA OpenFEMA Disaster Declarations Miami-Dade (2016-2022)
1128,2263,87054000,MIAMI-DADE,25.750819,-80.221937,38500,2025,5.89,206,87,10,0.1373,0.0134,0.0753,MODERATE,priority_score = 0.5 × aadt_score + 0.5 × hurricane_proximity_score,FDOT Annual Average Daily Traffic TDA (2025),NOAA HURDAT2 Atlantic Hurricane Database (1851-2023),NOAA Storm Events Database Miami-Dade CZ_FIPS=86 (2014-2022),FEMA OpenFEMA Disaster Declarations Miami-Dade (2016-2022)
1129,3913,87008000,MIAMI-DADE,25.900111,-80.17051,39500,2025,7.05,211,87,10,0.141,0.0091,0.0751,MODERATE,priority_score = 0.5 × aadt_score + 0.5 × hurricane_proximity_score,FDOT Annual Average Daily Traffic TDA (2025),NOAA HURDAT2 Atlantic Hurricane Database (1851-2023),NOAA Storm Events Database Miami-Dade CZ_FIPS=86 (2014-2022),FEMA OpenFEMA Disaster Declarations Miami-Dade (2016-2022)
1130,2714,87060001,MIAMI-DADE,25.86609,-80.122256,36000,2025,4.38,208,87,10,0.128,0.0223,0.0751,MODERATE,priority_score = 0.5 × aadt_score + 0.5 × hurricane_proximity_score,FDOT Annual Average Daily Traffic TDA (2025),NOAA HURDAT2 Atlantic Hurricane Database (1851-2023),NOAA Storm Events Database Miami-Dade CZ_FIPS=86 (2014-2022),FEMA OpenFEMA Disaster Declarations Miami-Dade (2016-2022)
1131,3372,87037000,MIAMI-DADE,25.78049,-80.140902,36500,2025,4.63,208,87,10,0.1299,0.0204,0.0751,MODERATE,priority_score = 0.5 × aadt_score + 0.5 × hurricane_proximity_score,FDOT Annual Average Daily Traffic TDA (2025),NOAA HURDAT2 Atlantic Hurricane Database (1851-2023),NOAA Storm Events Database Miami-Dade CZ_FIPS=86 (2014-2022),FEMA OpenFEMA Disaster Declarations Miami-Dade (2016-2022)
1132,3878,87039000,MIAMI-DADE,25.628322,-80.357872,39000,2025,6.6,204,87,10,0.1391,0.0106,0.0749,MODERATE,priority_score = 0.5 × aadt_score + 0.5 × hurricane_proximity_score,FDOT Annual Average Daily Traffic TDA (2025),NOAA HURDAT2 Atlantic Hurricane Database (1851-2023),NOAA Storm Events Database Miami-Dade CZ_FIPS=86 (2014-2022),FEMA OpenFEMA Disaster Declarations Miami-Dade (2016-2022)
1133,5527,87066000,MIAMI-DADE,25.886841,-80.128709,32500,2025,3.22,208,87,10,0.115,0.0348,0.0749,MODERATE,priority_score = 0.5 × aadt_score + 0.5 × hurricane_proximity_score,FDOT Annual Average Daily Traffic TDA (2025),NOAA HURDAT2 Atlantic Hurricane Database (1851-2023),NOAA Storm Events Database Miami-Dade CZ_FIPS=86 (2014-2022),FEMA OpenFEMA Disaster Declarations Miami-Dade (2016-2022)
1134,2642,87037000,MIAMI-DADE,25.778154,-80.140822,36500,2025,4.75,208,87,10,0.1299,0.0196,0.0747,MODERATE,priority_score = 0.5 × aadt_score + 0.5 × hurricane_proximity_score,FDOT Annual Average Daily Traffic TDA (2025),NOAA HURDAT2 Atlantic Hurricane Database (1851-2023),NOAA Storm Events Database Miami-Dade CZ_FIPS=86 (2014-2022),FEMA OpenFEMA Disaster Declarations Miami-Dade (2016-2022)
1135,3329,87008000,MIAMI-DADE,25.897657,-80.227081,39500,2025,7.3,210,87,10,0.141,0.0084,0.0747,MODERATE,priority_score = 0.5 × aadt_score + 0.5 × hurricane_proximity_score,FDOT Annual Average Daily Traffic TDA (2025),NOAA HURDAT2 Atlantic Hurricane Database (1851-2023),NOAA Storm Events Database Miami-Dade CZ_FIPS=86 (2014-2022),FEMA OpenFEMA Disaster Declarations Miami-Dade (2016-2022)
1136,2264,87054000,MIAMI-DADE,25.750551,-80.230071,38500,2025,6.27,206,87,10,0.1373,0.0118,0.0746,MODERATE,priority_score = 0.5 × aadt_score + 0.5 × hurricane_proximity_score,FDOT Annual Average Daily Traffic TDA (2025),NOAA HURDAT2 Atlantic Hurricane Database (1851-2023),NOAA Storm Events Database Miami-Dade CZ_FIPS=86 (2014-2022),FEMA OpenFEMA Disaster Declarations Miami-Dade (2016-2022)
1137,3010,87066000,MIAMI-DADE,25.886823,-80.129208,32500,2025,3.27,208,87,10,0.115,0.034,0.0745,MODERATE,priority_score = 0.5 × aadt_score + 0.5 × hurricane_proximity_score,FDOT Annual Average Daily Traffic TDA (2025),NOAA HURDAT2 Atlantic Hurricane Database (1851-2023),NOAA Storm Events Database Miami-Dade CZ_FIPS=86 (2014-2022),FEMA OpenFEMA Disaster Declarations Miami-Dade (2016-2022)
1138,4412,87055000,MIAMI-DADE,25.701313,-80.358174,38000,2025,5.83,205,87,10,0.1354,0.0136,0.0745,MODERATE,priority_score = 0.5 × aadt_score + 0.5 × hurricane_proximity_score,FDOT Annual Average Daily Traffic TDA (2025),NOAA HURDAT2 Atlantic Hurricane Database (1851-2023),NOAA Storm Events Database Miami-Dade CZ_FIPS=86 (2014-2022),FEMA OpenFEMA Disaster Declarations Miami-Dade (2016-2022)
1139,3217,87008000,MIAMI-DADE,25.899949,-80.174592,39500,2025,7.46,210,87,10,0.141,0.0079,0.0745,MODERATE,priority_score = 0.5 × aadt_score + 0.5 × hurricane_proximity_score,FDOT Annual Average Daily Traffic TDA (2025),NOAA HURDAT2 Atlantic Hurricane Database (1851-2023),NOAA Storm Events Database Miami-Dade CZ_FIPS=86 (2014-2022),FEMA OpenFEMA Disaster Declarations Miami-Dade (2016-2022)
1140,4785,87150000,MIAMI-DADE,25.535839,-80.478018,39500,2025,7.47,200,87,10,0.141,0.0079,0.0745,MODERATE,priority_score = 0.5 × aadt_score + 0.5 × hurricane_proximity_score,FDOT Annual Average Daily Traffic TDA (2025),NOAA HURDAT2 Atlantic Hurricane Database (1851-2023),NOAA Storm Events Database Miami-Dade CZ_FIPS=86 (2014-2022),FEMA OpenFEMA Disaster Declarations Miami-Dade (2016-2022)
1141,2641,87037000,MIAMI-DADE,25.775697,-80.140668,36500,2025,4.89,208,87,10,0.1299,0.0186,0.0743,MODERATE,priority_score = 0.5 × aadt_score + 0.5 × hurricane_proximity_score,FDOT Annual Average Daily Traffic TDA (2025),NOAA HURDAT2 Atlantic Hurricane Database (1851-2023),NOAA Storm Events Database Miami-Dade CZ_FIPS=86 (2014-2022),FEMA OpenFEMA Disaster Declarations Miami-Dade (2016-2022)
1142,2172,87054000,MIAMI-DADE,25.750359,-80.23593,38500,2025,6.59,206,87,10,0.1373,0.0106,0.074,MODERATE,priority_score = 0.5 × aadt_score + 0.5 × hurricane_proximity_score,FDOT Annual Average Daily Traffic TDA (2025),NOAA HURDAT2 Atlantic Hurricane Database (1851-2023),NOAA Storm Events Database Miami-Dade CZ_FIPS=86 (2014-2022),FEMA OpenFEMA Disaster Declarations Miami-Dade (2016-2022)
1143,2640,87037000,MIAMI-DADE,25.77442,-80.140631,36500,2025,4.96,208,87,10,0.1299,0.0182,0.074,MODERATE,priority_score = 0.5 × aadt_score + 0.5 × hurricane_proximity_score,FDOT Annual Average Daily Traffic TDA (2025),NOAA HURDAT2 Atlantic Hurricane Database (1851-2023),NOAA Storm Events Database Miami-Dade CZ_FIPS=86 (2014-2022),FEMA OpenFEMA Disaster Declarations Miami-Dade (2016-2022)
1144,2555,87008000,MIAMI-DADE,25.899777,-80.178593,39500,2025,7.86,210,87,10,0.141,0.0069,0.074,MODERATE,priority_score = 0.5 × aadt_score + 0.5 × hurricane_proximity_score,FDOT Annual Average Daily Traffic TDA (2025),NOAA HURDAT2 Atlantic Hurricane Database (1851-2023),NOAA Storm Events Database Miami-Dade CZ_FIPS=86 (2014-2022),FEMA OpenFEMA Disaster Declarations Miami-Dade (2016-2022)
1145,2377,87085000,MIAMI-DADE,25.787584,-80.214931,24500,2025,2.03,205,87,10,0.0853,0.0624,0.0739,MODERATE,priority_score = 0.5 × aadt_score + 0.5 × hurricane_proximity_score,FDOT Annual Average Daily Traffic TDA (2025),NOAA HURDAT2 Atlantic Hurricane Database (1851-2023),NOAA Storm Events Database Miami-Dade CZ_FIPS=86 (2014-2022),FEMA OpenFEMA Disaster Declarations Miami-Dade (2016-2022)
1146,2713,87060001,MIAMI-DADE,25.862211,-80.122166,36000,2025,4.75,210,87,10,0.128,0.0196,0.0738,MODERATE,priority_score = 0.5 × aadt_score + 0.5 × hurricane_proximity_score,FDOT Annual Average Daily Traffic TDA (2025),NOAA HURDAT2 Atlantic Hurricane Database (1851-2023),NOAA Storm Events Database Miami-Dade CZ_FIPS=86 (2014-2022),FEMA OpenFEMA Disaster Declarations Miami-Dade (2016-2022)
1147,5657,87008000,MIAMI-DADE,25.899735,-80.179622,39500,2025,7.96,210,87,10,0.141,0.0067,0.0738,MODERATE,priority_score = 0.5 × aadt_score + 0.5 × hurricane_proximity_score,FDOT Annual Average Daily Traffic TDA (2025),NOAA HURDAT2 Atlantic Hurricane Database (1851-2023),NOAA Storm Events Database Miami-Dade CZ_FIPS=86 (2014-2022),FEMA OpenFEMA Disaster Declarations Miami-Dade (2016-2022)
1148,5235,87008000,MIAMI-DADE,25.899697,-80.180586,39500,2025,8.06,210,87,10,0.141,0.0064,0.0737,MODERATE,priority_score = 0.5 × aadt_score + 0.5 × hurricane_proximity_score,FDOT Annual Average Daily Traffic TDA (2025),NOAA HURDAT2 Atlantic Hurricane Database (1851-2023),NOAA Storm Events Database Miami-Dade CZ_FIPS=86 (2014-2022),FEMA OpenFEMA Disaster Declarations Miami-Dade (2016-2022)
1149,4500,87039000,MIAMI-DADE,25.627993,-80.366045,39000,2025,7.32,204,87,10,0.1391,0.0083,0.0737,MODERATE,priority_score = 0.5 × aadt_score + 0.5 × hurricane_proximity_score,FDOT Annual Average Daily Traffic TDA (2025),NOAA HURDAT2 Atlantic Hurricane Database (1851-2023),NOAA Storm Events Database Miami-Dade CZ_FIPS=86 (2014-2022),FEMA OpenFEMA Disaster Declarations Miami-Dade (2016-2022)
1150,5248,87133000,MIAMI-DADE,25.648303,-80.415505,40500,2025,10.03,205,87,10,0.1447,0.0027,0.0737,MODERATE,priority_score = 0.5 × aadt_score + 0.5 × hurricane_proximity_score,FDOT Annual Average Daily Traffic TDA (2025),NOAA HURDAT2 Atlantic Hurricane Database (1851-2023),NOAA Storm Events Database Miami-Dade CZ_FIPS=86 (2014-2022),FEMA OpenFEMA Disaster Declarations Miami-Dade (2016-2022)
1151,2265,87054000,MIAMI-DADE,25.750287,-80.23822,38500,2025,6.72,206,87,10,0.1373,0.0102,0.0737,MODERATE,priority_score = 0.5 × aadt_score + 0.5 × hurricane_proximity_score,FDOT Annual Average Daily Traffic TDA (2025),NOAA HURDAT2 Atlantic Hurricane Database (1851-2023),NOAA Storm Events Database Miami-Dade CZ_FIPS=86 (2014-2022),FEMA OpenFEMA Disaster Declarations Miami-Dade (2016-2022)
1152,6734,87133000,MIAMI-DADE,25.652279,-80.415618,40500,2025,10.26,205,87,10,0.1447,0.0024,0.0736,MODERATE,priority_score = 0.5 × aadt_score + 0.5 × hurricane_proximity_score,FDOT Annual Average Daily Traffic TDA (2025),NOAA HURDAT2 Atlantic Hurricane Database (1851-2023),NOAA Storm Events Database Miami-Dade CZ_FIPS=86 (2014-2022),FEMA OpenFEMA Disaster Declarations Miami-Dade (2016-2022)
1153,3457,87008000,MIAMI-DADE,25.898001,-80.218288,39500,2025,8.18,210,87,10,0.141,0.0062,0.0736,MODERATE,priority_score = 0.5 × aadt_score + 0.5 × hurricane_proximity_score,FDOT Annual Average Daily Traffic TDA (2025),NOAA HURDAT2 Atlantic Hurricane Database (1851-2023),NOAA Storm Events Database Miami-Dade CZ_FIPS=86 (2014-2022),FEMA OpenFEMA Disaster Declarations Miami-Dade (2016-2022)
1154,3347,87008000,MIAMI-DADE,25.899618,-80.182579,39500,2025,8.26,210,87,10,0.141,0.006,0.0735,MODERATE,priority_score = 0.5 × aadt_score + 0.5 × hurricane_proximity_score,FDOT Annual Average Daily Traffic TDA (2025),NOAA HURDAT2 Atlantic Hurricane Database (1851-2023),NOAA Storm Events Database Miami-Dade CZ_FIPS=86 (2014-2022),FEMA OpenFEMA Disaster Declarations Miami-Dade (2016-2022)
1155,5247,87133000,MIAMI-DADE,25.656342,-80.415717,40500,2025,10.52,205,87,10,0.1447,0.002,0.0734,MODERATE,priority_score = 0.5 × aadt_score + 0.5 × hurricane_proximity_score,FDOT Annual Average Daily Traffic TDA (2025),NOAA HURDAT2 Atlantic Hurricane Database (1851-2023),NOAA Storm Events Database Miami-Dade CZ_FIPS=86 (2014-2022),FEMA OpenFEMA Disaster Declarations Miami-Dade (2016-2022)
1156,3721,87066000,MIAMI-DADE,25.886681,-80.131228,32500,2025,3.46,208,87,10,0.115,0.0315,0.0733,MODERATE,priority_score = 0.5 × aadt_score + 0.5 × hurricane_proximity_score,FDOT Annual Average Daily Traffic TDA (2025),NOAA HURDAT2 Atlantic Hurricane Database (1851-2023),NOAA Storm Events Database Miami-Dade CZ_FIPS=86 (2014-2022),FEMA OpenFEMA Disaster Declarations Miami-Dade (2016-2022)
1157,3659,87008000,MIAMI-DADE,25.899539,-80.184589,39500,2025,8.46,210,87,10,0.141,0.0055,0.0733,MODERATE,priority_score = 0.5 × aadt_score + 0.5 × hurricane_proximity_score,FDOT Annual Average Daily Traffic TDA (2025),NOAA HURDAT2 Atlantic Hurricane Database (1851-2023),NOAA Storm Events Database Miami-Dade CZ_FIPS=86 (2014-2022),FEMA OpenFEMA Disaster Declarations Miami-Dade (2016-2022)
1158,2712,87060001,MIAMI-DADE,25.860688,-80.12217,36000,2025,4.9,210,87,10,0.128,0.0186,0.0733,MODERATE,priority_score = 0.5 × aadt_score + 0.5 × hurricane_proximity_score,FDOT Annual Average Daily Traffic TDA (2025),NOAA HURDAT2 Atlantic Hurricane Database (1851-2023),NOAA Storm Events Database Miami-Dade CZ_FIPS=86 (2014-2022),FEMA OpenFEMA Disaster Declarations Miami-Dade (2016-2022)
1159,3956,87055000,MIAMI-DADE,25.701102,-80.364536,38000,2025,6.47,205,87,10,0.1354,0.0111,0.0733,MODERATE,priority_score = 0.5 × aadt_score + 0.5 × hurricane_proximity_score,FDOT Annual Average Daily Traffic TDA (2025),NOAA HURDAT2 Atlantic Hurricane Database (1851-2023),NOAA Storm Events Database Miami-Dade CZ_FIPS=86 (2014-2022),FEMA OpenFEMA Disaster Declarations Miami-Dade (2016-2022)
1160,5656,87008000,MIAMI-DADE,25.899497,-80.18565,39500,2025,8.57,210,87,10,0.141,0.0053,0.0732,MODERATE,priority_score = 0.5 × aadt_score + 0.5 × hurricane_proximity_score,FDOT Annual Average Daily Traffic TDA (2025),NOAA HURDAT2 Atlantic Hurricane Database (1851-2023),NOAA Storm Events Database Miami-Dade CZ_FIPS=86 (2014-2022),FEMA OpenFEMA Disaster Declarations Miami-Dade (2016-2022)
1161,4345,87008000,MIAMI-DADE,25.898136,-80.214945,39500,2025,8.51,210,87,10,0.141,0.0054,0.0732,MODERATE,priority_score = 0.5 × aadt_score + 0.5 × hurricane_proximity_score,FDOT Annual Average Daily Traffic TDA (2025),NOAA HURDAT2 Atlantic Hurricane Database (1851-2023),NOAA Storm Events Database Miami-Dade CZ_FIPS=86 (2014-2022),FEMA OpenFEMA Disaster Declarations Miami-Dade (2016-2022)
1162,3184,87008000,MIAMI-DADE,25.899458,-80.18663,39500,2025,8.67,210,87,10,0.141,0.0051,0.0731,MODERATE,priority_score = 0.5 × aadt_score + 0.5 × hurricane_proximity_score,FDOT Annual Average Daily Traffic TDA (2025),NOAA HURDAT2 Atlantic Hurricane Database (1851-2023),NOAA Storm Events Database Miami-Dade CZ_FIPS=86 (2014-2022),FEMA OpenFEMA Disaster Declarations Miami-Dade (2016-2022)
1163,5250,87133000,MIAMI-DADE,25.663534,-80.416012,40500,2025,10.99,206,87,10,0.1447,0.0014,0.0731,MODERATE,priority_score = 0.5 × aadt_score + 0.5 × hurricane_proximity_score,FDOT Annual Average Daily Traffic TDA (2025),NOAA HURDAT2 Atlantic Hurricane Database (1851-2023),NOAA Storm Events Database Miami-Dade CZ_FIPS=86 (2014-2022),FEMA OpenFEMA Disaster Declarations Miami-Dade (2016-2022)
1164,3966,87055000,MIAMI-DADE,25.701034,-80.366185,38000,2025,6.63,205,87,10,0.1354,0.0105,0.073,MODERATE,priority_score = 0.5 × aadt_score + 0.5 × hurricane_proximity_score,FDOT Annual Average Daily Traffic TDA (2025),NOAA HURDAT2 Atlantic Hurricane Database (1851-2023),NOAA Storm Events Database Miami-Dade CZ_FIPS=86 (2014-2022),FEMA OpenFEMA Disaster Declarations Miami-Dade (2016-2022)
1165,5039,87085000,MIAMI-DADE,25.812102,-80.215801,24500,2025,2.08,206,87,10,0.0853,0.0606,0.073,MODERATE,priority_score = 0.5 × aadt_score + 0.5 × hurricane_proximity_score,FDOT Annual Average Daily Traffic TDA (2025),NOAA HURDAT2 Atlantic Hurricane Database (1851-2023),NOAA Storm Events Database Miami-Dade CZ_FIPS=86 (2014-2022),FEMA OpenFEMA Disaster Declarations Miami-Dade (2016-2022)
1166,2635,87054000,MIAMI-DADE,25.749795,-80.254614,38500,2025,7.16,206,87,10,0.1373,0.0088,0.073,MODERATE,priority_score = 0.5 × aadt_score + 0.5 × hurricane_proximity_score,FDOT Annual Average Daily Traffic TDA (2025),NOAA HURDAT2 Atlantic Hurricane Database (1851-2023),NOAA Storm Events Database Miami-Dade CZ_FIPS=86 (2014-2022),FEMA OpenFEMA Disaster Declarations Miami-Dade (2016-2022)
1167,2266,87054000,MIAMI-DADE,25.750052,-80.246402,38500,2025,7.24,206,87,10,0.1373,0.0086,0.0729,MODERATE,priority_score = 0.5 × aadt_score + 0.5 × hurricane_proximity_score,FDOT Annual Average Daily Traffic TDA (2025),NOAA HURDAT2 Atlantic Hurricane Database (1851-2023),NOAA Storm Events Database Miami-Dade CZ_FIPS=86 (2014-2022),FEMA OpenFEMA Disaster Declarations Miami-Dade (2016-2022)
1168,2711,87060001,MIAMI-DADE,25.859548,-80.122196,36000,2025,5.02,210,87,10,0.128,0.0178,0.0729,MODERATE,priority_score = 0.5 × aadt_score + 0.5 × hurricane_proximity_score,FDOT Annual Average Daily Traffic TDA (2025),NOAA HURDAT2 Atlantic Hurricane Database (1851-2023),NOAA Storm Events Database Miami-Dade CZ_FIPS=86 (2014-2022),FEMA OpenFEMA Disaster Declarations Miami-Dade (2016-2022)
1169,3101,87008000,MIAMI-DADE,25.8983,-80.210912,39500,2025,8.91,210,87,10,0.141,0.0046,0.0728,MODERATE,priority_score = 0.5 × aadt_score + 0.5 × hurricane_proximity_score,FDOT Annual Average Daily Traffic TDA (2025),NOAA HURDAT2 Atlantic Hurricane Database (1851-2023),NOAA Storm Events Database Miami-Dade CZ_FIPS=86 (2014-2022),FEMA OpenFEMA Disaster Declarations Miami-Dade (2016-2022)
1170,3796,87039000,MIAMI-DADE,25.62765,-80.374296,39000,2025,8.06,204,87,10,0.1391,0.0064,0.0728,MODERATE,priority_score = 0.5 × aadt_score + 0.5 × hurricane_proximity_score,FDOT Annual Average Daily Traffic TDA (2025),NOAA HURDAT2 Atlantic Hurricane Database (1851-2023),NOAA Storm Events Database Miami-Dade CZ_FIPS=86 (2014-2022),FEMA OpenFEMA Disaster Declarations Miami-Dade (2016-2022)
1171,3181,87054000,MIAMI-DADE,25.749889,-80.252102,38500,2025,7.33,206,87,10,0.1373,0.0083,0.0728,MODERATE,priority_score = 0.5 × aadt_score + 0.5 × hurricane_proximity_score,FDOT Annual Average Daily Traffic TDA (2025),NOAA HURDAT2 Atlantic Hurricane Database (1851-2023),NOAA Storm Events Database Miami-Dade CZ_FIPS=86 (2014-2022),FEMA OpenFEMA Disaster Declarations Miami-Dade (2016-2022)
1172,2721,87037000,MIAMI-DADE,25.844465,-80.12167,36500,2025,5.4,209,87,10,0.1299,0.0157,0.0728,MODERATE,priority_score = 0.5 × aadt_score + 0.5 × hurricane_proximity_score,FDOT Annual Average Daily Traffic TDA (2025),NOAA HURDAT2 Atlantic Hurricane Database (1851-2023),NOAA Storm Events Database Miami-Dade CZ_FIPS=86 (2014-2022),FEMA OpenFEMA Disaster Declarations Miami-Dade (2016-2022)
1173,5799,87060001,MIAMI-DADE,25.841354,-80.121494,36000,2025,5.08,209,87,10,0.128,0.0175,0.0728,MODERATE,priority_score = 0.5 × aadt_score + 0.5 × hurricane_proximity_score,FDOT Annual Average Daily Traffic TDA (2025),NOAA HURDAT2 Atlantic Hurricane Database (1851-2023),NOAA Storm Events Database Miami-Dade CZ_FIPS=86 (2014-2022),FEMA OpenFEMA Disaster Declarations Miami-Dade (2016-2022)
1174,2689,87037000,MIAMI-DADE,25.844572,-80.120852,36500,2025,5.38,209,87,10,0.1299,0.0158,0.0728,MODERATE,priority_score = 0.5 × aadt_score + 0.5 × hurricane_proximity_score,FDOT Annual Average Daily Traffic TDA (2025),NOAA HURDAT2 Atlantic Hurricane Database (1851-2023),NOAA Storm Events Database Miami-Dade CZ_FIPS=86 (2014-2022),FEMA OpenFEMA Disaster Declarations Miami-Dade (2016-2022)
1175,3100,87008000,MIAMI-DADE,25.898367,-80.209096,39500,2025,9.09,209,87,10,0.141,0.0043,0.0727,MODERATE,priority_score = 0.5 × aadt_score + 0.5 × hurricane_proximity_score,FDOT Annual Average Daily Traffic TDA (2025),NOAA HURDAT2 Atlantic Hurricane Database (1851-2023),NOAA Storm Events Database Miami-Dade CZ_FIPS=86 (2014-2022),FEMA OpenFEMA Disaster Declarations Miami-Dade (2016-2022)
1176,4897,87054000,MIAMI-DADE,25.749988,-80.248643,38500,2025,7.39,206,87,10,0.1373,0.0081,0.0727,MODERATE,priority_score = 0.5 × aadt_score + 0.5 × hurricane_proximity_score,FDOT Annual Average Daily Traffic TDA (2025),NOAA HURDAT2 Atlantic Hurricane Database (1851-2023),NOAA Storm Events Database Miami-Dade CZ_FIPS=86 (2014-2022),FEMA OpenFEMA Disaster Declarations Miami-Dade (2016-2022)
1177,4398,87133000,MIAMI-DADE,25.670828,-80.41631,40500,2025,11.51,206,87,10,0.1447,0.0008,0.0727,MODERATE,priority_score = 0.5 × aadt_score + 0.5 × hurricane_proximity_score,FDOT Annual Average Daily Traffic TDA (2025),NOAA HURDAT2 Atlantic Hurricane Database (1851-2023),NOAA Storm Events Database Miami-Dade CZ_FIPS=86 (2014-2022),FEMA OpenFEMA Disaster Declarations Miami-Dade (2016-2022)
1178,4789,87150000,MIAMI-DADE,25.521151,-80.477889,39500,2025,9.04,200,87,10,0.141,0.0044,0.0727,MODERATE,priority_score = 0.5 × aadt_score + 0.5 × hurricane_proximity_score,FDOT Annual Average Daily Traffic TDA (2025),NOAA HURDAT2 Atlantic Hurricane Database (1851-2023),NOAA Storm Events Database Miami-Dade CZ_FIPS=86 (2014-2022),FEMA OpenFEMA Disaster Declarations Miami-Dade (2016-2022)
1179,2639,87037000,MIAMI-DADE,25.844157,-80.123695,36500,2025,5.45,209,87,10,0.1299,0.0155,0.0727,MODERATE,priority_score = 0.5 × aadt_score + 0.5 × hurricane_proximity_score,FDOT Annual Average Daily Traffic TDA (2025),NOAA HURDAT2 Atlantic Hurricane Database (1851-2023),NOAA Storm Events Database Miami-Dade CZ_FIPS=86 (2014-2022),FEMA OpenFEMA Disaster Declarations Miami-Dade (2016-2022)
1180,3268,87008000,MIAMI-DADE,25.89835,-80.209739,39500,2025,9.03,209,87,10,0.141,0.0044,0.0727,MODERATE,priority_score = 0.5 × aadt_score + 0.5 × hurricane_proximity_score,FDOT Annual Average Daily Traffic TDA (2025),NOAA HURDAT2 Atlantic Hurricane Database (1851-2023),NOAA Storm Events Database Miami-Dade CZ_FIPS=86 (2014-2022),FEMA OpenFEMA Disaster Declarations Miami-Dade (2016-2022)
1181,3842,87133000,MIAMI-DADE,25.685345,-80.416484,40500,2025,11.79,207,87,10,0.1447,0.0005,0.0726,LOW,priority_score = 0.5 × aadt_score + 0.5 × hurricane_proximity_score,FDOT Annual Average Daily Traffic TDA (2025),NOAA HURDAT2 Atlantic Hurricane Database (1851-2023),NOAA Storm Events Database Miami-Dade CZ_FIPS=86 (2014-2022),FEMA OpenFEMA Disaster Declarations Miami-Dade (2016-2022)
1182,3197,87060001,MIAMI-DADE,25.858402,-80.122133,36000,2025,5.13,210,87,10,0.128,0.0172,0.0726,LOW,priority_score = 0.5 × aadt_score + 0.5 × hurricane_proximity_score,FDOT Annual Average Daily Traffic TDA (2025),NOAA HURDAT2 Atlantic Hurricane Database (1851-2023),NOAA Storm Events Database Miami-Dade CZ_FIPS=86 (2014-2022),FEMA OpenFEMA Disaster Declarations Miami-Dade (2016-2022)
1183,6924,87054000,MIAMI DADE,25.749963,-80.249524,38500,2025,7.45,206,87,10,0.1373,0.008,0.0726,LOW,priority_score = 0.5 × aadt_score + 0.5 × hurricane_proximity_score,FDOT Annual Average Daily Traffic TDA (2025),NOAA HURDAT2 Atlantic Hurricane Database (1851-2023),NOAA Storm Events Database Miami-Dade CZ_FIPS=86 (2014-2022),FEMA OpenFEMA Disaster Declarations Miami-Dade (2016-2022)
1184,5432,87133000,MIAMI-DADE,25.677789,-80.416481,40500,2025,11.93,206,87,10,0.1447,0.0003,0.0725,LOW,priority_score = 0.5 × aadt_score + 0.5 × hurricane_proximity_score,FDOT Annual Average Daily Traffic TDA (2025),NOAA HURDAT2 Atlantic Hurricane Database (1851-2023),NOAA Storm Events Database Miami-Dade CZ_FIPS=86 (2014-2022),FEMA OpenFEMA Disaster Declarations Miami-Dade (2016-2022)
1185,2777,87037000,MIAMI-DADE,25.843809,-80.125694,36500,2025,5.51,209,87,10,0.1299,0.0152,0.0725,LOW,priority_score = 0.5 × aadt_score + 0.5 × hurricane_proximity_score,FDOT Annual Average Daily Traffic TDA (2025),NOAA HURDAT2 Atlantic Hurricane Database (1851-2023),NOAA Storm Events Database Miami-Dade CZ_FIPS=86 (2014-2022),FEMA OpenFEMA Disaster Declarations Miami-Dade (2016-2022)
1186,3140,87008000,MIAMI-DADE,25.899094,-80.193905,39500,2025,9.39,209,87,10,0.141,0.0038,0.0724,LOW,priority_score = 0.5 × aadt_score + 0.5 × hurricane_proximity_score,FDOT Annual Average Daily Traffic TDA (2025),NOAA HURDAT2 Atlantic Hurricane Database (1851-2023),NOAA Storm Events Database Miami-Dade CZ_FIPS=86 (2014-2022),FEMA OpenFEMA Disaster Declarations Miami-Dade (2016-2022)
1187,4504,87037000,MIAMI-DADE,25.843648,-80.126801,36500,2025,5.55,209,87,10,0.1299,0.015,0.0724,LOW,priority_score = 0.5 × aadt_score + 0.5 × hurricane_proximity_score,FDOT Annual Average Daily Traffic TDA (2025),NOAA HURDAT2 Atlantic Hurricane Database (1851-2023),NOAA Storm Events Database Miami-Dade CZ_FIPS=86 (2014-2022),FEMA OpenFEMA Disaster Declarations Miami-Dade (2016-2022)
1188,4395,87039000,MIAMI-DADE,25.62737,-80.378896,39000,2025,8.48,204,87,10,0.1391,0.0055,0.0723,LOW,priority_score = 0.5 × aadt_score + 0.5 × hurricane_proximity_score,FDOT Annual Average Daily Traffic TDA (2025),NOAA HURDAT2 Atlantic Hurricane Database (1851-2023),NOAA Storm Events Database Miami-Dade CZ_FIPS=86 (2014-2022),FEMA OpenFEMA Disaster Declarations Miami-Dade (2016-2022)
1189,2638,87060001,MIAMI-DADE,25.857118,-80.122358,36000,2025,5.27,210,87,10,0.128,0.0164,0.0722,LOW,priority_score = 0.5 × aadt_score + 0.5 × hurricane_proximity_score,FDOT Annual Average Daily Traffic TDA (2025),NOAA HURDAT2 Atlantic Hurricane Database (1851-2023),NOAA Storm Events Database Miami-Dade CZ_FIPS=86 (2014-2022),FEMA OpenFEMA Disaster Declarations Miami-Dade (2016-2022)
1190,3011,87066000,MIAMI-DADE,25.886652,-80.133194,32500,2025,3.64,208,87,10,0.115,0.0293,0.0722,LOW,priority_score = 0.5 × aadt_score + 0.5 × hurricane_proximity_score,FDOT Annual Average Daily Traffic TDA (2025),NOAA HURDAT2 Atlantic Hurricane Database (1851-2023),NOAA Storm Events Database Miami-Dade CZ_FIPS=86 (2014-2022),FEMA OpenFEMA Disaster Declarations Miami-Dade (2016-2022)
1191,4396,87039000,MIAMI-DADE,25.627315,-80.37995,39000,2025,8.57,204,87,10,0.1391,0.0053,0.0722,LOW,priority_score = 0.5 × aadt_score + 0.5 × hurricane_proximity_score,FDOT Annual Average Daily Traffic TDA (2025),NOAA HURDAT2 Atlantic Hurricane Database (1851-2023),NOAA Storm Events Database Miami-Dade CZ_FIPS=86 (2014-2022),FEMA OpenFEMA Disaster Declarations Miami-Dade (2016-2022)
1192,5041,87085000,MIAMI-DADE,25.812858,-80.215826,24500,2025,2.13,206,87,10,0.0853,0.0589,0.0721,LOW,priority_score = 0.5 × aadt_score + 0.5 × hurricane_proximity_score,FDOT Annual Average Daily Traffic TDA (2025),NOAA HURDAT2 Atlantic Hurricane Database (1851-2023),NOAA Storm Events Database Miami-Dade CZ_FIPS=86 (2014-2022),FEMA OpenFEMA Disaster Declarations Miami-Dade (2016-2022)
1193,4064,87008000,MIAMI-DADE,25.898602,-80.20288,39500,2025,9.72,209,87,10,0.141,0.0032,0.0721,LOW,priority_score = 0.5 × aadt_score + 0.5 × hurricane_proximity_score,FDOT Annual Average Daily Traffic TDA (2025),NOAA HURDAT2 Atlantic Hurricane Database (1851-2023),NOAA Storm Events Database Miami-Dade CZ_FIPS=86 (2014-2022),FEMA OpenFEMA Disaster Declarations Miami-Dade (2016-2022)
1194,3070,87008000,MIAMI-DADE,25.898831,-80.198882,39500,2025,9.89,209,87,10,0.141,0.0029,0.072,LOW,priority_score = 0.5 × aadt_score + 0.5 × hurricane_proximity_score,FDOT Annual Average Daily Traffic TDA (2025),NOAA HURDAT2 Atlantic Hurricane Database (1851-2023),NOAA Storm Events Database Miami-Dade CZ_FIPS=86 (2014-2022),FEMA OpenFEMA Disaster Declarations Miami-Dade (2016-2022)
1195,6974,87150000,MIAMI-DADE,25.5138,-80.477794,39500,2025,9.84,199,87,10,0.141,0.003,0.072,LOW,priority_score = 0.5 × aadt_score + 0.5 × hurricane_proximity_score,FDOT Annual Average Daily Traffic TDA (2025),NOAA HURDAT2 Atlantic Hurricane Database (1851-2023),NOAA Storm Events Database Miami-Dade CZ_FIPS=86 (2014-2022),FEMA OpenFEMA Disaster Declarations Miami-Dade (2016-2022)
1196,2637,87060001,MIAMI-DADE,25.856087,-80.122326,36000,2025,5.37,210,87,10,0.128,0.0159,0.0719,LOW,priority_score = 0.5 × aadt_score + 0.5 × hurricane_proximity_score,FDOT Annual Average Daily Traffic TDA (2025),NOAA HURDAT2 Atlantic Hurricane Database (1851-2023),NOAA Storm Events Database Miami-Dade CZ_FIPS=86 (2014-2022),FEMA OpenFEMA Disaster Declarations Miami-Dade (2016-2022)
1197,2721,87060001,MIAMI-DADE,25.844504,-80.121507,36000,2025,5.4,209,87,10,0.128,0.0157,0.0719,LOW,priority_score = 0.5 × aadt_score + 0.5 × hurricane_proximity_score,FDOT Annual Average Daily Traffic TDA (2025),NOAA HURDAT2 Atlantic Hurricane Database (1851-2023),NOAA Storm Events Database Miami-Dade CZ_FIPS=86 (2014-2022),FEMA OpenFEMA Disaster Declarations Miami-Dade (2016-2022)
1198,5726,87150000,MIAMI-DADE,25.688522,-80.478332,39500,2025,10.08,205,87,10,0.141,0.0027,0.0718,LOW,priority_score = 0.5 × aadt_score + 0.5 × hurricane_proximity_score,FDOT Annual Average Daily Traffic TDA (2025),NOAA HURDAT2 Atlantic Hurricane Database (1851-2023),NOAA Storm Events Database Miami-Dade CZ_FIPS=86 (2014-2022),FEMA OpenFEMA Disaster Declarations Miami-Dade (2016-2022)
1199,5526,87066000,MIAMI-DADE,25.8866,-80.134286,32500,2025,3.74,208,87,10,0.115,0.0282,0.0716,LOW,priority_score = 0.5 × aadt_score + 0.5 × hurricane_proximity_score,FDOT Annual Average Daily Traffic TDA (2025),NOAA HURDAT2 Atlantic Hurricane Database (1851-2023),NOAA Storm Events Database Miami-Dade CZ_FIPS=86 (2014-2022),FEMA OpenFEMA Disaster Declarations Miami-Dade (2016-2022)
1200,2887,87062000,MIAMI-DADE,25.744896,-80.287095,35500,2025,5.16,205,87,10,0.1262,0.017,0.0716,LOW,priority_score = 0.5 × aadt_score + 0.5 × hurricane_proximity_score,FDOT Annual Average Daily Traffic TDA (2025),NOAA HURDAT2 Atlantic Hurricane Database (1851-2023),NOAA Storm Events Database Miami-Dade CZ_FIPS=86 (2014-2022),FEMA OpenFEMA Disaster Declarations Miami-Dade (2016-2022)
1201,2636,87060001,MIAMI-DADE,25.854228,-80.122263,36000,2025,5.56,210,87,10,0.128,0.0149,0.0715,LOW,priority_score = 0.5 × aadt_score + 0.5 × hurricane_proximity_score,FDOT Annual Average Daily Traffic TDA (2025),NOAA HURDAT2 Atlantic Hurricane Database (1851-2023),NOAA Storm Events Database Miami-Dade CZ_FIPS=86 (2014-2022),FEMA OpenFEMA Disaster Declarations Miami-Dade (2016-2022)
1202,3402,87085000,MIAMI-DADE,25.785785,-80.214858,24500,2025,2.17,205,87,10,0.0853,0.0576,0.0715,LOW,priority_score = 0.5 × aadt_score + 0.5 × hurricane_proximity_score,FDOT Annual Average Daily Traffic TDA (2025),NOAA HURDAT2 Atlantic Hurricane Database (1851-2023),NOAA Storm Events Database Miami-Dade CZ_FIPS=86 (2014-2022),FEMA OpenFEMA Disaster Declarations Miami-Dade (2016-2022)
1203,3012,87066000,MIAMI-DADE,25.886579,-80.134719,32500,2025,3.78,208,87,10,0.115,0.0278,0.0714,LOW,priority_score = 0.5 × aadt_score + 0.5 × hurricane_proximity_score,FDOT Annual Average Daily Traffic TDA (2025),NOAA HURDAT2 Atlantic Hurricane Database (1851-2023),NOAA Storm Events Database Miami-Dade CZ_FIPS=86 (2014-2022),FEMA OpenFEMA Disaster Declarations Miami-Dade (2016-2022)
1204,5167,87055000,MIAMI-DADE,25.700666,-80.376792,38000,2025,7.69,205,87,10,0.1354,0.0073,0.0714,LOW,priority_score = 0.5 × aadt_score + 0.5 × hurricane_proximity_score,FDOT Annual Average Daily Traffic TDA (2025),NOAA HURDAT2 Atlantic Hurricane Database (1851-2023),NOAA Storm Events Database Miami-Dade CZ_FIPS=86 (2014-2022),FEMA OpenFEMA Disaster Declarations Miami-Dade (2016-2022)
1205,4790,87150000,MIAMI-DADE,25.498982,-80.477673,39500,2025,11.45,198,87,10,0.141,0.0009,0.0709,LOW,priority_score = 0.5 × aadt_score + 0.5 × hurricane_proximity_score,FDOT Annual Average Daily Traffic TDA (2025),NOAA HURDAT2 Atlantic Hurricane Database (1851-2023),NOAA Storm Events Database Miami-Dade CZ_FIPS=86 (2014-2022),FEMA OpenFEMA Disaster Declarations Miami-Dade (2016-2022)
1206,3034,87150000,MIAMI-DADE,25.477059,-80.477424,39500,2025,11.57,198,87,10,0.141,0.0007,0.0709,LOW,priority_score = 0.5 × aadt_score + 0.5 × hurricane_proximity_score,FDOT Annual Average Daily Traffic TDA (2025),NOAA HURDAT2 Atlantic Hurricane Database (1851-2023),NOAA Storm Events Database Miami-Dade CZ_FIPS=86 (2014-2022),FEMA OpenFEMA Disaster Declarations Miami-Dade (2016-2022)
1207,3494,87060001,MIAMI-DADE,25.848424,-80.121452,36000,2025,5.8,210,87,10,0.128,0.0138,0.0709,LOW,priority_score = 0.5 × aadt_score + 0.5 × hurricane_proximity_score,FDOT Annual Average Daily Traffic TDA (2025),NOAA HURDAT2 Atlantic Hurricane Database (1851-2023),NOAA Storm Events Database Miami-Dade CZ_FIPS=86 (2014-2022),FEMA OpenFEMA Disaster Declarations Miami-Dade (2016-2022)
1208,2723,87060001,MIAMI-DADE,25.851802,-80.122266,36000,2025,5.8,210,87,10,0.128,0.0138,0.0709,LOW,priority_score = 0.5 × aadt_score + 0.5 × hurricane_proximity_score,FDOT Annual Average Daily Traffic TDA (2025),NOAA HURDAT2 Atlantic Hurricane Database (1851-2023),NOAA Storm Events Database Miami-Dade CZ_FIPS=86 (2014-2022),FEMA OpenFEMA Disaster Declarations Miami-Dade (2016-2022)
1209,4568,87055000,MIAMI DADE,25.700628,-80.382203,38000,2025,8.24,206,87,10,0.1354,0.006,0.0707,LOW,priority_score = 0.5 × aadt_score + 0.5 × hurricane_proximity_score,FDOT Annual Average Daily Traffic TDA (2025),NOAA HURDAT2 Atlantic Hurricane Database (1851-2023),NOAA Storm Events Database Miami-Dade CZ_FIPS=86 (2014-2022),FEMA OpenFEMA Disaster Declarations Miami-Dade (2016-2022)
1210,2722,87060001,MIAMI-DADE,25.850614,-80.121653,36000,2025,5.9,210,87,10,0.128,0.0133,0.0707,LOW,priority_score = 0.5 × aadt_score + 0.5 × hurricane_proximity_score,FDOT Annual Average Daily Traffic TDA (2025),NOAA HURDAT2 Atlantic Hurricane Database (1851-2023),NOAA Storm Events Database Miami-Dade CZ_FIPS=86 (2014-2022),FEMA OpenFEMA Disaster Declarations Miami-Dade (2016-2022)
1211,2958,87062000,MIAMI-DADE,25.748303,-80.287277,35500,2025,5.52,205,87,10,0.1262,0.0151,0.0706,LOW,priority_score = 0.5 × aadt_score + 0.5 × hurricane_proximity_score,FDOT Annual Average Daily Traffic TDA (2025),NOAA HURDAT2 Atlantic Hurricane Database (1851-2023),NOAA Storm Events Database Miami-Dade CZ_FIPS=86 (2014-2022),FEMA OpenFEMA Disaster Declarations Miami-Dade (2016-2022)
1212,3036,87150000,MIAMI-DADE,25.484483,-80.477508,39500,2025,12.2,198,87,10,0.141,0.0,0.0705,LOW,priority_score = 0.5 × aadt_score + 0.5 × hurricane_proximity_score,FDOT Annual Average Daily Traffic TDA (2025),NOAA HURDAT2 Atlantic Hurricane Database (1851-2023),NOAA Storm Events Database Miami-Dade CZ_FIPS=86 (2014-2022),FEMA OpenFEMA Disaster Declarations Miami-Dade (2016-2022)
1213,4328,87150000,MIAMI-DADE,25.49179,-80.477571,39500,2025,12.24,198,87,10,0.141,0.0,0.0705,LOW,priority_score = 0.5 × aadt_score + 0.5 × hurricane_proximity_score,FDOT Annual Average Daily Traffic TDA (2025),NOAA HURDAT2 Atlantic Hurricane Database (1851-2023),NOAA Storm Events Database Miami-Dade CZ_FIPS=86 (2014-2022),FEMA OpenFEMA Disaster Declarations Miami-Dade (2016-2022)
1214,4577,87027003,MIAMI DADE COUNTY,25.777237,-80.312383,38000,2025,8.68,205,87,10,0.1354,0.0051,0.0703,LOW,priority_score = 0.5 × aadt_score + 0.5 × hurricane_proximity_score,FDOT Annual Average Daily Traffic TDA (2025),NOAA HURDAT2 Atlantic Hurricane Database (1851-2023),NOAA Storm Events Database Miami-Dade CZ_FIPS=86 (2014-2022),FEMA OpenFEMA Disaster Declarations Miami-Dade (2016-2022)
1215,6595,87027003,MIAMI DADE COUNTY,25.778854,-80.31366,38000,2025,8.87,206,87,10,0.1354,0.0047,0.0701,LOW,priority_score = 0.5 × aadt_score + 0.5 × hurricane_proximity_score,FDOT Annual Average Daily Traffic TDA (2025),NOAA HURDAT2 Atlantic Hurricane Database (1851-2023),NOAA Storm Events Database Miami-Dade CZ_FIPS=86 (2014-2022),FEMA OpenFEMA Disaster Declarations Miami-Dade (2016-2022)
1216,6596,87027003,MIAMI DADE COUNTY,25.780805,-80.315734,38000,2025,9.12,206,87,10,0.1354,0.0042,0.0698,LOW,priority_score = 0.5 × aadt_score + 0.5 × hurricane_proximity_score,FDOT Annual Average Daily Traffic TDA (2025),NOAA HURDAT2 Atlantic Hurricane Database (1851-2023),NOAA Storm Events Database Miami-Dade CZ_FIPS=86 (2014-2022),FEMA OpenFEMA Disaster Declarations Miami-Dade (2016-2022)
1217,4489,87027003,MIAMI DADE COUNTY,25.78267,-80.317802,38000,2025,9.36,206,87,10,0.1354,0.0038,0.0696,LOW,priority_score = 0.5 × aadt_score + 0.5 × hurricane_proximity_score,FDOT Annual Average Daily Traffic TDA (2025),NOAA HURDAT2 Atlantic Hurricane Database (1851-2023),NOAA Storm Events Database Miami-Dade CZ_FIPS=86 (2014-2022),FEMA OpenFEMA Disaster Declarations Miami-Dade (2016-2022)
1218,2359,87085000,MIAMI-DADE,25.783999,-80.214537,24500,2025,2.3,205,87,10,0.0853,0.0536,0.0695,LOW,priority_score = 0.5 × aadt_score + 0.5 × hurricane_proximity_score,FDOT Annual Average Daily Traffic TDA (2025),NOAA HURDAT2 Atlantic Hurricane Database (1851-2023),NOAA Storm Events Database Miami-Dade CZ_FIPS=86 (2014-2022),FEMA OpenFEMA Disaster Declarations Miami-Dade (2016-2022)
1219,3744,87062000,MIAMI-DADE,25.756179,-80.28758,35500,2025,6.37,205,87,10,0.1262,0.0114,0.0688,LOW,priority_score = 0.5 × aadt_score + 0.5 × hurricane_proximity_score,FDOT Annual Average Daily Traffic TDA (2025),NOAA HURDAT2 Atlantic Hurricane Database (1851-2023),NOAA Storm Events Database Miami-Dade CZ_FIPS=86 (2014-2022),FEMA OpenFEMA Disaster Declarations Miami-Dade (2016-2022)
1220,3649,87015000,MIAMI-DADE,25.575681,-80.372441,36500,2025,7.75,203,87,10,0.1299,0.0072,0.0685,LOW,priority_score = 0.5 × aadt_score + 0.5 × hurricane_proximity_score,FDOT Annual Average Daily Traffic TDA (2025),NOAA HURDAT2 Atlantic Hurricane Database (1851-2023),NOAA Storm Events Database Miami-Dade CZ_FIPS=86 (2014-2022),FEMA OpenFEMA Disaster Declarations Miami-Dade (2016-2022)
1221,4497,87015000,MIAMI-DADE,25.573771,-80.37234,36500,2025,7.82,203,87,10,0.1299,0.007,0.0684,LOW,priority_score = 0.5 × aadt_score + 0.5 × hurricane_proximity_score,FDOT Annual Average Daily Traffic TDA (2025),NOAA HURDAT2 Atlantic Hurricane Database (1851-2023),NOAA Storm Events Database Miami-Dade CZ_FIPS=86 (2014-2022),FEMA OpenFEMA Disaster Declarations Miami-Dade (2016-2022)
1222,3381,87270160,MIAMI-DADE,25.767172,-80.200784,30500,2025,3.65,206,87,10,0.1076,0.0292,0.0684,LOW,priority_score = 0.5 × aadt_score + 0.5 × hurricane_proximity_score,FDOT Annual Average Daily Traffic TDA (2025),NOAA HURDAT2 Atlantic Hurricane Database (1851-2023),NOAA Storm Events Database Miami-Dade CZ_FIPS=86 (2014-2022),FEMA OpenFEMA Disaster Declarations Miami-Dade (2016-2022)
1223,4126,87015000,MIAMI-DADE,25.57151,-80.37231,36500,2025,7.91,203,87,10,0.1299,0.0068,0.0683,LOW,priority_score = 0.5 × aadt_score + 0.5 × hurricane_proximity_score,FDOT Annual Average Daily Traffic TDA (2025),NOAA HURDAT2 Atlantic Hurricane Database (1851-2023),NOAA Storm Events Database Miami-Dade CZ_FIPS=86 (2014-2022),FEMA OpenFEMA Disaster Declarations Miami-Dade (2016-2022)
1224,5478,87015000,MIAMI-DADE,25.531585,-80.371973,36500,2025,8.03,201,87,10,0.1299,0.0065,0.0682,LOW,priority_score = 0.5 × aadt_score + 0.5 × hurricane_proximity_score,FDOT Annual Average Daily Traffic TDA (2025),NOAA HURDAT2 Atlantic Hurricane Database (1851-2023),NOAA Storm Events Database Miami-Dade CZ_FIPS=86 (2014-2022),FEMA OpenFEMA Disaster Declarations Miami-Dade (2016-2022)
1225,3937,87015000,MIAMI-DADE,25.566668,-80.372217,36500,2025,8.14,203,87,10,0.1299,0.0062,0.0681,LOW,priority_score = 0.5 × aadt_score + 0.5 × hurricane_proximity_score,FDOT Annual Average Daily Traffic TDA (2025),NOAA HURDAT2 Atlantic Hurricane Database (1851-2023),NOAA Storm Events Database Miami-Dade CZ_FIPS=86 (2014-2022),FEMA OpenFEMA Disaster Declarations Miami-Dade (2016-2022)
1226,3351,87015000,MIAMI-DADE,25.562939,-80.372192,36500,2025,8.33,203,87,10,0.1299,0.0058,0.0678,LOW,priority_score = 0.5 × aadt_score + 0.5 × hurricane_proximity_score,FDOT Annual Average Daily Traffic TDA (2025),NOAA HURDAT2 Atlantic Hurricane Database (1851-2023),NOAA Storm Events Database Miami-Dade CZ_FIPS=86 (2014-2022),FEMA OpenFEMA Disaster Declarations Miami-Dade (2016-2022)
1227,4824,87015000,MIAMI-DADE,25.537192,-80.372066,36500,2025,8.33,201,87,10,0.1299,0.0058,0.0678,LOW,priority_score = 0.5 × aadt_score + 0.5 × hurricane_proximity_score,FDOT Annual Average Daily Traffic TDA (2025),NOAA HURDAT2 Atlantic Hurricane Database (1851-2023),NOAA Storm Events Database Miami-Dade CZ_FIPS=86 (2014-2022),FEMA OpenFEMA Disaster Declarations Miami-Dade (2016-2022)
1228,3327,87270160,MIAMI-DADE,25.766198,-80.200735,30500,2025,3.76,207,87,10,0.1076,0.028,0.0678,LOW,priority_score = 0.5 × aadt_score + 0.5 × hurricane_proximity_score,FDOT Annual Average Daily Traffic TDA (2025),NOAA HURDAT2 Atlantic Hurricane Database (1851-2023),NOAA Storm Events Database Miami-Dade CZ_FIPS=86 (2014-2022),FEMA OpenFEMA Disaster Declarations Miami-Dade (2016-2022)
1229,6458,87015000,MIAMI-DADE,25.559254,-80.372158,36500,2025,8.54,203,87,10,0.1299,0.0054,0.0676,LOW,priority_score = 0.5 × aadt_score + 0.5 × hurricane_proximity_score,FDOT Annual Average Daily Traffic TDA (2025),NOAA HURDAT2 Atlantic Hurricane Database (1851-2023),NOAA Storm Events Database Miami-Dade CZ_FIPS=86 (2014-2022),FEMA OpenFEMA Disaster Declarations Miami-Dade (2016-2022)
1230,2145,87062000,MIAMI-DADE,25.763502,-80.287875,35500,2025,7.16,205,87,10,0.1262,0.0088,0.0675,LOW,priority_score = 0.5 × aadt_score + 0.5 × hurricane_proximity_score,FDOT Annual Average Daily Traffic TDA (2025),NOAA HURDAT2 Atlantic Hurricane Database (1851-2023),NOAA Storm Events Database Miami-Dade CZ_FIPS=86 (2014-2022),FEMA OpenFEMA Disaster Declarations Miami-Dade (2016-2022)
1231,6778,87015000,MIAMI DADE COUNTY,25.548187,-80.372077,36500,2025,9.0,202,87,10,0.1299,0.0045,0.0672,LOW,priority_score = 0.5 × aadt_score + 0.5 × hurricane_proximity_score,FDOT Annual Average Daily Traffic TDA (2025),NOAA HURDAT2 Atlantic Hurricane Database (1851-2023),NOAA Storm Events Database Miami-Dade CZ_FIPS=86 (2014-2022),FEMA OpenFEMA Disaster Declarations Miami-Dade (2016-2022)
1232,6727,87015000,MIAMI-DADE,25.547218,-80.372076,36500,2025,8.94,202,87,10,0.1299,0.0046,0.0672,LOW,priority_score = 0.5 × aadt_score + 0.5 × hurricane_proximity_score,FDOT Annual Average Daily Traffic TDA (2025),NOAA HURDAT2 Atlantic Hurricane Database (1851-2023),NOAA Storm Events Database Miami-Dade CZ_FIPS=86 (2014-2022),FEMA OpenFEMA Disaster Declarations Miami-Dade (2016-2022)
1233,4784,87091000,MIAMI-DADE,25.579703,-80.478346,28000,2025,3.13,202,87,10,0.0983,0.0361,0.0672,LOW,priority_score = 0.5 × aadt_score + 0.5 × hurricane_proximity_score,FDOT Annual Average Daily Traffic TDA (2025),NOAA HURDAT2 Atlantic Hurricane Database (1851-2023),NOAA Storm Events Database Miami-Dade CZ_FIPS=86 (2014-2022),FEMA OpenFEMA Disaster Declarations Miami-Dade (2016-2022)
1234,6631,87015000,MIAMI-DADE,25.551841,-80.372088,36500,2025,9.0,202,87,10,0.1299,0.0045,0.0672,LOW,priority_score = 0.5 × aadt_score + 0.5 × hurricane_proximity_score,FDOT Annual Average Daily Traffic TDA (2025),NOAA HURDAT2 Atlantic Hurricane Database (1851-2023),NOAA Storm Events Database Miami-Dade CZ_FIPS=86 (2014-2022),FEMA OpenFEMA Disaster Declarations Miami-Dade (2016-2022)
1235,6726,87015000,MIAMI-DADE,25.549714,-80.37208,36500,2025,9.1,202,87,10,0.1299,0.0043,0.0671,LOW,priority_score = 0.5 × aadt_score + 0.5 × hurricane_proximity_score,FDOT Annual Average Daily Traffic TDA (2025),NOAA HURDAT2 Atlantic Hurricane Database (1851-2023),NOAA Storm Events Database Miami-Dade CZ_FIPS=86 (2014-2022),FEMA OpenFEMA Disaster Declarations Miami-Dade (2016-2022)
1236,2133,87062000,MIAMI-DADE,25.766708,-80.287981,35500,2025,7.51,205,87,10,0.1262,0.0078,0.067,LOW,priority_score = 0.5 × aadt_score + 0.5 × hurricane_proximity_score,FDOT Annual Average Daily Traffic TDA (2025),NOAA HURDAT2 Atlantic Hurricane Database (1851-2023),NOAA Storm Events Database Miami-Dade CZ_FIPS=86 (2014-2022),FEMA OpenFEMA Disaster Declarations Miami-Dade (2016-2022)
1237,5010,87085000,MIAMI-DADE,25.781826,-80.214736,24500,2025,2.5,205,87,10,0.0853,0.0483,0.0668,LOW,priority_score = 0.5 × aadt_score + 0.5 × hurricane_proximity_score,FDOT Annual Average Daily Traffic TDA (2025),NOAA HURDAT2 Atlantic Hurricane Database (1851-2023),NOAA Storm Events Database Miami-Dade CZ_FIPS=86 (2014-2022),FEMA OpenFEMA Disaster Declarations Miami-Dade (2016-2022)
1238,2226,87030001,MIAMI-DADE,25.77262,-80.190168,28000,2025,3.2,206,87,10,0.0983,0.035,0.0667,LOW,priority_score = 0.5 × aadt_score + 0.5 × hurricane_proximity_score,FDOT Annual Average Daily Traffic TDA (2025),NOAA HURDAT2 Atlantic Hurricane Database (1851-2023),NOAA Storm Events Database Miami-Dade CZ_FIPS=86 (2014-2022),FEMA OpenFEMA Disaster Declarations Miami-Dade (2016-2022)
1239,2138,87062000,MIAMI-DADE,25.770726,-80.288119,35500,2025,7.95,205,87,10,0.1262,0.0067,0.0664,LOW,priority_score = 0.5 × aadt_score + 0.5 × hurricane_proximity_score,FDOT Annual Average Daily Traffic TDA (2025),NOAA HURDAT2 Atlantic Hurricane Database (1851-2023),NOAA Storm Events Database Miami-Dade CZ_FIPS=86 (2014-2022),FEMA OpenFEMA Disaster Declarations Miami-Dade (2016-2022)
1240,2225,87030001,MIAMI-DADE,25.772595,-80.188914,28000,2025,3.24,206,87,10,0.0983,0.0345,0.0664,LOW,priority_score = 0.5 × aadt_score + 0.5 × hurricane_proximity_score,FDOT Annual Average Daily Traffic TDA (2025),NOAA HURDAT2 Atlantic Hurricane Database (1851-2023),NOAA Storm Events Database Miami-Dade CZ_FIPS=86 (2014-2022),FEMA OpenFEMA Disaster Declarations Miami-Dade (2016-2022)
1241,2224,87030001,MIAMI DADE,25.772638,-80.187493,28000,2025,3.29,207,87,10,0.0983,0.0338,0.066,LOW,priority_score = 0.5 × aadt_score + 0.5 × hurricane_proximity_score,FDOT Annual Average Daily Traffic TDA (2025),NOAA HURDAT2 Atlantic Hurricane Database (1851-2023),NOAA Storm Events Database Miami-Dade CZ_FIPS=86 (2014-2022),FEMA OpenFEMA Disaster Declarations Miami-Dade (2016-2022)
1242,3421,87030001,MIAMI-DADE,25.771771,-80.190155,28000,2025,3.29,206,87,10,0.0983,0.0338,0.066,LOW,priority_score = 0.5 × aadt_score + 0.5 × hurricane_proximity_score,FDOT Annual Average Daily Traffic TDA (2025),NOAA HURDAT2 Atlantic Hurricane Database (1851-2023),NOAA Storm Events Database Miami-Dade CZ_FIPS=86 (2014-2022),FEMA OpenFEMA Disaster Declarations Miami-Dade (2016-2022)
1243,3252,87062000,MIAMI-DADE,25.777891,-80.288359,35500,2025,8.74,205,87,10,0.1262,0.005,0.0656,LOW,priority_score = 0.5 × aadt_score + 0.5 × hurricane_proximity_score,FDOT Annual Average Daily Traffic TDA (2025),NOAA HURDAT2 Atlantic Hurricane Database (1851-2023),NOAA Storm Events Database Miami-Dade CZ_FIPS=86 (2014-2022),FEMA OpenFEMA Disaster Declarations Miami-Dade (2016-2022)
1244,2534,87066000,MIAMI-DADE,25.889495,-80.15174,32500,2025,5.31,210,87,10,0.115,0.0162,0.0656,LOW,priority_score = 0.5 × aadt_score + 0.5 × hurricane_proximity_score,FDOT Annual Average Daily Traffic TDA (2025),NOAA HURDAT2 Atlantic Hurricane Database (1851-2023),NOAA Storm Events Database Miami-Dade CZ_FIPS=86 (2014-2022),FEMA OpenFEMA Disaster Declarations Miami-Dade (2016-2022)
1245,4214,87030001,MIAMI DADE,25.770898,-80.190062,28000,2025,3.39,206,87,10,0.0983,0.0324,0.0654,LOW,priority_score = 0.5 × aadt_score + 0.5 × hurricane_proximity_score,FDOT Annual Average Daily Traffic TDA (2025),NOAA HURDAT2 Atlantic Hurricane Database (1851-2023),NOAA Storm Events Database Miami-Dade CZ_FIPS=86 (2014-2022),FEMA OpenFEMA Disaster Declarations Miami-Dade (2016-2022)
1246,7316,87085000,MIAMI DADE,25.780521,-80.214802,24500,2025,2.62,205,87,10,0.0853,0.0456,0.0654,LOW,priority_score = 0.5 × aadt_score + 0.5 × hurricane_proximity_score,FDOT Annual Average Daily Traffic TDA (2025),NOAA HURDAT2 Atlantic Hurricane Database (1851-2023),NOAA Storm Events Database Miami-Dade CZ_FIPS=86 (2014-2022),FEMA OpenFEMA Disaster Declarations Miami-Dade (2016-2022)
1247,6422,87062000,MIAMI-DADE,25.783423,-80.288446,35500,2025,9.04,205,87,10,0.1262,0.0044,0.0653,LOW,priority_score = 0.5 × aadt_score + 0.5 × hurricane_proximity_score,FDOT Annual Average Daily Traffic TDA (2025),NOAA HURDAT2 Atlantic Hurricane Database (1851-2023),NOAA Storm Events Database Miami-Dade CZ_FIPS=86 (2014-2022),FEMA OpenFEMA Disaster Declarations Miami-Dade (2016-2022)
1248,3957,87062000,MIAMI-DADE,25.785628,-80.288501,35500,2025,9.0,205,87,10,0.1262,0.0045,0.0653,LOW,priority_score = 0.5 × aadt_score + 0.5 × hurricane_proximity_score,FDOT Annual Average Daily Traffic TDA (2025),NOAA HURDAT2 Atlantic Hurricane Database (1851-2023),NOAA Storm Events Database Miami-Dade CZ_FIPS=86 (2014-2022),FEMA OpenFEMA Disaster Declarations Miami-Dade (2016-2022)
1249,4899,87062000,MIAMI-DADE,25.784569,-80.288457,35500,2025,9.02,205,87,10,0.1262,0.0044,0.0653,LOW,priority_score = 0.5 × aadt_score + 0.5 × hurricane_proximity_score,FDOT Annual Average Daily Traffic TDA (2025),NOAA HURDAT2 Atlantic Hurricane Database (1851-2023),NOAA Storm Events Database Miami-Dade CZ_FIPS=86 (2014-2022),FEMA OpenFEMA Disaster Declarations Miami-Dade (2016-2022)
1250,4614,87062000,MIAMI-DADE,25.782017,-80.288396,35500,2025,9.07,205,87,10,0.1262,0.0043,0.0652,LOW,priority_score = 0.5 × aadt_score + 0.5 × hurricane_proximity_score,FDOT Annual Average Daily Traffic TDA (2025),NOAA HURDAT2 Atlantic Hurricane Database (1851-2023),NOAA Storm Events Database Miami-Dade CZ_FIPS=86 (2014-2022),FEMA OpenFEMA Disaster Declarations Miami-Dade (2016-2022)
1251,2328,87085000,MIAMI-DADE,25.78022,-80.21484,24500,2025,2.65,205,87,10,0.0853,0.0449,0.0651,LOW,priority_score = 0.5 × aadt_score + 0.5 × hurricane_proximity_score,FDOT Annual Average Daily Traffic TDA (2025),NOAA HURDAT2 Atlantic Hurricane Database (1851-2023),NOAA Storm Events Database Miami-Dade CZ_FIPS=86 (2014-2022),FEMA OpenFEMA Disaster Declarations Miami-Dade (2016-2022)
1252,4528,87027000,MIAMI-DADE,25.840721,-80.314136,33500,2025,6.74,206,87,10,0.1187,0.0101,0.0644,LOW,priority_score = 0.5 × aadt_score + 0.5 × hurricane_proximity_score,FDOT Annual Average Daily Traffic TDA (2025),NOAA HURDAT2 Atlantic Hurricane Database (1851-2023),NOAA Storm Events Database Miami-Dade CZ_FIPS=86 (2014-2022),FEMA OpenFEMA Disaster Declarations Miami-Dade (2016-2022)
1253,3975,87027000,MIAMI-DADE,25.840183,-80.314109,33500,2025,6.8,206,87,10,0.1187,0.0099,0.0643,LOW,priority_score = 0.5 × aadt_score + 0.5 × hurricane_proximity_score,FDOT Annual Average Daily Traffic TDA (2025),NOAA HURDAT2 Atlantic Hurricane Database (1851-2023),NOAA Storm Events Database Miami-Dade CZ_FIPS=86 (2014-2022),FEMA OpenFEMA Disaster Declarations Miami-Dade (2016-2022)
1254,4314,87066000,MIAMI-DADE,25.889406,-80.157036,32500,2025,5.83,210,87,10,0.115,0.0136,0.0643,LOW,priority_score = 0.5 × aadt_score + 0.5 × hurricane_proximity_score,FDOT Annual Average Daily Traffic TDA (2025),NOAA HURDAT2 Atlantic Hurricane Database (1851-2023),NOAA Storm Events Database Miami-Dade CZ_FIPS=86 (2014-2022),FEMA OpenFEMA Disaster Declarations Miami-Dade (2016-2022)
1255,7315,87085000,MIAMI DADE,25.778433,-80.214784,24500,2025,2.82,205,87,10,0.0853,0.0414,0.0634,LOW,priority_score = 0.5 × aadt_score + 0.5 × hurricane_proximity_score,FDOT Annual Average Daily Traffic TDA (2025),NOAA HURDAT2 Atlantic Hurricane Database (1851-2023),NOAA Storm Events Database Miami-Dade CZ_FIPS=86 (2014-2022),FEMA OpenFEMA Disaster Declarations Miami-Dade (2016-2022)
1256,2537,87066000,MIAMI-DADE,25.889409,-80.163656,32500,2025,6.48,210,87,10,0.115,0.011,0.063,LOW,priority_score = 0.5 × aadt_score + 0.5 × hurricane_proximity_score,FDOT Annual Average Daily Traffic TDA (2025),NOAA HURDAT2 Atlantic Hurricane Database (1851-2023),NOAA Storm Events Database Miami-Dade CZ_FIPS=86 (2014-2022),FEMA OpenFEMA Disaster Declarations Miami-Dade (2016-2022)
1257,3618,87027000,MIAMI-DADE,25.770186,-80.312206,33500,2025,7.9,205,87,10,0.1187,0.0068,0.0628,LOW,priority_score = 0.5 × aadt_score + 0.5 × hurricane_proximity_score,FDOT Annual Average Daily Traffic TDA (2025),NOAA HURDAT2 Atlantic Hurricane Database (1851-2023),NOAA Storm Events Database Miami-Dade CZ_FIPS=86 (2014-2022),FEMA OpenFEMA Disaster Declarations Miami-Dade (2016-2022)
1258,2538,87066000,MIAMI-DADE,25.889295,-80.166179,32500,2025,6.73,210,87,10,0.115,0.0102,0.0626,LOW,priority_score = 0.5 × aadt_score + 0.5 × hurricane_proximity_score,FDOT Annual Average Daily Traffic TDA (2025),NOAA HURDAT2 Atlantic Hurricane Database (1851-2023),NOAA Storm Events Database Miami-Dade CZ_FIPS=86 (2014-2022),FEMA OpenFEMA Disaster Declarations Miami-Dade (2016-2022)
1259,2317,87085000,MIAMI-DADE,25.777358,-80.214754,24500,2025,2.92,205,87,10,0.0853,0.0396,0.0625,LOW,priority_score = 0.5 × aadt_score + 0.5 × hurricane_proximity_score,FDOT Annual Average Daily Traffic TDA (2025),NOAA HURDAT2 Atlantic Hurricane Database (1851-2023),NOAA Storm Events Database Miami-Dade CZ_FIPS=86 (2014-2022),FEMA OpenFEMA Disaster Declarations Miami-Dade (2016-2022)
1260,4315,87027000,MIAMI-DADE,25.826282,-80.313648,33500,2025,8.31,204,87,10,0.1187,0.0059,0.0623,LOW,priority_score = 0.5 × aadt_score + 0.5 × hurricane_proximity_score,FDOT Annual Average Daily Traffic TDA (2025),NOAA HURDAT2 Atlantic Hurricane Database (1851-2023),NOAA Storm Events Database Miami-Dade CZ_FIPS=86 (2014-2022),FEMA OpenFEMA Disaster Declarations Miami-Dade (2016-2022)
1261,4672,87066000,MIAMI-DADE,25.890226,-80.169491,32500,2025,7.04,210,87,10,0.115,0.0092,0.0621,LOW,priority_score = 0.5 × aadt_score + 0.5 × hurricane_proximity_score,FDOT Annual Average Daily Traffic TDA (2025),NOAA HURDAT2 Atlantic Hurricane Database (1851-2023),NOAA Storm Events Database Miami-Dade CZ_FIPS=86 (2014-2022),FEMA OpenFEMA Disaster Declarations Miami-Dade (2016-2022)
1262,5183,87027000,MIAMI-DADE,25.776643,-80.312357,33500,2025,8.61,205,87,10,0.1187,0.0052,0.062,LOW,priority_score = 0.5 × aadt_score + 0.5 × hurricane_proximity_score,FDOT Annual Average Daily Traffic TDA (2025),NOAA HURDAT2 Atlantic Hurricane Database (1851-2023),NOAA Storm Events Database Miami-Dade CZ_FIPS=86 (2014-2022),FEMA OpenFEMA Disaster Declarations Miami-Dade (2016-2022)
1263,3488,87066000,MIAMI-DADE,25.890848,-80.170854,32500,2025,7.16,211,87,10,0.115,0.0088,0.0619,LOW,priority_score = 0.5 × aadt_score + 0.5 × hurricane_proximity_score,FDOT Annual Average Daily Traffic TDA (2025),NOAA HURDAT2 Atlantic Hurricane Database (1851-2023),NOAA Storm Events Database Miami-Dade CZ_FIPS=86 (2014-2022),FEMA OpenFEMA Disaster Declarations Miami-Dade (2016-2022)
1264,4577,87027000,MIAMI-DADE,25.777152,-80.312379,33500,2025,8.67,205,87,10,0.1187,0.0051,0.0619,LOW,priority_score = 0.5 × aadt_score + 0.5 × hurricane_proximity_score,FDOT Annual Average Daily Traffic TDA (2025),NOAA HURDAT2 Atlantic Hurricane Database (1851-2023),NOAA Storm Events Database Miami-Dade CZ_FIPS=86 (2014-2022),FEMA OpenFEMA Disaster Declarations Miami-Dade (2016-2022)
1265,4815,87066000,MIAMI-DADE,25.890878,-80.171668,32500,2025,7.24,211,87,10,0.115,0.0086,0.0618,LOW,priority_score = 0.5 × aadt_score + 0.5 × hurricane_proximity_score,FDOT Annual Average Daily Traffic TDA (2025),NOAA HURDAT2 Atlantic Hurricane Database (1851-2023),NOAA Storm Events Database Miami-Dade CZ_FIPS=86 (2014-2022),FEMA OpenFEMA Disaster Declarations Miami-Dade (2016-2022)
1266,2533,87066000,MIAMI-DADE,25.89083,-80.172761,32500,2025,7.35,211,87,10,0.115,0.0083,0.0616,LOW,priority_score = 0.5 × aadt_score + 0.5 × hurricane_proximity_score,FDOT Annual Average Daily Traffic TDA (2025),NOAA HURDAT2 Atlantic Hurricane Database (1851-2023),NOAA Storm Events Database Miami-Dade CZ_FIPS=86 (2014-2022),FEMA OpenFEMA Disaster Declarations Miami-Dade (2016-2022)
1267,4486,87066000,MIAMI-DADE,25.890763,-80.174303,32500,2025,7.5,211,87,10,0.115,0.0078,0.0614,LOW,priority_score = 0.5 × aadt_score + 0.5 × hurricane_proximity_score,FDOT Annual Average Daily Traffic TDA (2025),NOAA HURDAT2 Atlantic Hurricane Database (1851-2023),NOAA Storm Events Database Miami-Dade CZ_FIPS=86 (2014-2022),FEMA OpenFEMA Disaster Declarations Miami-Dade (2016-2022)
1268,3085,87027000,MIAMI-DADE,25.782599,-80.3126,33500,2025,9.27,206,87,10,0.1187,0.004,0.0614,LOW,priority_score = 0.5 × aadt_score + 0.5 × hurricane_proximity_score,FDOT Annual Average Daily Traffic TDA (2025),NOAA HURDAT2 Atlantic Hurricane Database (1851-2023),NOAA Storm Events Database Miami-Dade CZ_FIPS=86 (2014-2022),FEMA OpenFEMA Disaster Declarations Miami-Dade (2016-2022)
1269,4814,87066000,MIAMI-DADE,25.890709,-80.175589,32500,2025,7.63,210,87,10,0.115,0.0075,0.0613,LOW,priority_score = 0.5 × aadt_score + 0.5 × hurricane_proximity_score,FDOT Annual Average Daily Traffic TDA (2025),NOAA HURDAT2 Atlantic Hurricane Database (1851-2023),NOAA Storm Events Database Miami-Dade CZ_FIPS=86 (2014-2022),FEMA OpenFEMA Disaster Declarations Miami-Dade (2016-2022)
1270,4489,87027000,MIAMI-DADE,25.782685,-80.317811,33500,2025,9.37,206,87,10,0.1187,0.0038,0.0613,LOW,priority_score = 0.5 × aadt_score + 0.5 × hurricane_proximity_score,FDOT Annual Average Daily Traffic TDA (2025),NOAA HURDAT2 Atlantic Hurricane Database (1851-2023),NOAA Storm Events Database Miami-Dade CZ_FIPS=86 (2014-2022),FEMA OpenFEMA Disaster Declarations Miami-Dade (2016-2022)
1271,3541,87085000,MIAMI-DADE,25.775441,-80.214702,24500,2025,3.1,205,87,10,0.0853,0.0366,0.061,LOW,priority_score = 0.5 × aadt_score + 0.5 × hurricane_proximity_score,FDOT Annual Average Daily Traffic TDA (2025),NOAA HURDAT2 Atlantic Hurricane Database (1851-2023),NOAA Storm Events Database Miami-Dade CZ_FIPS=86 (2014-2022),FEMA OpenFEMA Disaster Declarations Miami-Dade (2016-2022)
1272,2542,87066000,MIAMI-DADE,25.890602,-80.178306,32500,2025,7.9,210,87,10,0.115,0.0068,0.0609,LOW,priority_score = 0.5 × aadt_score + 0.5 × hurricane_proximity_score,FDOT Annual Average Daily Traffic TDA (2025),NOAA HURDAT2 Atlantic Hurricane Database (1851-2023),NOAA Storm Events Database Miami-Dade CZ_FIPS=86 (2014-2022),FEMA OpenFEMA Disaster Declarations Miami-Dade (2016-2022)
1273,4992,87027000,MIAMI-DADE,25.788414,-80.317938,33500,2025,9.99,206,87,10,0.1187,0.0028,0.0608,LOW,priority_score = 0.5 × aadt_score + 0.5 × hurricane_proximity_score,FDOT Annual Average Daily Traffic TDA (2025),NOAA HURDAT2 Atlantic Hurricane Database (1851-2023),NOAA Storm Events Database Miami-Dade CZ_FIPS=86 (2014-2022),FEMA OpenFEMA Disaster Declarations Miami-Dade (2016-2022)
1274,3408,87066000,MIAMI-DADE,25.890533,-80.180364,32500,2025,8.11,210,87,10,0.115,0.0063,0.0607,LOW,priority_score = 0.5 × aadt_score + 0.5 × hurricane_proximity_score,FDOT Annual Average Daily Traffic TDA (2025),NOAA HURDAT2 Atlantic Hurricane Database (1851-2023),NOAA Storm Events Database Miami-Dade CZ_FIPS=86 (2014-2022),FEMA OpenFEMA Disaster Declarations Miami-Dade (2016-2022)
1275,4621,87027000,MIAMI-DADE,25.789688,-80.314435,33500,2025,10.08,205,87,10,0.1187,0.0027,0.0607,LOW,priority_score = 0.5 × aadt_score + 0.5 × hurricane_proximity_score,FDOT Annual Average Daily Traffic TDA (2025),NOAA HURDAT2 Atlantic Hurricane Database (1851-2023),NOAA Storm Events Database Miami-Dade CZ_FIPS=86 (2014-2022),FEMA OpenFEMA Disaster Declarations Miami-Dade (2016-2022)
1276,3163,87027000,MIAMI-DADE,25.809331,-80.31318,33500,2025,10.17,205,87,10,0.1187,0.0025,0.0606,LOW,priority_score = 0.5 × aadt_score + 0.5 × hurricane_proximity_score,FDOT Annual Average Daily Traffic TDA (2025),NOAA HURDAT2 Atlantic Hurricane Database (1851-2023),NOAA Storm Events Database Miami-Dade CZ_FIPS=86 (2014-2022),FEMA OpenFEMA Disaster Declarations Miami-Dade (2016-2022)
1277,4708,87027000,MIAMI-DADE,25.79216,-80.312756,33500,2025,10.33,205,87,10,0.1187,0.0023,0.0605,LOW,priority_score = 0.5 × aadt_score + 0.5 × hurricane_proximity_score,FDOT Annual Average Daily Traffic TDA (2025),NOAA HURDAT2 Atlantic Hurricane Database (1851-2023),NOAA Storm Events Database Miami-Dade CZ_FIPS=86 (2014-2022),FEMA OpenFEMA Disaster Declarations Miami-Dade (2016-2022)
1278,2543,87066000,MIAMI-DADE,25.89045,-80.182406,32500,2025,8.31,210,87,10,0.115,0.0059,0.0604,LOW,priority_score = 0.5 × aadt_score + 0.5 × hurricane_proximity_score,FDOT Annual Average Daily Traffic TDA (2025),NOAA HURDAT2 Atlantic Hurricane Database (1851-2023),NOAA Storm Events Database Miami-Dade CZ_FIPS=86 (2014-2022),FEMA OpenFEMA Disaster Declarations Miami-Dade (2016-2022)
1279,4350,87027000,MIAMI-DADE,25.793833,-80.312776,33500,2025,10.51,205,87,10,0.1187,0.002,0.0604,LOW,priority_score = 0.5 × aadt_score + 0.5 × hurricane_proximity_score,FDOT Annual Average Daily Traffic TDA (2025),NOAA HURDAT2 Atlantic Hurricane Database (1851-2023),NOAA Storm Events Database Miami-Dade CZ_FIPS=86 (2014-2022),FEMA OpenFEMA Disaster Declarations Miami-Dade (2016-2022)
1280,2544,87066000,MIAMI-DADE,25.890368,-80.184431,32500,2025,8.51,209,87,10,0.115,0.0054,0.0602,LOW,priority_score = 0.5 × aadt_score + 0.5 × hurricane_proximity_score,FDOT Annual Average Daily Traffic TDA (2025),NOAA HURDAT2 Atlantic Hurricane Database (1851-2023),NOAA Storm Events Database Miami-Dade CZ_FIPS=86 (2014-2022),FEMA OpenFEMA Disaster Declarations Miami-Dade (2016-2022)
1281,2897,87027000,MIAMI-DADE,25.797151,-80.312867,33500,2025,10.88,205,87,10,0.1187,0.0016,0.0601,LOW,priority_score = 0.5 × aadt_score + 0.5 × hurricane_proximity_score,FDOT Annual Average Daily Traffic TDA (2025),NOAA HURDAT2 Atlantic Hurricane Database (1851-2023),NOAA Storm Events Database Miami-Dade CZ_FIPS=86 (2014-2022),FEMA OpenFEMA Disaster Declarations Miami-Dade (2016-2022)
1282,5440,87027000,MIAMI-DADE,25.802564,-80.313012,33500,2025,10.91,205,87,10,0.1187,0.0015,0.0601,LOW,priority_score = 0.5 × aadt_score + 0.5 × hurricane_proximity_score,FDOT Annual Average Daily Traffic TDA (2025),NOAA HURDAT2 Atlantic Hurricane Database (1851-2023),NOAA Storm Events Database Miami-Dade CZ_FIPS=86 (2014-2022),FEMA OpenFEMA Disaster Declarations Miami-Dade (2016-2022)
1283,2545,87066000,MIAMI-DADE,25.890266,-80.186424,32500,2025,8.71,209,87,10,0.115,0.005,0.06,LOW,priority_score = 0.5 × aadt_score + 0.5 × hurricane_proximity_score,FDOT Annual Average Daily Traffic TDA (2025),NOAA HURDAT2 Atlantic Hurricane Database (1851-2023),NOAA Storm Events Database Miami-Dade CZ_FIPS=86 (2014-2022),FEMA OpenFEMA Disaster Declarations Miami-Dade (2016-2022)
1284,2071,87250000,MIAMI-DADE,25.825165,-80.200194,22500,2025,2.8,205,87,10,0.0779,0.0418,0.0599,LOW,priority_score = 0.5 × aadt_score + 0.5 × hurricane_proximity_score,FDOT Annual Average Daily Traffic TDA (2025),NOAA HURDAT2 Atlantic Hurricane Database (1851-2023),NOAA Storm Events Database Miami-Dade CZ_FIPS=86 (2014-2022),FEMA OpenFEMA Disaster Declarations Miami-Dade (2016-2022)
1285,7672,87250000,MIAMI-DADE,25.825101,-80.2026,22500,2025,2.8,205,87,10,0.0779,0.0418,0.0599,LOW,priority_score = 0.5 × aadt_score + 0.5 × hurricane_proximity_score,FDOT Annual Average Daily Traffic TDA (2025),NOAA HURDAT2 Atlantic Hurricane Database (1851-2023),NOAA Storm Events Database Miami-Dade CZ_FIPS=86 (2014-2022),FEMA OpenFEMA Disaster Declarations Miami-Dade (2016-2022)
1286,3946,87066000,MIAMI-DADE,25.890152,-80.188995,32500,2025,8.97,210,87,10,0.115,0.0045,0.0598,LOW,priority_score = 0.5 × aadt_score + 0.5 × hurricane_proximity_score,FDOT Annual Average Daily Traffic TDA (2025),NOAA HURDAT2 Atlantic Hurricane Database (1851-2023),NOAA Storm Events Database Miami-Dade CZ_FIPS=86 (2014-2022),FEMA OpenFEMA Disaster Declarations Miami-Dade (2016-2022)
1287,7673,87250000,MIAMI-DADE,25.825207,-80.198702,22500,2025,2.81,205,87,10,0.0779,0.0416,0.0598,LOW,priority_score = 0.5 × aadt_score + 0.5 × hurricane_proximity_score,FDOT Annual Average Daily Traffic TDA (2025),NOAA HURDAT2 Atlantic Hurricane Database (1851-2023),NOAA Storm Events Database Miami-Dade CZ_FIPS=86 (2014-2022),FEMA OpenFEMA Disaster Declarations Miami-Dade (2016-2022)
1288,2548,87066000,MIAMI-DADE,25.889184,-80.210851,32500,2025,9.0,210,87,10,0.115,0.0045,0.0597,LOW,priority_score = 0.5 × aadt_score + 0.5 × hurricane_proximity_score,FDOT Annual Average Daily Traffic TDA (2025),NOAA HURDAT2 Atlantic Hurricane Database (1851-2023),NOAA Storm Events Database Miami-Dade CZ_FIPS=86 (2014-2022),FEMA OpenFEMA Disaster Declarations Miami-Dade (2016-2022)
1289,3861,87066000,MIAMI-DADE,25.88923,-80.209757,32500,2025,9.11,210,87,10,0.115,0.0043,0.0596,LOW,priority_score = 0.5 × aadt_score + 0.5 × hurricane_proximity_score,FDOT Annual Average Daily Traffic TDA (2025),NOAA HURDAT2 Atlantic Hurricane Database (1851-2023),NOAA Storm Events Database Miami-Dade CZ_FIPS=86 (2014-2022),FEMA OpenFEMA Disaster Declarations Miami-Dade (2016-2022)
1290,3083,87066000,MIAMI-DADE,25.889272,-80.208826,32500,2025,9.2,210,87,10,0.115,0.0041,0.0596,LOW,priority_score = 0.5 × aadt_score + 0.5 × hurricane_proximity_score,FDOT Annual Average Daily Traffic TDA (2025),NOAA HURDAT2 Atlantic Hurricane Database (1851-2023),NOAA Storm Events Database Miami-Dade CZ_FIPS=86 (2014-2022),FEMA OpenFEMA Disaster Declarations Miami-Dade (2016-2022)
1291,2198,87085000,MIAMI-DADE,25.773479,-80.214649,24500,2025,3.29,206,87,10,0.0853,0.0338,0.0595,LOW,priority_score = 0.5 × aadt_score + 0.5 × hurricane_proximity_score,FDOT Annual Average Daily Traffic TDA (2025),NOAA HURDAT2 Atlantic Hurricane Database (1851-2023),NOAA Storm Events Database Miami-Dade CZ_FIPS=86 (2014-2022),FEMA OpenFEMA Disaster Declarations Miami-Dade (2016-2022)
1292,2540,87066000,MIAMI-DADE,25.890001,-80.192497,32500,2025,9.32,210,87,10,0.115,0.0039,0.0595,LOW,priority_score = 0.5 × aadt_score + 0.5 × hurricane_proximity_score,FDOT Annual Average Daily Traffic TDA (2025),NOAA HURDAT2 Atlantic Hurricane Database (1851-2023),NOAA Storm Events Database Miami-Dade CZ_FIPS=86 (2014-2022),FEMA OpenFEMA Disaster Declarations Miami-Dade (2016-2022)
1293,2070,87250000,MIAMI-DADE,25.825287,-80.195944,22500,2025,2.84,206,87,10,0.0779,0.0411,0.0595,LOW,priority_score = 0.5 × aadt_score + 0.5 × hurricane_proximity_score,FDOT Annual Average Daily Traffic TDA (2025),NOAA HURDAT2 Atlantic Hurricane Database (1851-2023),NOAA Storm Events Database Miami-Dade CZ_FIPS=86 (2014-2022),FEMA OpenFEMA Disaster Declarations Miami-Dade (2016-2022)
1294,5179,87250000,MIAMI-DADE,25.825007,-80.206096,22500,2025,2.85,205,87,10,0.0779,0.0409,0.0594,LOW,priority_score = 0.5 × aadt_score + 0.5 × hurricane_proximity_score,FDOT Annual Average Daily Traffic TDA (2025),NOAA HURDAT2 Atlantic Hurricane Database (1851-2023),NOAA Storm Events Database Miami-Dade CZ_FIPS=86 (2014-2022),FEMA OpenFEMA Disaster Declarations Miami-Dade (2016-2022)
1295,2546,87066000,MIAMI-DADE,25.889909,-80.194555,32500,2025,9.52,210,87,10,0.115,0.0035,0.0593,LOW,priority_score = 0.5 × aadt_score + 0.5 × hurricane_proximity_score,FDOT Annual Average Daily Traffic TDA (2025),NOAA HURDAT2 Atlantic Hurricane Database (1851-2023),NOAA Storm Events Database Miami-Dade CZ_FIPS=86 (2014-2022),FEMA OpenFEMA Disaster Declarations Miami-Dade (2016-2022)
1296,7676,87250000,MIAMI-DADE,25.825322,-80.194597,22500,2025,2.87,206,87,10,0.0779,0.0405,0.0592,LOW,priority_score = 0.5 × aadt_score + 0.5 × hurricane_proximity_score,FDOT Annual Average Daily Traffic TDA (2025),NOAA HURDAT2 Atlantic Hurricane Database (1851-2023),NOAA Storm Events Database Miami-Dade CZ_FIPS=86 (2014-2022),FEMA OpenFEMA Disaster Declarations Miami-Dade (2016-2022)
1297,5327,87250000,MIAMI-DADE,25.824988,-80.207026,22500,2025,2.87,205,87,10,0.0779,0.0405,0.0592,LOW,priority_score = 0.5 × aadt_score + 0.5 × hurricane_proximity_score,FDOT Annual Average Daily Traffic TDA (2025),NOAA HURDAT2 Atlantic Hurricane Database (1851-2023),NOAA Storm Events Database Miami-Dade CZ_FIPS=86 (2014-2022),FEMA OpenFEMA Disaster Declarations Miami-Dade (2016-2022)
1298,2217,87053001,MIAMI-DADE,25.773212,-80.197583,23000,2025,2.99,206,87,10,0.0798,0.0384,0.0591,LOW,priority_score = 0.5 × aadt_score + 0.5 × hurricane_proximity_score,FDOT Annual Average Daily Traffic TDA (2025),NOAA HURDAT2 Atlantic Hurricane Database (1851-2023),NOAA Storm Events Database Miami-Dade CZ_FIPS=86 (2014-2022),FEMA OpenFEMA Disaster Declarations Miami-Dade (2016-2022)
1299,5454,87066000,MIAMI-DADE,25.889548,-80.202751,32500,2025,9.8,210,87,10,0.115,0.0031,0.0591,LOW,priority_score = 0.5 × aadt_score + 0.5 × hurricane_proximity_score,FDOT Annual Average Daily Traffic TDA (2025),NOAA HURDAT2 Atlantic Hurricane Database (1851-2023),NOAA Storm Events Database Miami-Dade CZ_FIPS=86 (2014-2022),FEMA OpenFEMA Disaster Declarations Miami-Dade (2016-2022)
1300,2073,87250000,MIAMI-DADE,25.824958,-80.208165,22500,2025,2.89,205,87,10,0.0779,0.0401,0.059,LOW,priority_score = 0.5 × aadt_score + 0.5 × hurricane_proximity_score,FDOT Annual Average Daily Traffic TDA (2025),NOAA HURDAT2 Atlantic Hurricane Database (1851-2023),NOAA Storm Events Database Miami-Dade CZ_FIPS=86 (2014-2022),FEMA OpenFEMA Disaster Declarations Miami-Dade (2016-2022)
1301,2547,87066000,MIAMI-DADE,25.889724,-80.198653,32500,2025,9.93,210,87,10,0.115,0.0029,0.059,LOW,priority_score = 0.5 × aadt_score + 0.5 × hurricane_proximity_score,FDOT Annual Average Daily Traffic TDA (2025),NOAA HURDAT2 Atlantic Hurricane Database (1851-2023),NOAA Storm Events Database Miami-Dade CZ_FIPS=86 (2014-2022),FEMA OpenFEMA Disaster Declarations Miami-Dade (2016-2022)
1302,5007,87053001,MIAMI-DADE,25.77295,-80.201136,23000,2025,3.01,206,87,10,0.0798,0.038,0.0589,LOW,priority_score = 0.5 × aadt_score + 0.5 × hurricane_proximity_score,FDOT Annual Average Daily Traffic TDA (2025),NOAA HURDAT2 Atlantic Hurricane Database (1851-2023),NOAA Storm Events Database Miami-Dade CZ_FIPS=86 (2014-2022),FEMA OpenFEMA Disaster Declarations Miami-Dade (2016-2022)
1303,2220,87085000,MIAMI-DADE,25.772521,-80.214629,24500,2025,3.39,206,87,10,0.0853,0.0324,0.0589,LOW,priority_score = 0.5 × aadt_score + 0.5 × hurricane_proximity_score,FDOT Annual Average Daily Traffic TDA (2025),NOAA HURDAT2 Atlantic Hurricane Database (1851-2023),NOAA Storm Events Database Miami-Dade CZ_FIPS=86 (2014-2022),FEMA OpenFEMA Disaster Declarations Miami-Dade (2016-2022)
1304,2104,87250000,MIAMI-DADE,25.825392,-80.19187,22500,2025,2.94,206,87,10,0.0779,0.0392,0.0586,LOW,priority_score = 0.5 × aadt_score + 0.5 × hurricane_proximity_score,FDOT Annual Average Daily Traffic TDA (2025),NOAA HURDAT2 Atlantic Hurricane Database (1851-2023),NOAA Storm Events Database Miami-Dade CZ_FIPS=86 (2014-2022),FEMA OpenFEMA Disaster Declarations Miami-Dade (2016-2022)
1305,5310,87085000,MIAMI-DADE,25.771852,-80.21461,24500,2025,3.45,206,87,10,0.0853,0.0316,0.0585,LOW,priority_score = 0.5 × aadt_score + 0.5 × hurricane_proximity_score,FDOT Annual Average Daily Traffic TDA (2025),NOAA HURDAT2 Atlantic Hurricane Database (1851-2023),NOAA Storm Events Database Miami-Dade CZ_FIPS=86 (2014-2022),FEMA OpenFEMA Disaster Declarations Miami-Dade (2016-2022)
1306,5241,87018000,MIAMI-DADE,25.971699,-80.246826,32000,2025,9.58,208,87,10,0.1132,0.0034,0.0583,LOW,priority_score = 0.5 × aadt_score + 0.5 × hurricane_proximity_score,FDOT Annual Average Daily Traffic TDA (2025),NOAA HURDAT2 Atlantic Hurricane Database (1851-2023),NOAA Storm Events Database Miami-Dade CZ_FIPS=86 (2014-2022),FEMA OpenFEMA Disaster Declarations Miami-Dade (2016-2022)
1307,2219,87053001,MIAMI-DADE,25.772743,-80.207529,23000,2025,3.12,205,87,10,0.0798,0.0363,0.058,LOW,priority_score = 0.5 × aadt_score + 0.5 × hurricane_proximity_score,FDOT Annual Average Daily Traffic TDA (2025),NOAA HURDAT2 Atlantic Hurricane Database (1851-2023),NOAA Storm Events Database Miami-Dade CZ_FIPS=86 (2014-2022),FEMA OpenFEMA Disaster Declarations Miami-Dade (2016-2022)
1308,2154,87085000,MIAMI-DADE,25.771155,-80.214591,24500,2025,3.52,206,87,10,0.0853,0.0307,0.058,LOW,priority_score = 0.5 × aadt_score + 0.5 × hurricane_proximity_score,FDOT Annual Average Daily Traffic TDA (2025),NOAA HURDAT2 Atlantic Hurricane Database (1851-2023),NOAA Storm Events Database Miami-Dade CZ_FIPS=86 (2014-2022),FEMA OpenFEMA Disaster Declarations Miami-Dade (2016-2022)
1309,2074,87250000,MIAMI-DADE,25.824792,-80.212348,22500,2025,3.02,205,87,10,0.0779,0.0379,0.0579,LOW,priority_score = 0.5 × aadt_score + 0.5 × hurricane_proximity_score,FDOT Annual Average Daily Traffic TDA (2025),NOAA HURDAT2 Atlantic Hurricane Database (1851-2023),NOAA Storm Events Database Miami-Dade CZ_FIPS=86 (2014-2022),FEMA OpenFEMA Disaster Declarations Miami-Dade (2016-2022)
1310,7680,87250000,MIAMI-DADE,25.825464,-80.18924,22500,2025,3.03,206,87,10,0.0779,0.0377,0.0578,LOW,priority_score = 0.5 × aadt_score + 0.5 × hurricane_proximity_score,FDOT Annual Average Daily Traffic TDA (2025),NOAA HURDAT2 Atlantic Hurricane Database (1851-2023),NOAA Storm Events Database Miami-Dade CZ_FIPS=86 (2014-2022),FEMA OpenFEMA Disaster Declarations Miami-Dade (2016-2022)
1311,4890,87018000,MIAMI-DADE,25.971976,-80.23425,32000,2025,10.36,208,87,10,0.1132,0.0023,0.0577,LOW,priority_score = 0.5 × aadt_score + 0.5 × hurricane_proximity_score,FDOT Annual Average Daily Traffic TDA (2025),NOAA HURDAT2 Atlantic Hurricane Database (1851-2023),NOAA Storm Events Database Miami-Dade CZ_FIPS=86 (2014-2022),FEMA OpenFEMA Disaster Declarations Miami-Dade (2016-2022)
1312,2364,87000172,MIAMI-DADE,25.786949,-80.192367,11000,2025,1.64,206,87,10,0.0353,0.0802,0.0577,LOW,priority_score = 0.5 × aadt_score + 0.5 × hurricane_proximity_score,FDOT Annual Average Daily Traffic TDA (2025),NOAA HURDAT2 Atlantic Hurricane Database (1851-2023),NOAA Storm Events Database Miami-Dade CZ_FIPS=86 (2014-2022),FEMA OpenFEMA Disaster Declarations Miami-Dade (2016-2022)
1313,5309,87085000,MIAMI-DADE,25.770037,-80.214561,24500,2025,3.64,206,87,10,0.0853,0.0293,0.0573,LOW,priority_score = 0.5 × aadt_score + 0.5 × hurricane_proximity_score,FDOT Annual Average Daily Traffic TDA (2025),NOAA HURDAT2 Atlantic Hurricane Database (1851-2023),NOAA Storm Events Database Miami-Dade CZ_FIPS=86 (2014-2022),FEMA OpenFEMA Disaster Declarations Miami-Dade (2016-2022)
1314,6441,87053001,MIAMI-DADE,25.772662,-80.210224,23000,2025,3.21,205,87,10,0.0798,0.0349,0.0573,LOW,priority_score = 0.5 × aadt_score + 0.5 × hurricane_proximity_score,FDOT Annual Average Daily Traffic TDA (2025),NOAA HURDAT2 Atlantic Hurricane Database (1851-2023),NOAA Storm Events Database Miami-Dade CZ_FIPS=86 (2014-2022),FEMA OpenFEMA Disaster Declarations Miami-Dade (2016-2022)
1315,4966,87018000,MIAMI-DADE,25.972311,-80.22498,32000,2025,11.0,209,87,10,0.1132,0.0014,0.0573,LOW,priority_score = 0.5 × aadt_score + 0.5 × hurricane_proximity_score,FDOT Annual Average Daily Traffic TDA (2025),NOAA HURDAT2 Atlantic Hurricane Database (1851-2023),NOAA Storm Events Database Miami-Dade CZ_FIPS=86 (2014-2022),FEMA OpenFEMA Disaster Declarations Miami-Dade (2016-2022)
1316,3876,87018000,MIAMI-DADE,25.972701,-80.206102,32000,2025,11.03,209,87,10,0.1132,0.0014,0.0573,LOW,priority_score = 0.5 × aadt_score + 0.5 × hurricane_proximity_score,FDOT Annual Average Daily Traffic TDA (2025),NOAA HURDAT2 Atlantic Hurricane Database (1851-2023),NOAA Storm Events Database Miami-Dade CZ_FIPS=86 (2014-2022),FEMA OpenFEMA Disaster Declarations Miami-Dade (2016-2022)
1317,2105,87250000,MIAMI-DADE,25.825515,-80.187363,22500,2025,3.11,206,87,10,0.0779,0.0364,0.0572,LOW,priority_score = 0.5 × aadt_score + 0.5 × hurricane_proximity_score,FDOT Annual Average Daily Traffic TDA (2025),NOAA HURDAT2 Atlantic Hurricane Database (1851-2023),NOAA Storm Events Database Miami-Dade CZ_FIPS=86 (2014-2022),FEMA OpenFEMA Disaster Declarations Miami-Dade (2016-2022)
1318,3461,87053001,MIAMI-DADE,25.772631,-80.211244,23000,2025,3.24,205,87,10,0.0798,0.0345,0.0571,LOW,priority_score = 0.5 × aadt_score + 0.5 × hurricane_proximity_score,FDOT Annual Average Daily Traffic TDA (2025),NOAA HURDAT2 Atlantic Hurricane Database (1851-2023),NOAA Storm Events Database Miami-Dade CZ_FIPS=86 (2014-2022),FEMA OpenFEMA Disaster Declarations Miami-Dade (2016-2022)
1319,2197,87053003,MIAMI-DADE,25.773735,-80.207718,22000,2025,3.02,205,87,10,0.0761,0.0379,0.057,LOW,priority_score = 0.5 × aadt_score + 0.5 × hurricane_proximity_score,FDOT Annual Average Daily Traffic TDA (2025),NOAA HURDAT2 Atlantic Hurricane Database (1851-2023),NOAA Storm Events Database Miami-Dade CZ_FIPS=86 (2014-2022),FEMA OpenFEMA Disaster Declarations Miami-Dade (2016-2022)
1320,2103,87250000,MIAMI-DADE,25.825522,-80.186914,22500,2025,3.13,206,87,10,0.0779,0.0361,0.057,LOW,priority_score = 0.5 × aadt_score + 0.5 × hurricane_proximity_score,FDOT Annual Average Daily Traffic TDA (2025),NOAA HURDAT2 Atlantic Hurricane Database (1851-2023),NOAA Storm Events Database Miami-Dade CZ_FIPS=86 (2014-2022),FEMA OpenFEMA Disaster Declarations Miami-Dade (2016-2022)
1321,3428,87040102,MIAMI-DADE,25.781654,-80.20067,15500,2025,2.04,206,87,10,0.0519,0.062,0.057,LOW,priority_score = 0.5 × aadt_score + 0.5 × hurricane_proximity_score,FDOT Annual Average Daily Traffic TDA (2025),NOAA HURDAT2 Atlantic Hurricane Database (1851-2023),NOAA Storm Events Database Miami-Dade CZ_FIPS=86 (2014-2022),FEMA OpenFEMA Disaster Declarations Miami-Dade (2016-2022)
1322,4572,87018000,MIAMI-DADE,25.972348,-80.214738,32000,2025,11.72,209,87,10,0.1132,0.0006,0.0569,LOW,priority_score = 0.5 × aadt_score + 0.5 × hurricane_proximity_score,FDOT Annual Average Daily Traffic TDA (2025),NOAA HURDAT2 Atlantic Hurricane Database (1851-2023),NOAA Storm Events Database Miami-Dade CZ_FIPS=86 (2014-2022),FEMA OpenFEMA Disaster Declarations Miami-Dade (2016-2022)
1323,2994,87091000,MIAMI-DADE,25.596103,-80.355338,28000,2025,5.57,203,87,10,0.0983,0.0149,0.0566,LOW,priority_score = 0.5 × aadt_score + 0.5 × hurricane_proximity_score,FDOT Annual Average Daily Traffic TDA (2025),NOAA HURDAT2 Atlantic Hurricane Database (1851-2023),NOAA Storm Events Database Miami-Dade CZ_FIPS=86 (2014-2022),FEMA OpenFEMA Disaster Declarations Miami-Dade (2016-2022)
1324,2075,87250000,MIAMI-DADE,25.824686,-80.21623,22500,2025,3.19,205,87,10,0.0779,0.0352,0.0566,LOW,priority_score = 0.5 × aadt_score + 0.5 × hurricane_proximity_score,FDOT Annual Average Daily Traffic TDA (2025),NOAA HURDAT2 Atlantic Hurricane Database (1851-2023),NOAA Storm Events Database Miami-Dade CZ_FIPS=86 (2014-2022),FEMA OpenFEMA Disaster Declarations Miami-Dade (2016-2022)
1325,5744,87075702,MIAMI-DADE,25.896925,-80.329828,21500,2025,3.0,208,87,10,0.0742,0.0382,0.0562,LOW,priority_score = 0.5 × aadt_score + 0.5 × hurricane_proximity_score,FDOT Annual Average Daily Traffic TDA (2025),NOAA HURDAT2 Atlantic Hurricane Database (1851-2023),NOAA Storm Events Database Miami-Dade CZ_FIPS=86 (2014-2022),FEMA OpenFEMA Disaster Declarations Miami-Dade (2016-2022)
1326,5566,87091000,MIAMI-DADE,25.596142,-80.35704,28000,2025,5.74,203,87,10,0.0983,0.014,0.0562,LOW,priority_score = 0.5 × aadt_score + 0.5 × hurricane_proximity_score,FDOT Annual Average Daily Traffic TDA (2025),NOAA HURDAT2 Atlantic Hurricane Database (1851-2023),NOAA Storm Events Database Miami-Dade CZ_FIPS=86 (2014-2022),FEMA OpenFEMA Disaster Declarations Miami-Dade (2016-2022)
1327,2220,87053001,MIAMI-DADE,25.772529,-80.214642,23000,2025,3.39,206,87,10,0.0798,0.0324,0.0561,LOW,priority_score = 0.5 × aadt_score + 0.5 × hurricane_proximity_score,FDOT Annual Average Daily Traffic TDA (2025),NOAA HURDAT2 Atlantic Hurricane Database (1851-2023),NOAA Storm Events Database Miami-Dade CZ_FIPS=86 (2014-2022),FEMA OpenFEMA Disaster Declarations Miami-Dade (2016-2022)
1328,3641,87091000,MIAMI-DADE,25.596144,-80.358079,28000,2025,5.84,203,87,10,0.0983,0.0136,0.056,LOW,priority_score = 0.5 × aadt_score + 0.5 × hurricane_proximity_score,FDOT Annual Average Daily Traffic TDA (2025),NOAA HURDAT2 Atlantic Hurricane Database (1851-2023),NOAA Storm Events Database Miami-Dade CZ_FIPS=86 (2014-2022),FEMA OpenFEMA Disaster Declarations Miami-Dade (2016-2022)
1329,2235,87085000,MIAMI-DADE,25.767684,-80.214496,24500,2025,3.88,206,87,10,0.0853,0.0267,0.056,LOW,priority_score = 0.5 × aadt_score + 0.5 × hurricane_proximity_score,FDOT Annual Average Daily Traffic TDA (2025),NOAA HURDAT2 Atlantic Hurricane Database (1851-2023),NOAA Storm Events Database Miami-Dade CZ_FIPS=86 (2014-2022),FEMA OpenFEMA Disaster Declarations Miami-Dade (2016-2022)
1330,3745,87053003,MIAMI-DADE,25.773632,-80.211422,22000,2025,3.15,205,87,10,0.0761,0.0358,0.0559,LOW,priority_score = 0.5 × aadt_score + 0.5 × hurricane_proximity_score,FDOT Annual Average Daily Traffic TDA (2025),NOAA HURDAT2 Atlantic Hurricane Database (1851-2023),NOAA Storm Events Database Miami-Dade CZ_FIPS=86 (2014-2022),FEMA OpenFEMA Disaster Declarations Miami-Dade (2016-2022)
1331,2363,87000172,MIAMI-DADE,25.786996,-80.190686,11000,2025,1.72,206,87,10,0.0353,0.0759,0.0556,LOW,priority_score = 0.5 × aadt_score + 0.5 × hurricane_proximity_score,FDOT Annual Average Daily Traffic TDA (2025),NOAA HURDAT2 Atlantic Hurricane Database (1851-2023),NOAA Storm Events Database Miami-Dade CZ_FIPS=86 (2014-2022),FEMA OpenFEMA Disaster Declarations Miami-Dade (2016-2022)
1332,3803,87053001,MIAMI-DADE,25.772484,-80.216108,23000,2025,3.46,206,87,10,0.0798,0.0315,0.0556,LOW,priority_score = 0.5 × aadt_score + 0.5 × hurricane_proximity_score,FDOT Annual Average Daily Traffic TDA (2025),NOAA HURDAT2 Atlantic Hurricane Database (1851-2023),NOAA Storm Events Database Miami-Dade CZ_FIPS=86 (2014-2022),FEMA OpenFEMA Disaster Declarations Miami-Dade (2016-2022)
1333,3407,87085000,MIAMI-DADE,25.766725,-80.214468,24500,2025,3.97,206,87,10,0.0853,0.0258,0.0556,LOW,priority_score = 0.5 × aadt_score + 0.5 × hurricane_proximity_score,FDOT Annual Average Daily Traffic TDA (2025),NOAA HURDAT2 Atlantic Hurricane Database (1851-2023),NOAA Storm Events Database Miami-Dade CZ_FIPS=86 (2014-2022),FEMA OpenFEMA Disaster Declarations Miami-Dade (2016-2022)
1334,3397,87048000,MIAMI-DADE,25.786416,-80.255865,27700,2025,5.79,206,87,10,0.0972,0.0138,0.0555,LOW,priority_score = 0.5 × aadt_score + 0.5 × hurricane_proximity_score,FDOT Annual Average Daily Traffic TDA (2025),NOAA HURDAT2 Atlantic Hurricane Database (1851-2023),NOAA Storm Events Database Miami-Dade CZ_FIPS=86 (2014-2022),FEMA OpenFEMA Disaster Declarations Miami-Dade (2016-2022)
1335,2248,87085000,MIAMI-DADE,25.765853,-80.214445,24500,2025,4.06,206,87,10,0.0853,0.025,0.0552,LOW,priority_score = 0.5 × aadt_score + 0.5 × hurricane_proximity_score,FDOT Annual Average Daily Traffic TDA (2025),NOAA HURDAT2 Atlantic Hurricane Database (1851-2023),NOAA Storm Events Database Miami-Dade CZ_FIPS=86 (2014-2022),FEMA OpenFEMA Disaster Declarations Miami-Dade (2016-2022)
1336,2198,87053003,MIAMI-DADE,25.77352,-80.214627,22000,2025,3.29,206,87,10,0.0761,0.0338,0.0549,LOW,priority_score = 0.5 × aadt_score + 0.5 × hurricane_proximity_score,FDOT Annual Average Daily Traffic TDA (2025),NOAA HURDAT2 Atlantic Hurricane Database (1851-2023),NOAA Storm Events Database Miami-Dade CZ_FIPS=86 (2014-2022),FEMA OpenFEMA Disaster Declarations Miami-Dade (2016-2022)
1337,2561,87034000,MIAMI-DADE,25.856467,-80.184881,28000,2025,6.46,209,87,10,0.0983,0.0111,0.0547,LOW,priority_score = 0.5 × aadt_score + 0.5 × hurricane_proximity_score,FDOT Annual Average Daily Traffic TDA (2025),NOAA HURDAT2 Atlantic Hurricane Database (1851-2023),NOAA Storm Events Database Miami-Dade CZ_FIPS=86 (2014-2022),FEMA OpenFEMA Disaster Declarations Miami-Dade (2016-2022)
1338,4495,87091000,MIAMI-DADE,25.595959,-80.36467,28000,2025,6.5,203,87,10,0.0983,0.011,0.0546,LOW,priority_score = 0.5 × aadt_score + 0.5 × hurricane_proximity_score,FDOT Annual Average Daily Traffic TDA (2025),NOAA HURDAT2 Atlantic Hurricane Database (1851-2023),NOAA Storm Events Database Miami-Dade CZ_FIPS=86 (2014-2022),FEMA OpenFEMA Disaster Declarations Miami-Dade (2016-2022)
1339,3916,87020001,MIAMI-DADE,25.613937,-80.347158,26000,2025,4.98,204,87,10,0.0909,0.0181,0.0545,LOW,priority_score = 0.5 × aadt_score + 0.5 × hurricane_proximity_score,FDOT Annual Average Daily Traffic TDA (2025),NOAA HURDAT2 Atlantic Hurricane Database (1851-2023),NOAA Storm Events Database Miami-Dade CZ_FIPS=86 (2014-2022),FEMA OpenFEMA Disaster Declarations Miami-Dade (2016-2022)
1340,2199,87053003,MIAMI-DADE,25.773462,-80.216327,22000,2025,3.37,206,87,10,0.0761,0.0327,0.0544,LOW,priority_score = 0.5 × aadt_score + 0.5 × hurricane_proximity_score,FDOT Annual Average Daily Traffic TDA (2025),NOAA HURDAT2 Atlantic Hurricane Database (1851-2023),NOAA Storm Events Database Miami-Dade CZ_FIPS=86 (2014-2022),FEMA OpenFEMA Disaster Declarations Miami-Dade (2016-2022)
1341,3566,87020001,MIAMI-DADE,25.608694,-80.349568,26000,2025,5.06,204,87,10,0.0909,0.0176,0.0543,LOW,priority_score = 0.5 × aadt_score + 0.5 × hurricane_proximity_score,FDOT Annual Average Daily Traffic TDA (2025),NOAA HURDAT2 Atlantic Hurricane Database (1851-2023),NOAA Storm Events Database Miami-Dade CZ_FIPS=86 (2014-2022),FEMA OpenFEMA Disaster Declarations Miami-Dade (2016-2022)
1342,2221,87053001,MIAMI-DADE,25.772324,-80.221306,23000,2025,3.74,206,87,10,0.0798,0.0282,0.054,LOW,priority_score = 0.5 × aadt_score + 0.5 × hurricane_proximity_score,FDOT Annual Average Daily Traffic TDA (2025),NOAA HURDAT2 Atlantic Hurricane Database (1851-2023),NOAA Storm Events Database Miami-Dade CZ_FIPS=86 (2014-2022),FEMA OpenFEMA Disaster Declarations Miami-Dade (2016-2022)
1343,2143,87048000,MIAMI-DADE,25.786198,-80.264154,27700,2025,6.6,206,87,10,0.0972,0.0106,0.0539,LOW,priority_score = 0.5 × aadt_score + 0.5 × hurricane_proximity_score,FDOT Annual Average Daily Traffic TDA (2025),NOAA HURDAT2 Atlantic Hurricane Database (1851-2023),NOAA Storm Events Database Miami-Dade CZ_FIPS=86 (2014-2022),FEMA OpenFEMA Disaster Declarations Miami-Dade (2016-2022)
1344,3557,87020001,MIAMI-DADE,25.604506,-80.351514,26000,2025,5.19,204,87,10,0.0909,0.0169,0.0539,LOW,priority_score = 0.5 × aadt_score + 0.5 × hurricane_proximity_score,FDOT Annual Average Daily Traffic TDA (2025),NOAA HURDAT2 Atlantic Hurricane Database (1851-2023),NOAA Storm Events Database Miami-Dade CZ_FIPS=86 (2014-2022),FEMA OpenFEMA Disaster Declarations Miami-Dade (2016-2022)
1345,2222,87053001,MIAMI-DADE,25.772275,-80.222613,23000,2025,3.82,206,87,10,0.0798,0.0273,0.0536,LOW,priority_score = 0.5 × aadt_score + 0.5 × hurricane_proximity_score,FDOT Annual Average Daily Traffic TDA (2025),NOAA HURDAT2 Atlantic Hurricane Database (1851-2023),NOAA Storm Events Database Miami-Dade CZ_FIPS=86 (2014-2022),FEMA OpenFEMA Disaster Declarations Miami-Dade (2016-2022)
1346,4325,87091000,MIAMI-DADE,25.595426,-80.371657,28000,2025,7.2,203,87,10,0.0983,0.0087,0.0535,LOW,priority_score = 0.5 × aadt_score + 0.5 × hurricane_proximity_score,FDOT Annual Average Daily Traffic TDA (2025),NOAA HURDAT2 Atlantic Hurricane Database (1851-2023),NOAA Storm Events Database Miami-Dade CZ_FIPS=86 (2014-2022),FEMA OpenFEMA Disaster Declarations Miami-Dade (2016-2022)
1347,2362,87000172,MIAMI-DADE,25.787027,-80.189118,11000,2025,1.81,206,87,10,0.0353,0.0715,0.0534,LOW,priority_score = 0.5 × aadt_score + 0.5 × hurricane_proximity_score,FDOT Annual Average Daily Traffic TDA (2025),NOAA HURDAT2 Atlantic Hurricane Database (1851-2023),NOAA Storm Events Database Miami-Dade CZ_FIPS=86 (2014-2022),FEMA OpenFEMA Disaster Declarations Miami-Dade (2016-2022)
1348,2076,87250000,MIAMI-DADE,25.824434,-80.224712,22500,2025,3.67,205,87,10,0.0779,0.029,0.0534,LOW,priority_score = 0.5 × aadt_score + 0.5 × hurricane_proximity_score,FDOT Annual Average Daily Traffic TDA (2025),NOAA HURDAT2 Atlantic Hurricane Database (1851-2023),NOAA Storm Events Database Miami-Dade CZ_FIPS=86 (2014-2022),FEMA OpenFEMA Disaster Declarations Miami-Dade (2016-2022)
1349,2566,87034000,MIAMI-DADE,25.863873,-80.185303,28000,2025,7.25,209,87,10,0.0983,0.0085,0.0534,LOW,priority_score = 0.5 × aadt_score + 0.5 × hurricane_proximity_score,FDOT Annual Average Daily Traffic TDA (2025),NOAA HURDAT2 Atlantic Hurricane Database (1851-2023),NOAA Storm Events Database Miami-Dade CZ_FIPS=86 (2014-2022),FEMA OpenFEMA Disaster Declarations Miami-Dade (2016-2022)
1350,3426,87040102,MIAMI-DADE,25.77971,-80.20024,15500,2025,2.26,206,87,10,0.0519,0.0548,0.0534,LOW,priority_score = 0.5 × aadt_score + 0.5 × hurricane_proximity_score,FDOT Annual Average Daily Traffic TDA (2025),NOAA HURDAT2 Atlantic Hurricane Database (1851-2023),NOAA Storm Events Database Miami-Dade CZ_FIPS=86 (2014-2022),FEMA OpenFEMA Disaster Declarations Miami-Dade (2016-2022)
1351,4324,87091000,MIAMI-DADE,25.595182,-80.372955,28000,2025,7.34,203,87,10,0.0983,0.0083,0.0533,LOW,priority_score = 0.5 × aadt_score + 0.5 × hurricane_proximity_score,FDOT Annual Average Daily Traffic TDA (2025),NOAA HURDAT2 Atlantic Hurricane Database (1851-2023),NOAA Storm Events Database Miami-Dade CZ_FIPS=86 (2014-2022),FEMA OpenFEMA Disaster Declarations Miami-Dade (2016-2022)
1352,5437,87091000,MIAMI-DADE,25.580559,-80.429718,28000,2025,7.37,202,87,10,0.0983,0.0082,0.0533,LOW,priority_score = 0.5 × aadt_score + 0.5 × hurricane_proximity_score,FDOT Annual Average Daily Traffic TDA (2025),NOAA HURDAT2 Atlantic Hurricane Database (1851-2023),NOAA Storm Events Database Miami-Dade CZ_FIPS=86 (2014-2022),FEMA OpenFEMA Disaster Declarations Miami-Dade (2016-2022)
1353,5646,87085000,MIAMI-DADE,25.761205,-80.214281,24500,2025,4.54,206,87,10,0.0853,0.021,0.0532,LOW,priority_score = 0.5 × aadt_score + 0.5 × hurricane_proximity_score,FDOT Annual Average Daily Traffic TDA (2025),NOAA HURDAT2 Atlantic Hurricane Database (1851-2023),NOAA Storm Events Database Miami-Dade CZ_FIPS=86 (2014-2022),FEMA OpenFEMA Disaster Declarations Miami-Dade (2016-2022)
1354,4642,87091000,MIAMI-DADE,25.594872,-80.374743,28000,2025,7.52,203,87,10,0.0983,0.0078,0.0531,LOW,priority_score = 0.5 × aadt_score + 0.5 × hurricane_proximity_score,FDOT Annual Average Daily Traffic TDA (2025),NOAA HURDAT2 Atlantic Hurricane Database (1851-2023),NOAA Storm Events Database Miami-Dade CZ_FIPS=86 (2014-2022),FEMA OpenFEMA Disaster Declarations Miami-Dade (2016-2022)
1355,3719,87012000,MIAMI-DADE,25.939704,-80.277444,25000,2025,4.96,208,87,10,0.0872,0.0182,0.0527,LOW,priority_score = 0.5 × aadt_score + 0.5 × hurricane_proximity_score,FDOT Annual Average Daily Traffic TDA (2025),NOAA HURDAT2 Atlantic Hurricane Database (1851-2023),NOAA Storm Events Database Miami-Dade CZ_FIPS=86 (2014-2022),FEMA OpenFEMA Disaster Declarations Miami-Dade (2016-2022)
1356,5296,87034000,MIAMI-DADE,25.868808,-80.185528,28000,2025,7.79,209,87,10,0.0983,0.0071,0.0527,LOW,priority_score = 0.5 × aadt_score + 0.5 × hurricane_proximity_score,FDOT Annual Average Daily Traffic TDA (2025),NOAA HURDAT2 Atlantic Hurricane Database (1851-2023),NOAA Storm Events Database Miami-Dade CZ_FIPS=86 (2014-2022),FEMA OpenFEMA Disaster Declarations Miami-Dade (2016-2022)
1357,2155,87085000,MIAMI-DADE,25.759825,-80.214257,24500,2025,4.69,206,87,10,0.0853,0.02,0.0527,LOW,priority_score = 0.5 × aadt_score + 0.5 × hurricane_proximity_score,FDOT Annual Average Daily Traffic TDA (2025),NOAA HURDAT2 Atlantic Hurricane Database (1851-2023),NOAA Storm Events Database Miami-Dade CZ_FIPS=86 (2014-2022),FEMA OpenFEMA Disaster Declarations Miami-Dade (2016-2022)
1358,3673,87034000,MIAMI-DADE,25.86994,-80.185578,28000,2025,7.91,209,87,10,0.0983,0.0068,0.0526,LOW,priority_score = 0.5 × aadt_score + 0.5 × hurricane_proximity_score,FDOT Annual Average Daily Traffic TDA (2025),NOAA HURDAT2 Atlantic Hurricane Database (1851-2023),NOAA Storm Events Database Miami-Dade CZ_FIPS=86 (2014-2022),FEMA OpenFEMA Disaster Declarations Miami-Dade (2016-2022)
1359,2200,87053003,MIAMI-DADE,25.773303,-80.221329,22000,2025,3.66,206,87,10,0.0761,0.0291,0.0526,LOW,priority_score = 0.5 × aadt_score + 0.5 × hurricane_proximity_score,FDOT Annual Average Daily Traffic TDA (2025),NOAA HURDAT2 Atlantic Hurricane Database (1851-2023),NOAA Storm Events Database Miami-Dade CZ_FIPS=86 (2014-2022),FEMA OpenFEMA Disaster Declarations Miami-Dade (2016-2022)
1360,4823,87091000,MIAMI-DADE,25.592713,-80.378453,28000,2025,7.91,203,87,10,0.0983,0.0068,0.0526,LOW,priority_score = 0.5 × aadt_score + 0.5 × hurricane_proximity_score,FDOT Annual Average Daily Traffic TDA (2025),NOAA HURDAT2 Atlantic Hurricane Database (1851-2023),NOAA Storm Events Database Miami-Dade CZ_FIPS=86 (2014-2022),FEMA OpenFEMA Disaster Declarations Miami-Dade (2016-2022)
1361,3725,87091000,MIAMI-DADE,25.590923,-80.380842,28000,2025,8.17,203,87,10,0.0983,0.0062,0.0523,LOW,priority_score = 0.5 × aadt_score + 0.5 × hurricane_proximity_score,FDOT Annual Average Daily Traffic TDA (2025),NOAA HURDAT2 Atlantic Hurricane Database (1851-2023),NOAA Storm Events Database Miami-Dade CZ_FIPS=86 (2014-2022),FEMA OpenFEMA Disaster Declarations Miami-Dade (2016-2022)
1362,3215,87140001,MIAMI-DADE,25.921738,-80.213353,28500,2025,9.0,209,87,10,0.1002,0.0045,0.0523,LOW,priority_score = 0.5 × aadt_score + 0.5 × hurricane_proximity_score,FDOT Annual Average Daily Traffic TDA (2025),NOAA HURDAT2 Atlantic Hurricane Database (1851-2023),NOAA Storm Events Database Miami-Dade CZ_FIPS=86 (2014-2022),FEMA OpenFEMA Disaster Declarations Miami-Dade (2016-2022)
1363,2995,87170001,MIAMI-DADE,25.930907,-80.122178,23000,2025,4.09,211,87,10,0.0798,0.0247,0.0523,LOW,priority_score = 0.5 × aadt_score + 0.5 × hurricane_proximity_score,FDOT Annual Average Daily Traffic TDA (2025),NOAA HURDAT2 Atlantic Hurricane Database (1851-2023),NOAA Storm Events Database Miami-Dade CZ_FIPS=86 (2014-2022),FEMA OpenFEMA Disaster Declarations Miami-Dade (2016-2022)
1364,5645,87085000,MIAMI-DADE,25.758517,-80.214243,24500,2025,4.83,206,87,10,0.0853,0.019,0.0522,LOW,priority_score = 0.5 × aadt_score + 0.5 × hurricane_proximity_score,FDOT Annual Average Daily Traffic TDA (2025),NOAA HURDAT2 Atlantic Hurricane Database (1851-2023),NOAA Storm Events Database Miami-Dade CZ_FIPS=86 (2014-2022),FEMA OpenFEMA Disaster Declarations Miami-Dade (2016-2022)
1365,2201,87053003,MIAMI-DADE,25.773193,-80.222554,22000,2025,3.74,206,87,10,0.0761,0.0282,0.0521,LOW,priority_score = 0.5 × aadt_score + 0.5 × hurricane_proximity_score,FDOT Annual Average Daily Traffic TDA (2025),NOAA HURDAT2 Atlantic Hurricane Database (1851-2023),NOAA Storm Events Database Miami-Dade CZ_FIPS=86 (2014-2022),FEMA OpenFEMA Disaster Declarations Miami-Dade (2016-2022)
1366,4420,87034000,MIAMI-DADE,25.873729,-80.18575,28000,2025,8.32,210,87,10,0.0983,0.0058,0.0521,LOW,priority_score = 0.5 × aadt_score + 0.5 × hurricane_proximity_score,FDOT Annual Average Daily Traffic TDA (2025),NOAA HURDAT2 Atlantic Hurricane Database (1851-2023),NOAA Storm Events Database Miami-Dade CZ_FIPS=86 (2014-2022),FEMA OpenFEMA Disaster Declarations Miami-Dade (2016-2022)
1367,3434,87040102,MIAMI-DADE,25.778763,-80.200171,15500,2025,2.36,206,87,10,0.0519,0.0519,0.0519,LOW,priority_score = 0.5 × aadt_score + 0.5 × hurricane_proximity_score,FDOT Annual Average Daily Traffic TDA (2025),NOAA HURDAT2 Atlantic Hurricane Database (1851-2023),NOAA Storm Events Database Miami-Dade CZ_FIPS=86 (2014-2022),FEMA OpenFEMA Disaster Declarations Miami-Dade (2016-2022)
1368,5297,87034000,MIAMI-DADE,25.875399,-80.185826,28000,2025,8.5,210,87,10,0.0983,0.0055,0.0519,LOW,priority_score = 0.5 × aadt_score + 0.5 × hurricane_proximity_score,FDOT Annual Average Daily Traffic TDA (2025),NOAA HURDAT2 Atlantic Hurricane Database (1851-2023),NOAA Storm Events Database Miami-Dade CZ_FIPS=86 (2014-2022),FEMA OpenFEMA Disaster Declarations Miami-Dade (2016-2022)
1369,2361,87000172,MIAMI-DADE,25.78705,-80.187997,11000,2025,1.88,206,87,10,0.0353,0.0684,0.0518,LOW,priority_score = 0.5 × aadt_score + 0.5 × hurricane_proximity_score,FDOT Annual Average Daily Traffic TDA (2025),NOAA HURDAT2 Atlantic Hurricane Database (1851-2023),NOAA Storm Events Database Miami-Dade CZ_FIPS=86 (2014-2022),FEMA OpenFEMA Disaster Declarations Miami-Dade (2016-2022)
1370,3184,87034000,MIAMI-DADE,25.899323,-80.186839,28000,2025,8.69,210,87,10,0.0983,0.0051,0.0517,LOW,priority_score = 0.5 × aadt_score + 0.5 × hurricane_proximity_score,FDOT Annual Average Daily Traffic TDA (2025),NOAA HURDAT2 Atlantic Hurricane Database (1851-2023),NOAA Storm Events Database Miami-Dade CZ_FIPS=86 (2014-2022),FEMA OpenFEMA Disaster Declarations Miami-Dade (2016-2022)
1371,6689,87034000,MIAMI-DADE,25.900861,-80.186916,28000,2025,8.69,210,87,10,0.0983,0.0051,0.0517,LOW,priority_score = 0.5 × aadt_score + 0.5 × hurricane_proximity_score,FDOT Annual Average Daily Traffic TDA (2025),NOAA HURDAT2 Atlantic Hurricane Database (1851-2023),NOAA Storm Events Database Miami-Dade CZ_FIPS=86 (2014-2022),FEMA OpenFEMA Disaster Declarations Miami-Dade (2016-2022)
1372,2553,87034000,MIAMI-DADE,25.895649,-80.186687,28000,2025,8.68,210,87,10,0.0983,0.0051,0.0517,LOW,priority_score = 0.5 × aadt_score + 0.5 × hurricane_proximity_score,FDOT Annual Average Daily Traffic TDA (2025),NOAA HURDAT2 Atlantic Hurricane Database (1851-2023),NOAA Storm Events Database Miami-Dade CZ_FIPS=86 (2014-2022),FEMA OpenFEMA Disaster Declarations Miami-Dade (2016-2022)
1373,2545,87034000,MIAMI-DADE,25.890306,-80.186464,28000,2025,8.72,209,87,10,0.0983,0.005,0.0517,LOW,priority_score = 0.5 × aadt_score + 0.5 × hurricane_proximity_score,FDOT Annual Average Daily Traffic TDA (2025),NOAA HURDAT2 Atlantic Hurricane Database (1851-2023),NOAA Storm Events Database Miami-Dade CZ_FIPS=86 (2014-2022),FEMA OpenFEMA Disaster Declarations Miami-Dade (2016-2022)
1374,5300,87034000,MIAMI-DADE,25.910164,-80.187386,28000,2025,8.81,210,87,10,0.0983,0.0048,0.0516,LOW,priority_score = 0.5 × aadt_score + 0.5 × hurricane_proximity_score,FDOT Annual Average Daily Traffic TDA (2025),NOAA HURDAT2 Atlantic Hurricane Database (1851-2023),NOAA Storm Events Database Miami-Dade CZ_FIPS=86 (2014-2022),FEMA OpenFEMA Disaster Declarations Miami-Dade (2016-2022)
1375,5299,87034000,MIAMI-DADE,25.906217,-80.187186,28000,2025,8.75,210,87,10,0.0983,0.0049,0.0516,LOW,priority_score = 0.5 × aadt_score + 0.5 × hurricane_proximity_score,FDOT Annual Average Daily Traffic TDA (2025),NOAA HURDAT2 Atlantic Hurricane Database (1851-2023),NOAA Storm Events Database Miami-Dade CZ_FIPS=86 (2014-2022),FEMA OpenFEMA Disaster Declarations Miami-Dade (2016-2022)
1376,3577,87034000,MIAMI-DADE,25.908393,-80.187296,28000,2025,8.78,210,87,10,0.0983,0.0049,0.0516,LOW,priority_score = 0.5 × aadt_score + 0.5 × hurricane_proximity_score,FDOT Annual Average Daily Traffic TDA (2025),NOAA HURDAT2 Atlantic Hurricane Database (1851-2023),NOAA Storm Events Database Miami-Dade CZ_FIPS=86 (2014-2022),FEMA OpenFEMA Disaster Declarations Miami-Dade (2016-2022)
1377,2539,87034000,MIAMI-DADE,25.888521,-80.186389,28000,2025,8.74,210,87,10,0.0983,0.005,0.0516,LOW,priority_score = 0.5 × aadt_score + 0.5 × hurricane_proximity_score,FDOT Annual Average Daily Traffic TDA (2025),NOAA HURDAT2 Atlantic Hurricane Database (1851-2023),NOAA Storm Events Database Miami-Dade CZ_FIPS=86 (2014-2022),FEMA OpenFEMA Disaster Declarations Miami-Dade (2016-2022)
1378,2528,87034000,MIAMI-DADE,25.879175,-80.185599,28000,2025,8.87,209,87,10,0.0983,0.0047,0.0515,LOW,priority_score = 0.5 × aadt_score + 0.5 × hurricane_proximity_score,FDOT Annual Average Daily Traffic TDA (2025),NOAA HURDAT2 Atlantic Hurricane Database (1851-2023),NOAA Storm Events Database Miami-Dade CZ_FIPS=86 (2014-2022),FEMA OpenFEMA Disaster Declarations Miami-Dade (2016-2022)
1379,5304,87250000,MIAMI-DADE,25.824256,-80.23018,22500,2025,4.05,205,87,10,0.0779,0.0251,0.0515,LOW,priority_score = 0.5 × aadt_score + 0.5 × hurricane_proximity_score,FDOT Annual Average Daily Traffic TDA (2025),NOAA HURDAT2 Atlantic Hurricane Database (1851-2023),NOAA Storm Events Database Miami-Dade CZ_FIPS=86 (2014-2022),FEMA OpenFEMA Disaster Declarations Miami-Dade (2016-2022)
1380,3157,87034000,MIAMI-DADE,25.912138,-80.187485,28000,2025,8.85,210,87,10,0.0983,0.0048,0.0515,LOW,priority_score = 0.5 × aadt_score + 0.5 × hurricane_proximity_score,FDOT Annual Average Daily Traffic TDA (2025),NOAA HURDAT2 Atlantic Hurricane Database (1851-2023),NOAA Storm Events Database Miami-Dade CZ_FIPS=86 (2014-2022),FEMA OpenFEMA Disaster Declarations Miami-Dade (2016-2022)
1381,5983,87091000,MIAMI-DADE,25.585999,-80.387315,28000,2025,8.89,202,87,10,0.0983,0.0047,0.0515,LOW,priority_score = 0.5 × aadt_score + 0.5 × hurricane_proximity_score,FDOT Annual Average Daily Traffic TDA (2025),NOAA HURDAT2 Atlantic Hurricane Database (1851-2023),NOAA Storm Events Database Miami-Dade CZ_FIPS=86 (2014-2022),FEMA OpenFEMA Disaster Declarations Miami-Dade (2016-2022)
1382,6507,87091000,MIAMI-DADE,25.580719,-80.413523,28000,2025,8.93,203,87,10,0.0983,0.0046,0.0515,LOW,priority_score = 0.5 × aadt_score + 0.5 × hurricane_proximity_score,FDOT Annual Average Daily Traffic TDA (2025),NOAA HURDAT2 Atlantic Hurricane Database (1851-2023),NOAA Storm Events Database Miami-Dade CZ_FIPS=86 (2014-2022),FEMA OpenFEMA Disaster Declarations Miami-Dade (2016-2022)
1383,5301,87034000,MIAMI-DADE,25.919613,-80.187851,28000,2025,9.05,210,87,10,0.0983,0.0044,0.0514,LOW,priority_score = 0.5 × aadt_score + 0.5 × hurricane_proximity_score,FDOT Annual Average Daily Traffic TDA (2025),NOAA HURDAT2 Atlantic Hurricane Database (1851-2023),NOAA Storm Events Database Miami-Dade CZ_FIPS=86 (2014-2022),FEMA OpenFEMA Disaster Declarations Miami-Dade (2016-2022)
1384,6943,87250000,MIAMI DADE,25.824242,-80.230613,22500,2025,4.08,205,87,10,0.0779,0.0248,0.0514,LOW,priority_score = 0.5 × aadt_score + 0.5 × hurricane_proximity_score,FDOT Annual Average Daily Traffic TDA (2025),NOAA HURDAT2 Atlantic Hurricane Database (1851-2023),NOAA Storm Events Database Miami-Dade CZ_FIPS=86 (2014-2022),FEMA OpenFEMA Disaster Declarations Miami-Dade (2016-2022)
1385,5302,87034000,MIAMI-DADE,25.922313,-80.187982,28000,2025,9.14,210,87,10,0.0983,0.0042,0.0513,LOW,priority_score = 0.5 × aadt_score + 0.5 × hurricane_proximity_score,FDOT Annual Average Daily Traffic TDA (2025),NOAA HURDAT2 Atlantic Hurricane Database (1851-2023),NOAA Storm Events Database Miami-Dade CZ_FIPS=86 (2014-2022),FEMA OpenFEMA Disaster Declarations Miami-Dade (2016-2022)
1386,5396,87091000,MIAMI-DADE,25.584237,-80.389059,28000,2025,9.1,202,87,10,0.0983,0.0043,0.0513,LOW,priority_score = 0.5 × aadt_score + 0.5 × hurricane_proximity_score,FDOT Annual Average Daily Traffic TDA (2025),NOAA HURDAT2 Atlantic Hurricane Database (1851-2023),NOAA Storm Events Database Miami-Dade CZ_FIPS=86 (2014-2022),FEMA OpenFEMA Disaster Declarations Miami-Dade (2016-2022)
1387,3248,87034000,MIAMI-DADE,25.921065,-80.187922,28000,2025,9.1,210,87,10,0.0983,0.0043,0.0513,LOW,priority_score = 0.5 × aadt_score + 0.5 × hurricane_proximity_score,FDOT Annual Average Daily Traffic TDA (2025),NOAA HURDAT2 Atlantic Hurricane Database (1851-2023),NOAA Storm Events Database Miami-Dade CZ_FIPS=86 (2014-2022),FEMA OpenFEMA Disaster Declarations Miami-Dade (2016-2022)
1388,2018,87034000,MIAMI-DADE,25.928381,-80.188274,28000,2025,9.38,210,87,10,0.0983,0.0038,0.0511,LOW,priority_score = 0.5 × aadt_score + 0.5 × hurricane_proximity_score,FDOT Annual Average Daily Traffic TDA (2025),NOAA HURDAT2 Atlantic Hurricane Database (1851-2023),NOAA Storm Events Database Miami-Dade CZ_FIPS=86 (2014-2022),FEMA OpenFEMA Disaster Declarations Miami-Dade (2016-2022)
1389,2026,87034000,MIAMI-DADE,25.933186,-80.188465,28000,2025,9.59,210,87,10,0.0983,0.0034,0.0509,LOW,priority_score = 0.5 × aadt_score + 0.5 × hurricane_proximity_score,FDOT Annual Average Daily Traffic TDA (2025),NOAA HURDAT2 Atlantic Hurricane Database (1851-2023),NOAA Storm Events Database Miami-Dade CZ_FIPS=86 (2014-2022),FEMA OpenFEMA Disaster Declarations Miami-Dade (2016-2022)
1390,5311,87034000,MIAMI-DADE,25.931734,-80.188407,28000,2025,9.52,210,87,10,0.0983,0.0035,0.0509,LOW,priority_score = 0.5 × aadt_score + 0.5 × hurricane_proximity_score,FDOT Annual Average Daily Traffic TDA (2025),NOAA HURDAT2 Atlantic Hurricane Database (1851-2023),NOAA Storm Events Database Miami-Dade CZ_FIPS=86 (2014-2022),FEMA OpenFEMA Disaster Declarations Miami-Dade (2016-2022)
1391,7761,87091000,MIAMI-DADE,25.581316,-80.39317,28000,2025,9.57,202,87,10,0.0983,0.0035,0.0509,LOW,priority_score = 0.5 × aadt_score + 0.5 × hurricane_proximity_score,FDOT Annual Average Daily Traffic TDA (2025),NOAA HURDAT2 Atlantic Hurricane Database (1851-2023),NOAA Storm Events Database Miami-Dade CZ_FIPS=86 (2014-2022),FEMA OpenFEMA Disaster Declarations Miami-Dade (2016-2022)
1392,2223,87053001,MIAMI-DADE,25.77144,-80.230863,23000,2025,4.43,206,87,10,0.0798,0.0219,0.0508,LOW,priority_score = 0.5 × aadt_score + 0.5 × hurricane_proximity_score,FDOT Annual Average Daily Traffic TDA (2025),NOAA HURDAT2 Atlantic Hurricane Database (1851-2023),NOAA Storm Events Database Miami-Dade CZ_FIPS=86 (2014-2022),FEMA OpenFEMA Disaster Declarations Miami-Dade (2016-2022)
1393,2241,87120001,MIAMI-DADE,25.76726,-80.197494,21000,2025,3.65,206,87,10,0.0724,0.0292,0.0508,LOW,priority_score = 0.5 × aadt_score + 0.5 × hurricane_proximity_score,FDOT Annual Average Daily Traffic TDA (2025),NOAA HURDAT2 Atlantic Hurricane Database (1851-2023),NOAA Storm Events Database Miami-Dade CZ_FIPS=86 (2014-2022),FEMA OpenFEMA Disaster Declarations Miami-Dade (2016-2022)
1394,5312,87034000,MIAMI-DADE,25.934783,-80.188528,28000,2025,9.66,210,87,10,0.0983,0.0033,0.0508,LOW,priority_score = 0.5 × aadt_score + 0.5 × hurricane_proximity_score,FDOT Annual Average Daily Traffic TDA (2025),NOAA HURDAT2 Atlantic Hurricane Database (1851-2023),NOAA Storm Events Database Miami-Dade CZ_FIPS=86 (2014-2022),FEMA OpenFEMA Disaster Declarations Miami-Dade (2016-2022)
1395,3450,87120001,MIAMI-DADE,25.767211,-80.199179,21000,2025,3.65,206,87,10,0.0724,0.0292,0.0508,LOW,priority_score = 0.5 × aadt_score + 0.5 × hurricane_proximity_score,FDOT Annual Average Daily Traffic TDA (2025),NOAA HURDAT2 Atlantic Hurricane Database (1851-2023),NOAA Storm Events Database Miami-Dade CZ_FIPS=86 (2014-2022),FEMA OpenFEMA Disaster Declarations Miami-Dade (2016-2022)
1396,3381,87120001,MIAMI-DADE,25.767172,-80.200803,21000,2025,3.65,206,87,10,0.0724,0.0292,0.0508,LOW,priority_score = 0.5 × aadt_score + 0.5 × hurricane_proximity_score,FDOT Annual Average Daily Traffic TDA (2025),NOAA HURDAT2 Atlantic Hurricane Database (1851-2023),NOAA Storm Events Database Miami-Dade CZ_FIPS=86 (2014-2022),FEMA OpenFEMA Disaster Declarations Miami-Dade (2016-2022)
1397,4114,87012000,MIAMI-DADE,25.946949,-80.277796,25000,2025,5.67,208,87,10,0.0872,0.0144,0.0508,LOW,priority_score = 0.5 × aadt_score + 0.5 × hurricane_proximity_score,FDOT Annual Average Daily Traffic TDA (2025),NOAA HURDAT2 Atlantic Hurricane Database (1851-2023),NOAA Storm Events Database Miami-Dade CZ_FIPS=86 (2014-2022),FEMA OpenFEMA Disaster Declarations Miami-Dade (2016-2022)
1398,4198,87070000,MIAMI-DADE,25.760979,-80.481336,23500,2025,4.72,205,87,10,0.0816,0.0198,0.0507,LOW,priority_score = 0.5 × aadt_score + 0.5 × hurricane_proximity_score,FDOT Annual Average Daily Traffic TDA (2025),NOAA HURDAT2 Atlantic Hurricane Database (1851-2023),NOAA Storm Events Database Miami-Dade CZ_FIPS=86 (2014-2022),FEMA OpenFEMA Disaster Declarations Miami-Dade (2016-2022)
1399,2485,87250000,MIAMI-DADE,25.824175,-80.232697,22500,2025,4.24,205,87,10,0.0779,0.0234,0.0507,LOW,priority_score = 0.5 × aadt_score + 0.5 × hurricane_proximity_score,FDOT Annual Average Daily Traffic TDA (2025),NOAA HURDAT2 Atlantic Hurricane Database (1851-2023),NOAA Storm Events Database Miami-Dade CZ_FIPS=86 (2014-2022),FEMA OpenFEMA Disaster Declarations Miami-Dade (2016-2022)
1400,3809,87034000,MIAMI-DADE,25.937542,-80.188637,28000,2025,9.8,210,87,10,0.0983,0.0031,0.0507,LOW,priority_score = 0.5 × aadt_score + 0.5 × hurricane_proximity_score,FDOT Annual Average Daily Traffic TDA (2025),NOAA HURDAT2 Atlantic Hurricane Database (1851-2023),NOAA Storm Events Database Miami-Dade CZ_FIPS=86 (2014-2022),FEMA OpenFEMA Disaster Declarations Miami-Dade (2016-2022)
1401,2240,87120001,MIAMI-DADE,25.767325,-80.195115,21000,2025,3.67,206,87,10,0.0724,0.029,0.0507,LOW,priority_score = 0.5 × aadt_score + 0.5 × hurricane_proximity_score,FDOT Annual Average Daily Traffic TDA (2025),NOAA HURDAT2 Atlantic Hurricane Database (1851-2023),NOAA Storm Events Database Miami-Dade CZ_FIPS=86 (2014-2022),FEMA OpenFEMA Disaster Declarations Miami-Dade (2016-2022)
1402,5751,87091000,MIAMI-DADE,25.580839,-80.397296,28000,2025,9.99,202,87,10,0.0983,0.0028,0.0506,LOW,priority_score = 0.5 × aadt_score + 0.5 × hurricane_proximity_score,FDOT Annual Average Daily Traffic TDA (2025),NOAA HURDAT2 Atlantic Hurricane Database (1851-2023),NOAA Storm Events Database Miami-Dade CZ_FIPS=86 (2014-2022),FEMA OpenFEMA Disaster Declarations Miami-Dade (2016-2022)
1403,3449,87120001,MIAMI-DADE,25.767379,-80.193364,21000,2025,3.69,206,87,10,0.0724,0.0287,0.0506,LOW,priority_score = 0.5 × aadt_score + 0.5 × hurricane_proximity_score,FDOT Annual Average Daily Traffic TDA (2025),NOAA HURDAT2 Atlantic Hurricane Database (1851-2023),NOAA Storm Events Database Miami-Dade CZ_FIPS=86 (2014-2022),FEMA OpenFEMA Disaster Declarations Miami-Dade (2016-2022)
1404,3238,87034000,MIAMI-DADE,25.941463,-80.188792,28000,2025,10.01,210,87,10,0.0983,0.0028,0.0505,LOW,priority_score = 0.5 × aadt_score + 0.5 × hurricane_proximity_score,FDOT Annual Average Daily Traffic TDA (2025),NOAA HURDAT2 Atlantic Hurricane Database (1851-2023),NOAA Storm Events Database Miami-Dade CZ_FIPS=86 (2014-2022),FEMA OpenFEMA Disaster Declarations Miami-Dade (2016-2022)
1405,6942,87120001,MIAMI-DADE,25.767419,-80.192289,21000,2025,3.7,206,87,10,0.0724,0.0286,0.0505,LOW,priority_score = 0.5 × aadt_score + 0.5 × hurricane_proximity_score,FDOT Annual Average Daily Traffic TDA (2025),NOAA HURDAT2 Atlantic Hurricane Database (1851-2023),NOAA Storm Events Database Miami-Dade CZ_FIPS=86 (2014-2022),FEMA OpenFEMA Disaster Declarations Miami-Dade (2016-2022)
1406,5303,87250000,MIAMI-DADE,25.824163,-80.233098,22500,2025,4.27,205,87,10,0.0779,0.0232,0.0505,LOW,priority_score = 0.5 × aadt_score + 0.5 × hurricane_proximity_score,FDOT Annual Average Daily Traffic TDA (2025),NOAA HURDAT2 Atlantic Hurricane Database (1851-2023),NOAA Storm Events Database Miami-Dade CZ_FIPS=86 (2014-2022),FEMA OpenFEMA Disaster Declarations Miami-Dade (2016-2022)
1407,3658,87053001,MIAMI-DADE,25.77141,-80.23207,23000,2025,4.52,206,87,10,0.0798,0.0212,0.0505,LOW,priority_score = 0.5 × aadt_score + 0.5 × hurricane_proximity_score,FDOT Annual Average Daily Traffic TDA (2025),NOAA HURDAT2 Atlantic Hurricane Database (1851-2023),NOAA Storm Events Database Miami-Dade CZ_FIPS=86 (2014-2022),FEMA OpenFEMA Disaster Declarations Miami-Dade (2016-2022)
1408,4339,87160000,MIAMI-DADE,25.447793,-80.475116,27500,2025,9.23,198,87,10,0.0965,0.004,0.0503,LOW,priority_score = 0.5 × aadt_score + 0.5 × hurricane_proximity_score,FDOT Annual Average Daily Traffic TDA (2025),NOAA HURDAT2 Atlantic Hurricane Database (1851-2023),NOAA Storm Events Database Miami-Dade CZ_FIPS=86 (2014-2022),FEMA OpenFEMA Disaster Declarations Miami-Dade (2016-2022)
1409,2242,87120001,MIAMI-DADE,25.76696,-80.207549,21000,2025,3.75,206,87,10,0.0724,0.0281,0.0502,LOW,priority_score = 0.5 × aadt_score + 0.5 × hurricane_proximity_score,FDOT Annual Average Daily Traffic TDA (2025),NOAA HURDAT2 Atlantic Hurricane Database (1851-2023),NOAA Storm Events Database Miami-Dade CZ_FIPS=86 (2014-2022),FEMA OpenFEMA Disaster Declarations Miami-Dade (2016-2022)
1410,3759,87160000,MIAMI-DADE,25.447784,-80.477464,27500,2025,9.42,198,87,10,0.0965,0.0037,0.0501,LOW,priority_score = 0.5 × aadt_score + 0.5 × hurricane_proximity_score,FDOT Annual Average Daily Traffic TDA (2025),NOAA HURDAT2 Atlantic Hurricane Database (1851-2023),NOAA Storm Events Database Miami-Dade CZ_FIPS=86 (2014-2022),FEMA OpenFEMA Disaster Declarations Miami-Dade (2016-2022)
1411,5641,87012000,MIAMI-DADE,25.949834,-80.277975,25000,2025,5.96,207,87,10,0.0872,0.0131,0.0501,LOW,priority_score = 0.5 × aadt_score + 0.5 × hurricane_proximity_score,FDOT Annual Average Daily Traffic TDA (2025),NOAA HURDAT2 Atlantic Hurricane Database (1851-2023),NOAA Storm Events Database Miami-Dade CZ_FIPS=86 (2014-2022),FEMA OpenFEMA Disaster Declarations Miami-Dade (2016-2022)
1412,3448,87120001,MIAMI-DADE,25.767074,-80.190468,21000,2025,3.78,206,87,10,0.0724,0.0278,0.0501,LOW,priority_score = 0.5 × aadt_score + 0.5 × hurricane_proximity_score,FDOT Annual Average Daily Traffic TDA (2025),NOAA HURDAT2 Atlantic Hurricane Database (1851-2023),NOAA Storm Events Database Miami-Dade CZ_FIPS=86 (2014-2022),FEMA OpenFEMA Disaster Declarations Miami-Dade (2016-2022)
1413,2203,87053001,MIAMI-DADE,25.77235,-80.234764,23000,2025,4.64,206,87,10,0.0798,0.0203,0.05,LOW,priority_score = 0.5 × aadt_score + 0.5 × hurricane_proximity_score,FDOT Annual Average Daily Traffic TDA (2025),NOAA HURDAT2 Atlantic Hurricane Database (1851-2023),NOAA Storm Events Database Miami-Dade CZ_FIPS=86 (2014-2022),FEMA OpenFEMA Disaster Declarations Miami-Dade (2016-2022)
1414,6640,87160000,MIAMI-DADE,25.447769,-80.47946,27500,2025,9.59,198,87,10,0.0965,0.0034,0.05,LOW,priority_score = 0.5 × aadt_score + 0.5 × hurricane_proximity_score,FDOT Annual Average Daily Traffic TDA (2025),NOAA HURDAT2 Atlantic Hurricane Database (1851-2023),NOAA Storm Events Database Miami-Dade CZ_FIPS=86 (2014-2022),FEMA OpenFEMA Disaster Declarations Miami-Dade (2016-2022)
1415,2262,87085000,MIAMI-DADE,25.751253,-80.214206,24500,2025,5.6,206,87,10,0.0853,0.0147,0.05,LOW,priority_score = 0.5 × aadt_score + 0.5 × hurricane_proximity_score,FDOT Annual Average Daily Traffic TDA (2025),NOAA HURDAT2 Atlantic Hurricane Database (1851-2023),NOAA Storm Events Database Miami-Dade CZ_FIPS=86 (2014-2022),FEMA OpenFEMA Disaster Declarations Miami-Dade (2016-2022)
1416,3869,87012000,MIAMI-DADE,25.950571,-80.278055,25000,2025,6.04,207,87,10,0.0872,0.0127,0.05,LOW,priority_score = 0.5 × aadt_score + 0.5 × hurricane_proximity_score,FDOT Annual Average Daily Traffic TDA (2025),NOAA HURDAT2 Atlantic Hurricane Database (1851-2023),NOAA Storm Events Database Miami-Dade CZ_FIPS=86 (2014-2022),FEMA OpenFEMA Disaster Declarations Miami-Dade (2016-2022)
1417,5418,87250000,MIAMI-DADE,25.824097,-80.235359,22500,2025,4.44,205,87,10,0.0779,0.0218,0.0499,LOW,priority_score = 0.5 × aadt_score + 0.5 × hurricane_proximity_score,FDOT Annual Average Daily Traffic TDA (2025),NOAA HURDAT2 Atlantic Hurricane Database (1851-2023),NOAA Storm Events Database Miami-Dade CZ_FIPS=86 (2014-2022),FEMA OpenFEMA Disaster Declarations Miami-Dade (2016-2022)
1418,5642,87012000,MIAMI-DADE,25.951442,-80.278096,25000,2025,6.13,207,87,10,0.0872,0.0124,0.0498,LOW,priority_score = 0.5 × aadt_score + 0.5 × hurricane_proximity_score,FDOT Annual Average Daily Traffic TDA (2025),NOAA HURDAT2 Atlantic Hurricane Database (1851-2023),NOAA Storm Events Database Miami-Dade CZ_FIPS=86 (2014-2022),FEMA OpenFEMA Disaster Declarations Miami-Dade (2016-2022)
1419,3671,87170001,MIAMI-DADE,25.92884,-80.13482,23000,2025,4.73,211,87,10,0.0798,0.0197,0.0497,LOW,priority_score = 0.5 × aadt_score + 0.5 × hurricane_proximity_score,FDOT Annual Average Daily Traffic TDA (2025),NOAA HURDAT2 Atlantic Hurricane Database (1851-2023),NOAA Storm Events Database Miami-Dade CZ_FIPS=86 (2014-2022),FEMA OpenFEMA Disaster Declarations Miami-Dade (2016-2022)
1420,4633,87160000,MIAMI-DADE,25.447802,-80.485633,27500,2025,10.11,198,87,10,0.0965,0.0026,0.0495,LOW,priority_score = 0.5 × aadt_score + 0.5 × hurricane_proximity_score,FDOT Annual Average Daily Traffic TDA (2025),NOAA HURDAT2 Atlantic Hurricane Database (1851-2023),NOAA Storm Events Database Miami-Dade CZ_FIPS=86 (2014-2022),FEMA OpenFEMA Disaster Declarations Miami-Dade (2016-2022)
1421,3399,87040102,MIAMI-DADE,25.776852,-80.200085,15500,2025,2.57,206,87,10,0.0519,0.0467,0.0493,LOW,priority_score = 0.5 × aadt_score + 0.5 × hurricane_proximity_score,FDOT Annual Average Daily Traffic TDA (2025),NOAA HURDAT2 Atlantic Hurricane Database (1851-2023),NOAA Storm Events Database Miami-Dade CZ_FIPS=86 (2014-2022),FEMA OpenFEMA Disaster Declarations Miami-Dade (2016-2022)
1422,2457,87250000,MIAMI-DADE,25.82404,-80.2373,22500,2025,4.59,205,87,10,0.0779,0.0207,0.0493,LOW,priority_score = 0.5 × aadt_score + 0.5 × hurricane_proximity_score,FDOT Annual Average Daily Traffic TDA (2025),NOAA HURDAT2 Atlantic Hurricane Database (1851-2023),NOAA Storm Events Database Miami-Dade CZ_FIPS=86 (2014-2022),FEMA OpenFEMA Disaster Declarations Miami-Dade (2016-2022)
1423,2202,87053003,MIAMI-DADE,25.77258,-80.230991,22000,2025,4.35,206,87,10,0.0761,0.0225,0.0493,LOW,priority_score = 0.5 × aadt_score + 0.5 × hurricane_proximity_score,FDOT Annual Average Daily Traffic TDA (2025),NOAA HURDAT2 Atlantic Hurricane Database (1851-2023),NOAA Storm Events Database Miami-Dade CZ_FIPS=86 (2014-2022),FEMA OpenFEMA Disaster Declarations Miami-Dade (2016-2022)
1424,6690,87160000,MIAMI-DADE,25.447818,-80.489129,27500,2025,10.41,198,87,10,0.0965,0.0022,0.0493,LOW,priority_score = 0.5 × aadt_score + 0.5 × hurricane_proximity_score,FDOT Annual Average Daily Traffic TDA (2025),NOAA HURDAT2 Atlantic Hurricane Database (1851-2023),NOAA Storm Events Database Miami-Dade CZ_FIPS=86 (2014-2022),FEMA OpenFEMA Disaster Declarations Miami-Dade (2016-2022)
1425,4828,87012000,MIAMI-DADE,25.954099,-80.27821,25000,2025,6.4,207,87,10,0.0872,0.0113,0.0493,LOW,priority_score = 0.5 × aadt_score + 0.5 × hurricane_proximity_score,FDOT Annual Average Daily Traffic TDA (2025),NOAA HURDAT2 Atlantic Hurricane Database (1851-2023),NOAA Storm Events Database Miami-Dade CZ_FIPS=86 (2014-2022),FEMA OpenFEMA Disaster Declarations Miami-Dade (2016-2022)
1426,4924,87160000,MIAMI-DADE,25.44778,-80.493698,27500,2025,10.81,198,87,10,0.0965,0.0016,0.0491,LOW,priority_score = 0.5 × aadt_score + 0.5 × hurricane_proximity_score,FDOT Annual Average Daily Traffic TDA (2025),NOAA HURDAT2 Atlantic Hurricane Database (1851-2023),NOAA Storm Events Database Miami-Dade CZ_FIPS=86 (2014-2022),FEMA OpenFEMA Disaster Declarations Miami-Dade (2016-2022)
1427,3407,87120001,MIAMI-DADE,25.76674,-80.214586,21000,2025,3.98,206,87,10,0.0724,0.0257,0.0491,LOW,priority_score = 0.5 × aadt_score + 0.5 × hurricane_proximity_score,FDOT Annual Average Daily Traffic TDA (2025),NOAA HURDAT2 Atlantic Hurricane Database (1851-2023),NOAA Storm Events Database Miami-Dade CZ_FIPS=86 (2014-2022),FEMA OpenFEMA Disaster Declarations Miami-Dade (2016-2022)
1428,7613,87012000,MIAMI-DADE,25.956844,-80.278295,25000,2025,6.68,207,87,10,0.0872,0.0103,0.0488,LOW,priority_score = 0.5 × aadt_score + 0.5 × hurricane_proximity_score,FDOT Annual Average Daily Traffic TDA (2025),NOAA HURDAT2 Atlantic Hurricane Database (1851-2023),NOAA Storm Events Database Miami-Dade CZ_FIPS=86 (2014-2022),FEMA OpenFEMA Disaster Declarations Miami-Dade (2016-2022)
1429,2268,87017000,MIAMI-DADE,25.75132,-80.204823,23400,2025,5.43,206,87,10,0.0813,0.0156,0.0484,LOW,priority_score = 0.5 × aadt_score + 0.5 × hurricane_proximity_score,FDOT Annual Average Daily Traffic TDA (2025),NOAA HURDAT2 Atlantic Hurricane Database (1851-2023),NOAA Storm Events Database Miami-Dade CZ_FIPS=86 (2014-2022),FEMA OpenFEMA Disaster Declarations Miami-Dade (2016-2022)
1430,2486,87250000,MIAMI-DADE,25.823939,-80.240764,22500,2025,4.87,205,87,10,0.0779,0.0188,0.0483,LOW,priority_score = 0.5 × aadt_score + 0.5 × hurricane_proximity_score,FDOT Annual Average Daily Traffic TDA (2025),NOAA HURDAT2 Atlantic Hurricane Database (1851-2023),NOAA Storm Events Database Miami-Dade CZ_FIPS=86 (2014-2022),FEMA OpenFEMA Disaster Declarations Miami-Dade (2016-2022)
1431,2203,87053003,MIAMI-DADE,25.772437,-80.234928,22000,2025,4.65,206,87,10,0.0761,0.0203,0.0482,LOW,priority_score = 0.5 × aadt_score + 0.5 × hurricane_proximity_score,FDOT Annual Average Daily Traffic TDA (2025),NOAA HURDAT2 Atlantic Hurricane Database (1851-2023),NOAA Storm Events Database Miami-Dade CZ_FIPS=86 (2014-2022),FEMA OpenFEMA Disaster Declarations Miami-Dade (2016-2022)
1432,2267,87017000,MIAMI-DADE,25.750415,-80.204099,23400,2025,5.53,206,87,10,0.0813,0.0151,0.0482,LOW,priority_score = 0.5 × aadt_score + 0.5 × hurricane_proximity_score,FDOT Annual Average Daily Traffic TDA (2025),NOAA HURDAT2 Atlantic Hurricane Database (1851-2023),NOAA Storm Events Database Miami-Dade CZ_FIPS=86 (2014-2022),FEMA OpenFEMA Disaster Declarations Miami-Dade (2016-2022)
1433,4952,87012000,MIAMI-DADE,25.960286,-80.278402,25000,2025,7.04,207,87,10,0.0872,0.0092,0.0482,LOW,priority_score = 0.5 × aadt_score + 0.5 × hurricane_proximity_score,FDOT Annual Average Daily Traffic TDA (2025),NOAA HURDAT2 Atlantic Hurricane Database (1851-2023),NOAA Storm Events Database Miami-Dade CZ_FIPS=86 (2014-2022),FEMA OpenFEMA Disaster Declarations Miami-Dade (2016-2022)
1434,3418,87040102,MIAMI-DADE,25.775903,-80.20005,15500,2025,2.68,206,87,10,0.0519,0.0443,0.0481,LOW,priority_score = 0.5 × aadt_score + 0.5 × hurricane_proximity_score,FDOT Annual Average Daily Traffic TDA (2025),NOAA HURDAT2 Atlantic Hurricane Database (1851-2023),NOAA Storm Events Database Miami-Dade CZ_FIPS=86 (2014-2022),FEMA OpenFEMA Disaster Declarations Miami-Dade (2016-2022)
1435,7614,87012000,MIAMI-DADE,25.962378,-80.278432,25000,2025,7.26,207,87,10,0.0872,0.0085,0.0479,LOW,priority_score = 0.5 × aadt_score + 0.5 × hurricane_proximity_score,FDOT Annual Average Daily Traffic TDA (2025),NOAA HURDAT2 Atlantic Hurricane Database (1851-2023),NOAA Storm Events Database Miami-Dade CZ_FIPS=86 (2014-2022),FEMA OpenFEMA Disaster Declarations Miami-Dade (2016-2022)
1436,3984,87190000,MIAMI-DADE,25.922521,-80.155849,24000,2025,6.12,211,87,10,0.0835,0.0124,0.0479,LOW,priority_score = 0.5 × aadt_score + 0.5 × hurricane_proximity_score,FDOT Annual Average Daily Traffic TDA (2025),NOAA HURDAT2 Atlantic Hurricane Database (1851-2023),NOAA Storm Events Database Miami-Dade CZ_FIPS=86 (2014-2022),FEMA OpenFEMA Disaster Declarations Miami-Dade (2016-2022)
1437,4726,87250000,MIAMI-DADE,25.823874,-80.2428,22500,2025,5.04,205,87,10,0.0779,0.0177,0.0478,LOW,priority_score = 0.5 × aadt_score + 0.5 × hurricane_proximity_score,FDOT Annual Average Daily Traffic TDA (2025),NOAA HURDAT2 Atlantic Hurricane Database (1851-2023),NOAA Storm Events Database Miami-Dade CZ_FIPS=86 (2014-2022),FEMA OpenFEMA Disaster Declarations Miami-Dade (2016-2022)
1438,4282,87120001,MIAMI-DADE,25.766536,-80.221269,21000,2025,4.29,206,87,10,0.0724,0.023,0.0477,LOW,priority_score = 0.5 × aadt_score + 0.5 × hurricane_proximity_score,FDOT Annual Average Daily Traffic TDA (2025),NOAA HURDAT2 Atlantic Hurricane Database (1851-2023),NOAA Storm Events Database Miami-Dade CZ_FIPS=86 (2014-2022),FEMA OpenFEMA Disaster Declarations Miami-Dade (2016-2022)
1439,4951,87012000,MIAMI-DADE,25.963432,-80.278296,25000,2025,7.38,207,87,10,0.0872,0.0082,0.0477,LOW,priority_score = 0.5 × aadt_score + 0.5 × hurricane_proximity_score,FDOT Annual Average Daily Traffic TDA (2025),NOAA HURDAT2 Atlantic Hurricane Database (1851-2023),NOAA Storm Events Database Miami-Dade CZ_FIPS=86 (2014-2022),FEMA OpenFEMA Disaster Declarations Miami-Dade (2016-2022)
1440,2019,87190000,MIAMI-DADE,25.926104,-80.155931,24000,2025,6.3,211,87,10,0.0835,0.0117,0.0476,LOW,priority_score = 0.5 × aadt_score + 0.5 × hurricane_proximity_score,FDOT Annual Average Daily Traffic TDA (2025),NOAA HURDAT2 Atlantic Hurricane Database (1851-2023),NOAA Storm Events Database Miami-Dade CZ_FIPS=86 (2014-2022),FEMA OpenFEMA Disaster Declarations Miami-Dade (2016-2022)
1441,3429,87040101,MIAMI-DADE,25.78158,-80.19969,10500,2025,2.05,206,87,10,0.0334,0.0617,0.0475,LOW,priority_score = 0.5 × aadt_score + 0.5 × hurricane_proximity_score,FDOT Annual Average Daily Traffic TDA (2025),NOAA HURDAT2 Atlantic Hurricane Database (1851-2023),NOAA Storm Events Database Miami-Dade CZ_FIPS=86 (2014-2022),FEMA OpenFEMA Disaster Declarations Miami-Dade (2016-2022)
1442,3444,87120001,MIAMI-DADE,25.766502,-80.222682,21000,2025,4.36,206,87,10,0.0724,0.0224,0.0474,LOW,priority_score = 0.5 × aadt_score + 0.5 × hurricane_proximity_score,FDOT Annual Average Daily Traffic TDA (2025),NOAA HURDAT2 Atlantic Hurricane Database (1851-2023),NOAA Storm Events Database Miami-Dade CZ_FIPS=86 (2014-2022),FEMA OpenFEMA Disaster Declarations Miami-Dade (2016-2022)
1443,3601,87190000,MIAMI-DADE,25.914764,-80.163453,24000,2025,6.56,211,87,10,0.0835,0.0107,0.0471,LOW,priority_score = 0.5 × aadt_score + 0.5 × hurricane_proximity_score,FDOT Annual Average Daily Traffic TDA (2025),NOAA HURDAT2 Atlantic Hurricane Database (1851-2023),NOAA Storm Events Database Miami-Dade CZ_FIPS=86 (2014-2022),FEMA OpenFEMA Disaster Declarations Miami-Dade (2016-2022)
1444,4559,87250000,MIAMI-DADE,25.823754,-80.246552,22500,2025,5.36,205,87,10,0.0779,0.0159,0.0469,LOW,priority_score = 0.5 × aadt_score + 0.5 × hurricane_proximity_score,FDOT Annual Average Daily Traffic TDA (2025),NOAA HURDAT2 Atlantic Hurricane Database (1851-2023),NOAA Storm Events Database Miami-Dade CZ_FIPS=86 (2014-2022),FEMA OpenFEMA Disaster Declarations Miami-Dade (2016-2022)
1445,7615,87012000,MIAMI-DADE,25.970825,-80.278452,25000,2025,8.16,206,87,10,0.0872,0.0062,0.0467,LOW,priority_score = 0.5 × aadt_score + 0.5 × hurricane_proximity_score,FDOT Annual Average Daily Traffic TDA (2025),NOAA HURDAT2 Atlantic Hurricane Database (1851-2023),NOAA Storm Events Database Miami-Dade CZ_FIPS=86 (2014-2022),FEMA OpenFEMA Disaster Declarations Miami-Dade (2016-2022)
1446,3953,87190000,MIAMI-DADE,25.911005,-80.16735,24000,2025,6.85,211,87,10,0.0835,0.0098,0.0466,LOW,priority_score = 0.5 × aadt_score + 0.5 × hurricane_proximity_score,FDOT Annual Average Daily Traffic TDA (2025),NOAA HURDAT2 Atlantic Hurricane Database (1851-2023),NOAA Storm Events Database Miami-Dade CZ_FIPS=86 (2014-2022),FEMA OpenFEMA Disaster Declarations Miami-Dade (2016-2022)
1447,3445,87120001,MIAMI-DADE,25.766423,-80.226793,21000,2025,4.6,206,87,10,0.0724,0.0206,0.0465,LOW,priority_score = 0.5 × aadt_score + 0.5 × hurricane_proximity_score,FDOT Annual Average Daily Traffic TDA (2025),NOAA HURDAT2 Atlantic Hurricane Database (1851-2023),NOAA Storm Events Database Miami-Dade CZ_FIPS=86 (2014-2022),FEMA OpenFEMA Disaster Declarations Miami-Dade (2016-2022)
1448,2487,87250000,MIAMI-DADE,25.823679,-80.248894,22500,2025,5.56,205,87,10,0.0779,0.0149,0.0464,LOW,priority_score = 0.5 × aadt_score + 0.5 × hurricane_proximity_score,FDOT Annual Average Daily Traffic TDA (2025),NOAA HURDAT2 Atlantic Hurricane Database (1851-2023),NOAA Storm Events Database Miami-Dade CZ_FIPS=86 (2014-2022),FEMA OpenFEMA Disaster Declarations Miami-Dade (2016-2022)
1449,3724,87190000,MIAMI-DADE,25.907272,-80.171209,24000,2025,7.17,211,87,10,0.0835,0.0088,0.0461,LOW,priority_score = 0.5 × aadt_score + 0.5 × hurricane_proximity_score,FDOT Annual Average Daily Traffic TDA (2025),NOAA HURDAT2 Atlantic Hurricane Database (1851-2023),NOAA Storm Events Database Miami-Dade CZ_FIPS=86 (2014-2022),FEMA OpenFEMA Disaster Declarations Miami-Dade (2016-2022)
1450,3132,87190000,MIAMI-DADE,25.905889,-80.172613,24000,2025,7.29,211,87,10,0.0835,0.0084,0.046,LOW,priority_score = 0.5 × aadt_score + 0.5 × hurricane_proximity_score,FDOT Annual Average Daily Traffic TDA (2025),NOAA HURDAT2 Atlantic Hurricane Database (1851-2023),NOAA Storm Events Database Miami-Dade CZ_FIPS=86 (2014-2022),FEMA OpenFEMA Disaster Declarations Miami-Dade (2016-2022)
1451,2556,87190000,MIAMI-DADE,25.903518,-80.17502,24000,2025,7.51,210,87,10,0.0835,0.0078,0.0457,LOW,priority_score = 0.5 × aadt_score + 0.5 × hurricane_proximity_score,FDOT Annual Average Daily Traffic TDA (2025),NOAA HURDAT2 Atlantic Hurricane Database (1851-2023),NOAA Storm Events Database Miami-Dade CZ_FIPS=86 (2014-2022),FEMA OpenFEMA Disaster Declarations Miami-Dade (2016-2022)
1452,3446,87120001,MIAMI-DADE,25.766326,-80.230876,21000,2025,4.86,206,87,10,0.0724,0.0188,0.0456,LOW,priority_score = 0.5 × aadt_score + 0.5 × hurricane_proximity_score,FDOT Annual Average Daily Traffic TDA (2025),NOAA HURDAT2 Atlantic Hurricane Database (1851-2023),NOAA Storm Events Database Miami-Dade CZ_FIPS=86 (2014-2022),FEMA OpenFEMA Disaster Declarations Miami-Dade (2016-2022)
1453,2555,87190000,MIAMI-DADE,25.899802,-80.178779,24000,2025,7.88,210,87,10,0.0835,0.0069,0.0452,LOW,priority_score = 0.5 × aadt_score + 0.5 × hurricane_proximity_score,FDOT Annual Average Daily Traffic TDA (2025),NOAA HURDAT2 Atlantic Hurricane Database (1851-2023),NOAA Storm Events Database Miami-Dade CZ_FIPS=86 (2014-2022),FEMA OpenFEMA Disaster Declarations Miami-Dade (2016-2022)
1454,2883,87250000,MIAMI-DADE,25.82343,-80.256992,22500,2025,6.27,205,87,10,0.0779,0.0118,0.0449,LOW,priority_score = 0.5 × aadt_score + 0.5 × hurricane_proximity_score,FDOT Annual Average Daily Traffic TDA (2025),NOAA HURDAT2 Atlantic Hurricane Database (1851-2023),NOAA Storm Events Database Miami-Dade CZ_FIPS=86 (2014-2022),FEMA OpenFEMA Disaster Declarations Miami-Dade (2016-2022)
1455,6456,87190000,MIAMI-DADE,25.895023,-80.18276,24000,2025,8.3,210,87,10,0.0835,0.0059,0.0447,LOW,priority_score = 0.5 × aadt_score + 0.5 × hurricane_proximity_score,FDOT Annual Average Daily Traffic TDA (2025),NOAA HURDAT2 Atlantic Hurricane Database (1851-2023),NOAA Storm Events Database Miami-Dade CZ_FIPS=86 (2014-2022),FEMA OpenFEMA Disaster Declarations Miami-Dade (2016-2022)
1456,2551,87190000,MIAMI-DADE,25.892913,-80.184505,24000,2025,8.49,210,87,10,0.0835,0.0055,0.0445,LOW,priority_score = 0.5 × aadt_score + 0.5 × hurricane_proximity_score,FDOT Annual Average Daily Traffic TDA (2025),NOAA HURDAT2 Atlantic Hurricane Database (1851-2023),NOAA Storm Events Database Miami-Dade CZ_FIPS=86 (2014-2022),FEMA OpenFEMA Disaster Declarations Miami-Dade (2016-2022)
1457,3442,87120001,MIAMI-DADE,25.766112,-80.23724,21000,2025,5.3,206,87,10,0.0724,0.0162,0.0443,LOW,priority_score = 0.5 × aadt_score + 0.5 × hurricane_proximity_score,FDOT Annual Average Daily Traffic TDA (2025),NOAA HURDAT2 Atlantic Hurricane Database (1851-2023),NOAA Storm Events Database Miami-Dade CZ_FIPS=86 (2014-2022),FEMA OpenFEMA Disaster Declarations Miami-Dade (2016-2022)
1458,2545,87190000,MIAMI-DADE,25.890374,-80.186583,24000,2025,8.73,209,87,10,0.0835,0.005,0.0442,LOW,priority_score = 0.5 × aadt_score + 0.5 × hurricane_proximity_score,FDOT Annual Average Daily Traffic TDA (2025),NOAA HURDAT2 Atlantic Hurricane Database (1851-2023),NOAA Storm Events Database Miami-Dade CZ_FIPS=86 (2014-2022),FEMA OpenFEMA Disaster Declarations Miami-Dade (2016-2022)
1459,3149,87250000,MIAMI-DADE,25.823299,-80.26116,22500,2025,6.65,205,87,10,0.0779,0.0104,0.0442,LOW,priority_score = 0.5 × aadt_score + 0.5 × hurricane_proximity_score,FDOT Annual Average Daily Traffic TDA (2025),NOAA HURDAT2 Atlantic Hurricane Database (1851-2023),NOAA Storm Events Database Miami-Dade CZ_FIPS=86 (2014-2022),FEMA OpenFEMA Disaster Declarations Miami-Dade (2016-2022)
1460,3427,87040101,MIAMI-DADE,25.779703,-80.199594,10500,2025,2.26,206,87,10,0.0334,0.0548,0.0441,LOW,priority_score = 0.5 × aadt_score + 0.5 × hurricane_proximity_score,FDOT Annual Average Daily Traffic TDA (2025),NOAA HURDAT2 Atlantic Hurricane Database (1851-2023),NOAA Storm Events Database Miami-Dade CZ_FIPS=86 (2014-2022),FEMA OpenFEMA Disaster Declarations Miami-Dade (2016-2022)
1461,6459,87190000,MIAMI-DADE,25.888242,-80.189347,24000,2025,9.03,210,87,10,0.0835,0.0044,0.0439,LOW,priority_score = 0.5 × aadt_score + 0.5 × hurricane_proximity_score,FDOT Annual Average Daily Traffic TDA (2025),NOAA HURDAT2 Atlantic Hurricane Database (1851-2023),NOAA Storm Events Database Miami-Dade CZ_FIPS=86 (2014-2022),FEMA OpenFEMA Disaster Declarations Miami-Dade (2016-2022)
1462,2535,87190000,MIAMI-DADE,25.886897,-80.190629,24000,2025,9.18,210,87,10,0.0835,0.0041,0.0438,LOW,priority_score = 0.5 × aadt_score + 0.5 × hurricane_proximity_score,FDOT Annual Average Daily Traffic TDA (2025),NOAA HURDAT2 Atlantic Hurricane Database (1851-2023),NOAA Storm Events Database Miami-Dade CZ_FIPS=86 (2014-2022),FEMA OpenFEMA Disaster Declarations Miami-Dade (2016-2022)
1463,2854,87250000,MIAMI-DADE,25.823114,-80.265284,22500,2025,7.02,205,87,10,0.0779,0.0092,0.0436,LOW,priority_score = 0.5 × aadt_score + 0.5 × hurricane_proximity_score,FDOT Annual Average Daily Traffic TDA (2025),NOAA HURDAT2 Atlantic Hurricane Database (1851-2023),NOAA Storm Events Database Miami-Dade CZ_FIPS=86 (2014-2022),FEMA OpenFEMA Disaster Declarations Miami-Dade (2016-2022)
1464,3245,87190000,MIAMI-DADE,25.884306,-80.193095,24000,2025,9.4,210,87,10,0.0835,0.0037,0.0436,LOW,priority_score = 0.5 × aadt_score + 0.5 × hurricane_proximity_score,FDOT Annual Average Daily Traffic TDA (2025),NOAA HURDAT2 Atlantic Hurricane Database (1851-2023),NOAA Storm Events Database Miami-Dade CZ_FIPS=86 (2014-2022),FEMA OpenFEMA Disaster Declarations Miami-Dade (2016-2022)
1465,8050,87190000,MIAMI-DADE,25.885015,-80.192357,24000,2025,9.39,210,87,10,0.0835,0.0038,0.0436,LOW,priority_score = 0.5 × aadt_score + 0.5 × hurricane_proximity_score,FDOT Annual Average Daily Traffic TDA (2025),NOAA HURDAT2 Atlantic Hurricane Database (1851-2023),NOAA Storm Events Database Miami-Dade CZ_FIPS=86 (2014-2022),FEMA OpenFEMA Disaster Declarations Miami-Dade (2016-2022)
1466,6558,87070000,MIAMI-DADE,25.951544,-80.430616,23500,2025,8.78,204,87,10,0.0816,0.0049,0.0433,LOW,priority_score = 0.5 × aadt_score + 0.5 × hurricane_proximity_score,FDOT Annual Average Daily Traffic TDA (2025),NOAA HURDAT2 Atlantic Hurricane Database (1851-2023),NOAA Storm Events Database Miami-Dade CZ_FIPS=86 (2014-2022),FEMA OpenFEMA Disaster Declarations Miami-Dade (2016-2022)
1467,2853,87250000,MIAMI-DADE,25.823044,-80.269298,22500,2025,7.39,205,87,10,0.0779,0.0081,0.043,LOW,priority_score = 0.5 × aadt_score + 0.5 × hurricane_proximity_score,FDOT Annual Average Daily Traffic TDA (2025),NOAA HURDAT2 Atlantic Hurricane Database (1851-2023),NOAA Storm Events Database Miami-Dade CZ_FIPS=86 (2014-2022),FEMA OpenFEMA Disaster Declarations Miami-Dade (2016-2022)
1468,3425,87040101,MIAMI-DADE,25.778728,-80.199547,10500,2025,2.37,206,87,10,0.0334,0.0517,0.0425,LOW,priority_score = 0.5 × aadt_score + 0.5 × hurricane_proximity_score,FDOT Annual Average Daily Traffic TDA (2025),NOAA HURDAT2 Atlantic Hurricane Database (1851-2023),NOAA Storm Events Database Miami-Dade CZ_FIPS=86 (2014-2022),FEMA OpenFEMA Disaster Declarations Miami-Dade (2016-2022)
1469,2852,87250000,MIAMI-DADE,25.822936,-80.273227,22500,2025,7.76,205,87,10,0.0779,0.0072,0.0425,LOW,priority_score = 0.5 × aadt_score + 0.5 × hurricane_proximity_score,FDOT Annual Average Daily Traffic TDA (2025),NOAA HURDAT2 Atlantic Hurricane Database (1851-2023),NOAA Storm Events Database Miami-Dade CZ_FIPS=86 (2014-2022),FEMA OpenFEMA Disaster Declarations Miami-Dade (2016-2022)
1470,5603,87250000,MIAMI-DADE,25.822889,-80.274846,22500,2025,7.91,205,87,10,0.0779,0.0068,0.0424,LOW,priority_score = 0.5 × aadt_score + 0.5 × hurricane_proximity_score,FDOT Annual Average Daily Traffic TDA (2025),NOAA HURDAT2 Atlantic Hurricane Database (1851-2023),NOAA Storm Events Database Miami-Dade CZ_FIPS=86 (2014-2022),FEMA OpenFEMA Disaster Declarations Miami-Dade (2016-2022)
1471,2851,87250000,MIAMI-DADE,25.822805,-80.27738,22500,2025,8.15,206,87,10,0.0779,0.0062,0.0421,LOW,priority_score = 0.5 × aadt_score + 0.5 × hurricane_proximity_score,FDOT Annual Average Daily Traffic TDA (2025),NOAA HURDAT2 Atlantic Hurricane Database (1851-2023),NOAA Storm Events Database Miami-Dade CZ_FIPS=86 (2014-2022),FEMA OpenFEMA Disaster Declarations Miami-Dade (2016-2022)
1472,5602,87250000,MIAMI-DADE,25.822828,-80.276771,22500,2025,8.09,206,87,10,0.0779,0.0064,0.0421,LOW,priority_score = 0.5 × aadt_score + 0.5 × hurricane_proximity_score,FDOT Annual Average Daily Traffic TDA (2025),NOAA HURDAT2 Atlantic Hurricane Database (1851-2023),NOAA Storm Events Database Miami-Dade CZ_FIPS=86 (2014-2022),FEMA OpenFEMA Disaster Declarations Miami-Dade (2016-2022)
1473,2850,87250000,MIAMI-DADE,25.822718,-80.2794,22500,2025,8.34,206,87,10,0.0779,0.0058,0.0419,LOW,priority_score = 0.5 × aadt_score + 0.5 × hurricane_proximity_score,FDOT Annual Average Daily Traffic TDA (2025),NOAA HURDAT2 Atlantic Hurricane Database (1851-2023),NOAA Storm Events Database Miami-Dade CZ_FIPS=86 (2014-2022),FEMA OpenFEMA Disaster Declarations Miami-Dade (2016-2022)
1474,2847,87250000,MIAMI-DADE,25.822681,-80.280216,22500,2025,8.42,206,87,10,0.0779,0.0056,0.0418,LOW,priority_score = 0.5 × aadt_score + 0.5 × hurricane_proximity_score,FDOT Annual Average Daily Traffic TDA (2025),NOAA HURDAT2 Atlantic Hurricane Database (1851-2023),NOAA Storm Events Database Miami-Dade CZ_FIPS=86 (2014-2022),FEMA OpenFEMA Disaster Declarations Miami-Dade (2016-2022)
1475,4479,87040101,MIAMI-DADE,25.777753,-80.19951,10500,2025,2.47,206,87,10,0.0334,0.0491,0.0412,LOW,priority_score = 0.5 × aadt_score + 0.5 × hurricane_proximity_score,FDOT Annual Average Daily Traffic TDA (2025),NOAA HURDAT2 Atlantic Hurricane Database (1851-2023),NOAA Storm Events Database Miami-Dade CZ_FIPS=86 (2014-2022),FEMA OpenFEMA Disaster Declarations Miami-Dade (2016-2022)
1476,5744,87075704,MIAMI-DADE,25.896925,-80.329828,13100,2025,3.0,208,87,10,0.043,0.0382,0.0406,LOW,priority_score = 0.5 × aadt_score + 0.5 × hurricane_proximity_score,FDOT Annual Average Daily Traffic TDA (2025),NOAA HURDAT2 Atlantic Hurricane Database (1851-2023),NOAA Storm Events Database Miami-Dade CZ_FIPS=86 (2014-2022),FEMA OpenFEMA Disaster Declarations Miami-Dade (2016-2022)
1477,3423,87040101,MIAMI-DADE,25.776849,-80.199476,10500,2025,2.57,206,87,10,0.0334,0.0467,0.04,LOW,priority_score = 0.5 × aadt_score + 0.5 × hurricane_proximity_score,FDOT Annual Average Daily Traffic TDA (2025),NOAA HURDAT2 Atlantic Hurricane Database (1851-2023),NOAA Storm Events Database Miami-Dade CZ_FIPS=86 (2014-2022),FEMA OpenFEMA Disaster Declarations Miami-Dade (2016-2022)
1478,5268,87061000,MIAMI-DADE,25.780096,-80.187512,10000,2025,2.54,206,87,10,0.0315,0.0474,0.0395,LOW,priority_score = 0.5 × aadt_score + 0.5 × hurricane_proximity_score,FDOT Annual Average Daily Traffic TDA (2025),NOAA HURDAT2 Atlantic Hurricane Database (1851-2023),NOAA Storm Events Database Miami-Dade CZ_FIPS=86 (2014-2022),FEMA OpenFEMA Disaster Declarations Miami-Dade (2016-2022)
1479,6354,87061000,MIAMI-DADE,25.779337,-80.188719,10000,2025,2.56,206,87,10,0.0315,0.0469,0.0392,LOW,priority_score = 0.5 × aadt_score + 0.5 × hurricane_proximity_score,FDOT Annual Average Daily Traffic TDA (2025),NOAA HURDAT2 Atlantic Hurricane Database (1851-2023),NOAA Storm Events Database Miami-Dade CZ_FIPS=86 (2014-2022),FEMA OpenFEMA Disaster Declarations Miami-Dade (2016-2022)
1480,6401,87000652,MIAMI-DADE,25.785508,-80.190665,3900,2025,1.86,206,87,10,0.0089,0.0692,0.0391,LOW,priority_score = 0.5 × aadt_score + 0.5 × hurricane_proximity_score,FDOT Annual Average Daily Traffic TDA (2025),NOAA HURDAT2 Atlantic Hurricane Database (1851-2023),NOAA Storm Events Database Miami-Dade CZ_FIPS=86 (2014-2022),FEMA OpenFEMA Disaster Declarations Miami-Dade (2016-2022)
1481,3400,87040101,MIAMI-DADE,25.775867,-80.199314,10500,2025,2.68,206,87,10,0.0334,0.0443,0.0388,LOW,priority_score = 0.5 × aadt_score + 0.5 × hurricane_proximity_score,FDOT Annual Average Daily Traffic TDA (2025),NOAA HURDAT2 Atlantic Hurricane Database (1851-2023),NOAA Storm Events Database Miami-Dade CZ_FIPS=86 (2014-2022),FEMA OpenFEMA Disaster Declarations Miami-Dade (2016-2022)
1482,3354,87080001,MIAMI-DADE,25.849236,-80.205044,18000,2025,5.5,208,87,10,0.0612,0.0152,0.0382,LOW,priority_score = 0.5 × aadt_score + 0.5 × hurricane_proximity_score,FDOT Annual Average Daily Traffic TDA (2025),NOAA HURDAT2 Atlantic Hurricane Database (1851-2023),NOAA Storm Events Database Miami-Dade CZ_FIPS=86 (2014-2022),FEMA OpenFEMA Disaster Declarations Miami-Dade (2016-2022)
1483,5293,87080001,MIAMI-DADE,25.849464,-80.203181,18000,2025,5.51,208,87,10,0.0612,0.0152,0.0382,LOW,priority_score = 0.5 × aadt_score + 0.5 × hurricane_proximity_score,FDOT Annual Average Daily Traffic TDA (2025),NOAA HURDAT2 Atlantic Hurricane Database (1851-2023),NOAA Storm Events Database Miami-Dade CZ_FIPS=86 (2014-2022),FEMA OpenFEMA Disaster Declarations Miami-Dade (2016-2022)
1484,3172,87080001,MIAMI-DADE,25.84889,-80.209208,18000,2025,5.51,207,87,10,0.0612,0.0152,0.0382,LOW,priority_score = 0.5 × aadt_score + 0.5 × hurricane_proximity_score,FDOT Annual Average Daily Traffic TDA (2025),NOAA HURDAT2 Atlantic Hurricane Database (1851-2023),NOAA Storm Events Database Miami-Dade CZ_FIPS=86 (2014-2022),FEMA OpenFEMA Disaster Declarations Miami-Dade (2016-2022)
1485,3574,87080001,MIAMI-DADE,25.848952,-80.207205,18000,2025,5.49,208,87,10,0.0612,0.0153,0.0382,LOW,priority_score = 0.5 × aadt_score + 0.5 × hurricane_proximity_score,FDOT Annual Average Daily Traffic TDA (2025),NOAA HURDAT2 Atlantic Hurricane Database (1851-2023),NOAA Storm Events Database Miami-Dade CZ_FIPS=86 (2014-2022),FEMA OpenFEMA Disaster Declarations Miami-Dade (2016-2022)
1486,3615,87080001,MIAMI-DADE,25.848924,-80.208213,18000,2025,5.5,207,87,10,0.0612,0.0152,0.0382,LOW,priority_score = 0.5 × aadt_score + 0.5 × hurricane_proximity_score,FDOT Annual Average Daily Traffic TDA (2025),NOAA HURDAT2 Atlantic Hurricane Database (1851-2023),NOAA Storm Events Database Miami-Dade CZ_FIPS=86 (2014-2022),FEMA OpenFEMA Disaster Declarations Miami-Dade (2016-2022)
1487,4976,87080001,MIAMI-DADE,25.849111,-80.205455,18000,2025,5.49,208,87,10,0.0612,0.0153,0.0382,LOW,priority_score = 0.5 × aadt_score + 0.5 × hurricane_proximity_score,FDOT Annual Average Daily Traffic TDA (2025),NOAA HURDAT2 Atlantic Hurricane Database (1851-2023),NOAA Storm Events Database Miami-Dade CZ_FIPS=86 (2014-2022),FEMA OpenFEMA Disaster Declarations Miami-Dade (2016-2022)
1488,3518,87080001,MIAMI-DADE,25.849691,-80.197012,18000,2025,5.53,208,87,10,0.0612,0.0151,0.0381,LOW,priority_score = 0.5 × aadt_score + 0.5 × hurricane_proximity_score,FDOT Annual Average Daily Traffic TDA (2025),NOAA HURDAT2 Atlantic Hurricane Database (1851-2023),NOAA Storm Events Database Miami-Dade CZ_FIPS=86 (2014-2022),FEMA OpenFEMA Disaster Declarations Miami-Dade (2016-2022)
1489,5272,87080001,MIAMI-DADE,25.848821,-80.211501,18000,2025,5.55,207,87,10,0.0612,0.015,0.0381,LOW,priority_score = 0.5 × aadt_score + 0.5 × hurricane_proximity_score,FDOT Annual Average Daily Traffic TDA (2025),NOAA HURDAT2 Atlantic Hurricane Database (1851-2023),NOAA Storm Events Database Miami-Dade CZ_FIPS=86 (2014-2022),FEMA OpenFEMA Disaster Declarations Miami-Dade (2016-2022)
1490,5987,87080001,MIAMI-DADE,25.846846,-80.220184,18000,2025,5.59,206,87,10,0.0612,0.0148,0.038,LOW,priority_score = 0.5 × aadt_score + 0.5 × hurricane_proximity_score,FDOT Annual Average Daily Traffic TDA (2025),NOAA HURDAT2 Atlantic Hurricane Database (1851-2023),NOAA Storm Events Database Miami-Dade CZ_FIPS=86 (2014-2022),FEMA OpenFEMA Disaster Declarations Miami-Dade (2016-2022)
1491,3479,87080001,MIAMI-DADE,25.848739,-80.214242,18000,2025,5.6,207,87,10,0.0612,0.0147,0.038,LOW,priority_score = 0.5 × aadt_score + 0.5 × hurricane_proximity_score,FDOT Annual Average Daily Traffic TDA (2025),NOAA HURDAT2 Atlantic Hurricane Database (1851-2023),NOAA Storm Events Database Miami-Dade CZ_FIPS=86 (2014-2022),FEMA OpenFEMA Disaster Declarations Miami-Dade (2016-2022)
1492,3517,87080001,MIAMI-DADE,25.849833,-80.192828,18000,2025,5.59,208,87,10,0.0612,0.0148,0.038,LOW,priority_score = 0.5 × aadt_score + 0.5 × hurricane_proximity_score,FDOT Annual Average Daily Traffic TDA (2025),NOAA HURDAT2 Atlantic Hurricane Database (1851-2023),NOAA Storm Events Database Miami-Dade CZ_FIPS=86 (2014-2022),FEMA OpenFEMA Disaster Declarations Miami-Dade (2016-2022)
1493,4975,87080001,MIAMI-DADE,25.848704,-80.215412,18000,2025,5.63,207,87,10,0.0612,0.0146,0.0379,LOW,priority_score = 0.5 × aadt_score + 0.5 × hurricane_proximity_score,FDOT Annual Average Daily Traffic TDA (2025),NOAA HURDAT2 Atlantic Hurricane Database (1851-2023),NOAA Storm Events Database Miami-Dade CZ_FIPS=86 (2014-2022),FEMA OpenFEMA Disaster Declarations Miami-Dade (2016-2022)
1494,5323,87040101,MIAMI-DADE,25.774898,-80.198872,10500,2025,2.79,206,87,10,0.0334,0.042,0.0377,LOW,priority_score = 0.5 × aadt_score + 0.5 × hurricane_proximity_score,FDOT Annual Average Daily Traffic TDA (2025),NOAA HURDAT2 Atlantic Hurricane Database (1851-2023),NOAA Storm Events Database Miami-Dade CZ_FIPS=86 (2014-2022),FEMA OpenFEMA Disaster Declarations Miami-Dade (2016-2022)
1495,3514,87080001,MIAMI-DADE,25.850153,-80.184689,18000,2025,5.78,208,87,10,0.0612,0.0139,0.0375,LOW,priority_score = 0.5 × aadt_score + 0.5 × hurricane_proximity_score,FDOT Annual Average Daily Traffic TDA (2025),NOAA HURDAT2 Atlantic Hurricane Database (1851-2023),NOAA Storm Events Database Miami-Dade CZ_FIPS=86 (2014-2022),FEMA OpenFEMA Disaster Declarations Miami-Dade (2016-2022)
1496,3645,87000652,MIAMI-DADE,25.785477,-80.189271,3900,2025,1.94,206,87,10,0.0089,0.0659,0.0374,LOW,priority_score = 0.5 × aadt_score + 0.5 × hurricane_proximity_score,FDOT Annual Average Daily Traffic TDA (2025),NOAA HURDAT2 Atlantic Hurricane Database (1851-2023),NOAA Storm Events Database Miami-Dade CZ_FIPS=86 (2014-2022),FEMA OpenFEMA Disaster Declarations Miami-Dade (2016-2022)
1497,3516,87080001,MIAMI-DADE,25.850364,-80.176511,18000,2025,6.07,209,87,10,0.0612,0.0126,0.0369,LOW,priority_score = 0.5 × aadt_score + 0.5 × hurricane_proximity_score,FDOT Annual Average Daily Traffic TDA (2025),NOAA HURDAT2 Atlantic Hurricane Database (1851-2023),NOAA Storm Events Database Miami-Dade CZ_FIPS=86 (2014-2022),FEMA OpenFEMA Disaster Declarations Miami-Dade (2016-2022)
1498,2759,87080347,MIAMI-DADE,25.855888,-80.127944,17000,2025,5.65,210,87,10,0.0575,0.0145,0.036,LOW,priority_score = 0.5 × aadt_score + 0.5 × hurricane_proximity_score,FDOT Annual Average Daily Traffic TDA (2025),NOAA HURDAT2 Atlantic Hurricane Database (1851-2023),NOAA Storm Events Database Miami-Dade CZ_FIPS=86 (2014-2022),FEMA OpenFEMA Disaster Declarations Miami-Dade (2016-2022)
1499,2760,87080347,MIAMI-DADE,25.855765,-80.129674,17000,2025,5.75,210,87,10,0.0575,0.014,0.0358,LOW,priority_score = 0.5 × aadt_score + 0.5 × hurricane_proximity_score,FDOT Annual Average Daily Traffic TDA (2025),NOAA HURDAT2 Atlantic Hurricane Database (1851-2023),NOAA Storm Events Database Miami-Dade CZ_FIPS=86 (2014-2022),FEMA OpenFEMA Disaster Declarations Miami-Dade (2016-2022)
1500,5212,87260524,MIAMI-DADE,25.9133,-80.328004,11100,2025,3.17,207,87,10,0.0356,0.0355,0.0356,LOW,priority_score = 0.5 × aadt_score + 0.5 × hurricane_proximity_score,FDOT Annual Average Daily Traffic TDA (2025),NOAA HURDAT2 Atlantic Hurricane Database (1851-2023),NOAA Storm Events Database Miami-Dade CZ_FIPS=86 (2014-2022),FEMA OpenFEMA Disaster Declarations Miami-Dade (2016-2022)
1501,5236,87080347,MIAMI-DADE,25.855532,-80.131432,17000,2025,5.86,210,87,10,0.0575,0.0135,0.0355,LOW,priority_score = 0.5 × aadt_score + 0.5 × hurricane_proximity_score,FDOT Annual Average Daily Traffic TDA (2025),NOAA HURDAT2 Atlantic Hurricane Database (1851-2023),NOAA Storm Events Database Miami-Dade CZ_FIPS=86 (2014-2022),FEMA OpenFEMA Disaster Declarations Miami-Dade (2016-2022)
1502,6395,87260524,MIAMI-DADE,25.917118,-80.325674,11100,2025,3.2,207,87,10,0.0356,0.035,0.0353,LOW,priority_score = 0.5 × aadt_score + 0.5 × hurricane_proximity_score,FDOT Annual Average Daily Traffic TDA (2025),NOAA HURDAT2 Atlantic Hurricane Database (1851-2023),NOAA Storm Events Database Miami-Dade CZ_FIPS=86 (2014-2022),FEMA OpenFEMA Disaster Declarations Miami-Dade (2016-2022)
1503,6394,87260524,MIAMI-DADE,25.918173,-80.32572,11100,2025,3.27,207,87,10,0.0356,0.034,0.0348,LOW,priority_score = 0.5 × aadt_score + 0.5 × hurricane_proximity_score,FDOT Annual Average Daily Traffic TDA (2025),NOAA HURDAT2 Atlantic Hurricane Database (1851-2023),NOAA Storm Events Database Miami-Dade CZ_FIPS=86 (2014-2022),FEMA OpenFEMA Disaster Declarations Miami-Dade (2016-2022)
1504,2954,87046000,MIAMI-DADE,25.666422,-80.323646,14100,2025,4.42,205,87,10,0.0468,0.022,0.0344,LOW,priority_score = 0.5 × aadt_score + 0.5 × hurricane_proximity_score,FDOT Annual Average Daily Traffic TDA (2025),NOAA HURDAT2 Atlantic Hurricane Database (1851-2023),NOAA Storm Events Database Miami-Dade CZ_FIPS=86 (2014-2022),FEMA OpenFEMA Disaster Declarations Miami-Dade (2016-2022)
1505,3845,87260527,MIAMI-DADE,25.924777,-80.293219,9000,2025,2.84,208,87,10,0.0278,0.0411,0.0344,LOW,priority_score = 0.5 × aadt_score + 0.5 × hurricane_proximity_score,FDOT Annual Average Daily Traffic TDA (2025),NOAA HURDAT2 Atlantic Hurricane Database (1851-2023),NOAA Storm Events Database Miami-Dade CZ_FIPS=86 (2014-2022),FEMA OpenFEMA Disaster Declarations Miami-Dade (2016-2022)
1506,2761,87080347,MIAMI-DADE,25.852469,-80.137602,17000,2025,6.49,211,87,10,0.0575,0.011,0.0343,LOW,priority_score = 0.5 × aadt_score + 0.5 × hurricane_proximity_score,FDOT Annual Average Daily Traffic TDA (2025),NOAA HURDAT2 Atlantic Hurricane Database (1851-2023),NOAA Storm Events Database Miami-Dade CZ_FIPS=86 (2014-2022),FEMA OpenFEMA Disaster Declarations Miami-Dade (2016-2022)
1507,5554,87046000,MIAMI-DADE,25.666409,-80.323999,14100,2025,4.44,205,87,10,0.0468,0.0218,0.0343,LOW,priority_score = 0.5 × aadt_score + 0.5 × hurricane_proximity_score,FDOT Annual Average Daily Traffic TDA (2025),NOAA HURDAT2 Atlantic Hurricane Database (1851-2023),NOAA Storm Events Database Miami-Dade CZ_FIPS=86 (2014-2022),FEMA OpenFEMA Disaster Declarations Miami-Dade (2016-2022)
1508,3784,87260527,MIAMI-DADE,25.924442,-80.3094,9000,2025,2.88,206,87,10,0.0278,0.0403,0.0341,LOW,priority_score = 0.5 × aadt_score + 0.5 × hurricane_proximity_score,FDOT Annual Average Daily Traffic TDA (2025),NOAA HURDAT2 Atlantic Hurricane Database (1851-2023),NOAA Storm Events Database Miami-Dade CZ_FIPS=86 (2014-2022),FEMA OpenFEMA Disaster Declarations Miami-Dade (2016-2022)
1509,5170,87075704,MIAMI-DADE,25.894927,-80.340135,13100,2025,4.05,208,87,10,0.043,0.0251,0.0341,LOW,priority_score = 0.5 × aadt_score + 0.5 × hurricane_proximity_score,FDOT Annual Average Daily Traffic TDA (2025),NOAA HURDAT2 Atlantic Hurricane Database (1851-2023),NOAA Storm Events Database Miami-Dade CZ_FIPS=86 (2014-2022),FEMA OpenFEMA Disaster Declarations Miami-Dade (2016-2022)
1510,7653,87080347,MIAMI-DADE,25.852266,-80.139782,17000,2025,6.63,211,87,10,0.0575,0.0105,0.034,LOW,priority_score = 0.5 × aadt_score + 0.5 × hurricane_proximity_score,FDOT Annual Average Daily Traffic TDA (2025),NOAA HURDAT2 Atlantic Hurricane Database (1851-2023),NOAA Storm Events Database Miami-Dade CZ_FIPS=86 (2014-2022),FEMA OpenFEMA Disaster Declarations Miami-Dade (2016-2022)
1511,5103,87008001,MIAMI DADE COUNTY,25.89739,-80.246237,15500,2025,5.39,209,87,10,0.0519,0.0158,0.0339,LOW,priority_score = 0.5 × aadt_score + 0.5 × hurricane_proximity_score,FDOT Annual Average Daily Traffic TDA (2025),NOAA HURDAT2 Atlantic Hurricane Database (1851-2023),NOAA Storm Events Database Miami-Dade CZ_FIPS=86 (2014-2022),FEMA OpenFEMA Disaster Declarations Miami-Dade (2016-2022)
1512,2763,87080347,MIAMI-DADE,25.851737,-80.142751,17000,2025,6.86,211,87,10,0.0575,0.0097,0.0336,LOW,priority_score = 0.5 × aadt_score + 0.5 × hurricane_proximity_score,FDOT Annual Average Daily Traffic TDA (2025),NOAA HURDAT2 Atlantic Hurricane Database (1851-2023),NOAA Storm Events Database Miami-Dade CZ_FIPS=86 (2014-2022),FEMA OpenFEMA Disaster Declarations Miami-Dade (2016-2022)
1513,6586,87046000,MIAMI-DADE,25.666324,-80.326755,14100,2025,4.61,205,87,10,0.0468,0.0205,0.0336,LOW,priority_score = 0.5 × aadt_score + 0.5 × hurricane_proximity_score,FDOT Annual Average Daily Traffic TDA (2025),NOAA HURDAT2 Atlantic Hurricane Database (1851-2023),NOAA Storm Events Database Miami-Dade CZ_FIPS=86 (2014-2022),FEMA OpenFEMA Disaster Declarations Miami-Dade (2016-2022)
1514,2764,87080347,MIAMI-DADE,25.851151,-80.143381,17000,2025,6.95,210,87,10,0.0575,0.0094,0.0335,LOW,priority_score = 0.5 × aadt_score + 0.5 × hurricane_proximity_score,FDOT Annual Average Daily Traffic TDA (2025),NOAA HURDAT2 Atlantic Hurricane Database (1851-2023),NOAA Storm Events Database Miami-Dade CZ_FIPS=86 (2014-2022),FEMA OpenFEMA Disaster Declarations Miami-Dade (2016-2022)
1515,2980,87008001,MIAMI-DADE,25.898002,-80.243657,15500,2025,5.64,209,87,10,0.0519,0.0145,0.0332,LOW,priority_score = 0.5 × aadt_score + 0.5 × hurricane_proximity_score,FDOT Annual Average Daily Traffic TDA (2025),NOAA HURDAT2 Atlantic Hurricane Database (1851-2023),NOAA Storm Events Database Miami-Dade CZ_FIPS=86 (2014-2022),FEMA OpenFEMA Disaster Declarations Miami-Dade (2016-2022)
1516,3349,87046000,MIAMI-DADE,25.666058,-80.334895,14100,2025,5.15,206,87,10,0.0468,0.0171,0.0319,LOW,priority_score = 0.5 × aadt_score + 0.5 × hurricane_proximity_score,FDOT Annual Average Daily Traffic TDA (2025),NOAA HURDAT2 Atlantic Hurricane Database (1851-2023),NOAA Storm Events Database Miami-Dade CZ_FIPS=86 (2014-2022),FEMA OpenFEMA Disaster Declarations Miami-Dade (2016-2022)
1517,3265,87008001,MIAMI-DADE,25.898217,-80.235177,15500,2025,6.49,210,87,10,0.0519,0.011,0.0315,LOW,priority_score = 0.5 × aadt_score + 0.5 × hurricane_proximity_score,FDOT Annual Average Daily Traffic TDA (2025),NOAA HURDAT2 Atlantic Hurricane Database (1851-2023),NOAA Storm Events Database Miami-Dade CZ_FIPS=86 (2014-2022),FEMA OpenFEMA Disaster Declarations Miami-Dade (2016-2022)
1518,4759,87008001,MIAMI-DADE,25.898328,-80.231132,15500,2025,6.89,210,87,10,0.0519,0.0096,0.0308,LOW,priority_score = 0.5 × aadt_score + 0.5 × hurricane_proximity_score,FDOT Annual Average Daily Traffic TDA (2025),NOAA HURDAT2 Atlantic Hurricane Database (1851-2023),NOAA Storm Events Database Miami-Dade CZ_FIPS=86 (2014-2022),FEMA OpenFEMA Disaster Declarations Miami-Dade (2016-2022)
1519,4623,87260524,MIAMI-DADE,25.927382,-80.325381,11100,2025,3.96,207,87,10,0.0356,0.0259,0.0308,LOW,priority_score = 0.5 × aadt_score + 0.5 × hurricane_proximity_score,FDOT Annual Average Daily Traffic TDA (2025),NOAA HURDAT2 Atlantic Hurricane Database (1851-2023),NOAA Storm Events Database Miami-Dade CZ_FIPS=86 (2014-2022),FEMA OpenFEMA Disaster Declarations Miami-Dade (2016-2022)
1520,3330,87008001,MIAMI-DADE,25.899112,-80.227093,15500,2025,7.29,210,87,10,0.0519,0.0084,0.0302,LOW,priority_score = 0.5 × aadt_score + 0.5 × hurricane_proximity_score,FDOT Annual Average Daily Traffic TDA (2025),NOAA HURDAT2 Atlantic Hurricane Database (1851-2023),NOAA Storm Events Database Miami-Dade CZ_FIPS=86 (2014-2022),FEMA OpenFEMA Disaster Declarations Miami-Dade (2016-2022)
1521,4316,87260298,MIAMI-DADE,25.884103,-80.318694,5100,2025,2.57,206,87,10,0.0134,0.0467,0.03,LOW,priority_score = 0.5 × aadt_score + 0.5 × hurricane_proximity_score,FDOT Annual Average Daily Traffic TDA (2025),NOAA HURDAT2 Atlantic Hurricane Database (1851-2023),NOAA Storm Events Database Miami-Dade CZ_FIPS=86 (2014-2022),FEMA OpenFEMA Disaster Declarations Miami-Dade (2016-2022)
1522,3495,87046000,MIAMI-DADE,25.665613,-80.351083,14100,2025,6.39,206,87,10,0.0468,0.0114,0.0291,LOW,priority_score = 0.5 × aadt_score + 0.5 × hurricane_proximity_score,FDOT Annual Average Daily Traffic TDA (2025),NOAA HURDAT2 Atlantic Hurricane Database (1851-2023),NOAA Storm Events Database Miami-Dade CZ_FIPS=86 (2014-2022),FEMA OpenFEMA Disaster Declarations Miami-Dade (2016-2022)
1523,4665,87260521,MIAMI-DADE,25.884096,-80.32672,7700,2025,3.2,207,87,10,0.023,0.035,0.029,LOW,priority_score = 0.5 × aadt_score + 0.5 × hurricane_proximity_score,FDOT Annual Average Daily Traffic TDA (2025),NOAA HURDAT2 Atlantic Hurricane Database (1851-2023),NOAA Storm Events Database Miami-Dade CZ_FIPS=86 (2014-2022),FEMA OpenFEMA Disaster Declarations Miami-Dade (2016-2022)
1524,6220,87075701,MIAMI-DADE,25.896925,-80.329828,6800,2025,3.0,208,87,10,0.0197,0.0382,0.0289,LOW,priority_score = 0.5 × aadt_score + 0.5 × hurricane_proximity_score,FDOT Annual Average Daily Traffic TDA (2025),NOAA HURDAT2 Atlantic Hurricane Database (1851-2023),NOAA Storm Events Database Miami-Dade CZ_FIPS=86 (2014-2022),FEMA OpenFEMA Disaster Declarations Miami-Dade (2016-2022)
1525,5170,87075703,MIAMI-DADE,25.894927,-80.340135,10300,2025,4.05,208,87,10,0.0327,0.0251,0.0289,LOW,priority_score = 0.5 × aadt_score + 0.5 × hurricane_proximity_score,FDOT Annual Average Daily Traffic TDA (2025),NOAA HURDAT2 Atlantic Hurricane Database (1851-2023),NOAA Storm Events Database Miami-Dade CZ_FIPS=86 (2014-2022),FEMA OpenFEMA Disaster Declarations Miami-Dade (2016-2022)
1526,5744,87075701,MIAMI-DADE,25.884151,-80.324515,6800,2025,3.02,207,87,10,0.0197,0.0379,0.0288,LOW,priority_score = 0.5 × aadt_score + 0.5 × hurricane_proximity_score,FDOT Annual Average Daily Traffic TDA (2025),NOAA HURDAT2 Atlantic Hurricane Database (1851-2023),NOAA Storm Events Database Miami-Dade CZ_FIPS=86 (2014-2022),FEMA OpenFEMA Disaster Declarations Miami-Dade (2016-2022)
1527,2472,87008001,MIAMI-DADE,25.899607,-80.214491,15500,2025,8.55,210,87,10,0.0519,0.0054,0.0287,LOW,priority_score = 0.5 × aadt_score + 0.5 × hurricane_proximity_score,FDOT Annual Average Daily Traffic TDA (2025),NOAA HURDAT2 Atlantic Hurricane Database (1851-2023),NOAA Storm Events Database Miami-Dade CZ_FIPS=86 (2014-2022),FEMA OpenFEMA Disaster Declarations Miami-Dade (2016-2022)
1528,2536,87008001,MIAMI-DADE,25.899745,-80.211008,15500,2025,8.9,209,87,10,0.0519,0.0047,0.0283,LOW,priority_score = 0.5 × aadt_score + 0.5 × hurricane_proximity_score,FDOT Annual Average Daily Traffic TDA (2025),NOAA HURDAT2 Atlantic Hurricane Database (1851-2023),NOAA Storm Events Database Miami-Dade CZ_FIPS=86 (2014-2022),FEMA OpenFEMA Disaster Declarations Miami-Dade (2016-2022)
1529,3670,87008001,MIAMI-DADE,25.899775,-80.210236,15500,2025,8.98,209,87,10,0.0519,0.0045,0.0282,LOW,priority_score = 0.5 × aadt_score + 0.5 × hurricane_proximity_score,FDOT Annual Average Daily Traffic TDA (2025),NOAA HURDAT2 Atlantic Hurricane Database (1851-2023),NOAA Storm Events Database Miami-Dade CZ_FIPS=86 (2014-2022),FEMA OpenFEMA Disaster Declarations Miami-Dade (2016-2022)
1530,3102,87008001,MIAMI-DADE,25.899798,-80.209466,15500,2025,9.06,209,87,10,0.0519,0.0044,0.0282,LOW,priority_score = 0.5 × aadt_score + 0.5 × hurricane_proximity_score,FDOT Annual Average Daily Traffic TDA (2025),NOAA HURDAT2 Atlantic Hurricane Database (1851-2023),NOAA Storm Events Database Miami-Dade CZ_FIPS=86 (2014-2022),FEMA OpenFEMA Disaster Declarations Miami-Dade (2016-2022)
1531,4826,87046000,MIAMI-DADE,25.667433,-80.359016,14100,2025,6.93,206,87,10,0.0468,0.0095,0.0281,LOW,priority_score = 0.5 × aadt_score + 0.5 × hurricane_proximity_score,FDOT Annual Average Daily Traffic TDA (2025),NOAA HURDAT2 Atlantic Hurricane Database (1851-2023),NOAA Storm Events Database Miami-Dade CZ_FIPS=86 (2014-2022),FEMA OpenFEMA Disaster Declarations Miami-Dade (2016-2022)
1532,3068,87260526,MIAMI-DADE,25.925431,-80.293217,5900,2025,2.91,208,87,10,0.0163,0.0398,0.0281,LOW,priority_score = 0.5 × aadt_score + 0.5 × hurricane_proximity_score,FDOT Annual Average Daily Traffic TDA (2025),NOAA HURDAT2 Atlantic Hurricane Database (1851-2023),NOAA Storm Events Database Miami-Dade CZ_FIPS=86 (2014-2022),FEMA OpenFEMA Disaster Declarations Miami-Dade (2016-2022)
1533,4349,87046000,MIAMI-DADE,25.669965,-80.361777,14100,2025,7.03,206,87,10,0.0468,0.0092,0.028,LOW,priority_score = 0.5 × aadt_score + 0.5 × hurricane_proximity_score,FDOT Annual Average Daily Traffic TDA (2025),NOAA HURDAT2 Atlantic Hurricane Database (1851-2023),NOAA Storm Events Database Miami-Dade CZ_FIPS=86 (2014-2022),FEMA OpenFEMA Disaster Declarations Miami-Dade (2016-2022)
1534,4002,87046000,MIAMI-DADE,25.671062,-80.363141,14100,2025,7.1,206,87,10,0.0468,0.009,0.0279,LOW,priority_score = 0.5 × aadt_score + 0.5 × hurricane_proximity_score,FDOT Annual Average Daily Traffic TDA (2025),NOAA HURDAT2 Atlantic Hurricane Database (1851-2023),NOAA Storm Events Database Miami-Dade CZ_FIPS=86 (2014-2022),FEMA OpenFEMA Disaster Declarations Miami-Dade (2016-2022)
1535,3783,87260526,MIAMI-DADE,25.925136,-80.309422,5900,2025,2.95,206,87,10,0.0163,0.0391,0.0277,LOW,priority_score = 0.5 × aadt_score + 0.5 × hurricane_proximity_score,FDOT Annual Average Daily Traffic TDA (2025),NOAA HURDAT2 Atlantic Hurricane Database (1851-2023),NOAA Storm Events Database Miami-Dade CZ_FIPS=86 (2014-2022),FEMA OpenFEMA Disaster Declarations Miami-Dade (2016-2022)
1536,4064,87008001,MIAMI-DADE,25.898692,-80.202923,15500,2025,9.71,209,87,10,0.0519,0.0032,0.0276,LOW,priority_score = 0.5 × aadt_score + 0.5 × hurricane_proximity_score,FDOT Annual Average Daily Traffic TDA (2025),NOAA HURDAT2 Atlantic Hurricane Database (1851-2023),NOAA Storm Events Database Miami-Dade CZ_FIPS=86 (2014-2022),FEMA OpenFEMA Disaster Declarations Miami-Dade (2016-2022)
1537,4003,87046000,MIAMI-DADE,25.672286,-80.367682,14100,2025,7.45,206,87,10,0.0468,0.008,0.0274,LOW,priority_score = 0.5 × aadt_score + 0.5 × hurricane_proximity_score,FDOT Annual Average Daily Traffic TDA (2025),NOAA HURDAT2 Atlantic Hurricane Database (1851-2023),NOAA Storm Events Database Miami-Dade CZ_FIPS=86 (2014-2022),FEMA OpenFEMA Disaster Declarations Miami-Dade (2016-2022)
1538,3845,87260529,MIAMI-DADE,25.924777,-80.293219,5100,2025,2.84,208,87,10,0.0134,0.0411,0.0272,LOW,priority_score = 0.5 × aadt_score + 0.5 × hurricane_proximity_score,FDOT Annual Average Daily Traffic TDA (2025),NOAA HURDAT2 Atlantic Hurricane Database (1851-2023),NOAA Storm Events Database Miami-Dade CZ_FIPS=86 (2014-2022),FEMA OpenFEMA Disaster Declarations Miami-Dade (2016-2022)
1539,5913,87260521,MIAMI-DADE,25.877112,-80.323857,7700,2025,3.49,207,87,10,0.023,0.0311,0.0271,LOW,priority_score = 0.5 × aadt_score + 0.5 × hurricane_proximity_score,FDOT Annual Average Daily Traffic TDA (2025),NOAA HURDAT2 Atlantic Hurricane Database (1851-2023),NOAA Storm Events Database Miami-Dade CZ_FIPS=86 (2014-2022),FEMA OpenFEMA Disaster Declarations Miami-Dade (2016-2022)
1540,5447,87075703,MIAMI-DADE,25.896795,-80.351404,10300,2025,5.15,207,87,10,0.0327,0.0171,0.0249,LOW,priority_score = 0.5 × aadt_score + 0.5 × hurricane_proximity_score,FDOT Annual Average Daily Traffic TDA (2025),NOAA HURDAT2 Atlantic Hurricane Database (1851-2023),NOAA Storm Events Database Miami-Dade CZ_FIPS=86 (2014-2022),FEMA OpenFEMA Disaster Declarations Miami-Dade (2016-2022)
1541,3068,87260528,MIAMI-DADE,25.925431,-80.293217,3000,2025,2.91,208,87,10,0.0056,0.0398,0.0227,LOW,priority_score = 0.5 × aadt_score + 0.5 × hurricane_proximity_score,FDOT Annual Average Daily Traffic TDA (2025),NOAA HURDAT2 Atlantic Hurricane Database (1851-2023),NOAA Storm Events Database Miami-Dade CZ_FIPS=86 (2014-2022),FEMA OpenFEMA Disaster Declarations Miami-Dade (2016-2022)
1542,5914,87260298,MIAMI-DADE,25.877009,-80.322938,5100,2025,3.44,206,87,10,0.0134,0.0317,0.0225,LOW,priority_score = 0.5 × aadt_score + 0.5 × hurricane_proximity_score,FDOT Annual Average Daily Traffic TDA (2025),NOAA HURDAT2 Atlantic Hurricane Database (1851-2023),NOAA Storm Events Database Miami-Dade CZ_FIPS=86 (2014-2022),FEMA OpenFEMA Disaster Declarations Miami-Dade (2016-2022)
1543,4198,87110000,MIAMI-DADE,25.760979,-80.481336,8000,2025,4.72,205,87,10,0.0241,0.0198,0.0219,LOW,priority_score = 0.5 × aadt_score + 0.5 × hurricane_proximity_score,FDOT Annual Average Daily Traffic TDA (2025),NOAA HURDAT2 Atlantic Hurricane Database (1851-2023),NOAA Storm Events Database Miami-Dade CZ_FIPS=86 (2014-2022),FEMA OpenFEMA Disaster Declarations Miami-Dade (2016-2022)
1544,4158,87260529,MIAMI-DADE,25.924879,-80.276703,5100,2025,3.62,208,87,10,0.0134,0.0295,0.0215,LOW,priority_score = 0.5 × aadt_score + 0.5 × hurricane_proximity_score,FDOT Annual Average Daily Traffic TDA (2025),NOAA HURDAT2 Atlantic Hurricane Database (1851-2023),NOAA Storm Events Database Miami-Dade CZ_FIPS=86 (2014-2022),FEMA OpenFEMA Disaster Declarations Miami-Dade (2016-2022)
1545,2650,87037001,MIAMI-DADE,25.812931,-80.135795,5300,2025,3.86,210,87,10,0.0141,0.0269,0.0205,LOW,priority_score = 0.5 × aadt_score + 0.5 × hurricane_proximity_score,FDOT Annual Average Daily Traffic TDA (2025),NOAA HURDAT2 Atlantic Hurricane Database (1851-2023),NOAA Storm Events Database Miami-Dade CZ_FIPS=86 (2014-2022),FEMA OpenFEMA Disaster Declarations Miami-Dade (2016-2022)
1546,5016,87260525,MIAMI-DADE,25.91331,-80.324571,1500,2025,2.87,207,87,10,0.0,0.0405,0.0203,LOW,priority_score = 0.5 × aadt_score + 0.5 × hurricane_proximity_score,FDOT Annual Average Daily Traffic TDA (2025),NOAA HURDAT2 Atlantic Hurricane Database (1851-2023),NOAA Storm Events Database Miami-Dade CZ_FIPS=86 (2014-2022),FEMA OpenFEMA Disaster Declarations Miami-Dade (2016-2022)
1547,3784,87260525,MIAMI-DADE,25.924442,-80.3094,1500,2025,2.88,206,87,10,0.0,0.0403,0.0202,LOW,priority_score = 0.5 × aadt_score + 0.5 × hurricane_proximity_score,FDOT Annual Average Daily Traffic TDA (2025),NOAA HURDAT2 Atlantic Hurricane Database (1851-2023),NOAA Storm Events Database Miami-Dade CZ_FIPS=86 (2014-2022),FEMA OpenFEMA Disaster Declarations Miami-Dade (2016-2022)
1548,4158,87260531,MIAMI-DADE,25.924879,-80.276703,4400,2025,3.62,208,87,10,0.0108,0.0295,0.0202,LOW,priority_score = 0.5 × aadt_score + 0.5 × hurricane_proximity_score,FDOT Annual Average Daily Traffic TDA (2025),NOAA HURDAT2 Atlantic Hurricane Database (1851-2023),NOAA Storm Events Database Miami-Dade CZ_FIPS=86 (2014-2022),FEMA OpenFEMA Disaster Declarations Miami-Dade (2016-2022)
1549,3683,87260298,MIAMI-DADE,25.866648,-80.322555,5100,2025,4.34,206,87,10,0.0134,0.0226,0.018,LOW,priority_score = 0.5 × aadt_score + 0.5 × hurricane_proximity_score,FDOT Annual Average Daily Traffic TDA (2025),NOAA HURDAT2 Atlantic Hurricane Database (1851-2023),NOAA Storm Events Database Miami-Dade CZ_FIPS=86 (2014-2022),FEMA OpenFEMA Disaster Declarations Miami-Dade (2016-2022)
1550,6162,87240101,MIAMI-DADE,25.903723,-80.243853,7100,2025,5.63,209,87,10,0.0208,0.0146,0.0177,LOW,priority_score = 0.5 × aadt_score + 0.5 × hurricane_proximity_score,FDOT Annual Average Daily Traffic TDA (2025),NOAA HURDAT2 Atlantic Hurricane Database (1851-2023),NOAA Storm Events Database Miami-Dade CZ_FIPS=86 (2014-2022),FEMA OpenFEMA Disaster Declarations Miami-Dade (2016-2022)
1551,4157,87260528,MIAMI-DADE,25.92551,-80.276717,3000,2025,3.67,208,87,10,0.0056,0.029,0.0173,LOW,priority_score = 0.5 × aadt_score + 0.5 × hurricane_proximity_score,FDOT Annual Average Daily Traffic TDA (2025),NOAA HURDAT2 Atlantic Hurricane Database (1851-2023),NOAA Storm Events Database Miami-Dade CZ_FIPS=86 (2014-2022),FEMA OpenFEMA Disaster Declarations Miami-Dade (2016-2022)
1552,50105,87260531,MIAMI-DADE,25.925142,-80.268669,4400,2025,4.2,208,87,10,0.0108,0.0238,0.0173,LOW,priority_score = 0.5 × aadt_score + 0.5 × hurricane_proximity_score,FDOT Annual Average Daily Traffic TDA (2025),NOAA HURDAT2 Atlantic Hurricane Database (1851-2023),NOAA Storm Events Database Miami-Dade CZ_FIPS=86 (2014-2022),FEMA OpenFEMA Disaster Declarations Miami-Dade (2016-2022)
1553,6377,87090005,MIAMI-DADE,25.860453,-80.329899,6000,2025,5.32,207,87,10,0.0167,0.0161,0.0164,LOW,priority_score = 0.5 × aadt_score + 0.5 × hurricane_proximity_score,FDOT Annual Average Daily Traffic TDA (2025),NOAA HURDAT2 Atlantic Hurricane Database (1851-2023),NOAA Storm Events Database Miami-Dade CZ_FIPS=86 (2014-2022),FEMA OpenFEMA Disaster Declarations Miami-Dade (2016-2022)
1554,6972,87090005,MIAMI-DADE,25.866885,-80.338889,6000,2025,5.36,208,87,10,0.0167,0.0159,0.0163,LOW,priority_score = 0.5 × aadt_score + 0.5 × hurricane_proximity_score,FDOT Annual Average Daily Traffic TDA (2025),NOAA HURDAT2 Atlantic Hurricane Database (1851-2023),NOAA Storm Events Database Miami-Dade CZ_FIPS=86 (2014-2022),FEMA OpenFEMA Disaster Declarations Miami-Dade (2016-2022)
1555,4157,87260530,MIAMI-DADE,25.92551,-80.276717,2200,2025,3.67,208,87,10,0.0026,0.029,0.0158,LOW,priority_score = 0.5 × aadt_score + 0.5 × hurricane_proximity_score,FDOT Annual Average Daily Traffic TDA (2025),NOAA HURDAT2 Atlantic Hurricane Database (1851-2023),NOAA Storm Events Database Miami-Dade CZ_FIPS=86 (2014-2022),FEMA OpenFEMA Disaster Declarations Miami-Dade (2016-2022)
1556,4165,87260531,MIAMI-DADE,25.925453,-80.260636,4400,2025,4.85,208,87,10,0.0108,0.0189,0.0148,LOW,priority_score = 0.5 × aadt_score + 0.5 × hurricane_proximity_score,FDOT Annual Average Daily Traffic TDA (2025),NOAA HURDAT2 Atlantic Hurricane Database (1851-2023),NOAA Storm Events Database Miami-Dade CZ_FIPS=86 (2014-2022),FEMA OpenFEMA Disaster Declarations Miami-Dade (2016-2022)
1557,3197,87260152,MIAMI DADE,25.866641,-80.323296,2750,2025,4.38,206,87,10,0.0046,0.0223,0.0135,LOW,priority_score = 0.5 × aadt_score + 0.5 × hurricane_proximity_score,FDOT Annual Average Daily Traffic TDA (2025),NOAA HURDAT2 Atlantic Hurricane Database (1851-2023),NOAA Storm Events Database Miami-Dade CZ_FIPS=86 (2014-2022),FEMA OpenFEMA Disaster Declarations Miami-Dade (2016-2022)
1558,5014,87260530,MIAMI-DADE,25.925823,-80.268856,2200,2025,4.24,208,87,10,0.0026,0.0234,0.013,LOW,priority_score = 0.5 × aadt_score + 0.5 × hurricane_proximity_score,FDOT Annual Average Daily Traffic TDA (2025),NOAA HURDAT2 Atlantic Hurricane Database (1851-2023),NOAA Storm Events Database Miami-Dade CZ_FIPS=86 (2014-2022),FEMA OpenFEMA Disaster Declarations Miami-Dade (2016-2022)
1559,4165,87260533,MIAMI-DADE,25.925453,-80.260636,2500,2025,4.85,208,87,10,0.0037,0.0189,0.0113,LOW,priority_score = 0.5 × aadt_score + 0.5 × hurricane_proximity_score,FDOT Annual Average Daily Traffic TDA (2025),NOAA HURDAT2 Atlantic Hurricane Database (1851-2023),NOAA Storm Events Database Miami-Dade CZ_FIPS=86 (2014-2022),FEMA OpenFEMA Disaster Declarations Miami-Dade (2016-2022)
1560,4166,87260532,MIAMI-DADE,25.926095,-80.260667,2200,2025,4.89,208,87,10,0.0026,0.0186,0.0106,LOW,priority_score = 0.5 × aadt_score + 0.5 × hurricane_proximity_score,FDOT Annual Average Daily Traffic TDA (2025),NOAA HURDAT2 Atlantic Hurricane Database (1851-2023),NOAA Storm Events Database Miami-Dade CZ_FIPS=86 (2014-2022),FEMA OpenFEMA Disaster Declarations Miami-Dade (2016-2022)
1561,4166,87260530,MIAMI-DADE,25.926095,-80.260667,2200,2025,4.89,208,87,10,0.0026,0.0186,0.0106,LOW,priority_score = 0.5 × aadt_score + 0.5 × hurricane_proximity_score,FDOT Annual Average Daily Traffic TDA (2025),NOAA HURDAT2 Atlantic Hurricane Database (1851-2023),NOAA Storm Events Database Miami-Dade CZ_FIPS=86 (2014-2022),FEMA OpenFEMA Disaster Declarations Miami-Dade (2016-2022)
1562,6377,87260152,MIAMI DADE,25.860453,-80.329899,2750,2025,5.32,207,87,10,0.0046,0.0161,0.0104,LOW,priority_score = 0.5 × aadt_score + 0.5 × hurricane_proximity_score,FDOT Annual Average Daily Traffic TDA (2025),NOAA HURDAT2 Atlantic Hurricane Database (1851-2023),NOAA Storm Events Database Miami-Dade CZ_FIPS=86 (2014-2022),FEMA OpenFEMA Disaster Declarations Miami-Dade (2016-2022)
1563,3164,87260536,MIAMI-DADE,25.926706,-80.244621,3700,2025,6.28,209,87,10,0.0082,0.0118,0.01,LOW,priority_score = 0.5 × aadt_score + 0.5 × hurricane_proximity_score,FDOT Annual Average Daily Traffic TDA (2025),NOAA HURDAT2 Atlantic Hurricane Database (1851-2023),NOAA Storm Events Database Miami-Dade CZ_FIPS=86 (2014-2022),FEMA OpenFEMA Disaster Declarations Miami-Dade (2016-2022)
1564,4392,87260533,MIAMI-DADE,25.925736,-80.252666,2500,2025,5.53,208,87,10,0.0037,0.0151,0.0094,LOW,priority_score = 0.5 × aadt_score + 0.5 × hurricane_proximity_score,FDOT Annual Average Daily Traffic TDA (2025),NOAA HURDAT2 Atlantic Hurricane Database (1851-2023),NOAA Storm Events Database Miami-Dade CZ_FIPS=86 (2014-2022),FEMA OpenFEMA Disaster Declarations Miami-Dade (2016-2022)
1565,3642,87260536,MIAMI-DADE,25.926985,-80.236789,3700,2025,7.0,209,87,10,0.0082,0.0093,0.0087,LOW,priority_score = 0.5 × aadt_score + 0.5 × hurricane_proximity_score,FDOT Annual Average Daily Traffic TDA (2025),NOAA HURDAT2 Atlantic Hurricane Database (1851-2023),NOAA Storm Events Database Miami-Dade CZ_FIPS=86 (2014-2022),FEMA OpenFEMA Disaster Declarations Miami-Dade (2016-2022)
1566,4391,87260532,MIAMI-DADE,25.92642,-80.252648,2200,2025,5.57,208,87,10,0.0026,0.0149,0.0087,LOW,priority_score = 0.5 × aadt_score + 0.5 × hurricane_proximity_score,FDOT Annual Average Daily Traffic TDA (2025),NOAA HURDAT2 Atlantic Hurricane Database (1851-2023),NOAA Storm Events Database Miami-Dade CZ_FIPS=86 (2014-2022),FEMA OpenFEMA Disaster Declarations Miami-Dade (2016-2022)
1567,4056,87260533,MIAMI-DADE,25.926062,-80.244595,2500,2025,6.25,209,87,10,0.0037,0.0119,0.0078,LOW,priority_score = 0.5 × aadt_score + 0.5 × hurricane_proximity_score,FDOT Annual Average Daily Traffic TDA (2025),NOAA HURDAT2 Atlantic Hurricane Database (1851-2023),NOAA Storm Events Database Miami-Dade CZ_FIPS=86 (2014-2022),FEMA OpenFEMA Disaster Declarations Miami-Dade (2016-2022)
1568,3573,87260536,MIAMI-DADE,25.927234,-80.228481,3700,2025,7.77,209,87,10,0.0082,0.0071,0.0077,LOW,priority_score = 0.5 × aadt_score + 0.5 × hurricane_proximity_score,FDOT Annual Average Daily Traffic TDA (2025),NOAA HURDAT2 Atlantic Hurricane Database (1851-2023),NOAA Storm Events Database Miami-Dade CZ_FIPS=86 (2014-2022),FEMA OpenFEMA Disaster Declarations Miami-Dade (2016-2022)
1569,3164,87260532,MIAMI-DADE,25.926706,-80.244621,2200,2025,6.28,209,87,10,0.0026,0.0118,0.0072,LOW,priority_score = 0.5 × aadt_score + 0.5 × hurricane_proximity_score,FDOT Annual Average Daily Traffic TDA (2025),NOAA HURDAT2 Atlantic Hurricane Database (1851-2023),NOAA Storm Events Database Miami-Dade CZ_FIPS=86 (2014-2022),FEMA OpenFEMA Disaster Declarations Miami-Dade (2016-2022)
1570,4056,87260600,MIAMI-DADE,25.926062,-80.244595,1500,2025,6.25,209,87,10,0.0,0.0119,0.0059,LOW,priority_score = 0.5 × aadt_score + 0.5 × hurricane_proximity_score,FDOT Annual Average Daily Traffic TDA (2025),NOAA HURDAT2 Atlantic Hurricane Database (1851-2023),NOAA Storm Events Database Miami-Dade CZ_FIPS=86 (2014-2022),FEMA OpenFEMA Disaster Declarations Miami-Dade (2016-2022)
1571,3631,87260600,MIAMI-DADE,25.926341,-80.236585,1500,2025,6.99,209,87,10,0.0,0.0093,0.0047,LOW,priority_score = 0.5 × aadt_score + 0.5 × hurricane_proximity_score,FDOT Annual Average Daily Traffic TDA (2025),NOAA HURDAT2 Atlantic Hurricane Database (1851-2023),NOAA Storm Events Database Miami-Dade CZ_FIPS=86 (2014-2022),FEMA OpenFEMA Disaster Declarations Miami-Dade (2016-2022)
1572,3657,87260600,MIAMI-DADE,25.926645,-80.228463,1500,2025,7.74,209,87,10,0.0,0.0072,0.0036,LOW,priority_score = 0.5 × aadt_score + 0.5 × hurricane_proximity_score,FDOT Annual Average Daily Traffic TDA (2025),NOAA HURDAT2 Atlantic Hurricane Database (1851-2023),NOAA Storm Events Database Miami-Dade CZ_FIPS=86 (2014-2022),FEMA OpenFEMA Disaster Declarations Miami-Dade (2016-2022)
